id_estudiante,id_periodo,programa,cohorte,estatus_academico,cluster,distance_to_centroid,membership_score
a7051ac3-d294-5173-9183-bc85d8d35765,2024-1,Ingenieria en Energia,2024,Regular,1,5.454197493257587,0.15493793009040324
ca6f9bd1-a8b7-520d-ae3c-cfbdfcad8967,2023-1,Ingenieria en Energia,2021,Regular,1,1.935371644927552,0.3406723648530307
2c6cceac-a7dd-5fa6-aff0-dd9c0e44f7d0,2024-2,Ingenieria en Desarrollo de Software,2022,Regular,1,2.0310316988273707,0.3299206670741433
fca0dbba-f4cf-55c4-9c93-f136911022d7,2025-1,Ingenieria en Desarrollo de Software,2022,Regular,1,2.1537892307384574,0.31707889362214947
81f13c87-c94a-5126-ac9d-9ec101cd0da9,2024-1,Ingenieria en Desarrollo de Software,2021,Regular,1,3.4726611875740034,0.22358053920520765
14f674d3-2cf9-572d-be3b-8f534073c4fd,2024-2,Ingenieria en Energia,2023,Regular,0,3.2150393529108623,0.23724570906067827
6879877d-1fcf-50dc-a0e5-f09c2dd8100a,2023-1,Ingenieria Agroindustrial,2021,Baja Temporal,2,3.766558459548957,0.20979497230264255
a567c8e6-6ee5-5d08-81b6-e76c439042ee,2025-1,Ingenieria en Desarrollo de Software,2024,Regular,0,3.552722314213156,0.21964880152652783
9ec6c0c7-fa5e-50c1-840d-4c01763bd50a,2024-1,Ingenieria en Energia,2023,Regular,1,3.9667822461089757,0.20133759654621652
a7df975b-7ec8-5296-a6d1-e362c38154ad,2023-2,Ingenieria Agroindustrial,2023,Regular,1,3.5796051295029194,0.21835943748900077
b70f1395-40a7-52cf-8b57-705d882791d1,2023-1,Ingenieria en Energia,2020,Regular,1,3.498008223285482,0.22232062512094955
d49fe70b-748d-59d2-9911-107948b504e1,2024-1,Ingenieria Biomedica,2023,Regular,1,4.139302058405369,0.19457895033908196
92f13414-0739-5310-ac0a-4964f6514f24,2023-1,Ingenieria Agroindustrial,2022,Regular,1,2.7345311757939172,0.26777122828206457
7159b173-9ecc-50d9-85d8-baf81be2427f,2024-1,Ingenieria Agroindustrial,2021,Regular,1,3.662603193095996,0.21447246496993755
aeb75c15-099d-5377-b2e7-cbe2f751a7b3,2024-2,Ingenieria en Energia,2020,Baja Temporal,2,4.5651050280031775,0.17969112801431014
d410e5fc-2f40-54bf-af72-bccade60e117,2025-1,Ingenieria Biomedica,2023,Regular,1,2.990814099603868,0.250575440258984
44afa7f0-e37a-5bdf-8b5a-f76bc6af06e2,2023-2,Ingenieria Biomedica,2020,Regular,1,3.449337815415408,0.22475254554404653
b0b66310-071b-56cc-82f2-c6a88d25ceae,2023-2,Ingenieria en Energia,2022,Regular,0,5.957888116888284,0.14372177062933594
9946a2e9-35f6-5dbc-9490-827405ec0525,2024-1,Ingenieria en Desarrollo de Software,2021,Baja Temporal,2,6.025035504828541,0.14234803501173293
bd8f050b-1201-5194-b9e5-5d5477a07c0e,2024-2,Ingenieria en Desarrollo de Software,2021,Irregular,0,4.287330282789388,0.1891313662123712
dbbd6d6e-5ee3-5726-848e-32cbf0da130d,2023-1,Ingenieria Agroindustrial,2024,Regular,1,3.7847826522891066,0.20899590904543724
2a22d650-d71b-5721-9075-6e1164ca868e,2024-2,Ingenieria Agroindustrial,2023,Regular,1,4.7495987219147615,0.1739251812806468
a8bd50aa-c0c5-55a7-97eb-a6e815994afe,2024-1,Ingenieria Biomedica,2023,Regular,1,2.0840290485102706,0.32425116115006974
d3babf98-6f84-54ab-aea9-531e31b7feb7,2023-2,Ingenieria Agroindustrial,2022,Regular,1,2.9962580779572603,0.25023408911347467
a6ded2c6-ff24-5e27-9261-e3bffabe550e,2024-1,Ingenieria en Desarrollo de Software,2022,Regular,1,3.3411164562047184,0.23035548806130487
96106371-1255-503e-bf13-09e659a5a256,2024-2,Ingenieria Agroindustrial,2022,Regular,1,3.094362487140532,0.24423826740811885
71a9ffad-d7d6-5515-abd0-5d1b4655b0b1,2024-1,Ingenieria Agroindustrial,2022,Regular,0,3.5681192961837773,0.21890846870733072
e48cf0ee-5c51-5fd6-85f8-8bdbadf3a67a,2024-2,Ingenieria en Energia,2022,Regular,0,3.502542639571225,0.2220967306808736
2fd5be48-f22d-55da-a2cc-968e4ec06ed4,2024-1,Ingenieria Agroindustrial,2023,Regular,1,3.2203923459594557,0.2369447951817527
dff24411-4c70-5a41-943d-1bd93b56c4e1,2023-1,Ingenieria Biomedica,2023,Baja Temporal,2,3.8082197592344538,0.20797718283974942
4716f941-d497-5627-a5d6-a0d1c57e05c4,2023-2,Ingenieria Biomedica,2022,Regular,1,3.598862601473861,0.21744506993523052
8526d206-4262-55b8-9b53-6a9c0253581f,2022-2,Ingenieria en Desarrollo de Software,2021,Regular,1,3.014785649110939,0.24907930021654995
f87ae05b-78f5-55c1-88ca-d48cf7d95be4,2024-2,Ingenieria en Desarrollo de Software,2020,Regular,1,3.7184535585727345,0.21193384391442135
f05d582b-5e70-5fd1-a5e6-bf8a54ebbc67,2024-1,Ingenieria Biomedica,2020,Regular,1,5.504245756784204,0.15374572815871196
04187b54-f5f0-57ea-94d0-2d054b86eb43,2025-1,Ingenieria en Energia,2024,Baja Temporal,2,2.7674445377295984,0.2654319101410414
bf0361cc-1061-5b22-8807-57f29fb4d516,2023-2,Ingenieria en Energia,2021,Regular,1,2.9921648262095193,0.2504906594624451
eebf4ea1-bb53-5879-a452-49e4cf69cb48,2023-2,Ingenieria Agroindustrial,2022,Baja Temporal,2,3.9076420810298944,0.20376384086064905
d80fd437-6344-5962-8aa3-a32b70cee9e0,2022-2,Ingenieria Biomedica,2021,Regular,1,3.1898605862278435,0.23867142579565062
9a65f048-1e24-5b83-b71a-fda54e6dafaa,2024-1,Ingenieria Agroindustrial,2023,Regular,1,3.246437164776768,0.2354915335365781
ad552827-82c2-5176-a183-ed756bc8981c,2024-2,Ingenieria Biomedica,2021,Baja Temporal,2,3.4746680465266166,0.22348026481567335
182def2b-2e31-5ec2-ab33-7aac5fed5079,2025-1,Ingenieria Biomedica,2024,Irregular,0,4.92728405019144,0.16871133415104375
583f6675-5025-518b-82de-891fc91f2681,2022-2,Ingenieria Agroindustrial,2021,Regular,1,3.041106462904481,0.2474569797107661
dd51f7f6-a60d-522b-bcde-d379b6364a1b,2025-1,Ingenieria en Desarrollo de Software,2024,Regular,1,3.3825898413818294,0.22817558480094963
a3a0d3dc-fd66-5784-aef7-c253bf4f1952,2024-2,Ingenieria Biomedica,2021,Regular,1,2.2054931606675705,0.31196447781274994
19cc745d-2af1-52b7-8f2a-9736c5512460,2022-2,Ingenieria Agroindustrial,2022,Regular,1,3.430452202220507,0.22571059439458754
7009cb91-5633-595f-9242-578f4a603d3e,2024-2,Ingenieria en Desarrollo de Software,2021,Regular,1,3.144845150365407,0.2412635366876952
d833e678-57a6-5920-b1ae-82a6d7e37a61,2023-2,Ingenieria en Desarrollo de Software,2022,Regular,1,3.0407819261576994,0.2474768543005439
c72ba3a7-9df0-54e9-ae2e-6fd948660c22,2023-2,Ingenieria Biomedica,2022,Regular,1,2.8458435541925664,0.2600209774289557
21fd4fdd-1301-525a-855b-896ceb7156e1,2025-1,Ingenieria Biomedica,2020,Irregular,0,4.307427712280019,0.1884151898454044
ed389911-63e6-582b-b193-0dc586a4b694,2025-1,Ingenieria Biomedica,2023,Regular,0,4.142414876314691,0.19446116737991578
811d0770-c901-5a32-8c01-61a9ffbe4fae,2024-1,Ingenieria Biomedica,2024,Regular,0,3.628718471799384,0.21604251934796467
649c90f0-30bf-59a2-b999-8c485fcb0617,2023-2,Ingenieria Agroindustrial,2022,Regular,1,3.430674858528888,0.22569925167833885
b43d0add-05f4-5e11-a7d1-e6a2977b4790,2023-2,Ingenieria en Energia,2020,Regular,1,5.277514072259458,0.15929872693062258
ca5dff75-e99d-56cf-bfdd-0cfb3ea89548,2024-1,Ingenieria Biomedica,2022,Regular,0,3.977627317847526,0.20089892957924976
50bf48a1-ea56-5fa9-8c66-70bda22682cc,2023-1,Ingenieria en Energia,2022,Regular,1,3.1557020179362567,0.24063323012187607
62477aa5-2dff-53f7-91f2-3b2d135ca58d,2024-2,Ingenieria Biomedica,2022,Regular,1,3.09315058935038,0.24431058134089054
84ccd916-7b10-5ef4-ab9f-c5bad860eaf6,2023-2,Ingenieria Biomedica,2021,Baja Temporal,2,4.032524404357737,0.19870743182766987
87329f25-4f62-5bc8-8760-eb17a10df387,2024-2,Ingenieria en Desarrollo de Software,2023,Regular,1,3.1720399534767525,0.23969089729513593
93bf7f09-a5f0-5a9c-82b1-9ffd3b0fa803,2024-2,Ingenieria en Desarrollo de Software,2021,Regular,1,2.6431441364523023,0.27448817904135986
a8eee576-d1e1-52bd-8fa3-bb0131caa6fa,2023-2,Ingenieria Biomedica,2021,Regular,1,3.3844460955638946,0.2280789815187333
606705c4-d6ca-5314-966c-b70eedf15cfb,2024-2,Ingenieria Biomedica,2022,Regular,1,3.6073822218042304,0.21704298707138833
4a75b49e-b51d-5645-bb71-1344b4c8235c,2024-1,Ingenieria en Desarrollo de Software,2022,Regular,1,4.009432521175848,0.19962340959236502
dcfc00fb-501f-5e86-9714-713438fe39ac,2024-1,Ingenieria en Desarrollo de Software,2020,Regular,1,5.272126558659013,0.15943555836248957
caa32366-d8e0-57cd-89fa-4039583681e6,2024-2,Ingenieria Biomedica,2020,Regular,0,4.145762335001533,0.19433466508897795
1f10260b-2e59-585d-b350-76fcc56c446d,2023-2,Ingenieria Biomedica,2021,Regular,0,4.0795939772793695,0.19686612837028364
3dfdd89f-4907-5c4a-b90d-2bd93711a18a,2023-1,Ingenieria Biomedica,2020,Regular,0,4.576265183814865,0.17933150003384066
8cf806a6-613a-5d14-9f16-a988d4470649,2023-1,Ingenieria Biomedica,2023,Regular,1,3.416135905377392,0.22644230644766414
792fca8d-5ca7-5b84-bd5d-67b36acfc093,2024-1,Ingenieria en Energia,2023,Regular,1,2.5646972500482073,0.2805287321346789
8bd8544c-1af3-5b06-a2cf-73376043f9bd,2022-2,Ingenieria en Desarrollo de Software,2020,Regular,1,3.3551184424004883,0.22961488033579452
2f01adde-0ee8-580d-aa45-0c787262724c,2024-2,Ingenieria Agroindustrial,2024,Regular,1,2.568254905999455,0.2802490366701825
1559c366-0eff-5f40-b919-f774f64c4b59,2023-2,Ingenieria en Desarrollo de Software,2021,Regular,1,3.0448949860027,0.24722520694863162
4f1a588b-c918-59ff-bc02-4884f8c9fa58,2023-2,Ingenieria Biomedica,2020,Regular,1,3.461959488554115,0.22411678155420617
1307e3ef-ec1c-5b16-8cf2-b67b23674014,2023-2,Ingenieria Agroindustrial,2023,Regular,1,3.960989564788993,0.2015726876544102
40f9bfbd-4b7c-5bf8-8801-ceecdd63e729,2024-1,Ingenieria en Desarrollo de Software,2024,Baja Temporal,2,4.726043187905454,0.17464066671941972
55209b4f-7be2-5174-a5c8-3c409d72c6d7,2022-2,Ingenieria en Energia,2024,Regular,0,4.078008474886512,0.19692759571897897
071a2811-00b4-5fb1-aab7-d175f8e6f041,2023-2,Ingenieria en Desarrollo de Software,2023,Regular,0,3.999335990010442,0.20002656392732496
dec79f5a-5ae5-5dc7-abf8-2b8e699cb9b9,2024-1,Ingenieria Biomedica,2020,Regular,1,5.499005737357446,0.15386969028998104
fca436c8-9c87-5d04-99e0-576d9ca08e81,2023-2,Ingenieria Biomedica,2022,Regular,1,4.121816144280037,0.19524324415994201
4094a1c9-54a1-580f-9d16-3c0026b4598f,2024-1,Ingenieria Agroindustrial,2023,Regular,1,2.2641539151812,0.3063581025849046
df753833-cd20-5a4b-84e2-73b8f4593f42,2023-2,Ingenieria en Desarrollo de Software,2020,Regular,1,3.51837016872378,0.221318741638747
1e4e653f-4aea-5526-bb30-eba99ac67e7f,2025-1,Ingenieria Biomedica,2021,Regular,1,5.504228423757132,0.15374613787354588
1cbd0984-6621-56fe-9cc9-0f24cec3fde3,2023-1,Ingenieria en Desarrollo de Software,2020,Regular,0,5.5022188667034895,0.15379365421253227
59d2265b-0f7e-5b2b-b51b-c2df2c97d586,2023-2,Ingenieria Biomedica,2020,Regular,1,4.4028628941170895,0.18508705839803016
387778c3-982c-51cc-b2bc-917c7cfaf7d1,2023-2,Ingenieria en Energia,2021,Regular,0,4.554753342978142,0.1800259954412048
6cfd1f92-71c5-543a-b3ea-0dffdb45041b,2024-2,Ingenieria en Desarrollo de Software,2023,Regular,1,2.324872149238369,0.30076344446178804
60731102-9efa-599c-b184-cf18cd4661c9,2023-1,Ingenieria en Desarrollo de Software,2022,Regular,0,3.4050923944908162,0.22700999444430262
f9fefaa1-94e6-5edf-92e8-8797d6bbe734,2023-2,Ingenieria Biomedica,2022,Regular,1,4.015255345814307,0.19939164230881928
71876bfe-cfbb-5138-bb41-50ecebb52aa2,2024-1,Ingenieria Agroindustrial,2021,Irregular,0,5.087694715233491,0.16426579300989888
aea75d43-e78e-5782-85fb-226661edf6ba,2024-1,Ingenieria en Desarrollo de Software,2024,Regular,1,5.849841707707317,0.14598877502159185
d1a1b4d4-8425-5729-8c8f-a5336a1467b0,2024-1,Ingenieria Biomedica,2020,Regular,0,4.011393927906416,0.19954527909518477
104bb3d4-9f96-5777-9d48-ee52d7c6d178,2024-2,Ingenieria en Desarrollo de Software,2022,Regular,1,2.895660031656468,0.256695910801742
d2f564d7-cf9b-5cd9-8c54-ed13eac73806,2023-2,Ingenieria Biomedica,2024,Regular,1,5.163349831291439,0.16224943048388749
a570865b-29fb-5559-8564-e5186fd59f39,2023-1,Ingenieria en Energia,2024,Regular,1,4.660228297635829,0.1766713191440849
8c6b22a2-3730-5793-bba8-2e0437b2e98a,2024-1,Ingenieria en Desarrollo de Software,2023,Regular,1,3.582655783886226,0.21821407654405384
d9ba6be0-e3ad-5d2d-ac3a-03333a32cb1f,2024-1,Ingenieria en Desarrollo de Software,2021,Regular,1,3.528818930375687,0.22080812136091413
bdd5663e-ef14-5aaf-a977-7f234bfdf32a,2024-1,Ingenieria en Energia,2020,Regular,1,3.8542994925655494,0.2060029467756406
dbea64e9-ff50-54fc-83cb-a5c0b0ed438c,2024-1,Ingenieria Biomedica,2021,Regular,1,3.7657763886010662,0.20982939996761732
df73aad2-9794-52c2-8d70-d6ed40394efe,2024-1,Ingenieria Biomedica,2021,Regular,1,4.193174414587452,0.1925604495760885
ccd9484d-392d-5ae8-be6a-66bfad6ceb7c,2022-2,Ingenieria en Desarrollo de Software,2023,Regular,1,3.489749478725274,0.22272957650276717
c80fb84e-78f3-5607-934f-ddf63438a731,2025-1,Ingenieria en Energia,2021,Regular,1,4.056017881010624,0.19778411064482126
ad828f4c-3952-5dcb-b011-45466f943a53,2023-2,Ingenieria en Desarrollo de Software,2023,Regular,1,3.7905191738221182,0.20874564190547837
d7f9c7ed-2a59-5076-bb20-77cf84d06200,2025-1,Ingenieria en Desarrollo de Software,2024,Regular,0,4.399692316602746,0.18519573734326347
500ca273-4c86-5255-9867-d7c4c3fb18ed,2023-2,Ingenieria Biomedica,2024,Irregular,0,5.370101425903768,0.15698337171423035
1c666eaa-2ec9-56c1-adc5-0f7be5af217b,2023-2,Ingenieria en Desarrollo de Software,2023,Regular,1,3.8232987766739,0.2073269864259975
104e0444-1877-5767-b9bf-3381090f2c8d,2023-1,Ingenieria Biomedica,2022,Regular,1,3.094872511032931,0.24420784708331497
5b796a18-a472-5e17-a810-65d395f5211e,2024-2,Ingenieria Biomedica,2022,Regular,1,4.7071422650138866,0.1752190419590963
07ea1511-f88d-51f5-b1a9-50124cffffb0,2025-1,Ingenieria en Desarrollo de Software,2022,Irregular,0,4.493266844677584,0.18204103828833623
ac75df31-9996-5f0d-9d5d-7bba42100424,2023-2,Ingenieria Biomedica,2020,Regular,1,3.030176906936804,0.24812806561389011
74fa2f05-c540-5a83-b9ac-024976a94b3b,2024-2,Ingenieria Biomedica,2023,Regular,1,3.2856939996609187,0.2333344378014668
4c7c9eb8-a4e4-577e-8145-ae414e2802c4,2024-1,Ingenieria en Desarrollo de Software,2022,Regular,1,2.2122299965641514,0.3113102116192224
9c08f10e-da32-5669-9d85-f13d601eba4d,2023-2,Ingenieria en Energia,2021,Regular,0,2.103889038389443,0.3221764655990678
76699e54-f2f3-5966-a2cd-40b3ec1af7f0,2023-1,Ingenieria en Desarrollo de Software,2023,Baja Temporal,2,4.510131637025726,0.18148386751424014
a62d24e7-3715-5acc-909e-16b63754b194,2024-2,Ingenieria Biomedica,2022,Regular,1,3.074150489786982,0.24544994165207806
cc0d3a30-125b-5fa9-b7cf-b16344426e18,2024-1,Ingenieria Biomedica,2020,Regular,0,3.4797635542752436,0.22322606715384657
f3248bb9-7148-5391-ba5c-4db793cf25ed,2025-1,Ingenieria Agroindustrial,2023,Regular,1,2.8160465723331396,0.26205130913499247
7bdc06cf-076f-570b-a16d-e1fedbbb05e7,2025-1,Ingenieria en Desarrollo de Software,2022,Regular,1,5.846316019470779,0.146063955732692
5eae0265-225f-5296-b427-698ec614220e,2024-2,Ingenieria Biomedica,2023,Regular,1,5.579547204168424,0.15198614265833632
6e90683f-edbb-5a90-9cce-c71aa6b7f50b,2025-1,Ingenieria en Desarrollo de Software,2023,Regular,0,4.357016148852694,0.18667108185107278
5e3e0d2e-24cd-5e6e-a341-75b669ee94fb,2024-2,Ingenieria en Desarrollo de Software,2020,Regular,1,3.8981914886783966,0.20415698371764038
de2b92d3-79cc-550a-9d55-7aef10d169a9,2023-1,Ingenieria en Desarrollo de Software,2024,Regular,0,5.925741488277213,0.1443888718186551
92a4be51-c9c1-5a77-92cf-cff814619d70,2023-1,Ingenieria en Desarrollo de Software,2024,Regular,1,3.849828054886856,0.20619287708403702
fe7cb670-98a3-5178-b2e4-76675ab28185,2024-2,Ingenieria en Desarrollo de Software,2023,Regular,1,2.8543120889948708,0.2594496701124118
2f7f4b1c-d877-5aac-afe3-ad1cabb0884e,2023-1,Ingenieria en Desarrollo de Software,2024,Regular,1,3.935880811860045,0.2025980849450776
9dc545f5-1854-5ac4-a27c-a1193e4d5c68,2025-1,Ingenieria Agroindustrial,2020,Regular,1,6.170726722741304,0.13945587925259953
3c631f56-f1ed-55e4-9262-edd3f4b84deb,2024-1,Ingenieria en Desarrollo de Software,2021,Regular,1,4.539833098391661,0.18051085334869071
a083d0f4-efcb-5a26-8451-785f478ec2fe,2024-1,Ingenieria en Energia,2022,Regular,1,2.497761476184509,0.28589713930145916
2a9987ea-8926-5726-9e44-5abdf1d4d38c,2024-1,Ingenieria en Desarrollo de Software,2022,Regular,1,3.5965087423967406,0.2175564229382002
b5e71b7d-b665-5f2e-851c-569a931fde43,2025-1,Ingenieria en Desarrollo de Software,2020,Regular,0,4.2313486917520455,0.1911552945374565
580a256c-b2f1-5ef2-9fd9-a1668e7938b6,2023-2,Ingenieria en Desarrollo de Software,2023,Regular,1,3.2134187854699054,0.23733695863523668
f4974b5a-c47b-5b41-9621-60f287398db3,2025-1,Ingenieria Agroindustrial,2021,Irregular,0,4.578522881780574,0.17925892233336438
6833428e-b7c2-5005-9ed6-a908399048a3,2023-1,Ingenieria Agroindustrial,2021,Regular,1,3.5856827546139516,0.21807003526221594
cbf0f895-eadd-5c83-a186-c4c90dc52c07,2025-1,Ingenieria en Desarrollo de Software,2020,Regular,1,4.682877953912274,0.17596717862145328
b29837ea-4f81-5be4-a0c7-65517a752552,2024-2,Ingenieria Biomedica,2022,Regular,1,2.5238153274771387,0.28378331639642024
f6bfc201-b871-5b23-bfd3-e94d05e5a45a,2022-2,Ingenieria en Desarrollo de Software,2024,Regular,1,3.615211973957225,0.21667477152573109
39dc14f6-43e6-56cd-9456-6fd00bcdf7b1,2024-1,Ingenieria Biomedica,2022,Regular,1,2.9458589880556008,0.25343024244583295
549c7704-0e92-5ab4-b691-7ce2ad3c6d35,2023-1,Ingenieria en Desarrollo de Software,2024,Regular,1,3.312796414939624,0.23186812077101004
621f1106-41cf-51e6-aea6-4c29cae5dd3b,2025-1,Ingenieria en Energia,2024,Regular,1,2.54349989812288,0.2822068657402068
3ef3b39d-857d-5bcb-a71c-888a9884d66f,2024-1,Ingenieria Agroindustrial,2022,Regular,1,4.472763915688898,0.18272302905909701
bedae0b3-454b-5e5a-b4b8-478457e8565b,2023-2,Ingenieria en Energia,2020,Regular,1,3.7318603220879156,0.21133337248609946
166d2d59-760b-55e6-97d0-da3aa5c9c629,2025-1,Ingenieria en Desarrollo de Software,2022,Baja Temporal,2,4.392308000562452,0.1854493474585824
fa37514f-6eae-518d-a17e-a10043cb31cd,2023-2,Ingenieria en Desarrollo de Software,2023,Regular,1,4.619056012955549,0.17796583584401987
c2111b73-5ce3-50c7-9ea9-3f38a2a71602,2023-2,Ingenieria en Desarrollo de Software,2024,Regular,0,4.2646213385280705,0.18994718436475222
ed1be8fd-0dd9-5c1d-851f-b23aa972ebc8,2024-1,Ingenieria en Energia,2023,Irregular,0,3.5620080905350213,0.21920171559422252
4466e9b9-e81f-5c3d-8d59-7b3e2a387293,2023-2,Ingenieria en Desarrollo de Software,2023,Regular,1,3.6516810552046612,0.21497604589229574
5afc4668-588a-52f2-8c0c-6fa517dbe9c3,2024-2,Ingenieria en Desarrollo de Software,2023,Regular,1,3.5499213440669606,0.21978401919057067
a4b54351-d639-5538-ab98-363bc27d0301,2024-2,Ingenieria en Desarrollo de Software,2023,Irregular,0,5.365547641574015,0.15709567445052208
900cafb2-3a80-5829-9fde-d72898e58ed4,2023-2,Ingenieria en Energia,2023,Regular,1,4.589442241136143,0.17890872771533176
4ddede85-ffdb-569d-9e4a-1e653b4f7579,2023-2,Ingenieria en Desarrollo de Software,2021,Regular,1,2.8142608493016055,0.26217399373278333
f2e01bce-2020-5274-88ed-fb9d48359796,2023-2,Ingenieria en Desarrollo de Software,2021,Regular,1,2.447698013368611,0.29004860522077425
d3f5ace9-26fa-5bdd-aa79-2f2f12b165b4,2023-1,Ingenieria en Desarrollo de Software,2024,Regular,1,4.6382659778938615,0.17735949384451416
3f03fd9d-58b4-5adf-9263-c4517412f3d8,2023-2,Ingenieria Biomedica,2023,Regular,1,4.3828115093840045,0.18577652185232055
0e983a77-7038-5e81-aab5-b3dfd530a31d,2023-2,Ingenieria en Desarrollo de Software,2024,Regular,0,3.9982646860175604,0.20006943665817836
be6be8df-95fc-558d-80ff-bf71f5fff684,2023-1,Ingenieria en Desarrollo de Software,2023,Regular,1,4.566826951938991,0.17963554617980146
79e5ba12-68de-5bc9-b252-e0abfb76c95a,2025-1,Ingenieria en Energia,2023,Regular,1,2.420008465851123,0.29239693702077846
72c4b33c-14c5-589c-b19c-730539079bea,2024-2,Ingenieria en Desarrollo de Software,2022,Regular,1,4.7320838939949095,0.17445662319206942
a1bfa0f9-89b5-520f-8655-2459cfa0111f,2024-2,Ingenieria Biomedica,2023,Regular,1,3.2047636865063835,0.2378254937867557
807b758c-7c0e-50a2-a340-5959260fddd5,2023-2,Ingenieria en Energia,2021,Regular,1,2.828161517729112,0.2612219979143424
478395f5-587f-5f12-bc0e-ff20e0bf15dc,2023-2,Ingenieria en Desarrollo de Software,2023,Regular,0,4.014760322413823,0.19941132491027136
a627bf8e-7401-591c-b730-d00a71556b9c,2023-2,Ingenieria en Energia,2021,Regular,0,3.743193678259108,0.21082841389833978
ef6550aa-262d-51e4-b585-92830b89e61b,2023-1,Ingenieria en Energia,2021,Regular,1,2.2931462751323957,0.30366097235076406
96b7a0ed-09ab-5487-9448-4d1f9301d6b3,2024-2,Ingenieria Agroindustrial,2022,Regular,1,3.047484445972732,0.2470670396263055
0d5f833a-586f-50e2-b1b2-f5737285353e,2024-2,Ingenieria Agroindustrial,2023,Regular,1,2.1183145957804546,0.3206860530855833
5c16c5ad-2cc6-5e3c-ba24-1ce1190f74b8,2022-2,Ingenieria en Desarrollo de Software,2021,Irregular,0,5.669481187626874,0.14993670000227088
bdf79138-c2eb-53da-a9f8-7f0b54417ee1,2024-2,Ingenieria Biomedica,2020,Regular,0,4.507446390021609,0.18157235298954522
e45f7da9-79ab-5ae0-881f-f8944e0d25df,2024-2,Ingenieria en Desarrollo de Software,2022,Regular,1,4.278265803495747,0.18945616557197806
3b6316fb-116b-59fc-80b4-b1fcf29a674b,2024-1,Ingenieria en Desarrollo de Software,2024,Irregular,0,5.50526585275826,0.153721619167339
3f996802-5765-5088-b228-37c9d224b5e9,2024-1,Ingenieria en Desarrollo de Software,2021,Regular,1,5.6652434636330975,0.1500320289058007
94dd942c-e121-5a50-813c-07e96cf3dbc5,2024-2,Ingenieria Biomedica,2022,Regular,0,4.3927411637583775,0.18543445154023808
5040532e-67cb-5deb-adac-6189ea5f0441,2023-2,Ingenieria Biomedica,2023,Regular,1,3.58122116638616,0.2182824106675552
9df81a2d-bddd-5dc7-9df3-3dd76ad3f0f3,2023-2,Ingenieria en Desarrollo de Software,2023,Regular,1,3.6635444991146398,0.21442917510272436
6c77d105-487a-5640-9e96-04532fd3156c,2025-1,Ingenieria en Energia,2024,Regular,0,3.700289398554845,0.21275285736819968
d132a578-cfdb-5e06-8fa4-f9b9c46f757e,2024-1,Ingenieria en Desarrollo de Software,2021,Regular,1,4.701001347921271,0.1754077817162112
db00576a-2f6f-54e2-9faf-0f532e9161dc,2025-1,Ingenieria Agroindustrial,2023,Regular,1,3.22757965452319,0.23654196531343313
fc152c53-4b4e-5767-ba34-286067593099,2024-1,Ingenieria Agroindustrial,2022,Baja Temporal,2,3.098808255155914,0.24397335463109168
0390b287-29ee-567d-8657-3ce2fea35c09,2023-1,Ingenieria Agroindustrial,2022,Regular,1,4.550278451634902,0.18017114072996424
24b7e019-b6b9-5f00-ad3a-acc3567e4b0e,2024-2,Ingenieria en Desarrollo de Software,2021,Regular,0,6.343283114191481,0.13617887046563956
c5872726-38f0-5b6c-8f90-3eeceb1cc0ab,2023-1,Ingenieria Agroindustrial,2024,Regular,1,3.071204176342353,0.2456275727488615
13c37363-774c-5fca-9059-7c39175a682c,2025-1,Ingenieria en Energia,2020,Regular,1,6.01110001039301,0.14263097067758768
28c0b230-0ebc-5071-b8e6-798b2968075e,2023-1,Ingenieria en Desarrollo de Software,2022,Regular,1,3.4237352527547436,0.22605331080273872
5f926756-2b20-5b16-bb62-7bdccac72807,2023-1,Ingenieria en Energia,2022,Regular,1,4.439433028490113,0.18384268999403083
ee293d41-f95e-51f9-b7e2-587de3428dea,2024-1,Ingenieria en Energia,2023,Regular,0,4.007941084826691,0.19968286029359444
20d99420-7ff0-5487-a708-b0e7d81a6768,2023-2,Ingenieria Agroindustrial,2022,Regular,1,3.1763773419643253,0.2394419656365768
18b0ba4b-0a48-5857-b5ff-3d166853c81d,2023-2,Ingenieria Biomedica,2023,Baja Temporal,2,4.496712844757366,0.18192691309202666
e278ee4c-5fc8-5e28-93d4-eeb805cbd039,2023-2,Ingenieria en Energia,2023,Baja Temporal,2,5.8850895362814875,0.14524139370017283
d3190094-a4c7-5890-adca-6ca2da63c427,2024-1,Ingenieria Biomedica,2023,Regular,1,3.6553566713416115,0.21480631251220833
e4705c1a-a8d3-5c73-b338-e25459028a67,2024-1,Ingenieria en Desarrollo de Software,2021,Baja Temporal,2,3.3323538087714826,0.2308214065931905
af1facb8-ff16-522c-981f-4868d33e0d2d,2023-2,Ingenieria Agroindustrial,2020,Regular,1,2.7206014485254904,0.26877374903896506
bc2a0059-6168-5ed7-bd17-7d3cd697c9b6,2024-2,Ingenieria Biomedica,2023,Regular,1,1.861096291618794,0.3495163734717244
66f9c383-d9be-58bc-b7d4-84009b773984,2023-2,Ingenieria en Desarrollo de Software,2023,Regular,1,3.3451213068555,0.23014317193452194
c1127ea4-e991-565f-884f-32cfc5980ec4,2024-1,Ingenieria en Energia,2020,Regular,0,4.248594424013463,0.19052720008709037
88f31db8-0575-5fb6-8b4f-c5759a6424ba,2024-1,Ingenieria Biomedica,2021,Regular,1,3.217572901594438,0.23710319260206592
88808950-4e70-585e-b7d8-dcac94f1ea02,2024-2,Ingenieria en Energia,2021,Regular,1,3.4623185149443043,0.22409874970847557
64a7a435-3d68-5169-9f37-ab49c4679ed7,2025-1,Ingenieria en Energia,2021,Irregular,0,7.7141428650848285,0.11475597950163575
52a6e332-4cf6-5a7c-b7d4-6c5fbd7de3fc,2025-1,Ingenieria Agroindustrial,2022,Regular,0,6.422774060673058,0.13472052251976066
08896997-8da0-523b-b1ea-3c41dbc26cc1,2025-1,Ingenieria Biomedica,2022,Regular,0,4.618695448547886,0.17797725631462075
8aca2da0-988f-59f4-a2ae-8ed0cc22ed9f,2024-1,Ingenieria Biomedica,2022,Regular,0,4.30929535988914,0.1883489111483299
10fa7934-fb66-5dde-b0d1-89343137acf3,2024-2,Ingenieria en Desarrollo de Software,2021,Regular,1,4.047036534768398,0.1981360731413625
7e5301bd-d442-54ef-803e-87aa8e6dbdf2,2023-2,Ingenieria en Desarrollo de Software,2024,Regular,0,4.281658563245772,0.18933446530581172
62f1112e-c4a4-564b-8256-282ff4b2076f,2023-1,Ingenieria Agroindustrial,2021,Regular,1,3.921313142554633,0.20319779925260034
62a25296-712d-5653-889d-288ef6a83045,2025-1,Ingenieria en Desarrollo de Software,2022,Regular,0,3.0780501569153214,0.24521522823947076
3017070a-85f4-5a80-b4cd-bd224ba347da,2024-1,Ingenieria en Energia,2020,Irregular,0,5.542661184237738,0.1528430055967366
7b08c728-9c28-54e0-9bf5-3b7fc159526c,2024-1,Ingenieria Agroindustrial,2022,Regular,0,3.536251296472504,0.22044634096387555
4840428c-4604-5638-b9a7-88fc0cb3b671,2024-1,Ingenieria en Desarrollo de Software,2022,Regular,1,3.322393916642326,0.231353277670909
c812f641-9a90-5ad7-acc5-b60f4575d5cc,2023-2,Ingenieria Agroindustrial,2024,Regular,1,3.570979503235399,0.21877149072582514
9929559f-804a-5134-a83b-76bdbf466189,2023-1,Ingenieria Biomedica,2023,Regular,1,3.0705226469117712,0.245668698283421
9eee5e53-b2a0-50f1-a44b-c8e00b96b1e6,2024-2,Ingenieria en Desarrollo de Software,2020,Regular,0,6.207085700041829,0.13875233924222605
ee55fdc7-1a3f-535c-8005-0beefdec16eb,2023-1,Ingenieria en Energia,2021,Regular,0,6.071842349479055,0.1414058671816496
9242cbb8-b13e-5ba5-a550-b05a44a90d0a,2023-2,Ingenieria en Energia,2022,Regular,1,3.5093083322875733,0.22176350036651846
e6bd15f3-bc12-5232-b9e9-3f0cadb442a3,2025-1,Ingenieria en Energia,2021,Regular,1,2.9784387896258004,0.25135487885539565
1403891a-b308-5967-a7ff-02fb51482d5a,2023-1,Ingenieria en Energia,2022,Regular,1,4.506025127326928,0.18161922201133893
c6cfd602-5530-5ae9-a3a4-14089b60d9dc,2025-1,Ingenieria en Desarrollo de Software,2023,Regular,1,3.776265264426243,0.20936860593736867
5ca57d98-2201-5a50-9ad5-6b7b2ef77e69,2024-2,Ingenieria en Desarrollo de Software,2021,Regular,1,4.393293962948119,0.18541544497110504
0524900c-e578-52c9-8bc1-66ebed13fc1a,2024-1,Ingenieria en Energia,2023,Regular,1,3.934626357979056,0.20264958832861735
150aa75f-9396-5245-afcf-6b34464e716b,2023-2,Ingenieria en Energia,2023,Regular,1,3.620996462807191,0.21640354154101946
483adef8-8a08-54fd-9e94-c611da349599,2023-2,Ingenieria en Desarrollo de Software,2021,Regular,1,2.9990749716709426,0.2500578276436182
92f4ef15-1742-5b24-939d-93d5a26c9245,2025-1,Ingenieria en Desarrollo de Software,2023,Regular,0,3.1083888763410115,0.24340441718131947
29494623-bc47-5128-87a2-e8562c834297,2024-1,Ingenieria en Energia,2021,Regular,1,3.402046880400569,0.22716704914078606
cebeabd9-a3e3-509c-ac4f-ca1da3b08650,2023-1,Ingenieria en Desarrollo de Software,2021,Regular,1,2.363902051921445,0.29727381611150205
b4bbe7de-b070-5250-9a41-a5b1d90489d7,2024-1,Ingenieria Biomedica,2020,Regular,1,3.3945482671009963,0.2275546743874273
49623074-46e3-5fb8-bbd7-043f652126dc,2024-1,Ingenieria Biomedica,2021,Regular,0,4.835868160692052,0.17135411089914238
e9713ca1-1bc7-5257-876f-df2aea169f60,2023-2,Ingenieria Biomedica,2024,Regular,1,3.8965981186051626,0.20422341711082848
fd207789-57f1-564d-a0d4-2270c0fa5be9,2024-1,Ingenieria en Energia,2024,Regular,1,4.061627672629062,0.19756490691868484
c3a48277-83ab-5562-8e82-b1b63872ce2e,2024-1,Ingenieria Biomedica,2021,Regular,0,3.5718891708724447,0.21872796181740597
c478abf6-7437-5c0e-974d-e66e6b9088a5,2023-1,Ingenieria Biomedica,2021,Regular,1,2.7998297306647753,0.26316968677042574
587bb13e-3143-5768-ac13-6a994b8bf500,2022-2,Ingenieria en Desarrollo de Software,2021,Regular,1,1.818198666673563,0.35483658828791564
e1b489fc-59ca-5a01-9f64-e1d933b06d45,2023-2,Ingenieria en Energia,2022,Regular,0,3.771876261151921,0.209561175787614
2883d183-2b7c-5633-b572-01cee0a1c4f4,2023-1,Ingenieria Biomedica,2023,Baja Temporal,2,3.8005168402695984,0.20831090344510483
2e103104-101a-529f-bf82-91a562f6825d,2024-1,Ingenieria en Energia,2023,Irregular,0,9.377966963747006,0.09635798644313144
ef6e8bc8-a8e1-5301-94b2-3b7bb07f358b,2025-1,Ingenieria en Energia,2023,Regular,1,3.0692629868605352,0.24574474621791575
5ca744cd-62a0-5db0-80a8-fcf33a61f6e6,2025-1,Ingenieria Agroindustrial,2023,Regular,1,2.515213891317489,0.28447771057971205
0d1a66f3-f496-5f0e-aef3-aaaa049c5755,2024-1,Ingenieria en Energia,2022,Regular,1,3.3114634456022403,0.23193980712512258
725c8e65-ba51-5d42-bd35-16ed3e8892e8,2025-1,Ingenieria en Desarrollo de Software,2023,Baja Temporal,2,3.6927252814837104,0.2130957897633052
64c516d7-ad27-51e5-b478-14929a839bd5,2023-2,Ingenieria en Energia,2020,Regular,1,3.715960594405784,0.2120458769706919
3f1c1fd4-0835-5b86-9b92-73d4a218eede,2025-1,Ingenieria en Desarrollo de Software,2022,Regular,1,7.62241554589891,0.11597678106289266
13297f76-3831-5eeb-8cfe-7b7e102e4c87,2023-1,Ingenieria Biomedica,2023,Regular,1,3.5197218696318147,0.22125255244554728
534779b4-4222-5f72-aadf-8d0365025c11,2024-2,Ingenieria en Desarrollo de Software,2021,Baja Temporal,2,9.283353071238269,0.09724454592509534
99e1484a-1e12-5283-8c85-18fbb54645d7,2023-1,Ingenieria Agroindustrial,2022,Regular,1,4.5408752154154355,0.18047690321880377
5d78271e-7b9a-5a0d-b522-6c41b85de87f,2023-1,Ingenieria Agroindustrial,2023,Regular,0,5.396272748346231,0.15634105038102886
fb73b9cc-109c-5847-ad3f-0b6681330b88,2023-1,Ingenieria en Energia,2020,Regular,1,3.6601422085078292,0.21458572619829955
b47d142e-22a2-5288-bd40-635adf5cbd7a,2023-1,Ingenieria en Desarrollo de Software,2023,Regular,1,3.424108677584769,0.22603423036748838
9f467c6f-d77c-55fc-81ad-248fabf32d1c,2024-1,Ingenieria en Desarrollo de Software,2023,Regular,1,3.164628891628632,0.24011743327481386
55385ce7-c006-5c04-af0c-d992ccea193a,2023-1,Ingenieria en Desarrollo de Software,2022,Regular,1,3.8442395076693407,0.20643075108421294
30f100ba-8134-5366-b4a5-ab0ad37afcc7,2025-1,Ingenieria Biomedica,2020,Regular,0,3.7537869299854236,0.2103586077222578
3a3f819b-008a-54a2-b9e8-95639308705d,2023-1,Ingenieria Agroindustrial,2023,Regular,1,3.5251625178111388,0.2209865382876257
47c4e501-7301-5a41-95b3-d05815569d3d,2023-1,Ingenieria en Desarrollo de Software,2020,Baja Temporal,2,3.871102836016127,0.20529231955567961
a55fc512-074d-530d-bce5-17ca42b9966b,2023-2,Ingenieria Agroindustrial,2020,Regular,1,3.726533459336647,0.2115715478591675
47df5211-4676-5fbf-87ee-5ca5e9008192,2024-1,Ingenieria Agroindustrial,2022,Regular,1,2.10071322042426,0.32250644574707665
39c1c748-314a-5d8b-879d-901d8a20abff,2025-1,Ingenieria Biomedica,2021,Baja Temporal,2,5.677488026902044,0.1497569139729241
5563d026-0dfe-5a1a-935d-302beb83ff61,2023-2,Ingenieria en Desarrollo de Software,2024,Regular,1,3.3423753240195198,0.23028870730463485
5c0688ca-e418-52b4-a2e8-5987aebd6c16,2024-1,Ingenieria en Energia,2021,Regular,1,3.4771006475671857,0.22335883839095522
d147ade0-0bc4-5a1a-95eb-22c74a33c316,2024-2,Ingenieria Biomedica,2021,Regular,1,3.670125866267303,0.21412699114237604
18ecc98d-195a-5853-aab8-abc83a0a74c4,2024-2,Ingenieria en Energia,2021,Regular,1,2.958123240262377,0.252644988369213
1d13a4fd-bbac-5319-93f2-5391a35dffe2,2024-1,Ingenieria en Desarrollo de Software,2023,Regular,1,2.328854229844214,0.30040366172681543
bbd53dc2-9228-547d-b60a-8148f5b51ad9,2023-1,Ingenieria Biomedica,2023,Regular,1,3.0357230129782575,0.24778707477796558
ab1982ee-0dbd-53f1-887e-2b03c67d7c75,2025-1,Ingenieria Biomedica,2021,Regular,1,3.375278377340547,0.2285568857010274
fad00eaf-fc06-5e75-9fce-c486c7fc8dc6,2023-2,Ingenieria en Desarrollo de Software,2024,Regular,1,4.7060419752292075,0.17525282925382454
82331ac9-b562-583d-91bc-62c2cd09e761,2024-1,Ingenieria Biomedica,2024,Regular,1,3.694054484416096,0.21303544799488885
6941cc8a-fba1-52a7-a917-e6ab7b7601af,2024-2,Ingenieria Agroindustrial,2024,Regular,1,4.363641822450435,0.1864404882172277
aa1345ff-b1cb-5a47-81cc-62d82c95d998,2024-1,Ingenieria Biomedica,2021,Regular,1,2.329628561787943,0.3003338004353916
c0c83431-555d-5cbb-b3be-6ace5aaa689a,2023-1,Ingenieria en Energia,2021,Regular,1,4.3918064660133185,0.18546659756862457
4b583aa8-e150-5bdc-84ac-19e8261e6e8b,2022-2,Ingenieria en Energia,2021,Regular,0,3.6047061771912765,0.2171691225280237
9a71f23a-5ea9-5ebb-aca4-fc5e06ba0ed2,2023-2,Ingenieria Agroindustrial,2022,Regular,1,2.3640736598969485,0.29725865159285275
8c195f08-9781-51db-9c4c-89789b7824cc,2024-2,Ingenieria en Desarrollo de Software,2024,Regular,0,2.8897405887069083,0.2570865529961823
cc810c8b-2752-5aa7-a831-ee066e59b93a,2022-2,Ingenieria en Energia,2021,Regular,1,4.089876570497205,0.19646841846742757
f381a62c-064d-5d4b-af2f-87c51ef8bca1,2024-2,Ingenieria Agroindustrial,2021,Regular,1,3.287903824157531,0.2332141860006563
933432fa-4bc9-5651-ad01-98277a8883f1,2024-1,Ingenieria Biomedica,2022,Regular,1,2.5243352771860916,0.2837414494793533
0753f2cc-902d-5770-bff8-df588d1a5ccf,2023-1,Ingenieria Biomedica,2022,Baja Temporal,2,6.240614840742454,0.13810981829513524
e5cb4c83-9633-53e8-af32-f1b154dc6dc5,2024-2,Ingenieria en Desarrollo de Software,2022,Regular,0,3.296995226568817,0.2327207612000322
c16dc4bb-820f-5b85-ab23-ef741c17ce12,2024-1,Ingenieria en Desarrollo de Software,2023,Regular,1,3.389552466831236,0.22781365698583111
3e57d245-5f76-5396-b34e-a2e3d60ba46b,2023-1,Ingenieria en Desarrollo de Software,2022,Regular,1,4.783545062485862,0.17290433275714526
5a7f9dde-a6b5-5e80-976a-efd5cdc0fa6b,2024-1,Ingenieria en Desarrollo de Software,2022,Regular,1,5.4066749580506785,0.15608720694396896
80e385ce-0b16-55da-8d52-bb771f5e8840,2024-1,Ingenieria Biomedica,2022,Regular,0,2.951636214553574,0.25305973164156065
b23c8252-828f-5b93-8e14-7c726d67ba3a,2023-1,Ingenieria en Desarrollo de Software,2022,Baja Temporal,2,3.6988375385040624,0.21281859434500974
8206b723-1395-5758-9f04-ff867caee093,2025-1,Ingenieria en Energia,2020,Irregular,0,5.0082898992729445,0.16643670940728222
ab9068d3-3464-5f4a-a397-c92f1feacd51,2023-2,Ingenieria en Desarrollo de Software,2020,Regular,1,5.099996231148178,0.1639345275155644
896d4d46-fca6-5558-b4a2-3a6661bddeb2,2024-2,Ingenieria en Desarrollo de Software,2023,Regular,1,2.733136880319114,0.2678712386014944
b4574f88-efd3-554e-91cd-93fd929e5101,2023-1,Ingenieria Agroindustrial,2020,Regular,1,2.803916818115166,0.26288692624343407
427ad080-338f-5048-b152-5c7423daa3a6,2025-1,Ingenieria Biomedica,2021,Regular,1,3.34967246168211,0.22990236823792454
ef59fe5b-58d0-5170-8565-7a6a38201892,2023-1,Ingenieria Agroindustrial,2022,Regular,1,4.1577872948563215,0.19388158968813324
d594bf1c-37fb-5600-9eeb-c7ea4f371f3d,2024-1,Ingenieria Biomedica,2022,Regular,0,4.477987830916905,0.18254878084178222
d268ba83-221f-5b85-9d04-83cf67839f12,2023-2,Ingenieria Biomedica,2022,Regular,0,4.677087142071357,0.17614667081455745
4005bf34-1385-5875-b8a0-0106f5c6ba9b,2023-2,Ingenieria en Energia,2023,Regular,1,2.0852775124707197,0.32411995224351486
e036a25f-b327-5c99-9c8f-ce93adcd3a91,2024-1,Ingenieria en Desarrollo de Software,2021,Regular,0,3.916404141835977,0.20340069106413228
774354e2-d080-53c4-9210-22d574de9b7e,2023-2,Ingenieria en Desarrollo de Software,2022,Regular,1,3.074750650047526,0.24541378991824603
666ad979-55ca-5efd-be14-1143687b46b5,2023-2,Ingenieria en Energia,2020,Regular,0,4.0472980156718785,0.19812580848109154
8aa208dd-67c8-5984-8124-3bcd8d118c1c,2025-1,Ingenieria en Desarrollo de Software,2023,Regular,0,3.8147004782924943,0.2076972398404821
91308561-bdc9-5201-bfa4-8386f602c8d1,2025-1,Ingenieria en Desarrollo de Software,2023,Regular,1,2.8025897242737834,0.2629786730912653
685e0e43-d1e8-5a1d-9102-f73180f24c45,2022-2,Ingenieria en Desarrollo de Software,2023,Regular,1,3.6826833249994237,0.21355277104930495
e1241cb7-7ac0-597b-9c9a-814944fc3848,2024-1,Ingenieria Agroindustrial,2021,Irregular,0,4.654462671139379,0.17685146373041652
c1cbece0-2249-5090-b74e-43e6e9afa6fc,2024-1,Ingenieria Biomedica,2022,Regular,1,2.2867926183286724,0.3042479754954841
2108b593-0500-5894-afe1-7b04f190caa6,2023-2,Ingenieria Agroindustrial,2020,Irregular,0,5.254440182862491,0.15988641201494816
7b60669b-a209-5cfe-840c-132bd74e84b4,2023-1,Ingenieria Biomedica,2022,Regular,0,4.871637796096994,0.17031023280501426
873219ba-b3cd-533e-b622-e52d74497eaa,2025-1,Ingenieria en Desarrollo de Software,2020,Regular,0,4.370655201101329,0.18619702113718561
5349b7bd-de38-5838-bb67-e6299b5ac80d,2024-2,Ingenieria Biomedica,2021,Regular,1,3.8337381776159916,0.2068792233370823
70a3ce78-bcca-5270-b8bc-0a125f0c07e1,2025-1,Ingenieria en Desarrollo de Software,2021,Baja Temporal,2,10.711934358200033,0.085382992204004
4c0119b8-fedd-5d9a-b93c-41739a0ecadd,2025-1,Ingenieria Biomedica,2022,Regular,1,3.192067999975371,0.23854574878219414
a9cc5c0e-f744-5694-9fe9-d805962c8ad2,2025-1,Ingenieria Biomedica,2022,Regular,1,3.366133269259243,0.22903561076358528
70270288-e116-5e1d-9a1c-bec4e747a926,2025-1,Ingenieria en Desarrollo de Software,2021,Regular,1,3.6009898467146777,0.21734453526648118
fe9617fc-0adb-5c1d-b047-aa8729528873,2025-1,Ingenieria en Desarrollo de Software,2023,Regular,1,6.132453982364808,0.1402041993502556
fb023f8f-3a85-5991-a47e-392b19f48d89,2023-2,Ingenieria en Energia,2020,Regular,1,5.518187293923364,0.15341688646048243
1f8574a0-fabf-53e7-be44-1c60358ff275,2023-2,Ingenieria en Energia,2023,Irregular,0,7.193096270613975,0.12205397898065488
00e2f9de-f3b5-5ad4-8877-336b6993cd2c,2024-2,Ingenieria Biomedica,2021,Regular,1,3.95163671401866,0.2019534262618426
496b2952-bc4e-52eb-9be5-4660e9def593,2025-1,Ingenieria Agroindustrial,2022,Regular,1,5.656866142784635,0.1502208364342579
de9fff6a-8d50-5fd1-9391-31c3e27a0d90,2024-1,Ingenieria en Energia,2020,Regular,0,4.5290054220083515,0.18086435510073362
9f93675d-bcad-54d7-b17c-0a8cfc1bd03d,2025-1,Ingenieria Biomedica,2022,Regular,0,5.193360566174396,0.1614632297466405
596ce646-fe5b-50fe-a7bc-6c8e33b4ea4c,2024-1,Ingenieria Agroindustrial,2024,Regular,1,3.3194570635968597,0.23151057766674246
6139ffdc-3616-548e-8090-62b45896c7fc,2023-1,Ingenieria en Desarrollo de Software,2022,Regular,1,5.348078402688786,0.15752798509489752
abcaf3ae-43a7-5a77-aadf-ad95f6017e30,2024-1,Ingenieria en Energia,2022,Regular,1,3.648766019125799,0.21511084788647852
4b5277ba-6b0c-593b-8571-86caac2f8061,2025-1,Ingenieria en Energia,2020,Regular,1,4.769803035934377,0.17331614160344685
7a25f0a1-edf2-526f-9aab-3006b5f32e72,2024-2,Ingenieria Biomedica,2022,Irregular,0,6.010587894414564,0.14264138971807405
e851de76-764f-50be-85d1-47101f004f16,2023-2,Ingenieria Biomedica,2024,Regular,1,4.373853784604913,0.18608619439271182
854b5069-1b87-59b4-a464-fd2735e68bb1,2024-2,Ingenieria en Desarrollo de Software,2021,Regular,0,7.534769582594708,0.11716777943710856
64d0d32b-0671-524b-9271-b6492d799dfd,2024-2,Ingenieria Agroindustrial,2021,Regular,1,4.30282840205344,0.18857860827869993
fdea5115-f167-58e9-a7a7-5a1b9057e86c,2025-1,Ingenieria Biomedica,2020,Regular,0,3.8233439627452217,0.20732504414444597
5e00ff17-8c76-5d90-828e-fca39af02dd2,2023-1,Ingenieria en Energia,2023,Regular,1,4.003058521936356,0.19987773391324745
39586b48-7f69-5c5f-b455-2c03a8b0f893,2024-1,Ingenieria en Desarrollo de Software,2021,Regular,0,3.8696753356442533,0.20535249910407036
582b10fd-3f07-5b0d-bc80-d0c86955dfed,2025-1,Ingenieria en Desarrollo de Software,2020,Regular,1,4.290632302979644,0.18901332444456737
d29ceb2f-aea5-59ed-ba09-5de06e0c9ac6,2024-2,Ingenieria en Energia,2021,Regular,0,3.7633189358641097,0.20993765344385676
1e7e1597-5c83-5634-9bf2-704ee48dcd52,2024-1,Ingenieria Agroindustrial,2024,Regular,1,4.209324842476797,0.1919634559638146
c9bcf774-dc34-56b8-bad8-7a75d1aea6a0,2023-1,Ingenieria Agroindustrial,2024,Baja Temporal,2,5.474734698658728,0.15444648260370494
e73642e8-323f-5867-a6e7-c00a15ece42d,2024-1,Ingenieria Agroindustrial,2020,Regular,1,3.274762854208309,0.23393110544495954
dba3d63e-dda6-5939-a50f-e0dadd4f0cb9,2024-1,Ingenieria en Energia,2024,Regular,0,6.46256726963756,0.13400214214063194
4559686a-b9d9-5a1a-827a-f9859ede4dbf,2024-1,Ingenieria en Desarrollo de Software,2021,Regular,1,4.049329530961881,0.19804609579709948
500e5ba5-abeb-542a-9ca9-16e274035807,2022-2,Ingenieria en Energia,2023,Baja Temporal,2,5.0338821330253385,0.16573078127043364
7ef6472f-2381-59e6-8356-6872fa8aebef,2023-1,Ingenieria Biomedica,2022,Regular,0,4.234945018171751,0.19102397380082503
769fe54f-e631-5193-8bec-0f140b4979e3,2025-1,Ingenieria en Energia,2021,Regular,1,2.9374707071626984,0.2539701433666258
4f7dc071-578f-597b-8608-de3edfb2d420,2025-1,Ingenieria en Energia,2021,Regular,1,5.444210849075262,0.15517803861794793
68828ecd-9328-5654-9cc0-80a246a9bfe0,2024-2,Ingenieria en Desarrollo de Software,2022,Regular,0,3.6693294754932575,0.21416351218059254
98457e79-151d-529a-b0ba-6d4bd983f2ed,2023-2,Ingenieria en Energia,2023,Regular,0,4.367282019874475,0.18631404056971598
a0e77fb6-a59b-5acf-9cd8-f2ef4b37c8f1,2024-2,Ingenieria Agroindustrial,2023,Regular,1,3.0753371106147713,0.245378473696167
beab94e0-bd31-5016-bc36-b93685157e89,2024-2,Ingenieria Biomedica,2022,Regular,1,3.1397380954091627,0.24156117535767976
39d96a46-f1ca-59f4-b107-298bc0f88196,2024-2,Ingenieria Agroindustrial,2020,Regular,0,4.346523581705952,0.18703742435957293
133bc0a9-1408-58dc-a020-f9556ba8003d,2024-1,Ingenieria Biomedica,2023,Regular,1,3.2661694621928636,0.2344023154406032
06368911-0817-599c-902b-f365e5c30935,2022-2,Ingenieria en Energia,2020,Regular,1,3.102189478733371,0.2437722599563512
a8760ce6-3f05-56d6-bddb-f7fcbbfe0923,2025-1,Ingenieria en Energia,2023,Regular,0,3.898087636755257,0.20416131236525834
2816b599-ea8c-5189-83c4-33cd7b82e0da,2023-2,Ingenieria en Desarrollo de Software,2024,Irregular,0,5.642578632117688,0.15054394616645958
ea981bbf-8027-5ee0-b2ef-a0bb7c6bc4a7,2023-1,Ingenieria en Desarrollo de Software,2022,Regular,1,2.5511979311157695,0.2815951178721837
a3c2699a-f6e4-5720-b374-b953f09f3832,2023-2,Ingenieria Agroindustrial,2022,Regular,0,4.656469742514091,0.1767887119565033
40fa2ff7-0da0-5696-8279-803c0d9d1fb7,2023-2,Ingenieria Agroindustrial,2021,Regular,0,3.5529431424478672,0.21963814805347093
933cb9a9-6c5e-569a-9da3-54eb41f1a95b,2024-2,Ingenieria en Energia,2023,Regular,1,3.1498395688480127,0.24097317098877588
10a65773-8efc-5683-b78e-6627dd4dd166,2024-2,Ingenieria en Desarrollo de Software,2021,Regular,1,3.017273104436218,0.2489250728051608
ba391186-ea23-544c-a881-e73e046dc58e,2024-1,Ingenieria en Energia,2020,Regular,1,5.692540375291571,0.14942009221071503
3560700b-7b39-582f-a214-26a5f7c5a0f6,2024-2,Ingenieria en Desarrollo de Software,2023,Regular,1,3.103269527240079,0.24370809505965235
8c3ee578-55e3-5394-8e09-46cdc219bb0f,2025-1,Ingenieria en Energia,2023,Regular,0,3.295559065736551,0.23279856817159886
fd6a3711-1e04-5867-b5d4-bc264de7fd2f,2024-2,Ingenieria Biomedica,2024,Regular,1,3.4845202662541825,0.2229892921936279
8c96e788-fd82-5ecd-99fd-eef88a1dda71,2024-2,Ingenieria Agroindustrial,2022,Regular,1,3.7632703286239546,0.2099397957723904
2b638b4a-0c5d-5373-844c-fcc223d319fe,2024-1,Ingenieria Biomedica,2023,Regular,1,3.43200881495085,0.22563132018750054
57c23877-5c88-5f36-8c90-1b91e2fdfbd2,2024-2,Ingenieria en Desarrollo de Software,2021,Regular,1,10.740505645718416,0.08517520711424255
c2d7bcaa-a511-57a3-9e2b-080e40b111bb,2024-2,Ingenieria Biomedica,2020,Regular,0,3.4295084664548368,0.22575868351378306
06356c35-3da5-58b9-bdfc-08acf06b0d2d,2025-1,Ingenieria en Energia,2023,Regular,1,3.312039691149906,0.2319088115196191
915192ee-aba9-57cd-b450-1e7ad38b0881,2025-1,Ingenieria en Desarrollo de Software,2023,Regular,0,3.937289544086292,0.20254027864291735
85fa6913-f343-5844-822c-891bb7c96aa0,2024-2,Ingenieria en Energia,2024,Regular,1,3.0635900113064527,0.24608781821434245
1a722806-197b-5430-96c1-d10b79558c38,2023-2,Ingenieria en Desarrollo de Software,2021,Regular,0,4.007102344083908,0.1997163092105637
fe16871e-3858-5d1b-bfa6-d946cb352970,2022-2,Ingenieria en Desarrollo de Software,2023,Regular,1,4.279423181354139,0.18941463217644663
86c8b4d5-8276-5101-9e1c-f736ecf0f93a,2023-1,Ingenieria en Desarrollo de Software,2020,Regular,1,3.5195525596214967,0.22126084093681786
c8402162-676c-5042-9cad-161567684e0f,2023-2,Ingenieria Agroindustrial,2023,Regular,1,2.2126465135864306,0.3112698505020561
c8916bda-21e4-5cc1-9049-654b3eed81c9,2023-1,Ingenieria Biomedica,2024,Regular,1,4.372750879605826,0.18612439370599765
5ff1c613-a625-5484-b035-67894f038c08,2024-2,Ingenieria en Energia,2024,Baja Temporal,2,4.333956319210233,0.18747810071081797
4c491b73-ac78-5735-90d3-35c86c460d61,2024-1,Ingenieria Biomedica,2022,Irregular,0,7.24000558337463,0.121359141068744
a8b1cb3d-ad1d-5a4d-b7c4-7a3af363ce64,2022-2,Ingenieria Biomedica,2023,Regular,1,3.8165046266445435,0.20761944138246535
dac656ed-f6c1-54f8-9f17-453c98429925,2024-1,Ingenieria en Desarrollo de Software,2024,Regular,1,3.0579629850325447,0.24642905903489412
78d89af1-128c-5481-99e1-6956423168aa,2025-1,Ingenieria Agroindustrial,2024,Regular,0,4.067908054518816,0.19732007551090963
faa3d285-5e15-54df-a146-91e40f77b83d,2022-2,Ingenieria en Desarrollo de Software,2024,Regular,0,4.821153189037002,0.17178726749251394
8346c844-910a-50a8-9556-df629371d0ff,2023-1,Ingenieria en Desarrollo de Software,2023,Regular,1,3.6748451533714506,0.2139108285284723
c561a8f7-b9da-54ea-a181-8fd84558df5d,2023-1,Ingenieria Agroindustrial,2023,Regular,1,5.432119374317851,0.1554697513844033
b4e323ae-9ea7-5c01-9233-3288cd3d7452,2023-2,Ingenieria en Energia,2020,Regular,1,4.0563081969668175,0.19777275455635415
7c89efa0-1df5-5967-a960-582d9acb80f9,2024-2,Ingenieria en Energia,2024,Regular,1,4.688812581685465,0.17578360785155678
a0bd5750-466f-539f-8f57-78bdc1f3a888,2023-2,Ingenieria en Energia,2022,Regular,1,3.1535821512184445,0.24075604227706252
40b5dd23-c116-5439-8aee-72bf760bed98,2024-2,Ingenieria en Energia,2020,Regular,1,5.238280940328074,0.16030057151408278
664acdb4-65cc-510c-9e46-6692d1177177,2024-2,Ingenieria en Desarrollo de Software,2024,Regular,1,3.559073196652287,0.21934282624246892
3cb380ef-74c7-5ffd-bde5-2a49ce465dfb,2024-1,Ingenieria en Desarrollo de Software,2021,Baja Temporal,2,4.884442634007742,0.16993962932372506
579e66eb-a63e-5369-a48d-b624e451b5c2,2022-2,Ingenieria en Desarrollo de Software,2024,Regular,1,3.9892841929173497,0.2004295528844744
85a574d5-1492-56f5-a612-03e13bf1ce71,2023-1,Ingenieria en Energia,2024,Regular,1,2.813065556765501,0.2622561781623989
f28c6f9e-4ad0-59e0-a0a6-b15641498086,2024-1,Ingenieria Biomedica,2021,Regular,1,2.9356378491442507,0.25408841929331377
c5573e84-ed49-5c9c-9e05-24c17cb07c68,2024-2,Ingenieria en Desarrollo de Software,2024,Baja Temporal,2,4.203361718113117,0.19218344873449
1df0cb91-63c9-596a-a99d-5a622122cddd,2023-1,Ingenieria Agroindustrial,2023,Baja Temporal,2,5.081185887678409,0.16444161031587315
80cf86d6-087e-54bb-96a0-53b4e03e7327,2022-2,Ingenieria en Desarrollo de Software,2021,Regular,0,4.678591820143106,0.17609999656125996
cce1783a-68ac-5bba-a3ee-1c38a110014d,2024-1,Ingenieria Biomedica,2021,Regular,1,2.149395122971985,0.3175212893123208
2d7d7fba-4b33-58d7-9c40-28fc99151d11,2024-1,Ingenieria en Energia,2024,Regular,1,3.2559790543272973,0.23496356237544044
92db23f4-46b7-5033-87ab-13cb1891352b,2024-2,Ingenieria Biomedica,2022,Regular,1,3.359482186456332,0.22938504098186588
4e6bce82-279c-5b6d-b36a-e77efbc6eaee,2024-1,Ingenieria en Energia,2023,Regular,1,2.833276202810478,0.2608734531748119
12120223-3d12-58e9-ab6e-a3eb80dd0a51,2022-2,Ingenieria Biomedica,2022,Regular,1,4.019550621996716,0.19922102102482875
3c393d76-1b8e-590f-99a0-ac5c6bfda0c0,2023-2,Ingenieria Biomedica,2020,Regular,0,6.57836573303532,0.13195457110770445
6b28b702-b26f-554c-9335-0ecee75ec7d2,2025-1,Ingenieria en Energia,2020,Regular,1,3.806469817685134,0.20805290325980133
34907bda-0d8c-52e2-b92e-a41db64d9728,2025-1,Ingenieria en Energia,2022,Regular,1,4.409478229368211,0.1848607125491275
7b8a5028-ada4-5dde-9540-ca493ac2d231,2024-1,Ingenieria Agroindustrial,2022,Regular,1,3.0470410549742266,0.2470941081190412
8d7a9325-887a-5238-a75c-0eeb0568b8e4,2025-1,Ingenieria Biomedica,2021,Regular,1,4.840262505817994,0.17122518020445365
6fdf2f40-fa69-581f-a369-6c04722290b4,2024-1,Ingenieria Biomedica,2023,Regular,1,3.049325275570053,0.24695472256405052
3308e50c-a0a8-594e-9089-42997e70118c,2023-2,Ingenieria en Desarrollo de Software,2020,Irregular,0,3.1055362168700618,0.24357354245004567
d41fd2ac-c474-5d0c-824c-5fb1368b5a3b,2024-2,Ingenieria en Desarrollo de Software,2021,Irregular,1,4.04058674704354,0.19838960227924476
92061811-3713-5a4e-a44f-65cad13e7e02,2024-1,Ingenieria Agroindustrial,2023,Irregular,0,3.7110480612196546,0.21226699176172437
6f1c1b90-9a7c-52e6-8d27-504581c162ad,2022-2,Ingenieria en Energia,2022,Regular,0,4.1862923319757,0.1928159725657141
e377e31d-2908-5e0f-aa07-8f39f2e8ab0d,2023-2,Ingenieria Biomedica,2023,Regular,1,3.498425211064356,0.22230001680152275
69965816-0297-5606-bad7-cb052fa45517,2023-2,Ingenieria en Desarrollo de Software,2021,Regular,1,4.298352692230938,0.18873790743796964
950ca154-6c22-5c6e-ad33-c28e877bcdd5,2024-1,Ingenieria Agroindustrial,2022,Regular,0,4.118834589224109,0.19535696701455157
55a9241b-f95e-5566-8b0d-0c83b152b605,2023-1,Ingenieria en Energia,2021,Regular,1,2.77259070201034,0.2650698363506859
54b9c0c8-948e-5e4a-9788-208d097b3646,2023-1,Ingenieria en Desarrollo de Software,2021,Regular,0,3.45183357432847,0.22462654618683572
f1788593-8d3b-5d28-89ee-35935f0f7ad1,2025-1,Ingenieria Biomedica,2021,Regular,1,5.086351271893416,0.16430205148000074
f99f50bf-8adb-5a5a-b167-ab26f5395b4d,2022-2,Ingenieria Biomedica,2021,Irregular,0,4.420686718599167,0.1844784714395787
04c0882a-87e2-5898-b60d-c9b57f48fe6c,2024-1,Ingenieria en Desarrollo de Software,2024,Regular,1,4.281957108291029,0.1893237638053348
d243ca91-9ee9-5eee-be72-cd2bd4575765,2025-1,Ingenieria Biomedica,2021,Regular,1,5.280765864285965,0.15921625190428682
34bacdc6-aeff-506a-8baf-09167b66f748,2022-2,Ingenieria Biomedica,2022,Regular,1,3.2555898659306317,0.23498505060503885
1fbc1e9f-3df1-57e0-a028-012adbdb0aef,2024-2,Ingenieria Biomedica,2022,Regular,1,2.785572271669805,0.26416085290029423
77f72c00-b1d2-521c-b3d6-1dea719a01eb,2024-2,Ingenieria en Energia,2023,Regular,0,3.393297974717846,0.22761943436450463
d7a25815-1240-5a7d-99da-4c4a63486597,2024-2,Ingenieria en Desarrollo de Software,2022,Regular,0,4.530509985095446,0.1808151513504124
b0794bf9-926a-5dee-a09f-fd371cd47507,2024-2,Ingenieria Agroindustrial,2023,Regular,1,4.5585681891678265,0.17990244357328106
ae4b0505-ea1f-5684-88a3-3b91997eeac2,2023-1,Ingenieria Biomedica,2023,Regular,1,3.263967540832531,0.23452336126478862
d0282975-8eeb-5a4b-92cd-2eca045097a3,2023-2,Ingenieria en Energia,2023,Regular,1,5.911341384953014,0.14468971279253318
2fceb0e8-b03d-57b3-a029-823670b89f93,2025-1,Ingenieria en Desarrollo de Software,2021,Regular,0,4.264526220926908,0.18995061626342005
0cd9738d-0ace-5d7f-aca2-5aaef3339a60,2023-2,Ingenieria en Desarrollo de Software,2023,Regular,1,3.6463242460615026,0.21522389464051261
b24cd0e6-671e-5eca-a27e-cdda41105f20,2025-1,Ingenieria Agroindustrial,2022,Regular,1,5.038392210993448,0.1656069968723476
ef92e1d1-ad85-5db3-af94-267e331c384f,2024-1,Ingenieria en Energia,2022,Regular,1,3.2866080259869417,0.23328468428595395
db2b4281-7db3-5943-af11-7b0a18ac4a24,2025-1,Ingenieria Biomedica,2024,Regular,0,5.103296232676804,0.16384588947953074
a3f52f03-321d-5b33-abd0-2c55835d5502,2025-1,Ingenieria en Energia,2024,Regular,1,3.0804886517338725,0.24506868793155007
11a06284-edc7-5c6a-839d-e4c412ce2685,2023-2,Ingenieria Agroindustrial,2024,Regular,1,5.014432954279722,0.1662667133546521
dadb70eb-adc9-5703-9db9-1a41acdaa751,2023-2,Ingenieria Agroindustrial,2021,Regular,0,3.5644026617336126,0.2190867182651647
946b80d2-b9f0-5d5e-8989-e0fae2721cbf,2024-1,Ingenieria en Desarrollo de Software,2020,Regular,0,4.046989815882019,0.1981379072438724
a35b3052-f336-54ab-8bc6-b15c8e661486,2024-1,Ingenieria en Energia,2021,Regular,0,3.535384088793453,0.22048849235744214
b183016d-baf5-5c03-9875-2f1ee27c8e84,2025-1,Ingenieria Biomedica,2022,Regular,1,2.496142780721266,0.2860295081523234
c718eb6f-ecf5-526f-8d0f-c7d57cf81229,2024-2,Ingenieria en Energia,2023,Regular,1,2.2299491328563392,0.30960239894418107
9e25608a-a2c6-5724-ae72-1af637578972,2024-2,Ingenieria en Desarrollo de Software,2021,Regular,1,3.9871614004833353,0.2005148660123741
b0fa1051-b8d7-5fcd-86bd-21a9b1dd423d,2022-2,Ingenieria Agroindustrial,2023,Regular,1,3.192804737290651,0.2385038327938425
8981f3df-f397-52c5-bc66-1823be583bea,2025-1,Ingenieria Agroindustrial,2022,Regular,1,4.1206635727373335,0.1952871899892134
83c043aa-2e10-5dce-a836-1b068580851e,2023-2,Ingenieria Biomedica,2020,Regular,1,3.7110187532240317,0.21226831230838134
7f027a5b-32ef-5c63-9122-8fc674c15d07,2025-1,Ingenieria en Energia,2022,Irregular,0,4.4238482947606315,0.1843709384287144
a5dff354-dd58-54ca-b8cf-a2050f28f95b,2024-2,Ingenieria en Desarrollo de Software,2021,Irregular,0,4.678197968600703,0.17611221122084852
196d3ce3-53c0-5afa-9340-2e6a6aaff5e5,2025-1,Ingenieria en Energia,2020,Regular,1,4.371076216585965,0.18618242595627016
fc732b45-e6a0-5459-afc2-fc1b11058939,2023-2,Ingenieria Agroindustrial,2020,Regular,1,3.5289334307626996,0.22080253889525464
a6896fb1-f419-5fbe-89f7-179093800260,2024-1,Ingenieria Biomedica,2021,Regular,1,2.621311947774708,0.2761430151341971
b3163d17-ed4c-5299-8eab-a330e6701d39,2023-2,Ingenieria Biomedica,2023,Regular,0,4.945238611571766,0.16820182760261426
397e6937-2478-56a1-b466-a8715406804a,2025-1,Ingenieria Biomedica,2024,Regular,1,4.1590491145309985,0.1938341693982707
4914ff5b-22fe-51ee-8ef2-178fed77b309,2022-2,Ingenieria Agroindustrial,2022,Regular,0,4.055919278099579,0.1977879679233883
efce7b8b-e91f-5e1f-b907-abbce38548f8,2023-2,Ingenieria Biomedica,2020,Regular,0,3.8355976706370503,0.20679966947462325
9ad66fcd-8bfe-545b-9fc1-4bc41e80241f,2024-1,Ingenieria en Energia,2022,Regular,1,3.139138673964426,0.24159615774414483
8afbd47c-dc41-5633-b646-b56d25e33c6e,2024-1,Ingenieria en Energia,2023,Regular,1,4.387542787094935,0.18561337506132716
e0f68f6f-e3c7-5147-bd92-62006e3ce593,2024-2,Ingenieria en Energia,2021,Regular,1,3.3125640913221974,0.2318806118179702
a46975a6-65e4-56b0-ad34-3120d14c939f,2023-2,Ingenieria en Energia,2024,Regular,1,3.3092749236298014,0.2320576008080907
41ee65bd-2a32-56ca-a857-19a6730d049e,2024-1,Ingenieria Biomedica,2021,Regular,1,4.486416051014056,0.1822683498119268
2dd01f57-36ae-5311-b456-ebefe5e93dac,2024-1,Ingenieria Agroindustrial,2022,Regular,1,5.218539843218041,0.16080945450411532
5dd462af-5fa8-5a24-8468-3e69fc2b621b,2023-1,Ingenieria en Desarrollo de Software,2021,Baja Temporal,2,5.377656760792009,0.15679740028464859
7e5d458a-bc6b-5676-92a2-a4331551173a,2024-2,Ingenieria Agroindustrial,2022,Regular,0,3.108184359136324,0.2434165345515879
d0cf2ac4-0ebd-5774-951e-3b73a08ddce0,2023-1,Ingenieria en Desarrollo de Software,2020,Regular,1,3.5962014783301606,0.217570966963639
46e34422-94d2-5dc0-87a1-5551c68851a3,2024-2,Ingenieria Biomedica,2021,Regular,1,3.4853173548152756,0.2229496646266146
78e43f56-fd5f-5ed3-93b5-ae635bbd0852,2024-2,Ingenieria en Desarrollo de Software,2022,Regular,1,2.719518984212861,0.26885196829063207
b864a4bf-a652-54ba-ac6a-15fe8055f7d4,2022-2,Ingenieria en Energia,2023,Regular,1,2.8559227292052953,0.2593412965529264
9f2c2997-8e52-5745-bbfa-a6ce6034062e,2024-2,Ingenieria Biomedica,2024,Irregular,0,6.628623348932382,0.13108525015066433
e955b38c-905d-583e-a799-952815c82846,2024-2,Ingenieria Biomedica,2024,Regular,0,5.2611444739778115,0.15971520928100913
570c560e-d693-59df-b583-34db5a5fc5cb,2024-2,Ingenieria en Energia,2021,Regular,0,3.1886574436709845,0.23873998135392738
884fc68d-1789-5bed-b3b5-3943007c0def,2023-2,Ingenieria Biomedica,2024,Regular,1,3.087033177948317,0.24467626184086866
3227d574-a0a2-5ca5-b52c-175db0b05523,2024-1,Ingenieria Agroindustrial,2021,Regular,1,2.060640537912197,0.32672899271018147
6bf913d6-054b-57cc-a973-c451e0a0b30a,2024-1,Ingenieria en Energia,2022,Regular,0,4.22671807518818,0.19132464877857344
02c55aad-f697-5b55-aef9-0e4ecc3352d4,2023-2,Ingenieria en Energia,2020,Regular,1,2.8668988272787104,0.258605162603579
772d08c2-32d5-52ca-b1a9-2ac03d0f39c5,2023-2,Ingenieria en Desarrollo de Software,2022,Baja Temporal,2,4.295387296554808,0.18884359991017133
c80726b4-8501-513f-810b-72b8567c8b24,2025-1,Ingenieria en Desarrollo de Software,2024,Regular,1,3.095729699655403,0.24415673721928863
db87f20a-c493-53c4-be37-0ae828068e5f,2023-1,Ingenieria en Energia,2020,Regular,1,2.5732583219132104,0.2798566210193769
9d19a7fe-c400-5ba8-88b6-0e5166c2374a,2022-2,Ingenieria en Desarrollo de Software,2021,Baja Temporal,2,4.631612336836454,0.17756904065625861
ae093b2e-5e03-5400-a4f5-1e32c8d10d27,2024-1,Ingenieria en Desarrollo de Software,2022,Regular,0,3.472896869187882,0.2235687585127721
3e9f7ab7-13dc-5c52-b833-d173bc4ce20b,2024-2,Ingenieria en Energia,2021,Regular,1,4.0569394469682365,0.1977480668864891
e0b91e44-a96c-5b0f-a047-069297ae3df7,2025-1,Ingenieria en Desarrollo de Software,2022,Regular,0,4.296339000767205,0.1888096664233812
b3cb8b64-0cbf-5df3-bd1e-e86ca1c39d78,2024-1,Ingenieria Biomedica,2024,Regular,1,2.955828516758918,0.2527915443663666
f82450e7-15c8-53b3-93db-522c86750477,2025-1,Ingenieria en Energia,2022,Regular,0,2.9469891913266513,0.25335767379283924
b509c8f4-ca69-570a-9479-f0627b2c38c8,2024-2,Ingenieria en Energia,2024,Regular,0,5.021804345197039,0.16606318350372756
1d5d1208-8825-5c08-9805-b049ac92ce81,2022-2,Ingenieria en Desarrollo de Software,2024,Regular,1,3.2995090257217465,0.23258469607053162
0e186b2a-d02a-5c03-aa84-344c9e6cd7d7,2024-1,Ingenieria Biomedica,2023,Regular,0,3.8900018926075375,0.2044988983566142
8e85f745-717e-5794-ba6d-1c93e0d2e966,2022-2,Ingenieria en Desarrollo de Software,2023,Regular,1,3.8790535993364412,0.2049577811844497
8966f66b-ada2-54cc-9fe2-af4a29fc4c28,2025-1,Ingenieria en Energia,2021,Regular,0,4.50451492892922,0.18166905039069947
9bed4763-0356-5e46-8cbd-b2e6b3c31315,2023-2,Ingenieria Biomedica,2024,Regular,1,3.175639787497775,0.23948425891382827
64b9aa06-5b42-5724-8f99-c7053b5b2d9a,2025-1,Ingenieria en Desarrollo de Software,2021,Regular,1,4.166254269213776,0.19356383714195013
8b99f8e9-afa1-5ff0-befc-2934585a37fa,2024-1,Ingenieria Biomedica,2021,Regular,1,3.358296023723696,0.22944747088234896
51b1beea-4cbf-5ece-ae95-ca48f31df722,2025-1,Ingenieria en Desarrollo de Software,2020,Regular,1,4.96156339801542,0.16774123384025338
276a5aa6-d2aa-5230-83cd-158931637a58,2025-1,Ingenieria Agroindustrial,2020,Regular,0,4.4714783918311065,0.18276595983509605
45175e5a-e203-55ee-82fc-9ee87347cb5c,2023-2,Ingenieria Agroindustrial,2024,Baja Temporal,2,4.385625566958886,0.18567945126654475
d05f5397-3c5c-59a3-aa0f-012acb1651df,2023-1,Ingenieria en Energia,2020,Regular,0,3.2222118265995054,0.23684268839855493
5a643478-1431-5e35-8ec1-e7913d042771,2023-2,Ingenieria en Energia,2020,Regular,0,3.342810266588387,0.23026564335392374
a9100fae-de22-5051-8bc0-0dce5b801f2c,2024-2,Ingenieria Biomedica,2024,Regular,0,5.475649523450739,0.1544246637157597
b85eeaaf-c3ea-5f76-8fdf-6090299772b6,2023-2,Ingenieria Agroindustrial,2023,Regular,1,3.6698596582747838,0.21413919757268174
eab64e7d-eb64-57cf-9033-cc5a0bc59bc9,2024-1,Ingenieria en Energia,2021,Irregular,0,6.480306726839845,0.1336843576763948
1927edfb-b67e-53c4-8a87-858ebf43b9de,2022-2,Ingenieria en Desarrollo de Software,2024,Regular,0,5.947029547431602,0.1439464152516397
e3975420-744a-5d72-aa47-4e0e2cbe4f8b,2024-1,Ingenieria en Energia,2021,Regular,0,5.185476801235077,0.16166902441543815
f178e1c7-3ee5-5447-a4a3-abb1ff78a25c,2025-1,Ingenieria en Desarrollo de Software,2021,Regular,0,3.892665163634528,0.2043875815235939
6f7a4505-b95b-5e99-85e1-1447ab03c7a0,2022-2,Ingenieria Biomedica,2022,Regular,1,2.6898540178313537,0.2710134317421404
9d577dab-64ab-5077-97b5-1dc1bd3b0af8,2022-2,Ingenieria en Energia,2021,Regular,1,4.66412013733122,0.17654992757112897
f395b467-a388-543d-8997-e8b927fe1c37,2023-2,Ingenieria Agroindustrial,2022,Regular,1,3.7293141879495555,0.21144714862633407
67f1a81e-371b-5a28-a9e7-223eea181576,2024-1,Ingenieria en Desarrollo de Software,2022,Regular,1,2.219549146230639,0.31060249574719895
aff3e621-6191-5763-9664-8aef0d342e22,2022-2,Ingenieria en Desarrollo de Software,2024,Regular,1,3.9654138625913236,0.2013930817597801
6c3dbc45-1b84-52cc-b310-e11739cf149e,2024-2,Ingenieria en Desarrollo de Software,2023,Baja Temporal,2,6.03340212008206,0.14217870426386667
d68e2c25-3d67-513b-9bc8-e75f6351c2a9,2023-1,Ingenieria Biomedica,2022,Regular,1,2.8779469297715194,0.2578684077192665
3bca6c29-1371-5d2b-a9b2-4cfd8f8adc70,2024-2,Ingenieria en Desarrollo de Software,2020,Regular,1,4.21903438755668,0.19160632518234003
0f482960-6bbd-5879-9861-ff3f397c5280,2024-2,Ingenieria Agroindustrial,2023,Regular,1,3.5057445696415352,0.22193890144987893
1b98f11e-bff2-5f42-b7d9-b62b2f116279,2023-1,Ingenieria en Desarrollo de Software,2023,Irregular,0,6.811053760238436,0.12802369957948856
38d4b934-c78d-5a1a-b3b6-e8ce1c9dcc3d,2023-2,Ingenieria Biomedica,2020,Regular,0,4.582434887083677,0.17913330298106003
a3faa856-ab12-51da-9ac4-48a7225648a7,2023-2,Ingenieria Biomedica,2021,Irregular,0,3.7025391482710046,0.21265107391347773
01e583bc-1f48-5f2a-b3ef-82e9e66581f8,2025-1,Ingenieria Agroindustrial,2022,Regular,1,3.4693409543907867,0.22374663517617205
3e7bc72b-dbd6-5c95-a9e2-8a0ba62f42fb,2023-2,Ingenieria en Desarrollo de Software,2024,Regular,1,4.129364574053441,0.19495592203729004
ae1b2229-fcbe-5cf7-b08d-b835386bcb09,2024-2,Ingenieria en Energia,2022,Regular,1,2.7254669584406592,0.2684227269106052
b196a960-0810-5df7-860a-ac6b8b4ad505,2023-1,Ingenieria en Energia,2022,Irregular,0,3.7971723805006907,0.20845613221337442
936b3ff8-88d5-5fc3-8b6f-23717d072b85,2024-1,Ingenieria Biomedica,2022,Regular,1,2.749405153632795,0.2667089735637401
d11d5aa9-d686-5c30-b187-43a8e2550fc1,2022-2,Ingenieria Agroindustrial,2024,Regular,1,4.236003617936348,0.19098535313734702
654fb323-a357-5bbf-9561-9f369c6d4193,2023-2,Ingenieria Biomedica,2022,Regular,1,3.6920364809705255,0.21312707265932312
46abae98-f5a6-54e7-9960-1d4afd386d05,2023-1,Ingenieria Agroindustrial,2020,Regular,1,3.9953553914578523,0.2001859570812555
3fcbc0b4-317e-5f3e-b50f-f70d121fe13f,2025-1,Ingenieria en Energia,2021,Regular,0,4.083685885846534,0.19670766889514069
4afece34-13dc-5dbc-8a97-b3c4d5f1edfa,2024-1,Ingenieria en Desarrollo de Software,2021,Regular,1,4.174466332194405,0.19325664441533175
86936652-a9c3-573d-a032-4ad95d23b010,2023-2,Ingenieria en Energia,2023,Baja Temporal,2,3.9186932499766933,0.2033060305203498
1c5e18b7-1c34-5240-90c2-0b41497768d5,2023-2,Ingenieria Biomedica,2023,Regular,0,5.128197780635167,0.1631801119670053
9cec216e-47aa-5a49-869e-468a05af80fb,2023-2,Ingenieria Biomedica,2023,Regular,0,3.505274246655506,0.221962070509326
606127a2-3945-5823-a8ee-af2f55c14a1d,2024-2,Ingenieria en Desarrollo de Software,2021,Regular,1,2.787810778361605,0.26400474007641533
2f8465c3-ec09-5048-b0ce-18a332b2677d,2024-1,Ingenieria en Energia,2022,Regular,1,2.436573293829648,0.29098753743896444
6789a6a2-525f-5feb-87fe-03250161844a,2024-1,Ingenieria Agroindustrial,2024,Regular,1,4.415906870378696,0.1846412842638258
a97caa44-bbdf-5e48-847e-e920aeec038f,2025-1,Ingenieria Agroindustrial,2023,Regular,1,3.096015176197822,0.2441397204314713
c637e805-04d9-554c-8334-06710e4a5f57,2024-1,Ingenieria Agroindustrial,2021,Regular,1,4.024658341255995,0.1990185067488656
c5049f2e-2685-59d3-9995-97b9365cf4b2,2025-1,Ingenieria en Desarrollo de Software,2021,Regular,1,3.509872128008312,0.2217357768947716
f595750e-809b-5df5-a721-12cc2dfb58e6,2023-2,Ingenieria en Desarrollo de Software,2021,Regular,1,3.517160654224617,0.22137800192356732
65a6c838-7708-5c04-8cea-43fcb741363b,2023-1,Ingenieria en Desarrollo de Software,2021,Regular,1,2.9492277666032165,0.2532140608491957
b951c66f-d36a-5cf6-af5d-8e9a0e18cdf7,2025-1,Ingenieria en Desarrollo de Software,2020,Regular,0,4.642915944329437,0.17721334321927998
6375febc-acde-5100-b1e3-d0913ad08719,2023-1,Ingenieria en Desarrollo de Software,2023,Regular,1,3.5562343329747192,0.21947949269481712
cae76d9f-78e2-554b-b511-38953084e7e1,2024-2,Ingenieria en Desarrollo de Software,2020,Regular,1,3.6549564994151362,0.2148247787333014
4b07e53c-e2b9-57bd-85a5-19f2c4f35f6b,2024-1,Ingenieria Biomedica,2024,Regular,1,4.043955521474831,0.19825710114660255
7b829baf-870e-527c-9247-e2c18fc86880,2024-1,Ingenieria Agroindustrial,2023,Regular,1,3.247129017764645,0.23545317220580256
b1710c47-6972-5883-b3ad-39011701f816,2025-1,Ingenieria Biomedica,2020,Regular,1,3.390403863927462,0.22776947884367157
1ab6c03c-71b9-53ac-9afa-88343941db41,2022-2,Ingenieria en Desarrollo de Software,2023,Regular,1,2.645031044413323,0.2743460858948466
4c5fa216-c891-5c7f-9e72-eb5f29654f8b,2023-1,Ingenieria en Desarrollo de Software,2022,Baja Temporal,2,4.9797634242928055,0.1672306961070562
83b85be0-717c-5194-b5c6-c40e5be7fd5a,2023-1,Ingenieria Agroindustrial,2022,Baja Temporal,2,5.20299819505132,0.16121236353055662
e33a1e43-8036-5d57-8e72-af13daaa8977,2023-2,Ingenieria en Desarrollo de Software,2023,Regular,1,3.6102184242889757,0.21690946240887232
d6215ae3-6aa8-5c54-8074-acb10f5e5e9d,2024-1,Ingenieria en Desarrollo de Software,2020,Regular,1,3.2567354140863336,0.23492181277953356
8ad548ce-30c1-5421-9799-c97602d48404,2024-2,Ingenieria en Desarrollo de Software,2023,Regular,1,3.703460604728357,0.21260941337420936
c73cb753-7227-5cff-a546-37be3c817aeb,2024-2,Ingenieria Biomedica,2022,Regular,1,4.0382724179224505,0.1984807324913077
d76c4a1d-1844-5224-92ae-458da5f728b8,2024-1,Ingenieria Agroindustrial,2022,Regular,1,3.5234013123488492,0.2210725803324167
25217f14-9b1e-53e8-8245-2c2d259ec4fc,2024-1,Ingenieria Agroindustrial,2020,Irregular,0,3.419551500184116,0.22626730335834766
44dbb66e-8b6a-5baa-beff-1cc7738e08e9,2024-2,Ingenieria en Desarrollo de Software,2020,Regular,1,3.8266689692248734,0.20718222160584435
f8ed6837-ea97-574e-a619-904aa83318bc,2024-2,Ingenieria en Desarrollo de Software,2021,Regular,1,3.186368709386626,0.23887050315415648
c8a15646-d61a-5c1b-a0c5-997b9b97df9d,2024-2,Ingenieria en Desarrollo de Software,2021,Regular,1,2.5157948001267325,0.2844307068102932
de13298d-a1bc-50bc-85b1-7880da2ec1f4,2023-2,Ingenieria en Desarrollo de Software,2023,Regular,1,2.296339875442618,0.30336677581395466
13d93d33-8f90-5ae5-b0cc-7786a1144c8d,2023-2,Ingenieria en Desarrollo de Software,2022,Regular,1,2.9615270080079523,0.2524279142811773
e0a15b85-8664-5175-ba14-0ca85645974c,2022-2,Ingenieria en Desarrollo de Software,2020,Irregular,1,3.8058428513971814,0.2080800456696736
833515fb-63c0-5c34-8332-6cb3eee7e5a7,2023-2,Ingenieria Biomedica,2020,Irregular,0,4.418377392759323,0.18455709662016498
70b93ffa-ff3a-501c-96ed-db22f33ca526,2024-1,Ingenieria en Desarrollo de Software,2024,Regular,1,3.505894248659169,0.22193152897398172
88e119c4-37e5-59b5-b3dd-3d33f6394b03,2022-2,Ingenieria Biomedica,2021,Regular,0,5.293933803183479,0.15888314546527307
c9fa7e67-e188-5618-92b9-600f8707ddea,2023-1,Ingenieria en Desarrollo de Software,2024,Regular,1,3.801616654262446,0.20826318967223037
1b82529e-dc95-54b4-9902-2c1f60c36380,2024-2,Ingenieria en Desarrollo de Software,2024,Regular,0,6.478852422531558,0.1337103533407475
377648a9-6a55-5d7b-9e3a-369b528b052c,2025-1,Ingenieria en Desarrollo de Software,2020,Regular,0,5.9667898894942315,0.1435381310276026
f30e5005-07d0-5f02-b073-57ae2c7aa996,2022-2,Ingenieria en Energia,2020,Regular,1,4.75740470650923,0.17368937064115295
1bdae39e-77e6-51c3-85f2-7dce0f4738fc,2023-2,Ingenieria en Energia,2020,Irregular,1,4.091343464136412,0.1964118129220769
efe62f43-6532-5e35-8fe9-ef9cd489f277,2023-2,Ingenieria en Desarrollo de Software,2020,Regular,0,3.7413538260953176,0.21091022452199848
e64d5101-6bdc-5447-ad23-ed080909399f,2024-1,Ingenieria Biomedica,2020,Regular,0,3.7065796802580384,0.21246851597871494
4fad2c27-eee3-5ae7-ae85-ae180db32249,2023-2,Ingenieria Biomedica,2022,Regular,0,6.250645320038779,0.13791875838089562
86b8d4a5-7333-572c-822f-1e01dcf98b55,2023-2,Ingenieria en Desarrollo de Software,2022,Regular,1,3.6513888237068794,0.21498955213188556
1b406979-50d7-54e6-a0ae-df222cadfb81,2023-1,Ingenieria Biomedica,2024,Regular,1,3.3186927081154542,0.2315515521909799
6978c3df-0d9a-54da-93f2-bdbc1c71fd33,2023-2,Ingenieria en Desarrollo de Software,2023,Regular,0,2.776623290314362,0.26478680109944486
0035c4bd-a5e6-5422-bf32-c9f355da5b94,2022-2,Ingenieria en Energia,2022,Regular,1,3.6948764350677967,0.2129981510334594
75b9d1cf-9691-5627-8b6c-21baab806e49,2023-2,Ingenieria Biomedica,2023,Regular,0,4.571023802204018,0.17950022033730645
ca5b5fa0-8748-552f-9fa5-1dd613727e2d,2024-1,Ingenieria en Energia,2022,Regular,1,3.274494005242511,0.2339458187971574
ed471485-9203-5210-82bd-5523106150a8,2023-1,Ingenieria en Desarrollo de Software,2021,Regular,1,1.106653662292991,0.4746864745254558
0243b474-2f27-553e-ab61-5bc8a1092d61,2025-1,Ingenieria Biomedica,2023,Regular,1,3.3840920628929028,0.228097399793228
ef401597-3dbb-5c58-8d1c-1d2e07b2ff70,2024-1,Ingenieria en Desarrollo de Software,2021,Baja Temporal,2,3.8967371642948025,0.20421761806854377
d880b504-ef35-5076-b939-71767f091911,2024-1,Ingenieria Biomedica,2020,Regular,1,3.75378009099558,0.2103589103530809
6cdd0404-a024-5749-b05b-38e4895f0d23,2023-1,Ingenieria en Desarrollo de Software,2021,Regular,1,3.3233836673488075,0.2313003140462021
9997042f-f494-51a0-bfa4-d093809b0158,2024-2,Ingenieria en Energia,2022,Regular,1,2.4545440058287427,0.28947380560581415
ab8ccd65-4094-5c0e-aa67-f42de796667d,2024-2,Ingenieria Agroindustrial,2023,Irregular,0,2.572073348110128,0.2799494586327766
6511f31f-252c-5614-b89e-97253dd5327e,2025-1,Ingenieria en Desarrollo de Software,2021,Regular,0,3.917938137645471,0.2033372466288816
e8a5d372-ab1c-5585-950b-9079f91affa4,2025-1,Ingenieria Agroindustrial,2023,Regular,1,2.462677178757006,0.28879388645723225
5bcc0cf6-fd67-5a49-b5ed-b9f192778b57,2023-2,Ingenieria Agroindustrial,2022,Regular,1,2.6938867583773867,0.2707175572537773
e323fd8c-c13c-5cba-bf31-1dd1f46067e2,2024-1,Ingenieria en Desarrollo de Software,2022,Regular,1,3.9149905105013914,0.2034591924162204
3bba1add-bb7a-5f6f-86a8-db62481c52c9,2022-2,Ingenieria en Energia,2020,Regular,1,3.3253191800169426,0.2311968107741087
1ca20bc0-9d59-5df2-a651-a16a67b4a736,2025-1,Ingenieria en Desarrollo de Software,2023,Regular,1,5.231929642166729,0.16046394253775917
e425d7cd-3d4b-5a1a-8df5-9e448eb7d1d8,2025-1,Ingenieria en Desarrollo de Software,2022,Regular,1,2.0349190247124223,0.32949808276837184
7a671edd-49f5-508d-be76-2e928aaf6e77,2025-1,Ingenieria en Energia,2023,Regular,0,4.725915062980689,0.17464457453538246
14c94f88-4114-55f8-a382-d84d58cfc5aa,2023-1,Ingenieria en Energia,2021,Baja Temporal,2,3.759793275201149,0.21009315787096655
15daa59e-7d17-512e-b916-09a0f090e543,2024-1,Ingenieria Agroindustrial,2024,Regular,0,4.149318412909268,0.194200459131254
c170cf16-7750-5f89-906e-755af36b03a6,2024-2,Ingenieria Biomedica,2024,Regular,1,3.955254817707937,0.20180596897387246
8083de67-01ac-51b7-9d0d-11c085fcc1fe,2024-1,Ingenieria en Desarrollo de Software,2023,Regular,1,4.721414266835685,0.1747819600822342
9737cae2-eebc-5aae-8f15-74f52a02d4ff,2024-1,Ingenieria en Desarrollo de Software,2022,Regular,1,4.433173496419317,0.18405449423970002
cd98b637-2cce-528c-9a16-13f26e6ef355,2023-1,Ingenieria en Desarrollo de Software,2021,Regular,1,4.32388090890265,0.1878329018081132
5b574887-8350-5475-8a62-90c58bf53557,2024-2,Ingenieria en Desarrollo de Software,2023,Baja Temporal,2,4.466567753584947,0.18293013917996445
00c7f9d8-b309-5093-8701-9a3346100f42,2024-2,Ingenieria Biomedica,2021,Regular,1,3.9085862803697973,0.20372464552556732
f0835030-b377-55b8-9631-8620e80595ee,2025-1,Ingenieria en Energia,2022,Baja Temporal,2,3.895042267122796,0.20428832795100238
5661be96-4beb-55f1-9153-f3f80bb04456,2024-2,Ingenieria Biomedica,2024,Regular,0,5.553773438861362,0.15258385254369394
10995e40-2e82-5d05-ae4f-0c6b5ba1dd12,2024-1,Ingenieria Agroindustrial,2022,Regular,0,4.26375806049681,0.18997833648638798
02ed19d6-aae6-5ce9-a552-66a1a4dbbd91,2024-2,Ingenieria en Desarrollo de Software,2022,Regular,1,3.540680959706829,0.22023128444253554
dc34f7b0-e582-5525-8d9f-659c71807cea,2022-2,Ingenieria Biomedica,2023,Regular,1,2.9619949328822437,0.2523981016988649
d523fd67-eef1-561c-ac5c-bcd32803c1f6,2024-1,Ingenieria en Energia,2021,Regular,1,3.116495504705939,0.24292508004850472
fc6e4395-dfa0-5787-bb8d-b2f9a31e5029,2022-2,Ingenieria Agroindustrial,2021,Regular,1,4.073493862498906,0.19710283033780168
bf67acd1-ebde-5010-b772-f4dbeece0218,2022-2,Ingenieria Biomedica,2023,Regular,1,5.156820278594807,0.1624215024558478
94451207-3840-5a4c-9483-c6eeadbb37b0,2025-1,Ingenieria en Desarrollo de Software,2024,Irregular,0,5.917085682685395,0.14456955513839662
f3a6dffa-925f-57a6-bebe-345e6c16e8b9,2024-1,Ingenieria en Desarrollo de Software,2022,Regular,0,3.4509201760380743,0.22467264306010004
eab282b2-24b8-5dee-aee3-f264f3ba133f,2023-1,Ingenieria en Energia,2020,Regular,0,4.191203805328926,0.19263354657227483
08b8d0d3-e07f-5ace-be82-3c828910e89e,2025-1,Ingenieria Biomedica,2023,Regular,1,3.0275522055866397,0.24828976732142533
4735f5ce-ff7e-50f1-9de2-359bb163870f,2023-2,Ingenieria en Desarrollo de Software,2021,Regular,0,3.0662040197838194,0.24592961768139837
3903309f-aebb-54c3-8636-31082fd49785,2023-1,Ingenieria Biomedica,2020,Regular,0,5.810898737134683,0.14682350136080513
e707e0fd-6471-589e-b58b-092b9d18b7e9,2024-1,Ingenieria Agroindustrial,2021,Regular,0,5.1255091773795485,0.16325173484235858
44540b30-3f86-5395-a679-69c9f9ea34ea,2024-1,Ingenieria en Energia,2024,Regular,1,3.2915742330506164,0.23301472739274082
80f93d82-2cea-59ed-a940-acdcd69caaa4,2023-1,Ingenieria en Desarrollo de Software,2022,Regular,1,2.795598167327001,0.2634630843191276
15ac75b0-6bc1-5d4e-964a-3d2c153e2b58,2024-1,Ingenieria en Desarrollo de Software,2022,Regular,1,4.285202220158854,0.18920751909658126
70e34fad-dede-51f0-967c-b7c82940eb62,2024-1,Ingenieria en Energia,2021,Regular,0,3.729225929496637,0.2114510947262857
d064e1f8-f70d-5ead-bdf8-27e8a778bad6,2023-2,Ingenieria Biomedica,2021,Regular,1,2.936120271472286,0.25405727747896156
d7ecb7dc-5e4f-5329-9474-63f2aee444cc,2024-2,Ingenieria Agroindustrial,2021,Regular,1,7.506033626805212,0.11756360765476902
30acaf8b-78d8-58d7-96ab-3fae29532931,2024-2,Ingenieria en Energia,2021,Regular,1,3.4760532828447377,0.22341110277499956
f78067e3-d40a-5a89-9aa0-47620911d4ea,2024-2,Ingenieria en Energia,2020,Irregular,0,5.712030976596214,0.14898620156653644
8f4b3b77-c057-5aa7-b503-d31c6d3d5b74,2023-2,Ingenieria Biomedica,2022,Regular,0,3.4784089247861156,0.22329358859246176
8ae57879-e0b0-59ca-868c-c8f6d42f2e43,2024-1,Ingenieria en Desarrollo de Software,2022,Baja Temporal,2,5.516068762153124,0.1534667660059448
675365f6-1282-508e-bb8f-be97175cb120,2024-2,Ingenieria en Energia,2021,Regular,1,7.290727584743467,0.12061667565102394
bc9296d3-2eb9-56e4-a367-fc8bb19900ce,2023-2,Ingenieria Agroindustrial,2023,Regular,1,3.5157983610056185,0.22144478562973546
1a3b88ee-9d29-54e7-9567-dfd65877b1f9,2024-2,Ingenieria en Energia,2021,Regular,1,4.403719751455237,0.18505770950292105
953af797-6b1a-50f5-98a7-9de181119379,2023-2,Ingenieria en Desarrollo de Software,2023,Regular,1,3.0600232965107885,0.24630400541282774
2131a319-8b58-5f5b-84c6-cff834417bc7,2023-2,Ingenieria en Desarrollo de Software,2021,Regular,1,2.012187296708901,0.33198466811562294
03c99e25-3fcb-5dcb-8251-2c008a9624c7,2025-1,Ingenieria Agroindustrial,2023,Regular,0,3.548019113197457,0.21987594491373105
d6c2dd9f-e9b4-5237-b2a1-73a8b97f8483,2023-2,Ingenieria en Desarrollo de Software,2023,Regular,1,3.621112760717895,0.2163980953896154
5833bd8e-583b-5c3b-89b8-621397080c48,2022-2,Ingenieria en Energia,2022,Regular,1,3.608002911409091,0.21701375177608292
bbf9fe57-2957-52c9-a4b1-9c11ce99d8ea,2024-2,Ingenieria Biomedica,2024,Regular,1,3.0422917841237305,0.24738441790064286
2840876a-0f91-5654-8a77-27475fe24f72,2023-2,Ingenieria Biomedica,2022,Regular,0,3.6992108926074625,0.2128016858262617
23989826-a656-5059-aec2-575187d68415,2023-1,Ingenieria en Energia,2023,Regular,1,4.29799912856283,0.18875050292265083
40d13ac2-b703-51cf-9b16-408232f55ecd,2022-2,Ingenieria Agroindustrial,2023,Regular,1,3.191096201847833,0.23860106087736788
a660c6ae-6344-5bd8-b374-4a306c75b5c8,2024-1,Ingenieria en Desarrollo de Software,2020,Regular,1,5.3103109442596805,0.15847079626237326
7a321776-4af7-56f0-a8b6-59f9f775bb42,2022-2,Ingenieria Biomedica,2023,Regular,1,3.5335320893809956,0.2205785644138981
4efffe52-1fea-56f7-9ba9-9f387f20b7f0,2025-1,Ingenieria en Energia,2022,Baja Temporal,2,3.879169508831201,0.20495291220975614
5b6e3ffc-7d7c-5705-a0f0-f769b7ec6b5e,2023-2,Ingenieria Agroindustrial,2020,Regular,1,4.422143365877387,0.18442891169075246
1c2753dc-dda6-581f-adbb-702dd67da8c6,2023-1,Ingenieria en Desarrollo de Software,2020,Regular,1,3.670527394977699,0.214108582485849
58aa6967-c959-5437-b91f-cfa1204e2569,2022-2,Ingenieria Biomedica,2022,Regular,1,3.5261164732340298,0.2209399616456343
4b2627b6-4cc0-5b78-a6e4-738cb05a5799,2025-1,Ingenieria en Desarrollo de Software,2022,Regular,1,5.920957617473619,0.1444886755953049
f3a2f6a0-c89c-5b3b-a732-b52a625c1550,2025-1,Ingenieria en Desarrollo de Software,2023,Regular,1,2.976131077360168,0.2515007630643605
26de62b1-4195-5d8b-a01c-beac8276de81,2025-1,Ingenieria Biomedica,2021,Baja Temporal,2,3.6863580467754,0.21338531755764636
5fed6b77-ee62-54cf-ae8b-37516c5372c4,2024-2,Ingenieria Agroindustrial,2020,Baja Temporal,2,4.793922063202299,0.17259465852174413
989351a3-f0e8-5433-b46f-a92be0a4e2e9,2024-1,Ingenieria Agroindustrial,2022,Irregular,0,4.5398421957003245,0.18051055692094203
a785ca33-f5f4-5a6b-beef-f6b97450a4e1,2023-2,Ingenieria en Desarrollo de Software,2022,Baja Temporal,2,3.718777055301642,0.2119193147462815
365b2f66-e1c9-5357-9643-38d53c5230bf,2024-1,Ingenieria en Desarrollo de Software,2020,Regular,0,4.578343375565957,0.17926469072882123
3603b947-b779-5027-8b9a-0abdd02150ff,2023-1,Ingenieria Biomedica,2023,Regular,1,5.543755114329035,0.15281745458510104
dd2b949a-7fec-571b-b9c9-0131a40f1bed,2025-1,Ingenieria en Energia,2024,Regular,1,3.01951391984096,0.24878630101611063
a87e3af1-875a-5a3b-9e03-08d37b308860,2025-1,Ingenieria en Energia,2023,Regular,0,4.318095554584439,0.18803723809324085
10737092-4f87-5590-8902-34099af5a130,2024-2,Ingenieria en Energia,2022,Regular,1,3.044633403556369,0.24724119598100514
c7196fbc-9f40-5add-b30b-cd111fe2542c,2024-2,Ingenieria en Energia,2024,Baja Temporal,2,10.22922579907361,0.08905333438770979
614b2fc9-f59f-58d5-916e-144a7add3398,2023-2,Ingenieria en Desarrollo de Software,2021,Regular,1,3.037676827382358,0.24766717168107386
49a75892-d945-58f3-a28a-9c8668db610d,2024-1,Ingenieria Agroindustrial,2023,Baja Temporal,2,3.5680864852713836,0.21891004104765577
50ed3793-027f-50b6-9269-26eef363f631,2023-2,Ingenieria en Desarrollo de Software,2020,Regular,0,5.086823446593697,0.1642893060352554
e11c0b9e-076d-5108-812c-8755d31ffa8f,2024-2,Ingenieria Biomedica,2022,Baja Temporal,2,5.0019077948365425,0.1666136892106711
f7b3c7bf-38ee-54fd-9701-0ad18bc3356a,2025-1,Ingenieria Biomedica,2020,Regular,1,3.77322717464004,0.20950186601487544
4f81e8b0-f42f-50c9-b65e-6c72ae8c203a,2024-2,Ingenieria en Energia,2023,Baja Temporal,2,5.813347765987393,0.14677072627821158
550c183b-14af-5140-9c61-c46dca61a0c1,2024-1,Ingenieria en Energia,2021,Regular,0,4.412948271166622,0.18474220515402703
76454406-5da4-51b0-a586-32bd178d7c65,2024-1,Ingenieria Biomedica,2020,Regular,0,4.619163075381002,0.17796244504475356
c6a88373-9913-5404-afcd-f3e355e09281,2024-1,Ingenieria Biomedica,2021,Regular,0,3.783126254404029,0.20906828438393343
0bb3ebaa-760c-5745-a9f7-8bd50b37b57a,2025-1,Ingenieria en Desarrollo de Software,2023,Irregular,0,5.007082977531643,0.16647014927882814
9a032384-e720-5654-bbe0-8fb4d91e1f94,2025-1,Ingenieria Biomedica,2020,Irregular,0,5.038556785341575,0.16560248343237768
e1197a3b-82a3-5853-b054-be0e4572bc5d,2023-2,Ingenieria Biomedica,2021,Regular,0,3.344596957850879,0.23017094789263612
150c761c-3cf6-50b1-a42d-84e787a5db5c,2024-1,Ingenieria Biomedica,2024,Regular,0,5.415648532494236,0.15586888760117695
0ce66bc3-8130-56eb-a82a-10433032a507,2023-2,Ingenieria en Desarrollo de Software,2023,Baja Temporal,2,3.7695235408388044,0.20966454855239744
ded8165c-4b8e-59f2-bcf8-fed501e96ae1,2023-1,Ingenieria en Desarrollo de Software,2022,Regular,1,2.5327937363093427,0.28306209607489996
687af407-c814-518c-9ca3-c1c9808f93db,2024-1,Ingenieria Biomedica,2023,Regular,1,2.081276362558903,0.3245408338411851
c7c82fde-4656-5176-b804-e7b66673c9d6,2025-1,Ingenieria Biomedica,2021,Regular,1,3.5505007946698752,0.21975603238468325
7426cc1f-f11c-5060-b311-9919ddb37bc1,2024-1,Ingenieria Biomedica,2020,Regular,0,3.5021070314945297,0.22211821998110906
a1dea491-fb52-501b-8aab-d61469aa67bf,2022-2,Ingenieria Agroindustrial,2022,Regular,0,4.174432392131648,0.1932579120215429
1e7e1c00-9e28-57b6-a5b6-4d537a6ac92d,2024-2,Ingenieria en Energia,2022,Regular,0,3.962760210384073,0.20150076925086996
c0e1c605-6a32-5490-b63d-188772430f3e,2024-1,Ingenieria en Energia,2022,Regular,0,3.6771821120245636,0.21380394777212133
32799cd3-0c16-598a-a0c5-822337f385b2,2025-1,Ingenieria en Desarrollo de Software,2021,Regular,1,4.2492091432342844,0.19050488801515975
307c299f-2c54-54ab-a2ae-45fc0740b732,2023-1,Ingenieria en Desarrollo de Software,2020,Irregular,0,4.156835702210897,0.19391736672379706
fc70714a-646c-5298-bd56-54463cf729e2,2022-2,Ingenieria Biomedica,2020,Regular,1,3.0504234579411387,0.24688776627525943
fed60a03-7836-556e-b05b-a90b565e8f43,2023-1,Ingenieria en Desarrollo de Software,2020,Regular,1,3.3196112537687243,0.23150231380833902
62db6d2d-8b8a-5e9c-8544-9ca91803d4df,2024-1,Ingenieria Agroindustrial,2024,Regular,0,4.637984398614314,0.17736835175453425
940fec6e-b401-585c-969d-0a0259feac86,2024-2,Ingenieria en Energia,2023,Regular,1,3.760490166616151,0.2100624021897349
eec2cbdd-c552-5974-b4b4-7122783a027a,2023-1,Ingenieria en Desarrollo de Software,2021,Regular,1,3.0026896286318783,0.2498320111674011
2662a73f-09af-5a60-b2c1-2150e79f499e,2023-2,Ingenieria Biomedica,2021,Irregular,0,6.338735233320689,0.13626326174837516
4a692001-1f13-5b39-9be8-628342d5abdc,2024-2,Ingenieria Biomedica,2024,Regular,1,6.183678610176307,0.1392044458369021
abce74b5-2546-5c0f-9118-68351c898ce9,2024-1,Ingenieria en Desarrollo de Software,2023,Baja Temporal,2,4.584804342763473,0.1790573023915785
c51bfb5d-171c-5d59-9e04-9bdfd346531e,2025-1,Ingenieria en Energia,2021,Regular,1,3.5247190298887507,0.22100819816530953
29b4e738-d41e-521e-ac17-d79dedca6499,2024-1,Ingenieria en Desarrollo de Software,2022,Regular,0,3.715110669324684,0.21208409942649847
abc180cf-9427-5a78-8b50-34004de499b2,2023-2,Ingenieria Agroindustrial,2023,Baja Temporal,2,4.9685568863131735,0.16754468777756898
445ce841-52c4-5ca0-894e-0438d31e0b5a,2023-1,Ingenieria Agroindustrial,2020,Regular,1,3.888685374656683,0.20455396969992712
42cf5351-9333-5987-a6ed-54c19ef4d4ef,2025-1,Ingenieria en Energia,2022,Regular,1,3.943502605464764,0.20228572326320943
aa7ca79c-eb27-5e9c-8dc8-273d6e0d2fc0,2023-1,Ingenieria en Desarrollo de Software,2023,Regular,0,4.586894977746043,0.1789902985438678
2fe4363c-8e73-5566-ab81-18d5185d4351,2024-2,Ingenieria en Desarrollo de Software,2022,Regular,1,2.4602367518345414,0.28899756627052237
cbae73fe-6d0b-5bd7-ab21-7d8c818b2a3f,2024-1,Ingenieria en Desarrollo de Software,2023,Regular,1,4.009633960808438,0.19961538264536663
58bbc9bc-6ddc-512a-9532-3cd20cbefd60,2023-2,Ingenieria en Energia,2021,Regular,1,4.250214425242077,0.1904684111932994
6cc79d48-f39c-593d-9bda-651cd14a256d,2022-2,Ingenieria en Energia,2021,Regular,1,2.838112293444982,0.2605447479240968
62f357eb-e20f-5434-9709-8b42b5a00f7c,2025-1,Ingenieria en Desarrollo de Software,2023,Regular,1,3.6842529580985564,0.21348121225415687
e5edc7f3-911e-5e2b-ae67-e0ed4a206685,2023-2,Ingenieria en Desarrollo de Software,2020,Regular,1,4.369049624317016,0.1862527020556655
8f335cb4-0955-54d1-8c12-425793b84c1d,2022-2,Ingenieria en Desarrollo de Software,2024,Regular,1,2.7731104665812842,0.26503332167374194
ef8485d0-ff25-5dbb-8dde-5e31b71f1100,2024-1,Ingenieria en Desarrollo de Software,2022,Regular,0,5.820177129802941,0.1466237578537632
3d174935-b18f-55de-970d-5d765c0cfb45,2024-2,Ingenieria en Desarrollo de Software,2021,Regular,0,3.221656859036395,0.23687382309614163
02763653-7955-5805-92a6-4eaccb9a7f18,2025-1,Ingenieria en Desarrollo de Software,2023,Irregular,0,7.47576225550644,0.1179834886650261
b39ffbb4-c4b2-53e3-8761-384ac611e77e,2022-2,Ingenieria Biomedica,2021,Regular,0,2.767048900743449,0.265459787315913
329a82c4-8f6b-511d-ab37-f82f70163621,2024-2,Ingenieria en Energia,2024,Regular,1,4.482184802555707,0.18240902779012774
bfa0823a-f7c7-5596-b0e3-a66f3958e6ae,2023-1,Ingenieria en Desarrollo de Software,2024,Regular,1,5.064982607878498,0.1648809344813266
9ad918b4-1ab6-5ab2-9fbd-b3675b4d4528,2025-1,Ingenieria Biomedica,2024,Regular,0,3.9528410967479246,0.20190431723250885
87f5940e-e552-5406-b47a-9b374e6946a6,2023-1,Ingenieria Agroindustrial,2023,Regular,1,2.7964348904193437,0.2634050178296467
b1ed78f0-bb89-5d85-85fa-162260e0609b,2025-1,Ingenieria Biomedica,2022,Regular,1,2.2266735669649136,0.3099166926081785
18be3ba1-6d85-58f2-9b26-b10029defc46,2024-2,Ingenieria Biomedica,2024,Regular,1,3.4881535728613753,0.222808775093331
c9e1b01b-18c5-5850-aa98-9dece84ec1f6,2024-2,Ingenieria Biomedica,2022,Regular,0,4.100652805856589,0.196053336320362
27462c28-94fe-5344-8e71-c51dac61a7f6,2024-2,Ingenieria Agroindustrial,2022,Regular,0,2.547862772557139,0.2818598305816787
43db1337-d582-578c-9ed3-5c858e19a5cc,2023-1,Ingenieria en Energia,2021,Regular,1,3.7274314178162617,0.21153136060975986
d8dc0acb-1ca5-526d-9a3f-1b8264c90e03,2023-1,Ingenieria Biomedica,2020,Regular,0,3.766104945750178,0.20981493512678023
da318a51-fa99-55ca-a411-9491e7360890,2024-1,Ingenieria en Desarrollo de Software,2023,Regular,1,3.6322898581355396,0.21587595565586912
9c6456f6-e9e4-53fb-929a-70d0fdb60e10,2024-2,Ingenieria Biomedica,2021,Regular,1,3.027719134757886,0.24827947693033764
031bfefb-1dfb-5b57-9297-fddbc2c02d4a,2022-2,Ingenieria en Energia,2022,Regular,0,4.623853510876926,0.17781401988261786
334c64d3-2519-5709-9430-8e4a3c99f827,2022-2,Ingenieria Biomedica,2023,Regular,0,3.734383869924935,0.21122072638690687
f434d258-f8de-50c2-a7b3-0a691d8d26d9,2023-2,Ingenieria en Desarrollo de Software,2022,Regular,0,4.334002324030931,0.18747648374556675
f1cc2bd7-59ad-5243-aff8-7c311c7808ca,2025-1,Ingenieria Biomedica,2023,Regular,1,3.3663552526004046,0.2290239667064298
3eb298a7-e708-59e7-8f7f-8129a7717b61,2023-1,Ingenieria Biomedica,2024,Regular,1,4.186028866995853,0.19282576816416314
f5625603-47ad-5d13-89d2-6d95b7c93701,2023-2,Ingenieria en Energia,2020,Regular,0,4.790410723647154,0.17269932095078377
b0e8cd10-f45d-5762-8189-585b7139e25d,2023-2,Ingenieria en Desarrollo de Software,2023,Baja Temporal,2,4.131748064690635,0.1948653728503495
2dbed516-e4b1-58d1-afc1-71c03176cd5e,2023-2,Ingenieria en Desarrollo de Software,2020,Regular,1,4.109537075910455,0.19571244618511993
0f0c1f2c-7f7c-5c8c-81e8-b85bbdb56217,2023-2,Ingenieria Biomedica,2020,Regular,1,5.569758964506569,0.15221258578930322
516c0160-443f-580e-a9cc-55f8e751da9f,2024-2,Ingenieria en Energia,2022,Regular,1,3.581803139648812,0.21825468478696977
9b2c6716-1dc3-54aa-b836-6c32be241a01,2025-1,Ingenieria Agroindustrial,2023,Baja Temporal,2,4.183683223123252,0.19291302283658532
e942961c-1617-5cbb-a886-198e74e37355,2025-1,Ingenieria en Energia,2022,Regular,1,3.0608510453342177,0.246253799717418
78ddd9f8-cb89-587c-a6ff-cf96be15b83b,2024-2,Ingenieria Agroindustrial,2022,Regular,1,2.4088355981203162,0.29335530306929886
66c4f0b3-d06c-56ad-b5fc-a347c275c606,2025-1,Ingenieria en Desarrollo de Software,2022,Regular,0,4.996362557043536,0.16676776804053736
89b0d2a3-7576-549b-8baa-4db8ae042363,2023-2,Ingenieria en Desarrollo de Software,2022,Regular,1,3.298404416481933,0.23264446597104022
0df879f8-1297-5a1b-875b-80259773543e,2023-2,Ingenieria en Desarrollo de Software,2023,Regular,1,3.177914241082556,0.23935388385111658
c600b064-6156-5956-8f6c-5f783eadee27,2023-1,Ingenieria Biomedica,2021,Regular,1,3.556654553031926,0.2194592520371367
4954ff9f-e5f2-583d-a137-2d8f546c3097,2023-2,Ingenieria Agroindustrial,2023,Baja Temporal,2,5.126823118107371,0.16321672434847584
25bec214-5e79-52f8-93fd-54bbfcf2b81e,2023-1,Ingenieria en Energia,2022,Regular,1,4.036198457136907,0.19856246899541422
2f00dad5-2441-5cbe-8762-8cd00232b268,2025-1,Ingenieria Agroindustrial,2022,Regular,1,3.1218191491790965,0.24261132374018898
316bf334-f15b-5024-9e0b-ae04ad13eb06,2024-2,Ingenieria en Desarrollo de Software,2021,Baja Temporal,2,4.807124715289424,0.17220225998713728
1e3ef2d0-f50b-5253-9858-543b7591fb98,2023-2,Ingenieria en Energia,2021,Regular,0,2.148622617773784,0.3175991922166412
58a3c37d-72ef-583a-b8b2-e1c6f9a72c3e,2023-2,Ingenieria en Desarrollo de Software,2021,Regular,1,2.348599898882692,0.2986322732475935
df3f05db-7238-5f39-927c-e8ea12c54ec1,2025-1,Ingenieria Agroindustrial,2020,Baja Temporal,2,6.586339926110962,0.13181587033269637
a1bfc510-c2f0-59ce-bade-ed4e72818f70,2022-2,Ingenieria Biomedica,2023,Regular,1,3.0412814564378183,0.24744626445331735
21120ac4-22d7-53e8-b151-e38996b7a13f,2024-2,Ingenieria en Desarrollo de Software,2022,Regular,1,3.707771166685685,0.21241474247441158
1ef37d80-bdb9-5c0e-b1b1-5acc29eb45be,2023-2,Ingenieria Agroindustrial,2023,Regular,1,5.280705338087726,0.1592177862469931
8e9a0e27-bdbb-5b84-bd2d-a37c669b8fed,2024-1,Ingenieria en Desarrollo de Software,2021,Regular,1,4.178740853083315,0.1930971308217944
a6bc1a21-d850-5a6a-9b2e-887ce6358e54,2024-2,Ingenieria en Energia,2020,Regular,1,3.5699475570051096,0.21882089182120606
07a87927-165d-5e93-967a-1a1dbcfd9488,2024-1,Ingenieria Agroindustrial,2022,Regular,1,3.069175156589362,0.24575005044466175
b11b54fc-fe27-5ca6-8138-9d47d78be031,2024-1,Ingenieria en Desarrollo de Software,2020,Regular,1,4.242286996884174,0.1907564390492859
fcafb6bf-4e56-5dd0-95ba-953f26004190,2025-1,Ingenieria en Desarrollo de Software,2020,Regular,1,3.9195435277463178,0.20327089177277957
6246add4-4c22-5896-b8a3-ff79d843219d,2024-2,Ingenieria Biomedica,2024,Regular,1,6.733059269967096,0.12931492764884175
957ec335-d48e-5d3c-973a-c08b5f917f00,2025-1,Ingenieria en Energia,2024,Irregular,0,3.826097177873602,0.2072067683561656
0c84248e-7311-5e1c-acd4-b7429dc55c64,2024-1,Ingenieria Agroindustrial,2022,Baja Temporal,2,4.378876798421135,0.18591241953962034
14306c58-dbc7-5a15-8cd0-0bbe060c03e7,2024-2,Ingenieria Biomedica,2024,Regular,1,3.588986507102032,0.2179130399386389
f411c143-b2ef-5cb1-a19c-aaa760c52024,2024-2,Ingenieria en Desarrollo de Software,2022,Regular,0,5.1457903612702625,0.16271300210658532
4e8dd29e-67cc-5e6d-a6a4-f47e116f5fcd,2025-1,Ingenieria en Desarrollo de Software,2022,Regular,1,3.217029904204349,0.23713372271868574
3369ead0-9955-5a30-9a64-4a6d1203b8a4,2023-2,Ingenieria Biomedica,2021,Irregular,0,4.945711860244171,0.16818843958558954
095b729d-e4eb-5692-8b1b-c9e5ba5b9fd6,2025-1,Ingenieria Biomedica,2024,Regular,1,3.355920169038011,0.2295726186875565
40e8b221-e368-527a-8609-c0ddc7f6fc8d,2025-1,Ingenieria Agroindustrial,2022,Baja Temporal,2,4.608458012362145,0.17830212828478045
e685307c-2734-5851-8656-f134b46ad7ea,2024-2,Ingenieria en Energia,2022,Irregular,0,3.767241571252049,0.2097649101799899
445ed050-4fc3-5eef-a25a-f7d81e14f20e,2023-1,Ingenieria en Desarrollo de Software,2024,Regular,1,3.2617117135720055,0.23464750016181596
dc74ed3d-05ea-55ef-bcfc-ac5ba061cc4d,2023-2,Ingenieria Biomedica,2021,Regular,1,2.0650191454708695,0.32626223607042854
cdb7d889-70c5-550c-92d7-a2f67fe7800f,2023-1,Ingenieria en Energia,2024,Baja Temporal,2,4.259257342110324,0.19014091438217037
88390eed-b9ca-58c1-8879-0d69f5bf75d8,2023-2,Ingenieria en Desarrollo de Software,2023,Regular,0,4.405981787358395,0.18498027543090279
a138ee13-f62f-5420-8c67-613aa76d430c,2024-1,Ingenieria en Desarrollo de Software,2024,Regular,1,3.257200600017827,0.2348961427835495
797d8cf4-0006-5847-90a8-b4d11b473f02,2025-1,Ingenieria Biomedica,2023,Regular,1,3.2324364701332535,0.23627052811226631
9394fcc5-c659-5b31-92ec-121f43e76cb3,2024-1,Ingenieria en Desarrollo de Software,2020,Regular,0,5.407758697616616,0.15606080802823502
95613cb3-9430-52c0-bb6f-64f8e3bde662,2025-1,Ingenieria Agroindustrial,2023,Regular,1,3.549734204611374,0.21979305933662058
b24fd473-79a8-5414-8072-575b45b0fb28,2022-2,Ingenieria en Energia,2022,Regular,1,2.1973528528427337,0.31275872449013886
9551e439-b745-589c-8917-f9226a5f8537,2024-2,Ingenieria Agroindustrial,2024,Regular,1,4.039047645587902,0.19845019740497624
c773c788-1720-5749-a366-7f4da3fad773,2023-2,Ingenieria en Desarrollo de Software,2022,Regular,1,3.1032790188653925,0.2437075313188213
5678b00d-6900-545e-818c-84330ae68310,2022-2,Ingenieria en Desarrollo de Software,2023,Regular,1,3.012231874399193,0.24923783851593667
072e0952-0b0c-5cda-a773-e625c2be2f82,2024-2,Ingenieria en Desarrollo de Software,2024,Regular,1,4.634256171250955,0.17748571765383064
f0181b10-9d17-51bc-b5e2-388d0fcf347f,2024-2,Ingenieria Agroindustrial,2022,Regular,1,5.154886883907041,0.16247252286872463
0ad8949c-005b-557f-9411-fe64c6cda4da,2023-1,Ingenieria Agroindustrial,2021,Regular,0,3.9622649919274204,0.20152087839460273
11a9b9d3-a6b8-5575-a754-8a6a1cd11162,2023-1,Ingenieria en Desarrollo de Software,2023,Regular,1,2.6448580497322536,0.2743591070915529
3d8da569-4151-51ea-9d34-f03823ccfbec,2024-1,Ingenieria Biomedica,2020,Regular,1,3.3389568184880813,0.23047014336235136
8ffe9913-e081-54ce-9f23-5bc1f49117d9,2024-1,Ingenieria Biomedica,2024,Regular,1,3.6284980379569536,0.21605280844872216
d09b96e3-8cf9-51f5-a175-ad73981e3eec,2023-2,Ingenieria en Desarrollo de Software,2020,Regular,1,3.882398337156255,0.20481737272228556
6dc82946-ffbc-56bb-b327-50ee9d35c3a3,2024-1,Ingenieria Biomedica,2021,Regular,0,4.39269297387403,0.18543610860931603
c5cdbd0a-c5c8-52ac-ab89-7cbd6542038c,2024-2,Ingenieria en Desarrollo de Software,2022,Regular,0,4.136765291504918,0.194675042220399
cf50b2af-10f4-534e-8097-a142650cbed4,2025-1,Ingenieria en Desarrollo de Software,2021,Regular,1,4.419976738193322,0.18450263687540047
10ace144-dbaa-50d5-8406-78cbae6e2f18,2024-1,Ingenieria Biomedica,2022,Regular,1,2.8191340068749122,0.261839463658483
81da3234-9076-525c-a73e-175e199ab0c1,2023-2,Ingenieria Agroindustrial,2023,Regular,1,3.7804300716497177,0.20918619977949007
cede8acd-4ea5-5019-96ab-063c8337808b,2023-1,Ingenieria Biomedica,2022,Regular,1,3.9542831460185424,0.20184554869530205
a306fc91-41d3-5cf2-876e-e16f8ce23b77,2024-1,Ingenieria en Energia,2022,Irregular,0,7.020548688334497,0.12467974933615851
b03cff1b-76f2-5c92-ae69-9eda92d76eaf,2025-1,Ingenieria en Energia,2023,Regular,1,5.2299686108925725,0.16051445239251844
5a9e20e6-f378-56c9-bf17-abcf53a21fe8,2024-2,Ingenieria Biomedica,2024,Regular,1,4.490101202078249,0.18214600481707974
28176ac3-83fe-589e-9d2a-fbdc88f93fa8,2024-1,Ingenieria en Energia,2022,Regular,1,2.722590383112695,0.26863014650670114
7f0d1385-dbba-5c63-9a61-fc9d0c125639,2022-2,Ingenieria en Energia,2021,Regular,1,5.149988534413311,0.16260192915878285
ba46e528-fc96-5624-b0a9-e66e2ef6fa8d,2023-1,Ingenieria Biomedica,2023,Regular,1,4.020297164267275,0.19919139590334442
facf4daa-f51f-56a7-81ee-291cd610031c,2024-1,Ingenieria en Desarrollo de Software,2022,Regular,1,2.694967014518611,0.27063841059222077
5769ce83-ab13-5d64-873e-8af3bc6302be,2024-2,Ingenieria Agroindustrial,2022,Irregular,0,6.128352282062035,0.14028487375917506
293139c1-5575-56ca-84e5-e38cfcf4e2aa,2025-1,Ingenieria Biomedica,2023,Regular,1,3.702587858714979,0.2126488712266735
324ccb29-e0eb-5f19-a546-f0914fd2393b,2025-1,Ingenieria Agroindustrial,2024,Regular,1,2.036582335896407,0.3293175976750841
f8d44416-b211-58c4-b3a6-0bdb9114d350,2024-1,Ingenieria en Energia,2022,Regular,1,3.200353440760564,0.23807520345690925
f5a08b16-bdce-5d35-a861-d983ac8f7d5d,2025-1,Ingenieria Biomedica,2024,Regular,1,3.971316692408944,0.20115395213645731
1d194697-10fc-5cb2-b16f-98fa46fd355e,2025-1,Ingenieria Biomedica,2023,Regular,1,2.2642416267183036,0.3063498706146172
96a3cd15-f651-5263-bda1-8c0201895bfe,2024-1,Ingenieria en Desarrollo de Software,2023,Regular,0,7.875053990365285,0.1126753708862611
2c961494-db0a-5662-9660-7a1d079fffdc,2024-2,Ingenieria en Desarrollo de Software,2020,Regular,1,3.8931089271982713,0.20436904529991456
c1467927-b931-5a25-a171-492453033228,2023-1,Ingenieria en Energia,2024,Regular,1,3.248016475604934,0.23540398342207375
84d65e56-b47e-525a-9110-64992c828812,2022-2,Ingenieria en Desarrollo de Software,2022,Regular,0,3.573959741663019,0.21862894657582094
35ca30c4-9434-505c-a4de-962a3e104e77,2024-1,Ingenieria Agroindustrial,2020,Irregular,0,5.008762089302242,0.1664236302150088
132144c1-aff2-5138-9df6-a21330043697,2024-1,Ingenieria en Energia,2022,Regular,1,2.8437616474010707,0.26016181327896387
20dfbd2d-8dfc-59d5-9a1d-f802136ec065,2024-2,Ingenieria Agroindustrial,2022,Baja Temporal,2,3.6413982665477205,0.21545231470597365
0ad4e6f1-23c5-5d9d-ac0a-a671031b3159,2024-2,Ingenieria en Desarrollo de Software,2022,Regular,0,3.9109736080114765,0.20362561068718804
f06439cf-7ec1-52fd-8bef-273b744fea05,2024-1,Ingenieria Biomedica,2023,Regular,1,2.2507755624848897,0.307618899176048
7a12c6c4-d6fc-58e5-a03b-09a98e3d0721,2023-2,Ingenieria Agroindustrial,2023,Regular,1,3.417772801644131,0.22635840386084072
76c54f02-360a-5abe-b7ef-bced2c04c710,2024-1,Ingenieria en Desarrollo de Software,2024,Regular,1,4.525020378624059,0.1809948075248617
7edb1ac6-2a82-5020-bf95-a5fd046bb7b3,2024-1,Ingenieria en Energia,2021,Irregular,0,6.509140698729141,0.13317102983158136
6def255d-65ea-5083-83fc-f9fa23a7b23e,2024-1,Ingenieria Agroindustrial,2022,Regular,1,2.561737642895485,0.2807618360085215
af9f486d-3cb2-58d5-afce-99ffa1aabf10,2024-1,Ingenieria Biomedica,2022,Irregular,0,4.996887465761118,0.16675317082560615
9a3c3c33-ac55-5dde-9914-0c9683855cd1,2024-1,Ingenieria Agroindustrial,2021,Regular,1,2.918796109044974,0.25518041055820684
7e4e0a79-a29f-51ac-91c3-5dc85d02f050,2023-1,Ingenieria Biomedica,2024,Regular,1,3.5913718125009146,0.21779982995001687
74bf18b6-0ed6-5b8c-ab80-df8bf3efff54,2024-1,Ingenieria en Desarrollo de Software,2023,Regular,1,4.233445180478507,0.19107871880078955
1dbdbb99-e6bf-533b-a95e-1df513735ca1,2024-1,Ingenieria Biomedica,2020,Regular,0,3.7382797963881336,0.21104705567667695
d6cc1af3-9f1e-5042-92b6-4fd1f45b26dd,2024-2,Ingenieria en Desarrollo de Software,2022,Irregular,0,5.2914756689516596,0.1589452224912806
fcc7cfed-33a3-566c-bbcd-6a6e0e366549,2025-1,Ingenieria Biomedica,2021,Regular,1,5.1666143853249356,0.16216353699361521
a6f07534-bede-598b-8074-bc6b10f08bad,2024-2,Ingenieria Biomedica,2021,Regular,1,3.7335863935707128,0.21125631114670845
91bf4649-d5f7-58ee-a8dc-dbd5e0e1e14f,2024-2,Ingenieria Biomedica,2022,Regular,1,4.197567494918684,0.1923976939169397
f01278bb-4cd4-52c0-82a9-e8daf3c34937,2024-2,Ingenieria en Energia,2020,Regular,1,5.908661198031915,0.14474584457620707
340fd49d-0bb3-58b9-8158-ac42828b26b9,2024-2,Ingenieria en Desarrollo de Software,2022,Regular,1,2.465077007504231,0.28859387477805687
3b3b026f-7299-53c1-a68b-b863a89d4e8b,2024-2,Ingenieria Agroindustrial,2021,Regular,0,4.766591043990537,0.17341267871633054
02555840-b70e-5bf7-8346-3234fc2b5e6b,2022-2,Ingenieria en Desarrollo de Software,2020,Irregular,0,4.125186909767301,0.19511483534273738
5ce136a8-06bd-51a0-9606-7e97a6c62419,2025-1,Ingenieria en Energia,2021,Regular,1,3.8805680205340507,0.20489418358533112
882dda45-4c36-5e88-97a2-64d1a17fb9c2,2023-2,Ingenieria Agroindustrial,2020,Regular,0,4.21842688858208,0.1916286308787808
d0b1c610-3606-57b4-a887-951c45b5d835,2022-2,Ingenieria Biomedica,2021,Regular,0,4.401649629524937,0.1851286308045766
15d22b19-1790-5ecf-8101-82ee18e95fa2,2023-2,Ingenieria en Desarrollo de Software,2023,Baja Temporal,2,6.283939388677062,0.1372883472306905
b72aa645-e014-5be4-b461-78599f269412,2024-1,Ingenieria en Desarrollo de Software,2023,Regular,1,2.7583604767286727,0.26607346639362633
fdf8a7c1-7093-5cdb-99ec-5d2832a38ebc,2023-2,Ingenieria en Energia,2024,Regular,1,3.144652115753385,0.24127477338788114
bb32d3ba-b39c-596e-8332-5ceda763b0d0,2023-1,Ingenieria Biomedica,2023,Regular,1,3.463791305683046,0.2240248101937151
b8e43d70-526d-5b09-ab77-0ac7757889d5,2024-1,Ingenieria Agroindustrial,2020,Irregular,0,7.704117005523821,0.11488816147179301
888f40d3-6d08-5671-8c41-61b10ec6cbef,2024-2,Ingenieria en Desarrollo de Software,2024,Irregular,0,5.570565327480862,0.1521939057233904
1826b388-30a6-5894-951c-d593dab72110,2023-1,Ingenieria Biomedica,2020,Regular,1,4.725275614061165,0.17466408037091166
582a643c-3405-5658-ac88-6c6466ceaea3,2024-1,Ingenieria Biomedica,2023,Regular,1,3.9194619586673407,0.2032742621859597
4c9651f4-c272-57eb-84e4-12c787ff8369,2024-2,Ingenieria Biomedica,2021,Baja Temporal,2,3.3940953769240783,0.22757812796954185
2fbd30e3-5c25-5981-be7a-023e4424f6b2,2024-1,Ingenieria en Energia,2024,Regular,1,3.785560221237797,0.20896195090432854
94f2873b-ef22-5a0b-81e9-759920c32c0f,2024-1,Ingenieria en Energia,2022,Regular,1,3.3945206851120604,0.22755610262294168
24faa547-6ee7-53af-851d-9a16c5cf47b7,2023-1,Ingenieria Agroindustrial,2023,Regular,1,3.697373937152684,0.21288490407177388
4244837d-2023-5444-a069-bf9f4fadb601,2023-2,Ingenieria en Desarrollo de Software,2023,Regular,1,3.6633382629004116,0.21443865823665118
9720331c-4771-544c-9df7-448c39e2f982,2024-2,Ingenieria en Desarrollo de Software,2023,Regular,1,3.0787953837246844,0.24517042556001364
f9e447a5-6032-5a5f-8d4c-8a8630cae2ad,2022-2,Ingenieria en Desarrollo de Software,2020,Irregular,0,5.368534405120308,0.1570219985301483
3a00ff5b-8281-5532-a8d3-88dca3379e19,2023-2,Ingenieria en Desarrollo de Software,2023,Baja Temporal,2,3.196259076415923,0.2383074976519592
cc92e40c-efdf-5cff-8aa8-5aed1d4532d0,2025-1,Ingenieria en Energia,2023,Regular,1,2.6264700643334384,0.2757502425940484
61c59c40-4add-597c-8e06-b056ddedaceb,2024-2,Ingenieria en Energia,2023,Regular,1,3.4942360328976374,0.22250722763113417
bd59e84c-4720-571c-b9d8-d87948cd5c6f,2024-1,Ingenieria Agroindustrial,2023,Irregular,0,4.114844925975232,0.19550934866501998
ef9869be-3ae1-575c-9e80-eabdbe028178,2024-2,Ingenieria Agroindustrial,2021,Regular,1,4.786528438140256,0.1728151880164944
bf4fd85e-1711-51ca-be94-6a48152b1323,2023-1,Ingenieria en Desarrollo de Software,2024,Regular,1,5.314805334375454,0.15835800900407357
b5a4724e-8339-57de-8a96-81ab61c913f6,2023-1,Ingenieria Biomedica,2021,Regular,1,4.58628192026788,0.1790099415448132
7cd10ccb-4256-5a91-bd2e-439d1becf1af,2024-2,Ingenieria en Energia,2024,Regular,1,6.654747813463189,0.13063787656612247
98dcd0ae-c6de-5e82-8d50-78c8388049fc,2022-2,Ingenieria Biomedica,2022,Regular,1,6.293615960136085,0.13710620431149514
80cac17b-43c7-5363-8db5-eb6a572b7922,2024-1,Ingenieria en Energia,2021,Regular,1,4.217406811982152,0.19166609697818227
db57b99f-4eb4-5d72-9284-26821b14c535,2023-1,Ingenieria en Desarrollo de Software,2021,Regular,1,4.883012094326431,0.16998095260834134
8d0d973b-eae9-5c86-bac4-5e3d4ddfafcc,2024-1,Ingenieria en Desarrollo de Software,2021,Regular,0,3.6267026028920855,0.2161366497546037
652f634e-49e7-5e9a-87eb-94d629bc351d,2025-1,Ingenieria en Desarrollo de Software,2023,Regular,1,2.053589006875935,0.3274834949131153
ad40f8e6-23be-54a5-8367-365add1f8798,2025-1,Ingenieria en Desarrollo de Software,2022,Regular,1,4.509871194804608,0.18149244594736158
0b12775f-68b6-55c2-b055-4df1374fda15,2024-1,Ingenieria Biomedica,2021,Regular,1,3.0584783591376588,0.24639776574106922
d8546ebb-428b-5a5a-a570-f1fe758b099f,2022-2,Ingenieria en Energia,2020,Regular,0,5.372333250455091,0.15692839038645434
372fb26b-d8b4-5119-9a9b-0ff7ffa0b6e6,2023-2,Ingenieria en Energia,2020,Regular,1,6.133432998026338,0.14018495726765468
06c997ac-1462-5acb-b71a-a41b1c0486d3,2024-1,Ingenieria en Energia,2022,Regular,0,4.969874868441609,0.1675076985761081
854c98b8-3c87-583d-a54d-02cfe52cfda2,2023-2,Ingenieria en Desarrollo de Software,2023,Regular,1,2.8248835234085203,0.2614458698885702
1e4509fc-1754-5072-85f7-e6b09413d8a3,2024-1,Ingenieria Agroindustrial,2023,Regular,1,2.8811489714701484,0.25765566005089674
875a7d87-c57f-5817-811d-2045ddaf17d7,2024-2,Ingenieria Biomedica,2024,Regular,1,4.962551720751181,0.16771342989273338
2cffad31-2899-5a8e-9f91-b8c6a680e8cc,2024-1,Ingenieria Agroindustrial,2024,Regular,1,4.797927101470528,0.1724754351855114
a96f54db-8232-5bc2-93b4-6874ef4a2c0a,2023-2,Ingenieria en Desarrollo de Software,2020,Irregular,0,4.290943838288269,0.18900219517800076
1bedfb98-bb4c-5ed0-9e02-49d4115324ef,2023-1,Ingenieria en Desarrollo de Software,2024,Regular,1,3.3547045620723135,0.22963670341946701
c82d24f1-86cd-56b3-a976-039463bbde00,2025-1,Ingenieria Agroindustrial,2022,Irregular,0,3.1954343192304835,0.23835434520243368
00ecad7a-9dac-5168-b00b-7c18df000d0b,2024-1,Ingenieria en Energia,2023,Regular,1,4.8767977989562326,0.17016069536671966
adb7bb27-ad5c-5d2a-9f86-50b29d04b661,2022-2,Ingenieria en Desarrollo de Software,2022,Regular,1,4.434707024744685,0.18400255900583318
6ba61eb2-a51d-55b7-b12b-9d18758d9c5b,2024-2,Ingenieria en Energia,2023,Regular,1,3.287992805258586,0.23320934652074243
8d45e944-e8a8-5f05-afc1-525fe30b54d1,2024-1,Ingenieria Agroindustrial,2020,Regular,1,3.739501620820363,0.21099264859559422
a00ae3ce-e60c-5abb-99e5-43f0540f79d4,2024-2,Ingenieria en Energia,2020,Regular,1,3.957344988985744,0.2017208812825828
22cda8fe-ef8b-519f-a449-36d45dbb8b10,2024-1,Ingenieria Agroindustrial,2020,Regular,0,6.613236158071772,0.13135018791447461
9e38507e-8858-55ea-9dab-14936c97d755,2025-1,Ingenieria Agroindustrial,2024,Regular,1,4.774877491427625,0.17316384658971995
dd9d05c1-f4b4-5570-982d-57fa7faefd1c,2023-1,Ingenieria Agroindustrial,2022,Regular,1,3.603259013204551,0.21723739575189613
081b7cb1-7039-50e0-b219-7fd957899579,2023-1,Ingenieria Agroindustrial,2021,Regular,0,4.672578522142173,0.17628667388148617
b83ee102-f433-5778-a609-3a02d4940f0a,2024-2,Ingenieria Agroindustrial,2023,Irregular,0,7.39929637489268,0.11905759189415165
bcc4ae22-5c93-59f0-93cb-9fcc72d84f50,2024-2,Ingenieria en Desarrollo de Software,2023,Regular,1,4.533799430181376,0.18070766976952468
a7402a94-adc2-5012-8bf8-61a9c8630a43,2024-2,Ingenieria Agroindustrial,2021,Irregular,0,4.076041903734683,0.19700388983476536
cb5f9259-071b-523a-ac98-1def9b7f0767,2023-1,Ingenieria Biomedica,2022,Regular,1,2.8455007386317765,0.26004415756679805
7069e596-e278-5580-8415-9a9e64f125b8,2023-1,Ingenieria Biomedica,2021,Regular,1,3.2002183369564605,0.23808286136015838
a018aaf2-0708-5278-8c98-82b2c4365962,2024-1,Ingenieria Agroindustrial,2024,Regular,1,3.250276332826051,0.23527881993853564
6e96afd3-a2b8-5e0e-9170-66713cb48f05,2025-1,Ingenieria en Energia,2020,Regular,0,4.414947607000112,0.18467399365180584
aae82ed3-e9c8-571d-a3cb-708dcbd4ed2f,2025-1,Ingenieria en Desarrollo de Software,2023,Regular,1,3.954372242636182,0.20184191881954916
ee490ede-2a6e-5a9f-9ea4-73cef8c36e5f,2025-1,Ingenieria en Energia,2021,Regular,1,3.082607051520973,0.24494152569188613
48bf5e1f-d2ab-56aa-925d-8eab37edf155,2024-2,Ingenieria en Desarrollo de Software,2020,Irregular,0,5.4806650243147335,0.154305151747253
13b38dc3-e72b-5a02-90d1-1b4993f808ba,2023-1,Ingenieria Agroindustrial,2022,Regular,1,3.805965422985583,0.208074738785527
4de2abb1-6273-51dc-86f0-18d417cc48bf,2025-1,Ingenieria Biomedica,2023,Regular,1,4.275588725532391,0.18955230440164458
ddb73bf3-c442-516a-8072-f868a14c0dd6,2024-1,Ingenieria en Desarrollo de Software,2020,Regular,1,3.232763014836594,0.2362523005646242
95a9160e-ebb9-5dcd-8de0-0173085f890d,2024-1,Ingenieria en Energia,2020,Regular,1,3.0453172578942835,0.24719940025681245
23d3b7f7-6deb-54cc-9fa8-dac05ab06a11,2024-2,Ingenieria Biomedica,2022,Regular,0,5.138585916765163,0.16290396738911617
2cdf1dba-d59a-5bb7-89c4-e1963d67c012,2025-1,Ingenieria en Desarrollo de Software,2023,Regular,1,4.412648639203082,0.18475243206387632
1c9692e2-02eb-5d5b-81b1-19e4969e73f9,2024-1,Ingenieria en Desarrollo de Software,2020,Regular,1,3.6167031517898285,0.2166047863857815
bb597b73-1f0a-52fc-9404-f16ec733d8d8,2025-1,Ingenieria Biomedica,2020,Regular,1,4.274810927200461,0.18958025487573965
7e12eefa-3cb0-5e27-b046-7df72700b9f8,2023-2,Ingenieria Biomedica,2020,Regular,1,3.2944304032386906,0.23285975230750958
37912c43-6523-5ba0-ac38-35eb411c286f,2024-1,Ingenieria Biomedica,2024,Regular,1,3.559491912686333,0.21932268313002143
94d4cd6e-e05c-5478-b104-f5e7c789c540,2023-1,Ingenieria en Energia,2024,Regular,1,3.6483750325037714,0.21512894140586722
93c84e96-957b-5daa-9332-2c21822d44f2,2024-1,Ingenieria en Desarrollo de Software,2024,Regular,1,3.7417391462294876,0.21089308567198914
8b00e2fc-f86b-5a5e-b251-8bdb25c38204,2023-1,Ingenieria en Desarrollo de Software,2024,Regular,1,4.505494627688756,0.18163672251548574
f01617a1-9638-50f9-9f3a-262ddc2cec02,2023-1,Ingenieria Biomedica,2023,Regular,0,7.746004775360399,0.11433792064889339
ff1afbc4-6850-5e85-a229-da1eabde2633,2023-1,Ingenieria Agroindustrial,2023,Regular,1,5.156284168176209,0.16243564667942362
dceeaee3-0bc1-5472-9dba-339a5a523c22,2024-1,Ingenieria en Energia,2020,Baja Temporal,2,6.336391083719345,0.13630680106723916
339968a0-f105-5cfb-9419-6f848a16de20,2022-2,Ingenieria Biomedica,2023,Regular,1,4.047273923183054,0.19812675420821063
caa55ee9-8a51-5920-8263-5ba3ce8cae69,2022-2,Ingenieria Agroindustrial,2022,Regular,1,3.82043836962804,0.20745001249277734
fe695689-c78d-5049-a672-820e20d03f55,2023-1,Ingenieria en Desarrollo de Software,2020,Regular,1,3.7668738686908227,0.2097810908251786
0a4f906e-eb89-52a2-a6cd-5ae21c3c782e,2023-1,Ingenieria en Desarrollo de Software,2020,Regular,0,7.814794776199482,0.11344563604589696
4da1abf3-52c2-5943-badd-40fdf4402730,2024-2,Ingenieria en Energia,2022,Regular,1,6.053689261778956,0.141769783568237
a8c1ae84-95e3-50b0-a618-ef340152743e,2024-2,Ingenieria en Desarrollo de Software,2024,Regular,1,2.926994067612228,0.25464769815861743
2ea32d21-c0c5-54e6-92c5-73b3a6d60305,2024-2,Ingenieria en Energia,2022,Regular,1,4.1826638006943435,0.19295096854749208
c8647c5e-05a6-5e1b-94f1-5069774da931,2025-1,Ingenieria en Desarrollo de Software,2023,Regular,0,3.4396595135989467,0.22524249819990455
3fbf087f-c80f-589c-b954-8d931fdb3ea7,2024-2,Ingenieria Agroindustrial,2024,Regular,1,3.1164916953545223,0.24292530484842326
7ed3e51e-ae1f-5671-b233-c322a3d40e40,2023-2,Ingenieria Agroindustrial,2023,Regular,0,3.769590473856689,0.209661606270234
1c76534a-451d-5189-850a-04e774642c1d,2024-1,Ingenieria Agroindustrial,2020,Baja Temporal,2,4.326826348620918,0.18772904062451626
97335b8a-d377-5195-8f4e-fa3d7fe54a80,2023-2,Ingenieria en Desarrollo de Software,2020,Regular,1,3.250156508941891,0.23528545311122148
20cc6779-8f2f-540b-b0a7-f2c26449eeb8,2023-2,Ingenieria en Energia,2022,Regular,0,4.263082974486287,0.19000270465954547
aa1b7f1d-48bd-55fc-accb-9e05dc96f134,2025-1,Ingenieria Biomedica,2023,Regular,1,2.8331430572116023,0.260882514707772
6d6a1535-6a16-545e-af3a-f3cf62a59478,2023-2,Ingenieria en Desarrollo de Software,2024,Irregular,0,5.13356881761542,0.16303721858113515
20e9afa4-86e3-5944-84fd-c6d2c9023478,2024-1,Ingenieria Biomedica,2020,Regular,1,3.7402077848529696,0.21096121634064985
c8126f52-00ab-5eb9-a412-a69e02df1a5e,2025-1,Ingenieria en Energia,2021,Regular,1,3.9638607311410134,0.201456095197525
bdb885ce-ecec-51f4-b2c7-54efcac76a01,2023-1,Ingenieria en Energia,2023,Regular,1,4.057926464489936,0.1977094777910822
25e66314-5ba7-559a-b070-6e1dc382f94c,2025-1,Ingenieria Biomedica,2023,Regular,1,3.9231662789900392,0.20312131326288344
31793212-9090-5492-aee6-faef96cc6743,2025-1,Ingenieria Biomedica,2021,Irregular,0,7.037347120160832,0.12441916282197223
aa1c89f7-5608-5037-81cb-9a10a6e865fb,2023-1,Ingenieria Agroindustrial,2022,Irregular,0,9.995454628498154,0.09094667149170783
b21d5a82-cd5b-5ddf-be38-3e6dbf6e8abb,2024-1,Ingenieria Agroindustrial,2024,Regular,1,3.27769496338232,0.2337707593832994
03fd4d42-fb32-58a4-9135-ae37abd38659,2023-2,Ingenieria Agroindustrial,2022,Regular,1,2.9225210540579836,0.25493808349746533
6829a6b1-cf42-5870-8067-0c43a310a3d6,2023-1,Ingenieria Biomedica,2024,Regular,1,3.999666019091432,0.20001336012874832
cf0080bf-45d1-5c17-baa2-7a77efaa7639,2024-1,Ingenieria Biomedica,2022,Regular,1,3.1296943074833132,0.2421486738589647
18736f1c-8f58-5d01-a261-1be141aac3cf,2024-1,Ingenieria Biomedica,2020,Regular,1,3.1483514768881724,0.24105961261270367
0d47b075-6eda-554c-9dd0-f6e95d90f9dc,2023-1,Ingenieria Agroindustrial,2020,Regular,1,3.0736667233328148,0.2454790899491806
01f3198e-01fb-590d-b7d5-4a41359023ab,2023-1,Ingenieria Biomedica,2020,Regular,1,3.570689010759949,0.21878539485969845
c7a775c9-40a1-5cd1-86a4-12c43ee7a737,2024-1,Ingenieria en Energia,2021,Regular,0,4.814495092445368,0.17198397867757695
206f71ce-1d9a-5512-87ef-577d736e8c44,2023-2,Ingenieria en Desarrollo de Software,2020,Regular,1,2.8536616171970044,0.259493463447203
396c0b47-3945-526c-8556-e5d282f5aabc,2023-1,Ingenieria en Energia,2021,Regular,0,4.257701380418853,0.19019718459558754
a836dfcc-db34-58f2-a062-7a940108bd28,2023-2,Ingenieria Agroindustrial,2022,Regular,1,5.055300639231612,0.1651445666497733
1b6b68de-1fa3-5bf5-b4e7-aac7677c4af4,2023-1,Ingenieria en Desarrollo de Software,2022,Regular,0,3.0331743844637082,0.24794365546209088
6e0c2837-a40d-554e-885c-df5d64eed66b,2025-1,Ingenieria Biomedica,2024,Irregular,0,5.664153456676905,0.1500565685500664
5cc27944-b596-52b3-be03-fdec303b58fd,2024-2,Ingenieria en Desarrollo de Software,2023,Regular,1,2.47834663113577,0.28749291144496264
9dea7deb-585d-55c6-be00-ad235472de5c,2023-2,Ingenieria en Desarrollo de Software,2022,Regular,1,3.976184531931195,0.20095717785045894
e4774db0-550c-52d8-8070-6c231ce6495a,2023-1,Ingenieria Biomedica,2021,Regular,1,3.3054338207364484,0.2322646315415781
7adbf388-105f-5cd7-9542-e29eee0be50f,2023-1,Ingenieria Biomedica,2023,Regular,1,3.8813479645015168,0.2048614455007655
02b74cd9-ac23-546d-8be4-73cd3b876ac0,2024-2,Ingenieria Agroindustrial,2021,Regular,1,3.3967161394621668,0.22744247485631996
ed658304-7aec-5d3d-99c4-5a5fdc0d31f9,2025-1,Ingenieria Agroindustrial,2020,Regular,1,4.715949227091067,0.1749490697468835
8d881bfd-f678-5fc7-bd02-b216cdfbc446,2025-1,Ingenieria en Desarrollo de Software,2023,Regular,0,3.1287040078760566,0.2422067549750154
d1df370c-f77e-5b29-bed2-6ad9ab38318d,2024-1,Ingenieria en Energia,2020,Regular,1,5.626826332698391,0.15090179669652035
8b0ade60-b933-5040-8dab-069b16610264,2024-2,Ingenieria en Desarrollo de Software,2021,Regular,1,3.2138891538943533,0.23731046628880334
8041ee70-d459-5ac1-930b-b00e07ff4687,2024-1,Ingenieria Agroindustrial,2022,Regular,0,3.038003529850101,0.24764713369062408
ac02a16c-78be-529f-82fb-b6e645372449,2024-1,Ingenieria Biomedica,2024,Regular,1,4.188538999917135,0.1927324821141309
5844544f-02e5-58c7-893d-8a8915f18748,2023-2,Ingenieria en Desarrollo de Software,2020,Regular,0,3.20660538119427,0.2377213713628865
84eb20af-555e-5420-866b-6824666824a4,2025-1,Ingenieria Biomedica,2021,Regular,0,6.227237460336433,0.13836545505638462
4b4cf828-bac5-5a68-9e18-b2a0540b77fb,2024-1,Ingenieria en Desarrollo de Software,2024,Regular,0,5.096341575901803,0.16403280353464686
a09a4294-5894-58a7-8f69-ccdee65c483e,2024-1,Ingenieria Biomedica,2021,Baja Temporal,2,8.070376012434897,0.11024901267919487
4fd33a22-2719-5708-a859-f8a9b9e5490b,2024-1,Ingenieria en Desarrollo de Software,2024,Regular,1,3.7979027427623118,0.2084243999127558
94e0894f-273f-586e-a23e-1599904b37f5,2025-1,Ingenieria en Desarrollo de Software,2020,Regular,0,4.5206182967819055,0.18113913084389893
72770868-bbaf-56fc-b4a2-e3699fe792ce,2023-2,Ingenieria en Energia,2021,Regular,1,2.498293702985276,0.2858536432051568
78562e22-9104-55b8-b9a7-b59ac785853b,2023-1,Ingenieria en Desarrollo de Software,2021,Regular,0,3.232977419455656,0.23624033414489512
24ebc1d1-e0e6-5411-bbce-e8522fcdc6b9,2024-2,Ingenieria en Desarrollo de Software,2022,Regular,1,2.508185549023698,0.2850476367415323
f33867a4-0e1c-559e-9e38-c5bc7f7b9763,2022-2,Ingenieria en Desarrollo de Software,2024,Regular,1,3.345327019222323,0.2301322767138867
d31d6e25-9859-5b82-8913-641ae50c9c2e,2025-1,Ingenieria en Desarrollo de Software,2022,Regular,1,3.7774983972492495,0.20931456524941422
53bdd054-74d5-55c4-9b0e-ec9080c292a2,2025-1,Ingenieria Biomedica,2021,Regular,1,4.078017388750057,0.19692725003569705
791d2df7-b90b-5a2f-b018-c157f8fe949b,2023-2,Ingenieria en Desarrollo de Software,2024,Regular,1,3.7455536955149484,0.21072356655559626
0b21ee5a-6861-5be2-87ad-caf328ca9173,2023-1,Ingenieria en Desarrollo de Software,2021,Regular,1,3.035799928687869,0.24778235236381577
e73ee718-43ca-5237-8e63-b2d8ea6694f7,2023-1,Ingenieria en Desarrollo de Software,2024,Regular,1,4.0657974659462,0.19740228596233822
10c3353b-a997-571c-b026-d74c4f401898,2024-1,Ingenieria Biomedica,2021,Baja Temporal,2,4.12098459102937,0.19527494805427442
3695ebb1-5928-545c-8da4-785f2b77fe78,2024-2,Ingenieria Biomedica,2023,Regular,1,3.2770419467698706,0.23380645138522085
f02a18fb-9e8d-5889-87ca-af3ad8145cf1,2024-1,Ingenieria en Desarrollo de Software,2024,Regular,1,4.304274666770541,0.1885271903931854
f42a23e1-169c-51ca-a7d9-242f2015eb6c,2023-1,Ingenieria en Desarrollo de Software,2020,Regular,1,3.885377762035383,0.20469246160881785
9d9658ab-fea9-5f70-9dd0-a004a047e6e5,2024-1,Ingenieria en Energia,2022,Regular,1,3.840602120708082,0.2065858699111011
25d2ad73-b526-5986-b586-8fad6ddb2689,2024-2,Ingenieria en Desarrollo de Software,2022,Regular,1,3.8407086766092546,0.20658132244811406
7c2d4c91-986c-579d-a701-8c744d177fdc,2023-1,Ingenieria Biomedica,2020,Irregular,0,5.043118818337002,0.16547746785412182
86085691-dc2b-5311-9ecb-8007915a4dd8,2024-2,Ingenieria en Desarrollo de Software,2020,Regular,1,4.150655733257641,0.1941500367696928
ed83d762-8c7b-5027-bda2-f49d2bd4831c,2024-2,Ingenieria en Desarrollo de Software,2021,Regular,0,3.903504235098392,0.2039357879701993
872f3d80-e886-5f1d-aba1-ec65171db0f6,2024-1,Ingenieria en Desarrollo de Software,2023,Regular,1,4.971992557542179,0.1674482997700784
88ab65fd-a5d4-5a7c-8302-214ab91a3a69,2024-2,Ingenieria en Desarrollo de Software,2024,Regular,1,2.828531068022299,0.2611967833701214
36f74914-47d9-567f-8948-ad397799750f,2025-1,Ingenieria Biomedica,2021,Regular,1,4.541856487757674,0.18044494696119717
75b100bb-8638-5e0e-bf59-7c65a6c16245,2025-1,Ingenieria en Desarrollo de Software,2021,Regular,1,4.13405778263228,0.19477770651176632
ab3b9569-4fa3-5e4d-ab55-5c5d5050c287,2023-2,Ingenieria Biomedica,2024,Regular,1,2.593222386160277,0.27830172823469507
eaecf934-40e4-5d69-aa8b-9580398c6d12,2023-1,Ingenieria en Desarrollo de Software,2022,Regular,1,2.555477779185694,0.2812561523669622
b86a48b6-4b76-5a31-88ba-623869cb3c8e,2022-2,Ingenieria Agroindustrial,2024,Baja Temporal,2,6.352517129894742,0.1360078436178109
6bdff58b-4ca8-5623-9fd6-242900682ea5,2024-2,Ingenieria en Desarrollo de Software,2023,Regular,1,5.370458637229201,0.15697456917088545
5db7e4fc-70f6-5812-b76c-4ca251002f81,2023-2,Ingenieria en Desarrollo de Software,2023,Regular,1,3.159935727292983,0.24038832942516045
4ffe17c7-3413-5bb2-acfd-c6e809a577f1,2025-1,Ingenieria Agroindustrial,2022,Irregular,0,5.622441682708392,0.15100170721186754
3c209726-ca90-5bec-926e-ee8d4beaef4c,2024-1,Ingenieria Agroindustrial,2021,Regular,0,4.269743432755834,0.18976255917587356
1d6e6d44-a135-5a6d-aa6c-369e469e67ae,2024-2,Ingenieria en Desarrollo de Software,2021,Irregular,0,4.029088631854402,0.19884318476034984
1bb20bf2-0fc1-57e7-a5b2-65f231b44aec,2023-1,Ingenieria en Energia,2024,Regular,0,4.818361901091989,0.17186968033258987
8f40d4d6-2642-577e-9749-318f632a2ce3,2024-2,Ingenieria Agroindustrial,2022,Irregular,0,3.965983905245281,0.20136996395492904
3e80ad0e-a509-5b4e-a79d-4d144c09e17e,2024-1,Ingenieria Biomedica,2022,Regular,1,3.040629596820467,0.2474861840310457
26372c78-42a8-5c31-ab19-b225628fb0c0,2024-1,Ingenieria Biomedica,2023,Regular,0,3.595679286119548,0.2175956888506834
cf51218e-bf9b-5d68-9492-c133faf5487a,2022-2,Ingenieria en Desarrollo de Software,2023,Regular,0,4.188085230030559,0.19274933923822793
6aae94d0-6a39-5b36-8144-50b6c53a3d1d,2025-1,Ingenieria Agroindustrial,2023,Regular,1,3.212119432774156,0.23741017223279143
61f8dcc8-6756-5652-a2f4-433df1b68095,2023-1,Ingenieria en Energia,2023,Regular,0,4.276894116932888,0.18950541319203773
4e0134e1-cd38-5541-9b9f-4fdacfc28f65,2022-2,Ingenieria en Desarrollo de Software,2023,Regular,0,4.72216827200215,0.17475892921445083
2640732c-37ce-5deb-81cc-5ef946c14bb5,2023-1,Ingenieria en Energia,2022,Regular,1,2.1972228706431056,0.3127714396084171
073e85b4-f229-5339-8bf7-125537d1591b,2024-1,Ingenieria Biomedica,2024,Regular,0,4.5282627926639005,0.18088865119201952
5907c8cc-f1b4-52df-9c8d-ed05add0f284,2025-1,Ingenieria Agroindustrial,2020,Regular,1,4.8468870565788365,0.17103118126333805
7d27a641-5392-527a-86c6-443dc9e44b33,2025-1,Ingenieria Biomedica,2020,Baja Temporal,2,5.557414687571641,0.15249912467718624
7ceb0c5e-462f-5b9c-b5e6-4aadb9394b9a,2025-1,Ingenieria Biomedica,2021,Regular,1,3.379065227991175,0.22835923831596674
38597b6d-5815-5483-8e73-83d21477d362,2024-2,Ingenieria en Energia,2021,Baja Temporal,2,5.988559239306562,0.14309101000039956
85c5b41b-b14d-560f-a480-7a856b11b1ad,2023-1,Ingenieria en Energia,2023,Regular,1,2.6253918710665567,0.2758322508473572
015d8756-0d83-5fc0-b8a6-f854d26378ef,2024-2,Ingenieria en Desarrollo de Software,2022,Regular,1,2.906665051919021,0.25597280204730705
373b20e3-6365-5e7c-acba-7ceb522b6490,2024-1,Ingenieria Biomedica,2022,Regular,1,3.1961005580215462,0.23831650032512522
6c940ffd-71ca-5fb1-8b40-e0f4e155603b,2024-2,Ingenieria en Energia,2021,Regular,1,2.6601978377678477,0.2732092756521174
ee0e54c8-cf9c-5df2-be89-fa37c6d62fee,2023-1,Ingenieria en Energia,2023,Regular,0,2.9992989878304637,0.25004382094034916
69316497-97ea-5271-8380-2b742314c575,2024-2,Ingenieria en Energia,2024,Regular,1,2.1750016534385592,0.31496046589991217
779c7d35-efdc-5f44-837a-0a77a81b530f,2023-2,Ingenieria en Energia,2021,Regular,0,4.904831893872699,0.16935283137148677
f02f5932-e76b-53d6-8ac8-1125a4da71aa,2025-1,Ingenieria en Desarrollo de Software,2024,Regular,1,2.4938652582098224,0.28621596028931506
14f14c49-c9ff-5027-af17-e1b890b7e847,2023-1,Ingenieria en Desarrollo de Software,2024,Regular,1,3.3566649715158747,0.22953337163588602
83cb67c8-ac17-5733-9f50-3c8d86814c6b,2024-2,Ingenieria Agroindustrial,2021,Regular,0,5.07382656682968,0.16464085515071997
68a460a7-3754-540b-99b8-487ff597efa1,2024-1,Ingenieria en Desarrollo de Software,2021,Regular,1,3.350082327169561,0.2298807067981776
47898378-d549-5816-a1d1-d3cfba2d9170,2024-2,Ingenieria en Desarrollo de Software,2023,Regular,1,2.555599986902929,0.28124648545491765
2792de5b-69b2-58f1-972e-2aeab47b4a3e,2023-1,Ingenieria Agroindustrial,2020,Regular,0,6.019659605889585,0.1424570500770418
f0bcbd1b-c8fd-5724-a7f0-2ab9cc1f406c,2024-1,Ingenieria Agroindustrial,2021,Regular,1,2.0423022780079867,0.32869843579605496
0f1f2019-5f52-5cc7-8d15-90634736bf55,2023-2,Ingenieria en Energia,2023,Irregular,0,5.412275022293895,0.15595089052220112
b44acd3b-7a4d-5555-ac05-0d7782cbca74,2023-2,Ingenieria en Desarrollo de Software,2024,Regular,1,5.282674608238916,0.15916788029872328
bfbab6af-bd93-5d35-baa1-52a4497eabda,2024-1,Ingenieria en Desarrollo de Software,2021,Regular,1,2.747934321969199,0.2668136402866822
23e517a9-70fd-572c-a70c-a36cc2ea65fd,2023-1,Ingenieria en Energia,2020,Regular,1,3.1033689713866526,0.2437021888533874
f0c4ca25-6a33-5160-a45c-c892d199a512,2023-1,Ingenieria en Energia,2022,Regular,1,2.9564819576617327,0.2527497940597198
552caf22-d5f0-53f1-8e68-fa2906f82c65,2024-1,Ingenieria Biomedica,2023,Regular,1,2.892843577244654,0.2568816291117964
e92f360a-885e-50f8-8060-fb75eb58b93f,2024-1,Ingenieria en Desarrollo de Software,2023,Regular,1,3.817795502108197,0.2075638120302978
77088762-80c2-5cda-859a-3362503b11f7,2024-1,Ingenieria Biomedica,2024,Regular,1,3.7398700049944194,0.2109762501811856
b6a0384c-337e-5f4b-b13f-76e1e877a687,2024-1,Ingenieria en Desarrollo de Software,2023,Regular,1,3.808619765314515,0.20795988221260275
24badb1f-7345-5778-b50e-95a4a0299523,2023-2,Ingenieria Agroindustrial,2020,Regular,0,4.670591046433635,0.17634846029479115
c9df965a-ba85-57b2-8db0-b49703cce1ab,2025-1,Ingenieria Agroindustrial,2021,Regular,1,3.870846490946571,0.2053031237709292
7f4e8bef-1150-5708-aa84-0f6a9fce8102,2025-1,Ingenieria en Energia,2023,Regular,1,4.339671239145807,0.1872774474707119
ee36813b-b731-5f55-9bbf-0fb1b04396b0,2023-1,Ingenieria Agroindustrial,2020,Regular,1,3.139192231591435,0.2415930316953461
a74eb047-7cf4-554a-ae27-5c763d3376b5,2023-2,Ingenieria Agroindustrial,2023,Regular,1,4.448656868092434,0.18353146916922636
62e578b5-b243-51ac-b863-444e473c4536,2023-1,Ingenieria en Energia,2023,Regular,1,4.667529617777829,0.17644371841714135
fbf37fda-fa76-54ca-9188-9a50c0f76dc1,2025-1,Ingenieria Biomedica,2022,Baja Temporal,2,5.203906182307178,0.16118876891657133
cbb10722-0e2f-5682-b20b-09b57bdddc08,2023-2,Ingenieria Agroindustrial,2020,Regular,1,4.266571881412394,0.18987683497292723
49ec7b01-ea08-5161-9647-b1833dc2cd51,2024-2,Ingenieria Biomedica,2022,Regular,1,4.869989379933701,0.1703580594912924
