id_estudiante,id_periodo,programa,cohorte,estatus_academico,PC1,PC2,PC3,PC4,PC5,PC6,PC7,PC8,PC9,PC10,PC11,PC12,PC13,PC14
IAG20200007,2022-1,Ingeniería Agroindustrial,2020,Regular,-0.9630940645322714,-1.2558355147177203,-1.8857509047200627,-1.1631026551388661,0.35722885644500907,0.5684414974763647,-0.42742037095122526,-1.4742901380266868,1.212197686443371,0.5087912147799618,0.2551704573625052,-0.6651232658610261,1.0845110793695871,0.7937348481154431
IAG20200007,2023-1,Ingeniería Agroindustrial,2020,Regular,-1.686505982513161,-0.12427683465358064,2.1932958349293674,-1.5793082135715735,-0.4478670481825141,-0.8061180884356345,-0.4522321492648363,-1.2777417193195948,0.29874562229364116,-0.5891126959682983,-0.8133017203018416,0.9433863988018519,0.2349482337870618,-0.10918370315852723
IAG20200007,2025-1,Ingeniería Agroindustrial,2020,Irregular,0.3744718199908678,-1.3427208769253842,1.9966852696426451,-3.19342609718494,-0.49544671388349315,-0.11587618915345091,-1.382067731449064,-0.4454698956792047,-1.5640856576155728,-0.5564843303815677,-0.30632531169968247,0.22115557317395804,-0.048609354330395614,0.29942927011101245
IAG20200029,2022-1,Ingeniería Agroindustrial,2020,Irregular,4.618022361368694,2.05691274508408,-2.366340925309845,-2.3789137806826477,-1.037275914448395,0.05872340304821695,0.8419757118850923,0.6515984969027939,-1.1096875668932626,-0.4259267086401375,0.33619957695835556,0.4343389429294483,-1.0624032560151655,-0.6789646477000879
IAG20200029,2022-2,Ingeniería Agroindustrial,2020,Irregular,-0.5675916164072591,-1.8383193375119011,-0.9866011932481062,-1.1745296205575555,-0.3370039780093206,-1.7041381804259013,0.7820222056520052,-1.1739755206103153,-1.097094854434186,-1.0366954151014127,1.4726780724346051,-0.4816369262543183,-0.20330552314482855,0.25785815609941143
IAG20200039,2022-2,Ingeniería Agroindustrial,2020,Regular,-2.329418749476923,-3.38309533430952,-4.814494060769076,-0.968700364669139,0.12125690593549301,0.10631884314856319,0.20327053540258347,-1.3066264018528573,-1.4772550915313705,-0.42953486357214327,0.2071754899306544,-0.9245609368160805,0.651731331166442,-0.1611995738661363
IAG20200039,2023-1,Ingeniería Agroindustrial,2020,Regular,-1.6211264966646988,-0.8758515867478667,1.6232420414880868,-1.8571880152766025,-1.127039996370782,0.007799548265709147,-0.8856380777162516,-0.5662628162277118,0.5780473466636558,-0.09511116803520137,-0.665255986077621,0.27423192126663115,0.5743237714031688,-0.18861113498900736
IAG20200039,2024-1,Ingeniería Agroindustrial,2020,Irregular,-0.8752973378211448,-1.4535867023989149,2.212254240269763,-2.2655800737891276,-0.7585656955901277,-0.3820348355263903,-1.6251706904582042,-0.09272451001646824,0.09700167428173846,-0.6827660368421342,-1.0110161185085715,0.8150527448377803,0.18380857491907185,-0.9255028413402094
IAG20200039,2025-1,Ingeniería Agroindustrial,2020,Irregular,-1.5106053095167524,-5.555761250811606,-3.6042289391570312,-1.6653678522965343,0.6047022415339515,-0.5518970026078753,-1.8967795896186095,0.6367605415166457,0.3709391743175299,-0.2942236888652636,0.5003796100354728,-0.006194478680269436,0.5263930202173531,-0.1600705924323599
IAG20200051,2022-1,Ingeniería Agroindustrial,2020,Regular,-0.022598552025186958,2.8613727479725495,-1.6535567029640021,-1.8070004959662593,2.032852784522339,-0.37395794688973466,-0.20080881699952746,0.6047218439535258,0.4586178825703815,0.3777876237069321,-1.1596232933614936,-0.3225448528732879,-0.8204726250272045,0.7029720239782957
IAG20200051,2022-2,Ingeniería Agroindustrial,2020,Regular,-0.24142188629441858,0.16718463370910877,0.6146052905577541,-1.369562823124199,0.8640293514735347,0.617076430003687,0.16935547523340616,-0.33980177355874913,-0.3872570619837562,1.12297547705292,0.577448913083575,-1.5783462719365886,-0.2857068612850494,0.373445101587063
IAG20200051,2023-1,Ingeniería Agroindustrial,2020,Regular,-0.028945778859414045,-0.4173152007230589,0.13222601468048764,-0.5691978263476258,2.1790113099297312,0.2586381212974023,-0.09696988296045989,-0.23007029727127712,-0.2618030430957312,-0.24636603522693692,-0.8195676683967386,-0.4351666427398821,-0.9836843051603891,0.1991095230861783
IAG20200051,2023-2,Ingeniería Agroindustrial,2020,Irregular,6.677514316855022,-0.8841768354745161,0.16595754849604213,-0.9603607282125731,0.06339920278619651,0.5110046288611755,1.0649136990373058,1.32909791824434,-0.5095430516592651,-0.30720713653503734,-0.5175803444844398,0.747161010934464,1.1555412068960849,0.6660951528089376
IAG20200051,2024-2,Ingeniería Agroindustrial,2020,Irregular,0.23716110600190424,-1.4033338823552226,2.733473668991891,-0.9752778470638862,-0.1979671543129634,-3.5259998927779153,-0.192785951684828,0.5451755888615601,-0.5450914286000903,0.8925365274282863,1.1562718325509085,-0.37749835264669107,1.2885210254263944,0.0018074169048084882
IAG20200084,2022-1,Ingeniería Agroindustrial,2020,Regular,-1.6351387219495126,2.026543542347901,-1.4500242419015505,-2.236227421463815,-0.5697534518853072,-0.6469372275113415,-0.2241023845432601,0.23632353580297952,-0.7853243562760379,-0.8144559674128719,-1.4238606288111348,0.9436743019229069,0.2551329680182076,0.23876079684467105
IAG20200084,2022-2,Ingeniería Agroindustrial,2020,Irregular,4.002956757571131,-0.4271503718371721,0.5917729476350051,-2.0409939570555493,-1.7781906122883429,1.9297840216411348,-0.11108866954135671,-0.28872059460386296,-0.3297736194633019,0.9655583162615596,0.2682499863246824,0.8107527198824516,0.3336820172720939,-0.9578342284006968
IAG20200095,2022-1,Ingeniería Agroindustrial,2020,Regular,-1.3364641320683663,2.651915259221185,-2.8810936624389534,-3.0405746031146443,-1.3614067814971016,-0.7720012162384703,-0.5538210753669226,1.1843959300050926,-0.2384319650780729,-0.027685240322985093,-0.53522557264871,0.7246935362178559,0.709808739108979,1.1656117434951603
IAG20200095,2023-2,Ingeniería Agroindustrial,2020,Irregular,-0.11806930169856487,-1.9803216171627247,-1.2936315509198553,-2.7971834976403165,0.8514997276327746,0.5954793523888621,0.004425461446834301,-0.7005815352363454,0.5724341284715017,0.43325329185297173,-0.7813653930233349,0.381535518702219,0.4737524269798547,1.5421765668601892
IAG20200095,2024-1,Ingeniería Agroindustrial,2020,Irregular,-0.5729286175537541,-1.159790753976181,2.0155333664584263,-3.0330530480423117,-0.505360455606072,-0.05975720973671061,-1.1265513481050136,-0.22659726580817538,0.8033652215094716,1.104465642390028,0.20474331183585492,0.6847970614435205,0.8478105744036023,0.5232208771214125
IAG20200097,2022-1,Ingeniería Agroindustrial,2020,Regular,-0.645126176807359,2.8165008268972826,-1.5430710568569956,-1.3491910997177758,2.057641937201948,-0.9211433348769171,-1.2905756567678253,0.2965449749636731,-0.02761980289169999,1.0752433390404479,0.3127776856872683,-0.3626039075411195,-0.13897176681010454,-0.6078807926859454
IAG20200097,2022-2,Ingeniería Agroindustrial,2020,Regular,-0.7273516816916554,-0.37741349900519394,-0.3658881296427147,-0.5482855305506626,1.7576319183434117,0.20303056855201784,-0.8459042575189807,-1.20739680941648,0.013842445399090724,0.7989114099384148,0.2822823669289124,-0.03577807342351483,0.33184685115770796,0.07996876937677971
IAG20200097,2023-1,Ingeniería Agroindustrial,2020,Regular,-1.436763239542968,-0.3117595147371643,1.364155673970765,-1.1113734911323219,0.9555594833124279,-0.6832346745123331,-0.35407310300665334,-0.770083553045811,0.5937204376524159,0.35129424705968487,-0.4999759740438174,0.7973235869868416,-0.0429796015946365,-0.03490969353610182
IAG20200097,2023-2,Ingeniería Agroindustrial,2020,Regular,-0.8021073675346269,-0.8311506341999038,1.0898665336810855,-0.6031239513643556,0.5547931301101876,0.6046160364488404,-1.696783535534029,0.30077297685969884,0.05498619763354218,0.7135132267108945,0.11176795059959184,-0.34978164157940445,0.27763061675391026,-0.15848059297660777
IAG20200097,2024-1,Ingeniería Agroindustrial,2020,Regular,-1.6116450540743856,-2.543267602379844,-0.2017750265376052,-0.15360794593813398,-0.6817264723958666,-0.9349521396479604,-1.4113633697738874,0.24639564137689135,-0.22082654709822405,0.406741307430841,-0.6501211334051927,0.03520180628278392,-1.1200310245129332,-1.40712454164052
IAG20200097,2024-2,Ingeniería Agroindustrial,2020,Regular,-0.5414044554882276,-1.6808821681325987,2.5310894153778105,-1.685401248916036,-0.540226521437972,0.2999230711786078,-1.4193642132685007,1.9435697279594009,2.1284027362086952,0.8637751974558844,-0.33117230271451276,-0.47515965598355253,-0.21005503538754938,0.19117909646644257
IAG20200098,2022-2,Ingeniería Agroindustrial,2020,Regular,-0.9924930423263579,1.2569767837223418,-3.3829235617991937,-1.2278686306671565,-0.14975987410764532,-1.1375631960011874,-1.5721454091468086,-0.3138622662302296,0.3520613117018611,-1.4261190099267211,-0.8663154012374823,-0.5762791967842364,0.2556057417308893,-0.5759649669876187
IAG20200098,2023-1,Ingeniería Agroindustrial,2020,Regular,-0.3604698444067386,-0.07357575362384332,1.6372884622982335,-2.419330074528901,-0.44610714797634465,0.2879837486785471,0.45436471770518916,-0.21725035642476914,0.8397740364689626,0.05969259302690154,-0.8617371128227901,-1.2785213556094945,-0.4091020552962423,0.3086309900735188
IAG20200098,2023-2,Ingeniería Agroindustrial,2020,Regular,-1.1354649861568171,-2.2440773902335,-0.858769403690008,-1.2690545822020722,-0.29992431936208275,-0.0644900113850619,-1.0158235806679012,0.05811640365662064,1.2712411131668744,-0.11600341798375004,0.011535753395984992,-1.5296455398481548,0.18924071760836952,-0.41189189925093206
IAG20200098,2024-1,Ingeniería Agroindustrial,2020,Regular,-1.8424574161376246,-3.5875357153379523,-1.657618189410189,-0.4822328882069665,0.30810133465291717,-0.9608538869825892,-1.1850903937122799,0.49523428800643643,0.8440889679908687,-0.8529242155335361,-0.8398173624591011,-0.5116558402524375,-0.7903651848943172,-1.1492627654771186
IAG20200124,2022-2,Ingeniería Agroindustrial,2020,Irregular,-0.612854831215422,0.7339463949146918,0.9960119730400951,-1.1860712313373818,1.1623444872456747,-0.03839560589575116,-0.5779039234463451,-1.82029394243434,0.7270443701647097,-0.34738037050212645,-1.795724580911501,-0.23641083472133517,-0.15869888648631575,-0.8067736457041006
IAG20200124,2023-1,Ingeniería Agroindustrial,2020,Irregular,4.172053974851451,0.2724673369963818,0.6958688801433294,-1.6795619830181046,1.0272222038556578,1.6416011001849042,0.5973572809700789,-0.05254687961748784,-2.376366513590896,-0.8213904275272569,0.13255737851902505,0.625707075506535,-0.2953465966165936,-1.2556023524078153
IAG20200124,2024-2,Ingeniería Agroindustrial,2020,Irregular,5.006765293089012,-1.5799495602409765,-0.43366996699934024,-2.6298338638115495,-0.14105597030308795,0.11501416684001282,-0.6204478711071479,-0.542513010987883,-0.8501866685601396,-0.6559962685228058,1.767197967052659,0.1968824498749244,0.5687082640558737,-0.30517843561406344
IAG20200124,2025-1,Ingeniería Agroindustrial,2020,Irregular,1.0577576985573978,-3.1768494240984766,-0.8076864969476748,-2.4478223920649156,1.0234366084153887,-2.4324287866039,-1.19011739809991,-0.6631730355607287,0.5114759499367966,0.14999698581440363,1.7112176866225794,-0.1814231965394135,0.05568936112371072,0.6429842326486676
IAG20200127,2023-1,Ingeniería Agroindustrial,2020,Irregular,-0.8673224722928232,-3.5953624692232817,-4.305281161433447,-2.464809733921848,-1.1449684499845483,0.3982047370647534,0.019061017259678743,-1.2135996570750933,-0.26054410306149284,-0.3920160143699138,0.840286292171282,-1.5995796115873415,1.2508743322703546,0.8159144507077577
IAG20200127,2024-1,Ingeniería Agroindustrial,2020,Irregular,-0.28477733270042893,-2.290629610235289,-0.414579434284966,-2.706618157177594,0.27607725945335826,0.12446714969911299,-1.3797332688125918,-0.4925304979979787,1.275149782649871,0.1255518319584672,-0.9316299812383344,-0.12429121148911176,0.41229855722538034,-0.18116961943207913
IAG20200127,2024-2,Ingeniería Agroindustrial,2020,Irregular,0.30161580707386737,-3.7906137635603185,-2.110687891248961,-2.095195972410754,0.529694842783564,1.2805085129037967,-1.600459649995168,0.9615086877428103,0.11333984854337628,-0.17874797171990994,-0.3015584672839874,-1.1920898943227463,0.06588707297687894,0.7867423527315226
IAG20200157,2022-1,Ingeniería Agroindustrial,2020,Regular,0.17617946768611914,2.944383274728318,-1.3926553212720356,-1.535898987011991,2.2812089202683556,-0.5897397770947218,-1.150811169246309,0.08871155297773942,1.290616422510013,0.5834263698886987,-0.8688265601819823,-0.02505070615485686,-0.3461243132243669,0.0601457412911694
IAG20200157,2022-2,Ingeniería Agroindustrial,2020,Regular,-0.8298286997029826,-0.7470929967751649,-0.905933700223085,-0.2852233997431834,1.076015959889813,-0.14600796327130613,-0.7922934340779499,-1.4383690990142306,0.3840054103790267,-0.8745412425181609,-0.9296296868919688,-0.33144072724630913,0.015424886064153515,-0.6979199284085355
IAG20200157,2023-1,Ingeniería Agroindustrial,2020,Regular,-0.318922777967053,-0.5761692140760515,0.12635001351523517,-0.02168473762944823,2.1214666439856757,0.6967928336608078,-1.7097945022168055,-0.11919013407170388,-0.38192163694751197,1.3123772115759973,1.1932120087422826,-0.7506763670146275,0.14926290428665756,0.1887143233099534
IAG20200157,2023-2,Ingeniería Agroindustrial,2020,Regular,-0.8760803970713716,-1.2404877257386089,0.1245214825685049,0.1399966484940306,1.692924770376626,-0.05947192087814926,-1.5878138330057818,0.22794218871570118,-0.007964325058572046,0.07603930965731974,-0.07594315067961532,-0.5047578513230088,-0.46665199589093853,-0.6284445150414276
IAG20200167,2022-2,Ingeniería Agroindustrial,2020,Regular,-2.499168793282806,-2.634721740066554,-3.1558552945915093,-1.1828309089976174,-0.4756665839986454,0.18311209176266843,0.11876297668355028,-1.6516572100180533,-1.9285671942738871,-1.28224947280091,-0.15350493287523057,0.32770801264941785,1.2143690552782178,0.27912766321280036
IAG20200171,2022-1,Ingeniería Agroindustrial,2020,Irregular,-0.24991465627194778,0.1902334847548879,-0.39693778411957303,-0.7858355484848641,1.9844348135412708,0.5837913972971345,0.24752168419242984,-1.2817970326994002,-0.43695094637698106,-0.18055100794477272,-0.9630128590413986,-0.42998702532942384,-0.460801555094786,0.29888693057387866
IAG20200171,2022-2,Ingeniería Agroindustrial,2020,Irregular,0.21186828359728452,0.18805348705829036,0.7993956041105618,-1.2065803171189335,0.9539964068366159,0.7471771629314374,-0.7799447494359839,-0.786715509846773,1.726734292932951,0.9273679493967167,-0.4646559043225291,-0.8089525330608724,0.09177761798440257,0.5349372756797793
IAG20200171,2023-2,Ingeniería Agroindustrial,2020,Irregular,6.016446987625576,0.39933730835034725,1.7418409423981174,-0.5867287626791782,-0.28802035579428437,2.327364915556941,-0.07517697372650997,1.191110593647948,-2.3303736121391374,0.33742948130168504,-0.20350207992789274,-0.8422700254323913,1.2683945114557,-0.06150589177326478
IAG20200171,2024-2,Ingeniería Agroindustrial,2020,Irregular,0.42822734935207996,-0.8484485996555962,2.7898834520904363,-1.8912628665845548,0.23801470384668472,-3.0555843878853017,0.8776924489781787,0.24834683323293139,-1.1431516078602753,0.20679553090842342,-0.20720610815269705,-0.47398688448178716,0.44700317403184686,0.09291259671508227
IAG20200171,2025-1,Ingeniería Agroindustrial,2020,Irregular,7.484865722167218,-1.0568146858936665,1.1823517038865738,-0.9362495779568089,1.065782641393501,1.4192925481299148,-1.6346212322670899,1.5481795164618615,0.33673101431615243,-0.10512268913863076,-1.7808558451110719,-0.18134885601540335,1.0479423651728241,-0.0019821583214712033
IAG20200194,2022-1,Ingeniería Agroindustrial,2020,Regular,-0.8234569095004405,0.5240405479565322,0.7465204777989045,-1.023928248661467,0.9301939626915173,0.28947443846509097,-0.6156725689627124,-1.4717283541830277,0.017141187944789228,0.8627245688621109,0.3273756573404375,-0.4801616383936829,0.5147746838490476,-0.19668927532145156
IAG20200194,2022-2,Ingeniería Agroindustrial,2020,Regular,-2.087055278194166,-0.4750367801339901,0.9351072389998215,-1.638662982593699,0.6253841080757829,-1.4095419533281761,0.5639620885866794,-1.4615262177822208,0.807453442444437,0.20673560600062788,-0.12034633387957758,1.257055110280487,0.25554841632887143,0.23995408804480184
IAG20200194,2023-2,Ingeniería Agroindustrial,2020,Regular,-2.027023652147373,-0.8550266843517409,1.3334881567743821,-1.584640121236527,0.7649313257491327,-0.5189911229854883,0.16451464104436428,-0.3085818615759501,-1.7871583723510491,0.40734688564922017,0.31068307971924725,1.1516912624238864,0.008916806053396406,0.5382550056256125
IAG20200249,2022-1,Ingeniería Agroindustrial,2020,Regular,-0.2906187087058592,4.032788976992202,-1.8022997945074137,-1.715022870287045,-0.06565023197258595,-1.3382904049192828,-1.060871773290158,0.8696772834696901,-1.4008422269041874,-1.037138112941561,-0.476132584504948,-0.11183606109373531,-0.6014910943193973,-0.20967066930284933
IAG20200249,2023-1,Ingeniería Agroindustrial,2020,Irregular,5.281579657577988,1.3480236754497013,1.9362393172095718,-1.019719862505476,0.344607169166395,0.605697366644705,0.03067633225564979,-1.1466034997577033,-0.46952032904855806,-1.530270861448206,0.5558511477785029,-0.16291455544368247,-0.6646200335224147,-1.185302675172548
IAG20200267,2022-1,Ingeniería Agroindustrial,2020,Regular,-1.4244589151434564,2.04819826228055,-2.0251532380203403,-1.6129689411692518,1.2936380977796875,-0.48550463997653415,-0.5168627535595601,0.681645531976231,-1.6260974454066603,0.8310139966705339,0.5151444519427782,-0.05652820526230147,0.032774397110371556,0.34047573852353913
IAG20200267,2022-2,Ingeniería Agroindustrial,2020,Regular,-1.1644172189611326,2.1839685740223995,-1.3742829945797237,-1.40883469604027,1.7453778637235142,-0.7072554263103172,-0.6837832650455997,1.098980936466626,-1.2559519241279924,0.3936122123131505,-0.5543546055323266,0.40444329298249937,-0.6185023552391802,0.04780287242087014
IAG20200267,2023-1,Ingeniería Agroindustrial,2020,Regular,-0.7608044764534216,-0.6964735497958481,-0.1404468643883311,-0.6761737055946787,1.8685777985558139,0.4459129287370077,-1.0714321437290826,-0.23716826171935704,0.750461415633428,0.8336377157514858,-0.4908511300481994,-0.5247489977464477,0.044034876585717204,-0.32155582771226215
IAG20200290,2022-2,Ingeniería Agroindustrial,2020,Regular,2.406497521919014,-1.0803702664884325,-1.4982757823447295,0.16824894478486618,-2.1589675509849044,-1.3085176321843497,-0.761439429091724,-2.0124577194325135,-0.27728314273780647,2.6942619604482423,-0.2132804099160432,-1.4137513818963485,0.5161652206398486,-0.1782962337296908
IAG20200290,2023-1,Ingeniería Agroindustrial,2020,Irregular,8.114171468629925,-1.6172204412176372,-1.4979039258186166,0.19647261950864994,-2.4898634366914303,-0.44826274042571196,-0.7582354620252221,-1.0750713992505925,-1.482618899367915,2.7363924259825794,0.43453180004155917,0.39971717718466226,-0.27501188243684616,-0.08912644423207819
IAG20200369,2022-1,Ingeniería Agroindustrial,2020,Regular,-0.8601287839614143,0.05447404357735898,-0.270817524246302,-1.1301789504576758,1.9840983966761645,0.7602057070858522,0.3922977751493394,-1.2405887105024545,-0.3831339233176218,0.6866989263879792,-0.8076323864750843,0.5014611467649728,0.025585485804042886,1.261091291623239
IAG20200369,2022-2,Ingeniería Agroindustrial,2020,Regular,-1.8558493482619585,-0.6026141914550718,-0.07005791502816866,-0.9548943668688339,1.747460113730454,-0.1339659577935801,0.36264860207140637,-0.7571566150992012,-1.3983209249410395,-0.07104684228398703,-0.8901218411495516,0.7720985395404634,-0.27582892581594953,-0.21892564987548108
IAG20200369,2024-1,Ingeniería Agroindustrial,2020,Irregular,0.5495640990874766,-1.0809411529736244,0.6342837168812887,-1.858386539979672,0.3275253592543774,0.8477432619561971,-1.2057703887575502,-0.36457676862865596,-0.8416443267956369,-0.5219507093399194,-1.1801392183473858,0.10017616094747243,-0.12559311112083288,0.38087412025683604
IAG20200369,2025-1,Ingeniería Agroindustrial,2020,Irregular,-0.354033881043905,-4.642912324088999,-3.833132883402969,-1.2801564129947547,0.21447037528196197,-0.6282016012016225,-1.1343801481689835,-0.20401664103517064,-1.3082173925571496,0.7919881819022744,-0.8444304657966321,-0.20034317996052536,-1.6242320718780152,-0.6515738451940701
IAG20200376,2022-1,Ingeniería Agroindustrial,2020,Irregular,-0.6875425101711701,0.8729135920377068,1.630477497039495,-1.5332045313422855,-0.35802720200762084,0.3856851478995761,0.30684668981863766,-1.0464273952506877,-0.9718011702226452,0.011461419230107402,-0.19795844857700326,-1.2097775294177673,-0.15535126781435185,-0.4138185414636983
IAG20200376,2022-2,Ingeniería Agroindustrial,2020,Irregular,2.582081949949054,-1.710177494765647,-1.7140863100430148,-0.3878944710633536,-2.6212779193357694,-0.6412709615933619,-1.3455178248545856,-2.132894001268583,1.122276969943706,-0.4115088347944176,-0.7834182589167813,0.5026760270186578,-0.691757515014943,-0.0559396503060261
IAG20200376,2023-1,Ingeniería Agroindustrial,2020,Irregular,1.3556224254417082,-1.2123271336702355,0.6498446909243767,-1.3097189758752257,0.32940794311229704,0.553052826016677,-0.6373240791996448,0.437372585156566,0.28661370405304704,0.12897151761407258,0.24167479981825374,-0.7969351508549215,-0.4428255812531075,1.0701156999005126
IAG20210043,2022-1,Ingeniería Agroindustrial,2021,Regular,-1.0643919046503465,3.4121579146262566,-2.561950422247872,-1.4926048932774199,-0.8845268155273611,-0.49643194688001135,-0.47974017589463674,1.8405702693042574,-0.8143371867422307,0.6297838768658637,1.45059464878741,-1.08909294482316,0.24950879010788893,0.5272425132256817
IAG20210043,2022-2,Ingeniería Agroindustrial,2021,Regular,-2.1467932902581457,-0.49053105198554164,-0.20881631929284114,-0.48470863247996887,1.6103435279570435,-0.7123356845333643,1.7717707575779598,-0.5298020197250756,0.2775246175542462,0.04090301325756024,-0.34397741364044665,0.6417097985682342,-0.6300922858927347,0.5766098908631566
IAG20210061,2022-1,Ingeniería Agroindustrial,2021,Regular,-0.9151163870457082,1.4924374004857057,-3.3756590745626407,-1.165570003335466,-0.191071568937547,-0.07295234600443108,-0.5687089605220044,0.3842941231531378,2.0571097845041524,0.549268360617283,-0.2872242615394069,0.028027298674754626,0.6992702436769515,0.8724763811659805
IAG20210083,2023-2,Ingeniería Agroindustrial,2021,Irregular,7.684131932633704,0.7490852267052831,-0.16549624725053214,1.4621617798662732,0.09336266192758907,-1.5175023181254352,-0.08105693612443006,-1.530580430149597,-0.23498466004574284,0.47907046612393067,-0.5582524433237215,-0.6745914362722074,2.526175638627719,-1.0169482342413365
IAG20210083,2024-1,Ingeniería Agroindustrial,2021,Irregular,1.2176670011328148,-0.6186156674549942,-0.01902811537587679,0.3362938389763088,2.2321657974488667,-4.111315459501618,1.357416500949878,-0.6752503316464211,1.0054866823137398,0.6296706670271075,-2.066714908523876,-2.37556572427184,1.752463992271269,-0.42565409288186107
IAG20210083,2024-2,Ingeniería Agroindustrial,2021,Irregular,6.733694353922265,-0.1832940959635163,1.2367511800252267,0.5330897626697038,1.3226497826434804,-1.2458290988404905,0.44211152155172045,0.7544276671994427,-1.513944703870107,0.8841055165850634,-0.06182336492333803,-1.1415246841316147,2.4658035755740824,-0.2914802893303281
IAG20210083,2025-1,Ingeniería Agroindustrial,2021,Irregular,11.938762550251829,-0.06382630187088291,0.7226658225029674,1.6619598391342927,0.8611275266684706,2.1640401026023306,-1.9732895316034327,1.7952089479602493,-1.8760271445464882,-0.9168087440585332,-2.3073571879449797,-2.6508697070731957,1.8757976240982108,0.619331499551856
IAG20210108,2023-1,Ingeniería Agroindustrial,2021,Regular,-0.3388581284316727,0.6411696507692534,0.5990298037685251,-1.1850834301884656,0.9687411689938786,0.3065696775859638,-0.3398074971306096,-1.287540063156806,1.5613301746934516,0.5172226366353307,-0.7781569196784754,-1.3632728424099667,-0.05644321640248589,-0.3143632064249876
IAG20210108,2023-2,Ingeniería Agroindustrial,2021,Regular,-0.6225181182542622,-0.5563610860436736,0.37045443255579846,-1.220697130857155,-0.8960037174544833,-0.11567071306641113,-0.45299911221353867,-0.9740484698579301,1.6869243745573705,-0.8883102501561417,-0.7641607444876454,-1.4775638035075527,0.09088574386382497,-0.4833895123640686
IAG20210108,2024-1,Ingeniería Agroindustrial,2021,Regular,-1.171099346234515,-1.4430043682667395,-0.22660219258241135,-0.4722663631421407,1.5953415596688896,-0.4117977046891055,-0.8826383607578336,0.02580956304710555,0.1037967594091401,1.0850508246954502,1.747007643959563,-0.6704838312067571,0.01922072756449612,0.18182908965364505
IAG20210133,2022-1,Ingeniería Agroindustrial,2021,Regular,-0.8877588332122561,3.9693864548053623,-2.6257532561482746,-0.2680098078218205,1.1138774649443326,-1.2248802231216351,-1.4571334797345783,0.8444689803591028,-0.06407310796122911,-0.026433332298528008,0.16765675709362654,0.35594628724154836,-0.14458825316576748,-0.24230756223895003
IAG20210133,2022-2,Ingeniería Agroindustrial,2021,Regular,-1.2875207910738853,-0.45771717291537695,-0.9466911755328226,0.887529062679756,0.7912692224419138,0.027113225670506703,-0.49340146659970846,-1.2210108337453465,-0.02734541005270362,-0.6364789409699733,-0.21426422854049373,-0.2593972040937532,-0.01318290935614997,-0.8150795223819782
IAG20210133,2023-1,Ingeniería Agroindustrial,2021,Regular,-2.5519653268412625,-0.17625633627368814,2.2380346814400256,-0.5141528664064755,-0.7567494421867249,-1.9598630246137445,0.9029735910073051,-1.0027962225563465,0.40858442411977075,-0.5489706578348421,0.6521369265167067,1.5318112989687362,-0.060343774239571865,-0.009919954465853024
IAG20210138,2022-1,Ingeniería Agroindustrial,2021,Regular,-1.5289907452083036,-0.3593501392346517,-1.267553822030435,0.4296833746377394,0.5948811819579818,0.35478536409117156,-0.17766809151275376,-1.3846606444694989,0.35125485479623303,1.0201616715495023,0.3186922847079194,-0.4007619080833521,0.19978211942008092,-0.02076038657254461
IAG20210138,2022-2,Ingeniería Agroindustrial,2021,Regular,-1.0659090457890847,0.4869172846743928,1.8143216671980888,-0.4623465719622072,-0.6899969488905935,0.5882258808605543,-0.3170768638787583,-0.4361458545899385,1.1606071973829224,0.542835493302433,-0.04580360947077912,-0.4468782781163758,0.29370000976586447,0.027606073452082828
IAG20210176,2022-1,Ingeniería Agroindustrial,2021,Irregular,3.6445477940131563,2.971939249986775,-2.6932694909806885,0.05115376541139318,1.0126843960464604,-0.25826436951816767,-0.9045819372604939,0.4231530091238975,-0.2618387447992952,-0.45206636600725664,1.6129693474977422,-0.6503055721960409,-0.5675804528422573,0.9636757107227389
IAG20210176,2022-2,Ingeniería Agroindustrial,2021,Irregular,1.268622496504835,2.862907361136774,-1.4049030121256145,-0.03902041412879673,1.8277414173281736,-1.2228431980889019,-0.44200803528131444,0.6327836196108877,-0.4298567392683118,-1.3831370975386874,-0.6278388074201041,0.25311373871701054,-1.3788786350581668,0.05731376243650354
IAG20210176,2023-1,Ingeniería Agroindustrial,2021,Irregular,-0.617378262419963,0.011158153676133894,1.1632726698988978,-0.5524961723492652,0.9746150501869452,-2.2340206700836593,1.1233264865648538,-0.9850603744418401,2.1534496040914632,-0.44024873898133515,0.06605732629964872,-0.14603884959387675,-0.8783345965262874,-0.06728509798766774
IAG20210176,2023-2,Ingeniería Agroindustrial,2021,Regular,-0.4307416165635401,-0.4938861314133243,1.0904484681867823,0.22134905958164952,0.5152955695151915,-0.7886753231800908,-0.5296044756551781,0.05326968416350558,1.1179117818888678,-0.36182453280249405,-0.051256376966551984,-0.6236488899626143,-0.5352565663780078,-0.3743307966001499
IAG20210176,2024-1,Ingeniería Agroindustrial,2021,Irregular,10.675521399229538,-0.8193512729801861,0.8363425065894093,0.14993218669815153,-1.9232791700223348,1.2944386128904393,-1.92257887551736,0.6754004066016991,0.17504395016618815,-1.2048322143448185,2.3160233911601313,1.8015985231163407,0.22317650345477924,0.7804548070065895
IAG20210196,2022-1,Ingeniería Agroindustrial,2021,Irregular,3.0731569560792282,1.5075021978652086,0.6964287275797406,0.904520059811231,0.9478752988747071,0.18520599516588437,-1.0309675583355764,-1.8138156976739086,0.22858157559974873,-0.2844638327693628,1.3566099838878696,-0.19836369076892274,-0.056743159857217215,0.08775865429953075
IAG20210196,2022-2,Ingeniería Agroindustrial,2021,Irregular,-0.9385928546776356,0.4271717091573895,1.1556205040757537,-0.40287750558930036,1.055907157949434,-1.7505831200255066,0.8267598696332645,-1.1774868929077926,1.2321567933759494,0.02513762803045125,0.3123207705987489,-0.33510409227528537,-0.5776937438281965,-0.4674069268937107
IAG20210196,2023-1,Ingeniería Agroindustrial,2021,Irregular,-1.3254357072363758,0.12963338549871076,2.280627340871356,-0.5242643897423075,-0.4804406310588374,-1.885455018055793,0.5199933388169748,-0.8660646337343191,0.9718757337808761,-0.7628931239109911,-0.060135956349493,0.43446535119268115,-0.3811022426530508,-0.3852819263963048
IAG20210196,2023-2,Ingeniería Agroindustrial,2021,Irregular,-1.2574341309634864,-1.7282299400600873,-0.030390627754447248,-0.4239202384304107,0.05765676573483697,-0.8264033645678872,0.7704028803674791,0.5623513603400018,0.34108083679310525,-0.36816422873359267,-0.3700672188960811,-0.14533673032360242,-0.8473138690682145,0.32399180484989243
IAG20210196,2024-1,Ingeniería Agroindustrial,2021,Irregular,-0.6970286497221885,-2.4179233414520294,-0.3837683303258853,0.0975695333825877,0.8558277075930784,0.1711590215010013,-1.2798114328784833,1.598122559866332,0.9876208839605091,0.8083831901652899,1.0018876309375104,-0.7827771487105039,0.102127099956476,-0.07366178852621966
IAG20210215,2022-1,Ingeniería Agroindustrial,2021,Irregular,3.0479726856373612,3.595459563673578,-3.6311590838159145,-0.17597987061815587,0.2194977434801491,-0.8807630066480299,-1.3334797675777146,0.7719517895460368,-0.719919826941332,-1.1156038045012466,1.1178727878185175,0.6212126702690581,-0.3214569297000798,1.2689537855115782
IAG20210238,2022-1,Ingeniería Agroindustrial,2021,Regular,-0.5411598850593301,0.5745613341138847,0.11591180432290904,-0.16216978386150474,0.17167266837922693,0.9714776133565717,0.7227434009318364,-0.9110454967493425,0.2824985155379975,0.00563295714716159,-0.25164591096507377,-1.0657881826706503,-0.2300542714714518,0.8961052787758793
IAG20210238,2022-2,Ingeniería Agroindustrial,2021,Regular,-2.1569353632209576,0.9382847093185704,-1.6595543489606899,-1.7658262169885608,-2.390115751572003,-1.597802457797112,1.0096271968296073,0.8701563650267038,0.5873132766644966,-1.2823403473094659,0.13342276733026345,0.4561269492158553,0.07865111351494755,1.0516638566384187
IAG20210238,2023-1,Ingeniería Agroindustrial,2021,Regular,-1.364248992862301,-1.0037172179776699,0.0207648324511124,0.22483814038352373,1.4685755437093977,1.1193006615597723,-1.0071310856340014,0.6645936920974741,0.9747040126533997,0.9866730090929453,-0.6088096020105466,0.09637265000135838,0.040686244448221255,-0.2409655208599607
IAG20210238,2023-2,Ingeniería Agroindustrial,2021,Regular,-1.166609578847974,-0.7634294567675334,2.0173978722533175,0.3568322171792141,-1.3480978639530155,1.102099106465796,-0.8302134461908194,1.168426773979316,-0.9178210863986478,-1.0413440021769476,-0.7302762376548146,-0.2342481822260956,-0.5198114069228083,-0.06569467746481553
IAG20210238,2024-1,Ingeniería Agroindustrial,2021,Regular,-1.336126351925364,-1.9710553625251586,0.4444571549055123,1.0433464772031713,1.2610496721412654,0.3888064442989623,-1.5959007280392037,1.4489675513658893,0.3036808414218943,0.04597464188412692,-0.03917629601007305,0.5274253396133204,-0.5376171516005995,-0.30615022416727883
IAG20210238,2024-2,Ingeniería Agroindustrial,2021,Regular,-0.9902255644272829,-2.56279090855934,0.38458046007419255,0.38464906470551485,1.2687723272676523,1.0114492874722165,-1.6933001121745959,2.730743799089729,1.648645309965462,1.0728017501387552,0.05525992794626541,-0.37802391760193077,-0.4744392214432137,-0.014073929119420684
IAG20210315,2022-2,Ingeniería Agroindustrial,2021,Regular,-1.165762066531587,1.3008065930031525,1.964601433209093,-0.6697639855379942,-0.3546614969380984,0.5927176053097076,0.6193240736415498,-1.3269615369750405,-0.6174304855014886,-0.6193326419579835,-1.3119709733672384,0.24149265041638562,-0.13858392518701593,0.3474073992893568
IAG20210315,2023-1,Ingeniería Agroindustrial,2021,Regular,-1.976269157006727,-0.8060778024648605,-0.8468140837015798,0.5344174559082546,0.8396811715617828,0.08806262351031605,-0.8135789626056182,-0.9639413878011729,-0.8514699173000496,-0.469314555280933,0.19653549447728003,-0.10463050786306385,0.5022039398205735,-1.000741051101069
IAG20210315,2023-2,Ingeniería Agroindustrial,2021,Regular,-1.955519365387327,-0.8756031353955317,0.23793310358104044,-0.002675255869028294,1.7374707289585087,-0.2305197126620514,0.42359185542095157,0.11291713537824806,-1.4086174459412637,0.3571976099896616,0.4573724034155902,0.6982009458916058,-0.5406250268785155,0.33879399958751866
IAG20210316,2022-1,Ingeniería Agroindustrial,2021,Regular,-1.115596242446151,0.08010033972747506,0.012043607135097478,-0.21376930282090353,-1.2464655721341418,0.8798459013016856,0.5179580244038878,-0.919153060558243,-0.9143705419888416,-0.23973012059241028,1.1614694701631592,-1.435098641139895,0.5066368255702234,0.6163018508442792
IAG20210316,2022-2,Ingeniería Agroindustrial,2021,Regular,-1.6031640163001966,0.6245786669089038,2.260525953726691,0.10097114386657455,-0.4154004963188697,-0.24894340550823202,-0.32840981336482367,-0.7907545656281623,-0.4049504919480353,0.1660077662045971,1.0352094049541818,0.19035978804547277,0.2172524355305965,-0.25090573870263894
IAG20210339,2022-1,Ingeniería Agroindustrial,2021,Regular,-0.2949739003513149,3.378195030908185,-0.3413395741738305,-1.1347381880682794,-1.3632077957248512,-0.14562741361810663,-0.05365258960676631,0.6216340655519084,0.03036305169236376,-0.7999698608658422,-0.4738722880556711,-0.879618084457324,-0.3577998012329926,0.2168413765295851
IAG20210339,2023-1,Ingeniería Agroindustrial,2021,Irregular,9.267330975361105,0.34094229894598366,-1.4701335320888262,0.9699741375249396,1.078945370023364,3.455655265785389,-1.049408811285024,-0.26702316618320165,-1.2523766921936013,-1.649234885057449,0.7313359273256722,0.20117435113053697,-0.4662365848707065,0.8421796361874929
IAG20210339,2023-2,Ingeniería Agroindustrial,2021,Irregular,4.795451493990876,-0.3879737135911268,1.0416516075219024,-0.8067255391914184,-1.6584969401448673,-1.687408670654592,0.16011099280462182,-0.8999643711972055,1.1566154861200952,0.5353970247934373,0.5230572981743078,-0.8957565221499237,-2.2713669327224326,0.8240964618746628
IAG20210339,2024-1,Ingeniería Agroindustrial,2021,Irregular,6.597459312444606,-0.10657447537807473,2.340725757478894,-0.24684991441339568,-0.06283155903922263,-1.2236949811412872,1.4079529366994599,1.2888086831188301,-1.3372045393268028,-1.573932753962796,-0.19161047708874415,-0.4266014948146399,0.1591760086205519,-0.47691823418784396
IAG20210339,2024-2,Ingeniería Agroindustrial,2021,Irregular,5.21488038071789,-1.350986284943444,0.9440229386813584,2.0800088897000872,2.2370767202011983,-4.327499453349082,-0.66588944105277,0.9289500256255896,-0.01391743766034001,-0.09310639901488393,-1.1084635326197634,-0.6015100031370121,1.7376733919999519,0.03068328851447275
IAG20210345,2022-1,Ingeniería Agroindustrial,2021,Regular,-0.08466014615308105,3.516366687023135,-0.8607474475892313,-1.4104836599448614,0.5423834442478365,-0.062137210279578574,0.3013951217015741,0.8674999760388772,0.8269229957661492,0.24261430063959374,-0.8786212067318293,-0.4059555223394199,-0.6066708596807834,0.5458360370242321
IAG20210345,2023-1,Ingeniería Agroindustrial,2021,Regular,-1.8614286155663298,-0.2548968735902872,-0.3292440239830151,-0.043785130169829295,1.5434639453033825,0.3715495410358138,0.3725155272998032,-0.5241336102919706,-1.6287562718305109,0.49616974146831666,0.1582109063209187,0.011297527586848153,-0.11341775606008056,-0.01866097582748269
IAG20210345,2023-2,Ingeniería Agroindustrial,2021,Regular,-1.815566564031345,-0.4505159106133414,0.3061089845041851,0.2952769910123685,1.878007581640115,-0.2599428764057219,-0.5714849272225954,-0.5924755510356142,-0.3034188512149831,0.027366422657110666,-0.484975160556028,0.9306978564413684,-0.065061148852686,-0.7411944529778793
IAG20210355,2022-2,Ingeniería Agroindustrial,2021,Regular,-2.493090605017363,-0.485846181648427,-0.8192377778254872,-0.49735667749083845,1.0386463256397334,0.545452877121425,0.6685264585124173,-0.9810323322755162,-1.7203147938352608,0.49728028639671856,0.04877000372059462,0.6430578215597953,0.579560582022897,0.2430259426015638
IAG20210355,2023-1,Ingeniería Agroindustrial,2021,Regular,2.161158697542049,0.05114338055932397,0.7345311219417429,0.2765826465232136,-1.84071211603111,1.1528753989975749,-1.2663693922236614,-0.0623282535929544,1.1798803013244612,0.9101480798411586,-1.4942271291516969,-0.8816144596448409,2.519080614262911,0.7936585965442314
IAG20210355,2024-1,Ingeniería Agroindustrial,2021,Regular,0.4588353296361888,-0.782590730754325,1.1859546935543717,-0.7934847852477643,0.7867365640289449,-0.5304968903598537,0.48812127049471055,0.8271889295423521,0.3313492861606795,0.7172239392629239,-1.978375383824151,-1.0599492520490361,0.7897773617891309,0.7656305742579396
IAG20210355,2025-1,Ingeniería Agroindustrial,2021,Regular,-0.9895588438132549,-4.1620680099770535,-3.025285493435996,-0.05151937944512359,1.3265524494087493,-1.8123111625362205,-0.41215278892452306,0.8093299618601836,0.9063486853093919,0.7237383767249346,-0.9678057691585329,-1.1412481674489934,1.2571511968338027,-0.08075245102945397
IAG20210361,2022-1,Ingeniería Agroindustrial,2021,Regular,-2.4206824041062776,1.900065617141233,-2.6886880162976357,-0.16673435322406963,0.18122730216861807,-1.0052427411461664,-0.9756615009565588,0.2156948110402239,-0.8689296553918741,-0.31281834266397396,0.24265988437656122,0.48162546500357367,0.5643445420441382,-1.0453855143480448
IAG20210361,2022-2,Ingeniería Agroindustrial,2021,Regular,-1.7567784099741706,-0.2936537612948765,-0.03282978729687772,-0.05649595681852483,1.7630504800857842,0.3186680270002157,0.7525264049919517,-0.29257440445923477,-1.194935532317765,0.9858951584691077,0.8050842765686409,0.5774000709607591,-0.10282379877871817,0.7158965004441955
IAG20210361,2023-1,Ingeniería Agroindustrial,2021,Regular,-2.2383396501332076,-1.2186255766212548,-0.1333579304757933,-0.9146799572902885,1.4052636917861374,-0.3583404738477333,1.548407347712533,0.209851844907372,0.44961846237184155,0.8026317472931764,-0.15618052924286893,1.2466163229480132,-0.3153333229799301,1.0310166672534598
IAG20210361,2023-2,Ingeniería Agroindustrial,2021,Regular,-2.49144765607434,-2.370409474464029,-0.7717170626015663,-0.1509356826100242,0.10589121719338922,-0.07357675574784382,0.45516893057953606,0.8196305151429933,-1.0013759838177747,1.2583876796116096,0.6778450588441289,0.8622011161538683,-0.41671080568289925,0.5486356832902722
IAG20210386,2022-1,Ingeniería Agroindustrial,2021,Regular,-1.8798018956636147,1.1601751689850386,1.9153651413999464,-0.39022608308974444,-0.5169996867317627,0.1405463570707998,-0.03853639639415527,-1.407268423333698,-0.2595691802326084,0.03923565969674223,-0.3813738457825031,0.2339193087690571,0.5188479632083591,-1.1084311438069143
IAG20210386,2022-2,Ingeniería Agroindustrial,2021,Regular,-1.36285247779818,0.6497484245139186,-3.4404008960125276,-0.5021902736110387,-1.288160646324398,-0.7427394558687052,-0.15507095744201838,0.6995179843378418,-0.6908555902611818,1.5378279251964528,-0.2311869896687081,0.7228462763143791,-1.1741585602832618,0.7308734231475931
IAG20210386,2023-2,Ingeniería Agroindustrial,2021,Regular,-1.8247698738490847,-1.6131109045430903,-0.5510403349391252,0.2589323013192286,-0.6190170058557026,0.3602827845630952,-1.1407838838547695,-0.06753053347331903,0.039423745190825664,0.6769981094091448,-0.4071035457262274,-0.3898916466460493,-0.19955813755436827,-0.8517111984804328
IAG20210386,2024-1,Ingeniería Agroindustrial,2021,Regular,-2.648119272246524,-1.3245231668428767,1.6862244187463946,-0.6921252857243487,0.6622713730974358,-1.3186412162716774,0.10806497514819968,0.5046013752457693,0.5021144038145693,0.42509899586191313,0.5270675541885628,1.3294712124125547,-0.19489267221806772,-0.24342889024811373
IAG20210386,2024-2,Ingeniería Agroindustrial,2021,Regular,-0.8184334301633358,-1.679606474007329,1.2353606975422353,0.0031104966564505735,0.08316093609155767,1.0149347745461141,-1.7687743713721664,1.492468702665285,1.064359568785144,0.41432237204849653,-0.4369553744029133,0.0971632216540452,-0.09698120409085294,0.13836233584081445
IAG20220048,2022-2,Ingeniería Agroindustrial,2022,Irregular,-1.4590817462274952,0.5968944195131495,-0.6197929947489573,1.1234793702705903,1.4516278336434332,0.5075719436871254,0.24467418424009343,-1.0195620989527443,1.061311487705485,0.21857358410188704,-0.4759773732652635,-0.8428068495506027,-0.18158778091777958,-0.6905419936044781
IAG20220048,2023-2,Ingeniería Agroindustrial,2022,Irregular,-0.052366693098329795,-0.04957292278985494,-0.46148917698374153,0.10641403105345594,1.6456174602247442,0.9846494821802176,0.566514454634473,-0.19076240577272544,1.0137361635284703,0.02491337881741208,-0.9128745900659625,-0.9278228414123513,-0.8963164954391122,0.7958999729658681
IAG20220048,2024-1,Ingeniería Agroindustrial,2022,Irregular,-1.334386489999073,-1.0323531932563177,0.49719479852762,0.360942302778201,-1.9756995291983406,-0.9891214143564329,0.5929158188111817,-0.5956127179933408,-1.3746244246136468,0.21118100225472827,0.2873879319893356,-0.1742016324852396,-1.8044735379902366,-0.5636912013805571
IAG20220062,2022-1,Ingeniería Agroindustrial,2022,Regular,-1.5003467618155546,3.3101107071071842,-0.4874048801914535,-0.7358028371676609,-1.8182071593917413,0.0248917431885603,0.7066574041543446,1.0798568646257758,0.2800998992843191,-0.3401888952029878,-0.5201726491728353,-0.3161177730896214,-0.059532765311972796,0.01660113977699389
IAG20220062,2022-2,Ingeniería Agroindustrial,2022,Regular,-3.134100118811086,1.3758955784085727,-2.337093542638625,-0.5966798654384796,0.17302136017964326,-1.6670741942090825,1.7971104891357814,1.232601641695564,0.5840063585068028,-0.14443300877398987,-0.1330155458954759,1.7021613338728483,-0.343141169541259,0.9499602495816205
IAG20220062,2023-1,Ingeniería Agroindustrial,2022,Regular,-2.3991383531298593,-1.0105204256473403,0.32280007174399483,0.9224594698523455,-1.995400342443232,0.6217439338777432,-0.23579979087254488,0.03254186322607287,0.6647032234380632,-0.5176856859280485,0.361777703356909,0.25465638646484895,0.8361135691754736,0.15433302765506118
IAG20220062,2023-2,Ingeniería Agroindustrial,2022,Regular,-2.4654625543169217,-0.44360414615425736,2.5442494679984686,0.4130875324526038,-0.9407099378789903,0.5058875178623683,0.5505401124772235,1.5384315283237189,-0.9634916045275128,0.34465035799421656,0.5885299980746279,0.7596789512856306,-0.3097223213053881,0.05746450397183956
IAG20220072,2022-1,Ingeniería Agroindustrial,2022,Irregular,-3.0058194487334937,-0.3414409992924332,-1.3332160820069607,1.4954844617607905,0.22284265438396156,0.2560874874952209,0.26255251626876547,-1.1433250202610044,-0.44893460744935165,-0.36157003096992174,0.4007633039235809,0.1296918001108124,0.7672550235995416,-0.8844335953234238
IAG20220072,2022-2,Ingeniería Agroindustrial,2022,Irregular,-2.117867978909915,-0.3961316713334644,-0.35835410987242816,1.0676590918809588,1.0098151120505847,0.5313378501609098,1.15847532490008,-0.14450480757006517,-0.4319993663485818,0.06959450038997422,-0.04605161470174136,1.0053423157162682,-0.3391600431158224,0.8424177965361755
IAG20220087,2022-1,Ingeniería Agroindustrial,2022,Regular,-1.4678474626259455,3.440343442517723,-1.5757614366277999,0.9013173874503362,1.461812776134244,-0.4012969778426405,0.2253795720349213,0.8165853824001167,-1.56916145779788,-0.2507087101122524,0.1375512779061959,0.2687305585501644,-0.7741412245944389,-0.5095646158515222
IAG20220087,2022-2,Ingeniería Agroindustrial,2022,Regular,-1.689336768922821,0.5946006265854564,0.6620227256906238,0.9714072948003082,0.14488486009229487,0.8849156999446101,0.8435274846431912,-0.41671016690487456,-1.2227591322088684,0.05337724563785699,0.5521759169549614,0.30984037813321075,0.09193150222738844,0.4359076294856053
IAG20220087,2024-1,Ingeniería Agroindustrial,2022,Regular,-1.3120486784377967,-1.113147600363372,-0.6284173499251218,0.15452465360743695,-0.1531204024193001,0.7823953286210641,-0.6734642833004351,-0.050899893621777756,1.2796142201908496,0.03883871433771169,-0.11037681551122308,-0.7971987148674097,0.5132054988218877,0.12922029967511192
IAG20220087,2024-2,Ingeniería Agroindustrial,2022,Regular,2.930585989758195,-0.8090919384976996,-0.02089057082219742,0.4790184956318769,1.5510547627738847,1.507371781948386,-1.1512780792035688,0.9627707495197017,0.11083531924817636,0.33131691197603497,0.15954131563209428,0.7437324682878121,-0.4751861964067988,1.2148923896527957
IAG20220087,2025-1,Ingeniería Agroindustrial,2022,Regular,-1.6100939995783812,-3.062304226310923,-0.7639020412469946,-0.04422502693899208,-0.9782839518009669,-1.0033730391620783,-0.5885278826973276,1.0285963538254386,1.1198520089395174,-0.1745720950594515,1.120042710755715,-0.8003372815657616,0.07097037811905062,-0.10205941572361572
IAG20220113,2022-1,Ingeniería Agroindustrial,2022,Irregular,6.280919002685404,0.9091717036897122,-1.2787057331269203,1.4995129110607066,0.9644272039535002,0.922645607032245,1.0107906177680763,-1.5120699587969315,0.6233088028939304,-1.7962919582323673,0.3241935049457593,1.75198855012874,-0.5744576718877651,-0.30702124758628235
IAG20220113,2022-2,Ingeniería Agroindustrial,2022,Irregular,5.107233112238058,1.8096751953066392,1.8931121545697733,1.6824093567131113,-0.27608005557406157,0.5996151285823066,-1.8127669665772863,-1.051730261673591,0.529402529001238,-0.45146402884752085,1.8937422124193992,-0.8426196230261233,0.09746645031498738,0.7963528071214726
IAG20220113,2023-1,Ingeniería Agroindustrial,2022,Irregular,4.071205899425002,-0.2906286863087913,0.04008363272415237,1.7482745160637074,-0.7633792677063531,-2.042999404401164,-0.989090957347094,-1.2806056276244255,0.3573294239927001,-1.0334755082818667,1.4777319866324001,-0.04805974019749938,-0.954953057275523,-0.1757721179381394
IAG20220113,2023-2,Ingeniería Agroindustrial,2022,Irregular,9.761363637663674,-0.5999346336142589,0.6002693669291491,0.4597025021559582,0.28302878257190117,-1.0139077266854744,1.6887478350491205,1.370468552062018,0.6129456683032724,-1.4032063946661169,-0.054107950302635786,0.7581252965312945,0.5742117081901702,1.1262617858590627
IAG20220113,2024-1,Ingeniería Agroindustrial,2022,Irregular,8.616579071179242,-0.8168366740335425,1.7551358398627102,0.673710233558641,1.2186627061493271,-2.000679962171994,0.5556520774116908,1.6375721930897105,0.7169262908238629,-0.518104983027006,0.460947511655485,0.2242444060236018,0.6220747324379798,0.15612005008026159
IAG20220116,2022-2,Ingeniería Agroindustrial,2022,Egresado,-1.4795078363753262,0.7057071876633023,-0.3793244122737635,1.2963132608116874,1.6163639767832727,0.7559128810158982,0.0060395505443803866,-1.2065126418729326,0.4174272867554675,0.8774801586142943,0.41194607873462236,-0.026681052383386195,0.2614438853868523,0.3977872152480736
IAG20220116,2023-1,Ingeniería Agroindustrial,2022,Egresado,-2.569785539781921,-0.578119609087953,-0.608614595822275,0.41818547174540344,0.9559330051929266,-0.4097299845529171,1.8073938528202798,-0.541823071457561,-0.26521414856058934,0.025389966412957495,0.2795708685522421,0.8451327096046988,-0.3107577305842343,0.770288635772668
IAG20220116,2024-2,Ingeniería Agroindustrial,2022,Egresado,-1.492850655214525,-1.8601703720941747,-1.3483554595292109,0.44513100480276674,0.035432525000073864,0.9089591891449613,-0.5324096090251133,0.2663493144317331,-1.3494828512368737,-0.5946037356992927,0.285675990891974,-0.6324048839094554,0.05018207739549859,0.2816939345497823
IAG20220116,2025-1,Ingeniería Agroindustrial,2022,Egresado,-1.1787160074050151,-1.6937166432906627,-0.005966492706435369,-0.07662003880537216,1.2895025984135722,0.8058549822448482,-0.22691752041880878,1.3413673574634677,0.2763568520965057,0.3369565386656338,-0.5947705660452747,-0.08002420335901882,-0.777085641857788,0.8326423173667806
IAG20220135,2022-1,Ingeniería Agroindustrial,2022,Regular,-1.5219284129189699,0.6920171458352367,-0.5375265596528759,1.1776398161553967,1.4629845892498865,0.8904847030638553,1.1703438518384954,-0.5258254382351918,-0.45009875780550285,0.18697755747051809,-0.11003023776264627,-0.6769135237948195,-0.510906057663363,-0.14897186177832505
IAG20220135,2022-2,Ingeniería Agroindustrial,2022,Regular,-1.6592494790013999,0.7938745523053807,1.8082736534504618,0.2954584073668744,-0.8784324920256837,0.03680128880535595,1.6144349456184246,-0.42252387004322056,-0.14757161244705952,-0.31377875157968954,0.5265358528943037,0.2028421770421845,-0.30008828069699345,0.60843468130477
IAG20220135,2023-2,Ingeniería Agroindustrial,2022,Regular,-2.0211615149790494,-1.1603755859648295,-0.5628354678666496,0.7733369558825083,-0.4024626977364623,0.45800627473157585,-0.15302892829080184,0.2235015627849779,1.3326373829978653,-0.24813095794783532,-0.3719279842096149,-0.5836875237558017,0.12891185542821598,-0.555519380862634
IAG20220135,2024-2,Ingeniería Agroindustrial,2022,Regular,-1.646239771123645,-3.178473810105453,-2.05908645769586,0.24157989422446194,-0.007233389350982678,0.14639013579194465,0.3041253604226884,1.014703151545979,0.18243138361755787,-0.4055305374442202,0.6610088794281972,-0.4000220311662722,-0.4158829093585448,0.9033977348675494
IAG20220135,2025-1,Ingeniería Agroindustrial,2022,Regular,-1.0999001654067708,-1.5590529972498175,2.284287802258353,-0.3359095874070355,-1.093620541928419,1.2410653699946455,-0.8393722489552198,2.6952001787727995,-0.5377054969842412,0.9341382339203237,1.2023586418207965,-0.9926470623827349,-0.43396432551890257,0.29782596511526
IAG20220148,2022-1,Ingeniería Agroindustrial,2022,Regular,-2.796022029870216,0.31201699986901377,-0.4328489087099945,1.6126069117890487,1.0279187604884517,0.4096517022746165,0.13887346324114105,-1.489678537782039,-0.8612660636374962,0.131190871806318,0.10895747684428185,1.6052328956205328,0.7249324611090975,-0.18058695523306442
IAG20220148,2022-2,Ingeniería Agroindustrial,2022,Regular,-1.9319856238983486,3.499154551634709,0.812962819556337,-0.11018951262890742,-0.9887739084769085,-0.3350655238927217,-0.5982074430656179,0.9954728535012672,0.5455997813586059,-0.16140967928961156,-0.9799788194081028,1.458729605011487,0.2173339713749748,-0.4832654959032471
IAG20220148,2023-1,Ingeniería Agroindustrial,2022,Regular,-3.0314857867202143,-0.7656288621532441,-0.21841508640764984,0.8613477002403668,0.9946481738764992,0.07226267853822725,0.4173718088013506,-0.08170566807171718,0.3942261357433366,0.6500861625690989,0.08080011685634823,1.5779872355327786,0.5507315079191695,-0.070564205707793
IAG20220148,2023-2,Ingeniería Agroindustrial,2022,Regular,-1.3340049934923868,-0.881015954858016,0.7050858685934842,0.9101336710743763,-1.741305633810454,1.466237536091846,-0.8560610588494262,0.6590012867839269,1.2497000075497742,0.7128672160696287,-0.4362526527470599,0.1519270620432798,0.25638178294798064,0.2537898862704868
IAG20220223,2022-1,Ingeniería Agroindustrial,2022,Regular,-1.818288984370561,3.413333619785643,-3.5782761433422836,0.9937529135555042,-0.303866101717538,-1.1171657807250912,-1.228509520602788,0.9570554154487599,-0.5578473171887606,-0.8804098600147354,0.5968240267816406,0.22793235804865228,0.1673946981658186,-0.6937664381767594
IAG20220229,2023-1,Ingeniería Agroindustrial,2022,Egresado,2.990249211102737,1.147476360521808,-0.3383817608119211,2.830733233109278,1.8252498888153577,-0.8051085559151284,-0.8126946384833039,-1.6120565546029764,-1.1034191288501405,-0.23794597970901532,0.5831044480984673,-0.48777787910680676,1.1820309993775315,0.0024387546584599667
IAG20220229,2024-1,Ingeniería Agroindustrial,2022,Egresado,0.07706820445636986,0.6388875825664424,1.16705516110098,0.9793232236895171,1.0506595455172587,-1.8432202575037138,0.46795717346731486,-0.852759827691244,0.6394089616119614,0.2479706413742996,-0.8717379038384351,-1.5075156680140103,0.7651693281814975,-0.046841716233892085
IAG20220229,2025-1,Ingeniería Agroindustrial,2022,Egresado,-0.8787866031061048,-1.9983533320016122,-0.8421674197365928,-0.6234513339249013,0.8628534774651057,-2.9076533696721643,1.9736955966226921,-0.20253414246927565,0.08193577909964095,-0.2645260165349763,-0.736250913372188,-0.7008212717587374,0.6207776631752623,0.7255730503220564
IAG20220232,2022-1,Ingeniería Agroindustrial,2022,Irregular,-1.9555088760995551,0.32476259804814467,-0.5568589230351196,1.5890536401147788,-0.022148789699179456,0.4621381844814327,0.15755452342246598,-1.3717153143329346,0.24173345124717177,-0.8472951586829747,-0.044400143987602475,-0.19532443379553113,0.41622211483197613,-0.49585511398970467
IAG20220232,2023-1,Ingeniería Agroindustrial,2022,Irregular,-2.018239984998392,0.014239579489583,0.7260285372982134,-0.27005349566816156,0.26026625481891785,0.10448415802202009,1.7759737149386763,-0.002993573805761209,0.6700899197947492,0.6481973629472108,-0.016485315083306796,0.21614627828603997,-0.42339544136370444,0.8234778243821466
IAG20220232,2024-1,Ingeniería Agroindustrial,2022,Irregular,-1.1063798605848365,-0.8193319101018403,0.6567900733970267,0.11257381501666568,-1.2353722911574618,0.9434753522561299,-1.0741777950907563,0.2596341447626997,1.051124691662388,-0.5931586502987634,-0.5170407137239625,-1.0518570019978117,0.2933699919521745,-0.5900746542402421
IAG20220232,2025-1,Ingeniería Agroindustrial,2022,Irregular,-2.2371223985864916,-4.499942671440725,-3.853449272635911,0.9210945535337096,-0.06234582845638978,-0.8886525666657932,-0.7716484577757597,0.19240664374869976,0.5465163084638324,-1.143573898925074,0.0337125071279903,-0.12238481376328256,-0.4929185234204371,-0.7840135472466897
IAG20220242,2022-1,Ingeniería Agroindustrial,2022,Regular,-1.7737247081170218,2.461868903787996,-1.5067860607157118,-0.2630284174293679,-2.0784459144918355,0.09082955335117625,0.4568761777410289,0.7806036127217385,-0.3875260382705594,-0.7162639718341398,0.13393413166860763,-0.015732899703216997,0.3607445405516588,0.5414031792687249
IAG20220244,2022-2,Ingeniería Agroindustrial,2022,Regular,-2.3529528908762822,-1.2328373633165592,-2.2110736617118687,0.8997536758460467,-1.9265810118232627,0.3398232354558213,0.19596957658600336,-1.3882834117675422,0.621564655934106,-0.2670341709608128,0.2625324797497273,-0.9411634839013376,0.6300102358541448,-0.4001418245415475
IAG20220244,2023-1,Ingeniería Agroindustrial,2022,Regular,-1.7856979628688916,-0.02394891428322772,0.9114450843287631,0.3843169190211178,0.24091600793361695,0.9090603528989593,0.6826163537604492,0.47168283991517146,-0.46987781342844703,0.20916333560730896,-0.20646896315311647,-0.15019607569813176,-0.4336392463869044,-0.1445812449539891
IAG20220244,2023-2,Ingeniería Agroindustrial,2022,Regular,-2.4332822431910563,-1.1861019617459454,0.013246666899337794,0.8536370628050446,1.1453732322581962,-0.5036356962041585,0.42989754102558847,0.0895950726501868,1.359234644594727,-0.058282483214178005,-0.08172745075140879,1.3643252529099508,-0.2524126900774258,0.4714997180245333
IAG20220244,2024-1,Ingeniería Agroindustrial,2022,Regular,-1.8797519642508156,-1.3657374582681905,0.3274329754470842,0.8272882178460089,1.3550049317852413,1.0077900402289117,0.1409434180078884,1.8494999137226094,-0.18224887896452446,0.8729868855494047,0.017557171936154494,0.26653538304912705,-0.7769274684009662,0.46706366698516794
IAG20220258,2022-2,Ingeniería Agroindustrial,2022,Regular,-2.371454124904978,0.5957415891522002,0.3561110873113665,0.5318403067511597,-0.06049897545904085,0.36659159205403863,0.40650775530960337,-1.2296315642584699,0.6857755766503039,-0.26312792828580345,-0.9579334201805116,0.28823149264340764,0.4462660945543836,-0.6804055187012663
IAG20220258,2023-1,Ingeniería Agroindustrial,2022,Regular,-1.722764547264607,0.6872958043899169,1.7972465923687277,0.2985782481378588,-1.0806403437877397,0.6870883176187552,0.8976388139344695,-0.41174109281643,-0.1599596898711883,-0.7470482592939099,-1.1048362688962865,0.48477283263805704,-0.29084487305526774,0.4600658827499501
IAG20220258,2023-2,Ingeniería Agroindustrial,2022,Regular,-1.7706646994054835,-0.6047152297516495,0.715648089229829,0.3506255503834697,-1.2012518887666526,1.353653605575847,0.16675858628046838,0.9800961464125809,-0.7590728316065829,0.25402639632643764,0.8685085399434785,-1.1059599812702974,0.2521371749801901,0.12156620289053183
IAG20220258,2024-2,Ingeniería Agroindustrial,2022,Regular,-0.938293760864324,-0.627881231262744,2.140223566035681,-0.06921622489139807,-1.011030960141855,0.7186909003778601,-0.306929979365727,1.1014507256701112,-0.5075000048556659,-0.4398079984476925,-0.04531145508383819,-0.2754862832055221,-0.5842943453154135,0.2604365915417843
IAG20220258,2025-1,Ingeniería Agroindustrial,2022,Regular,1.4440865961022584,-2.4617684932790884,0.6368000917690878,0.8678397258839199,-3.2350512920723085,-0.3650877628861551,-0.42014279326728365,1.878950143536735,-0.48904115963147876,0.2515146702302163,-0.22696845926608888,-0.7332670011978458,0.767766230271417,0.6136732591127468
IAG20220262,2022-2,Ingeniería Agroindustrial,2022,Regular,-1.9220137110818154,2.8742644955487284,-3.957117596274949,-0.8124333776561781,-0.5923771164735799,-0.49444166367173126,0.12354249351891887,1.4915789104876698,-0.02295478313547845,-0.43888076186104846,-0.7989432816813947,0.9409550741278754,0.23160537076435697,0.7172410138815559
IAG20220262,2023-1,Ingeniería Agroindustrial,2022,Regular,-1.6638464661104586,0.6556986724909967,1.0638766027768873,1.1734573167276452,0.4932668688183184,1.0153061008361317,-0.6887685283064142,-0.5742624684447624,-0.639453657808697,0.48452847726689513,0.44783356947703384,0.41262181140345544,0.5634885304660956,-0.3265656985912247
IAG20220262,2023-2,Ingeniería Agroindustrial,2022,Regular,-2.580360818594169,-0.37251917517503025,1.084146080343673,0.2927562689842572,0.15713464669732127,-0.8927308777649446,0.8502734503558192,-0.6244491596543678,1.0106872886761458,-0.46421080521377206,-0.3749295021904911,1.8596532436480364,0.06999764028538133,0.08294801752755708
IAG20220262,2024-1,Ingeniería Agroindustrial,2022,Regular,-2.2548920553173155,-0.015706692625827964,2.606717732993352,0.6047882708661063,-0.7490370195866376,0.2473139493152796,-0.5315760885719956,0.4822199317097184,0.03631409621133056,-0.11415092057844758,-0.33988062208191244,1.1180296879425604,0.16377688411166186,-0.6229236675405784
IAG20220264,2022-1,Ingeniería Agroindustrial,2022,Regular,-1.0546718133393966,4.337131218954706,0.689377620228457,-0.5453394757159266,-0.40420050583221667,0.06900245617660362,0.7169800238373326,1.2124524087608288,0.3751430703732031,0.7005284335111154,-0.22084721389579734,-0.3724744959963759,-0.5971532916896267,0.45404012404899263
IAG20220264,2022-2,Ingeniería Agroindustrial,2022,Regular,-1.5816182130615535,2.0369221614962236,-2.6143032119449248,0.6535952481796853,0.04062779960379582,-0.279653778544488,0.16345041714807776,1.0864471802642872,-0.7141445814495179,-0.9565116237593945,-0.3830093124532354,0.4624441183403047,-0.3955797598312527,0.0220588206123309
IAG20220264,2023-1,Ingeniería Agroindustrial,2022,Regular,-2.46103098569892,-1.9144027242122061,-1.586859005536446,1.1038240315623784,-1.5352876613974273,0.09665141955004229,0.15882266292163272,-0.15510947277622034,0.6145280787007916,-0.33701724318425585,1.8179850932000405,-0.48398817221335066,0.9936540838059537,0.34587573300713126
IAG20220276,2022-1,Ingeniería Agroindustrial,2022,Baja Temporal,2.0244958778706255,0.5821353706996916,-0.14275299065140065,-1.9720823276132655,0.4037424854372232,3.066520169032424,4.175914606410487,0.6854943475510197,1.3171671541872854,0.5770969600927723,-0.539007606042352,0.4568521984948764,0.08686478426280553,-1.3053249543476058
IAG20220276,2023-1,Ingeniería Agroindustrial,2022,Baja Temporal,1.4569771389010253,-1.3787518111119919,-2.121950997598813,-1.550001124211961,0.24681679561989875,2.8539831306885732,3.5678893171591124,1.2724174048805383,0.8506899846426643,0.017164847376529842,0.13875937990161058,-0.09538761262569737,0.2852309306024898,-1.2965324479671403
IAG20220276,2024-1,Ingeniería Agroindustrial,2022,Baja Temporal,0.4714947797962899,-1.6399042385052458,-0.41199684369179607,-1.3638980457785996,1.5160991376401058,0.29379833481757767,1.8143203405699537,0.4981472525941176,0.9164606418366509,0.5306668870850635,1.8951780497778528,2.074515519906166,0.7646928780574982,-2.7549277420558016
IAG20220276,2024-2,Ingeniería Agroindustrial,2022,Baja Temporal,2.530530147732945,-1.9156148282355003,-0.6615704085497767,-1.8075156027114105,1.289303605217898,3.173657396620161,2.1546808347384068,2.634403725477884,0.4605260550926824,0.3736320855520279,-0.2707793290966671,0.5315488425137953,-0.4205733642918978,-1.4833779524250903
IAG20220279,2022-1,Ingeniería Agroindustrial,2022,Regular,-1.1297309801730386,3.575335371304696,-1.314685525014118,0.6051168636526953,1.770101204130904,-0.5200135307021696,-0.194616545703495,0.41633301635042946,1.3120896038539787,-0.18392255990089845,-1.4962774999253936,0.6511664159075675,-0.7099017367076385,-0.7994475764753891
IAG20220279,2023-2,Ingeniería Agroindustrial,2022,Regular,-1.6593095108964047,0.25007203931377675,0.741117473443658,-0.14656313758752348,0.23883989785916548,0.5128542181647464,0.6877712826195738,-0.8559542890396377,-0.5011871442797253,-0.6292087318811168,-1.3232421870878222,0.9333849723359192,-0.08742137284541933,0.6127442366552868
IAG20220279,2024-2,Ingeniería Agroindustrial,2022,Regular,-1.679758621438037,-0.20636685594521878,1.194098651217319,-0.5640600432524718,0.703241487664665,0.5650524483184576,0.1945252250113154,0.10411735904528563,-1.3797605443418546,0.9338215291965316,0.6159544583477432,0.5151110102214425,0.17059980481232218,0.77081136128727
IAG20220279,2025-1,Ingeniería Agroindustrial,2022,Regular,-1.127227809630392,-0.14291956661056976,2.1207727647387835,0.07692919695945037,-0.9092468710690675,1.2665591340847564,-1.0986167645070275,0.7321918406874425,-1.9773050825164047,-0.4693630893933434,-0.4699431092373142,-0.44738809635452775,-0.14481055191995987,-0.5818778074137515
IAG20220280,2022-1,Ingeniería Agroindustrial,2022,Regular,-3.033657140633673,1.1377467368744094,1.7576724608218481,0.6071529179914488,-1.0757448644442449,0.32204497372860164,0.36430468768106794,-1.2261338109900917,-0.7444730594034824,0.2528107761371226,0.24164521361245364,1.0084327016614885,0.9649049995341626,-0.7622910393327689
IAG20220280,2022-2,Ingeniería Agroindustrial,2022,Regular,1.3512648621780738,0.6175630047740295,-0.0026574611963188343,2.5241893349478417,1.456792944557606,1.442070895764858,-0.1318392064477486,0.517072099719086,-1.5991538626826816,0.8789828446995063,-1.6345735924430083,0.3241037342328882,1.3447629334226427,0.1045550213776582
IAG20220280,2023-1,Ingeniería Agroindustrial,2022,Regular,-2.153660542453224,-3.577575530976837,-4.396045695673919,2.535776721866703,-0.48034404272354847,-1.1600599520569492,0.47981033084523683,0.36705537538877664,0.07966731447028134,1.14217299023329,0.37622647412815546,-1.2999239863692258,1.6650412169058604,-0.21870977188715346
IAG20220289,2023-2,Ingeniería Agroindustrial,2022,Regular,-1.6403114309327693,-1.4776068689100377,-2.8531764931461554,0.15864085569188613,0.20459674997050914,0.4468199043303265,0.4594912392347191,-0.8547454287286799,-1.0632705442064587,-0.74590568495188,0.6510575223010326,-2.040716416693457,0.14324476308585665,-0.46573757722191267
IAG20220289,2024-1,Ingeniería Agroindustrial,2022,Regular,-1.3702689220248423,-1.1905954992475767,-0.47849222210273334,-0.3555613695309809,0.05565081168954663,0.025038687757327968,0.6994541564729071,-0.2105395524497964,-0.09319296455686421,-0.12784347600769266,0.6595650647511478,-0.6719862991523969,-0.369939300963136,0.9304058488872277
IAG20220289,2024-2,Ingeniería Agroindustrial,2022,Regular,-1.4236095782693425,-0.550926861084927,2.115021410664105,-0.8367664776305614,-0.8533995709704849,0.02722693238709995,0.3546726541534079,0.7151479866982323,-0.005075302089575466,-0.8276865186695931,-0.9513641133606209,-0.3956510200508784,-0.9011702773723619,-0.5351275499240055
IAG20220371,2022-1,Ingeniería Agroindustrial,2022,Irregular,3.826129817839216,4.70135422158436,-0.08497662962092074,1.072983878767743,-0.974293390499299,-0.47298874951215936,-0.39235878804836494,0.329479622725874,0.7697778651343246,-2.540333399240372,-0.3940266143265064,-1.3006411107241922,-1.7011790205083812,-0.21506022305769046
IAG20220371,2022-2,Ingeniería Agroindustrial,2022,Irregular,8.304438115641625,0.6415092206563452,-1.1976900520027793,1.5140952940102816,1.348430624901549,0.08028892633640329,2.590122902243783,0.26224660290577917,0.9747885034946266,-0.9354796400198991,-0.19237274246868047,-0.5912020605285202,-0.08451793196565932,0.7293877510990939
IAG20220371,2023-1,Ingeniería Agroindustrial,2022,Irregular,8.393968005964457,0.4979263574501785,-0.062362556044094644,1.5264865507806702,2.366407458409518,0.2575286807810906,1.8653017370936995,1.0877020554984613,0.6779615199595571,-0.7561197375856796,-0.6441459140136474,-1.1706068887270484,-0.38185742507147996,0.5463816705897376
IAG20220371,2023-2,Ingeniería Agroindustrial,2022,Irregular,6.84961327592732,0.8945646636475608,2.5523142109045733,2.4041613628592713,-0.007011659538290214,-2.6932404501869334,1.6108384092399615,1.3093161589315567,-1.039262028229318,-0.7471083518070907,-0.6952810259450081,-2.3851385514831924,0.9047923812749218,1.7910352796326694
IAG20220382,2022-1,Ingeniería Agroindustrial,2022,Regular,-1.4654203608388727,1.0612338186405461,-0.15004853318430156,1.305797649851216,1.8291146065547794,0.7545504449879814,1.250411202837534,-0.6559178211171306,-0.10173596255225303,-0.3338273377616875,-1.175125976025883,-0.37249110393814283,-0.9116075393508027,-0.357016002245921
IAG20220382,2022-2,Ingeniería Agroindustrial,2022,Regular,0.41572001122544,1.452339988809574,-3.174075373755438,0.8333894134526787,-0.9527732187422456,-1.6024451492582763,-0.7537482209130256,0.32471672157065057,0.30342557178901486,0.484197825171896,0.5478952304514614,1.2926864982482256,-0.7037392835959936,-0.6328251678957663
IAG20220382,2023-1,Ingeniería Agroindustrial,2022,Regular,-1.6025440204872579,-2.053434364274946,-2.035511834217135,1.0274780091332811,0.2508666329184092,-0.2872984957454804,0.17635309584004136,0.1606647647581139,1.5747523298416366,-0.6235959473946433,-0.010870441395398485,-0.6085276899856332,0.08200939083179234,-0.5658609377542938
IAG20220382,2023-2,Ingeniería Agroindustrial,2022,Regular,-1.2724702670052481,-0.6167174459150958,2.2731750151566703,0.636440622192061,-1.1081923478022166,-0.07483992861155686,0.33332075628615226,1.376243939547076,-0.8028060739176267,-0.3191187777874528,0.9724194910739412,-0.15555188877567053,-0.6170804397821352,0.06909022959560446
IAG20220383,2024-1,Ingeniería Agroindustrial,2022,Egresado,-0.14228854015166845,0.5241421741349179,0.4657784550949552,-1.1046819768124918,0.7269529661789883,0.713024706049602,0.2551006617249263,-1.1696684812228937,-0.09111691500733302,0.16676474398095853,-0.44760927653260196,-1.003573501742885,-0.28679550389634173,0.8264654581246302
IAG20220383,2025-1,Ingeniería Agroindustrial,2022,Egresado,-1.0894633725283636,-1.0035559689118823,0.1819240000474184,-1.5407099156343715,-1.3715429949357485,-0.5744295370836994,-0.4372779393833736,-1.2965925744472027,1.0005166170756423,0.6264610946290669,-0.06336902153168507,-0.8937482867662546,-0.06826535448524204,0.0028005595846228126
IAG20220384,2023-1,Ingeniería Agroindustrial,2022,Irregular,-1.2644913828845916,-0.15656203523218915,-0.9474123475858435,-0.2215031682828955,1.1480175826894925,0.9147197318112236,0.7903168672440303,-0.8210943132299254,-0.5305432303995666,0.5922732525040244,0.11305242839257988,-0.26128478746500955,0.13036227029618955,0.5751663422125003
IAG20220384,2025-1,Ingeniería Agroindustrial,2022,Irregular,3.202558500110043,-0.7606541981447549,-0.3932547844542752,-1.217656790512249,-0.5630442988322687,0.9879725506421261,-1.145411809798713,-0.9289343912716548,-0.23095248233763083,0.10376219209250519,0.1437498192599887,0.12460694089784814,0.012324684247198766,1.397948322796057
IAG20230002,2022-1,Ingeniería Agroindustrial,2023,Regular,-1.6888504602932881,0.9211485702360586,0.407915277093477,0.9440480671714142,0.2655559548512118,0.7089050999892279,0.2273190506299821,-0.798855158079504,0.06872541308447268,0.912799835881919,1.3060024618481065,-0.8559687433984273,0.5519762839832973,-0.6159759324276414
IAG20230002,2022-2,Ingeniería Agroindustrial,2023,Regular,-1.2492192398614352,3.195336292594784,-0.4308605519815835,0.4143461278902458,0.2355220322388646,0.028684162042846708,-0.044549457727774654,1.6104112117976361,-0.9988058224399784,0.5604838678631429,0.9883439014361743,0.2902896855695177,-0.3728588664049894,0.8035033766620938
IAG20230002,2023-1,Ingeniería Agroindustrial,2023,Regular,1.7578407718380458,0.27676575018701965,0.8269259714168594,1.1690207310869731,-2.167176648267486,0.5185753314035452,-0.8336093095978174,-0.5309018387971667,1.3030681939335653,0.033793556249285164,0.45106037605527594,0.09955553352700677,-0.1282815265496459,0.2921134561976168
IAG20230002,2023-2,Ingeniería Agroindustrial,2023,Regular,1.9471319721311213,-0.2362371037506425,0.5414740404583287,1.9331162960570516,1.8288995715000358,-0.20868671235678876,-1.0940018048655398,0.12744032156493984,0.904363275639805,-0.5808617672968852,0.07229516642782785,1.1934988927818597,-0.5657232823841132,0.22623120503498978
IAG20230002,2024-1,Ingeniería Agroindustrial,2023,Regular,-0.4866135988167246,-0.3559386661419137,2.6198922121070356,1.4592387929846562,-0.7911622432631266,-1.1068484030485366,-0.9919826906734396,0.7273091391288198,-0.29750810022465857,-0.9970717088618275,1.0012255097666776,-0.2068276515871691,-0.4314019873070398,-0.7090705346233176
IAG20230024,2022-1,Ingeniería Agroindustrial,2023,Regular,-1.6534026125052415,3.8576301972662663,-0.4788981203288303,0.46127061088316856,0.38417283038365374,-0.4710258115844852,0.32858053509832796,0.9315856212849244,-1.5226789703418588,-0.16643826263334593,0.18508050403431303,-0.009320498238663983,-0.68706474042907,-0.731546698263992
IAG20230024,2022-2,Ingeniería Agroindustrial,2023,Irregular,1.0012111857532848,1.061213459972746,0.07355766564944974,2.279086396331178,1.8561016791571534,-0.11555295914736878,-0.5113208359844399,-1.221290306267855,-0.056244010854283474,-0.6922271605603744,0.2544761724979127,0.7753835203635914,-0.40488450582528057,-0.618338013515702
IAG20230024,2023-1,Ingeniería Agroindustrial,2023,Regular,-1.4571352457886848,-0.870796497638069,-0.9279853609960045,1.6912008089838648,0.4844136001949908,-0.9634042715988148,0.1946855128618883,-0.6893411840060414,0.5565987337423948,-1.2151100114664584,0.4665520731848918,-0.16058509855518927,-0.13579598087247224,-0.38177308846963076
IAG20230024,2023-2,Ingeniería Agroindustrial,2023,Regular,-0.8483475231852677,-0.8896565054175964,0.07779731951337811,0.9909663741204349,1.3727428446710996,-0.14016896422253416,0.8340950419964055,0.9099361195599844,0.4605361602068912,-0.32285429537542987,-0.36930520929808636,0.0791682639779876,-1.1029125137870557,0.4012894102908327
IAG20230024,2024-1,Ingeniería Agroindustrial,2023,Regular,-1.1182796803618755,-1.660629900459626,0.9203225781697905,0.7566712387401265,-1.4491493586093789,-0.42672330619977694,-0.3465955348518665,1.1324544835880341,1.3096536049818215,-0.45279043976279487,1.3798485901429578,-0.487865171987211,0.17670775197834263,0.2749548603383362
IAG20230024,2024-2,Ingeniería Agroindustrial,2023,Regular,-1.6179713734796766,-1.7989266263552037,1.818525913031762,0.8894124219265751,0.2699419663091567,-1.3218868055363078,-0.06157131363443417,1.7321844111155988,1.2743397270143468,0.2604548329699427,1.4083560592113258,1.1076766045565336,-0.5817260232393433,0.6864415160324436
IAG20230030,2022-2,Ingeniería Agroindustrial,2023,Irregular,1.752963414933282,1.8531525693060837,0.8572705076591334,1.258232307371623,0.7816542721407944,0.5192948216560314,0.8126424236095925,-1.1913088357243626,0.47910497394401685,-1.2980630957859056,-1.1461442400126027,0.1716932321100966,-0.9911097792919467,0.16274026099483188
IAG20230030,2024-1,Ingeniería Agroindustrial,2023,Irregular,2.603592660236464,1.1770626922396143,1.0522579817794788,0.6837655244381701,0.9803455710744262,-0.2715525996962841,-0.2631131234383748,-1.2332813973362844,1.7815569486305862,-0.17140931085755504,0.06825856024895866,0.39430980639054014,-0.2610378899807782,0.6101596190627973
IAG20230030,2025-1,Ingeniería Agroindustrial,2023,Irregular,-0.7928782554674599,-0.4318106224899604,1.5179310922009879,-0.7202986153822243,0.9657699013746085,-3.489462220196507,1.286428151772605,-1.465974167529804,1.010684049126303,-0.9817643879223412,0.5745889992587977,1.8307391934483837,-0.4443041444185207,0.1704836570599553
IAG20230074,2023-1,Ingeniería Agroindustrial,2023,Regular,-2.2039973252158784,0.26969874390099924,-0.7738150553184128,1.2002266495670135,1.0454484083541569,0.5499558045729817,0.39089806565303703,-0.9830819337873639,0.3951425716945719,0.4042029233470251,0.11148323883899347,0.00037637892675852053,0.41329297959120326,-0.5733765627110122
IAG20230074,2023-2,Ingeniería Agroindustrial,2023,Regular,-2.0584256265838423,0.3468301033165918,0.8053883831035091,1.1738348518622508,0.16455429977763683,0.39376748354067775,-0.00968107004179377,-0.4330050136269489,-0.21490559642928633,0.36548866615720926,0.8857022257542241,0.21907447442444591,0.3769341978341097,-0.5561035995500868
IAG20230074,2024-1,Ingeniería Agroindustrial,2023,Regular,-1.9358808679516584,-0.3051213424261479,0.24789073436850728,1.307308689987075,1.5696737554785656,0.3373782712315679,0.08465314495053121,0.17697112208476157,1.1249889543919915,0.3675407004343224,-0.4713159472028285,0.8915375385306866,-0.27119450411007073,-0.07439846244593307
IAG20230074,2025-1,Ingeniería Agroindustrial,2023,Regular,-2.079797556276657,-2.1964080966871875,-1.1198808542892487,1.1878973565633917,-0.9530498587991031,-0.8810155228800358,0.034520036777090056,-0.06127170485824229,0.9457543865777488,2.4033537627589605,-1.0730872869858898,1.0550192955491273,-2.1886647913882302,-0.8693111459263738
IAG20230105,2022-1,Ingeniería Agroindustrial,2023,Irregular,1.3153445471147063,3.146688525945841,-2.5035323248335177,1.2317358439040886,0.5057933194656521,-0.5856568874069419,-0.298666067394562,0.26746680824498886,-0.9152038249968167,-1.5313178457505934,0.11852583526494792,0.8082970909178187,-0.5914556071745433,0.27304312091463784
IAG20230105,2022-2,Ingeniería Agroindustrial,2023,Irregular,6.902003751145407,1.224160233991952,0.7568667198200929,0.6888695291291546,-1.758492580920279,1.209008144561798,0.6532185765211763,-0.4986162229656416,-0.2961760962163982,-0.8535271510205942,-0.18787750493350422,0.47874429964299375,-1.4027836241623772,0.843148584324995
IAG20230105,2023-2,Ingeniería Agroindustrial,2023,Irregular,6.562908519130667,1.398185819568698,2.179053913051958,2.212116363535218,-0.23589136356116802,-0.17510959866419112,-1.651901557637264,0.002011497257804732,1.3750797194531388,-0.14207710505958376,-0.36882068316037364,-1.3925309288049084,1.2121913389442627,1.0258575112314083
IAG20230105,2024-1,Ingeniería Agroindustrial,2023,Irregular,4.609201488078549,-1.3828227034454537,-0.45456335558093824,1.8855089638997438,0.5706543581158814,-3.716355831922438,1.0785785532263836,-0.09755032367920842,-0.1292345696812228,-0.22966985227115216,-0.22616091981889333,0.07913049962704213,-0.703606755761145,0.5409043052178957
IAG20230105,2025-1,Ingeniería Agroindustrial,2023,Irregular,6.5478603290846005,-0.9104542591457834,1.5731109938558907,0.22611639740487613,0.9719265850139694,-2.361045030828009,2.374822957953199,2.0484854555606233,-0.7644029117789332,-0.6873601897854754,0.5261398578411379,0.44781269033160265,0.18609895831932124,-0.0517496408323145
IAG20230140,2022-1,Ingeniería Agroindustrial,2023,Regular,-1.1306594120009026,3.863500912943311,-0.5663887908158509,-0.1160687449526502,0.45834677674716545,-0.1347792647010283,0.6691594497459825,1.0783583267108914,0.11391814439078338,0.171241492641583,-0.6568478362623033,-0.09342881253245633,-0.790051726969317,-0.0573950481827345
IAG20230140,2022-2,Ingeniería Agroindustrial,2023,Regular,-1.1754702158656936,4.070329266240123,0.9348979146149918,-0.2176838586912452,-0.347835111744414,-0.414354707597866,-0.31458145706557056,1.2067952463014566,1.2827901952600607,0.9716263748199231,0.07859381812090462,-0.10295392467676157,-0.24107173187500433,-0.23236170805038603
IAG20230140,2023-1,Ingeniería Agroindustrial,2023,Regular,-2.797764259447854,-0.007065940480779469,0.27269838829526566,1.1113249372635625,1.5411161424773034,0.18873891331948886,0.33233135255925195,-0.38096993406813523,0.5489761759250157,0.36563180180671806,-1.2000123861891412,1.8911000797402828,0.15368055951218335,-0.3001567591510048
IAG20230141,2022-1,Ingeniería Agroindustrial,2023,Regular,-2.606076671491108,-0.24598092071015534,-0.9416350336830764,1.0097688274890868,-0.5515600780403029,0.7249412994138384,1.1153156606989656,-0.868828697590474,-1.3201396103319398,-0.8306661454478944,0.20220062222681176,0.03852494059172235,0.4682854476664159,-0.04526770089518013
IAG20230141,2022-2,Ingeniería Agroindustrial,2023,Regular,-1.7316033326677047,3.231288918504091,0.6724714785568309,-0.563319036106718,-0.9959060019024408,0.1862820062529076,0.22441568722143226,2.0228267539382365,-0.338974266969837,0.8383912992778182,0.2139284249985689,0.48920910873133927,-0.17508278832647492,0.5459036483010717
IAG20230155,2022-1,Ingeniería Agroindustrial,2023,Regular,-2.890407620741644,0.34430509002490095,0.48492164751689304,-0.41720811384115347,-0.1602027502058225,1.0827630221263773,1.751441803866952,-0.7218065817930998,-0.1713641068135139,0.7254291310028553,-1.1572177403841726,1.9989854990484595,0.7267447729838542,0.7845003740064094
IAG20230155,2022-2,Ingeniería Agroindustrial,2023,Regular,-2.1514046909397373,-2.0583893376637654,-3.539777951400801,1.7653915276382321,0.7195029383301272,1.7178160212276787,-0.671053326019764,-0.44138189797248123,0.32706142449696707,1.0416679740868247,-0.23923799847351063,0.6958822206666131,0.7843939975830605,0.3271441412549176
IAG20230179,2022-2,Ingeniería Agroindustrial,2023,Regular,-3.15280590558922,-0.07270784168650166,-0.7274325724195246,0.9142349669997197,0.7520660635066617,0.4016684996602591,0.5462810812586877,-1.2156383416215384,-0.08236688890074473,0.20193469043628579,-0.5334647006222565,1.5050193169458086,0.8542483050392093,-0.566494945754297
IAG20230179,2023-2,Ingeniería Agroindustrial,2023,Regular,-1.8422493408855956,-0.48565322495320556,-0.6500651007240672,0.402280286453424,0.8642874434982627,1.5809101350765171,0.9919194609397565,0.18743001247014848,0.275023668624825,0.740674078672949,-0.6952294097747705,0.8817149216368372,0.22527237260573157,0.9971906652139082
IAG20230179,2024-1,Ingeniería Agroindustrial,2023,Regular,-2.196459938423743,-0.40395759811119886,0.8720693145939695,0.7120563908296764,-0.1819836286841013,1.1458609921929677,0.5605133120831675,0.6938803505643277,-0.5602712757011066,0.1810265901299282,-0.34647502380927414,0.9017763558368558,-0.02275022421634675,0.5512527071753373
IAG20230179,2025-1,Ingeniería Agroindustrial,2023,Regular,-2.5344176820042317,-0.628939431450526,1.5483659340451212,1.3063832726905868,0.19297337172265416,0.4620737734946559,-1.0076379305689747,0.7148011048026686,-0.7450159729353661,0.09491476875932142,0.024737190743219627,1.207278213328057,0.14354485778956058,-0.7112680866282185
IAG20230188,2022-2,Ingeniería Agroindustrial,2023,Irregular,-2.749581683546073,-0.5297337718840212,-0.6003356419288066,0.40900602340750586,-2.5537607022857247,0.5508641513026469,0.5066572299340428,-1.2811476201215726,0.5559121201470419,-0.13664131157058837,0.272805255380409,0.09767089852713753,1.241550005748192,-0.1269254627349976
IAG20230188,2023-1,Ingeniería Agroindustrial,2023,Irregular,-2.2590021172693704,-1.2601048513626285,-1.1642700474782464,1.5363498574213406,-1.285490996940164,1.6442961453605058,-0.10273384466589952,0.3606396555912508,-1.3539928687077074,-0.9754778169008997,-0.19231574808875462,-0.6064509742329283,0.2201383042442429,-0.3786395181612326
IAG20230188,2023-2,Ingeniería Agroindustrial,2023,Irregular,-2.928208251996279,-1.403150285697994,0.09506523123253494,0.7300919291856051,1.09350863804879,-0.02033337810758658,1.253762748345661,1.1858027607549142,-0.5267374598752316,0.9266957944242463,1.1638117308416787,1.0504300839408394,-0.49569791996795454,0.751995557082418
IAG20230188,2024-1,Ingeniería Agroindustrial,2023,Irregular,-3.0994079609994705,-1.5960745573320954,1.2658187917629704,0.6312815815104342,-0.19547579552540215,-0.3627102075512588,0.1415992721583596,1.3927838725876858,0.4645313819295602,0.9665720506363406,1.5518780674006298,1.1684503252910874,0.127374218266319,0.02958419086163908
IAG20230188,2025-1,Ingeniería Agroindustrial,2023,Irregular,-1.2706025435438248,-2.73101381102905,-0.37763290069879335,1.2457580652945501,-1.02584979219389,2.2038739147478097,-0.7560092648423116,2.786145589859941,0.8087702459568697,-0.5425693530907836,-0.5193414417973858,-0.5748227458917213,-0.34808733387376267,0.8530082888333981
IAG20230213,2023-2,Ingeniería Agroindustrial,2023,Irregular,-2.027339214766746,0.06725779642011817,0.008083323175301717,0.14151464361355995,-1.6533395401645659,0.9714216347749426,1.0811443446009203,-0.9862295129580123,-0.49803307950705217,-0.49668094765720566,-0.03530199700313049,-0.1138614208288089,0.6047142211595324,0.7414158193371264
IAG20230213,2024-2,Ingeniería Agroindustrial,2023,Irregular,-2.376703739013907,-0.4667373458666598,0.10259577847571752,0.3815615473704275,1.5397212120859072,0.06815538971591181,0.5257901466293419,-0.3832770676440731,-1.7861315350414984,-0.06881007630914243,-0.11882361291072242,1.19367198851406,-0.29600623611554167,0.08191887426678253
IAG20230219,2022-1,Ingeniería Agroindustrial,2023,Irregular,-2.085156235204443,1.388637466290828,1.0115652658919747,1.492772289335594,0.6507207199878864,0.27090066088643366,0.1224166377336456,-1.1258082320478753,-0.628236795724959,0.184370934073738,0.3554039776044989,-0.14216960883147836,0.04913666025625965,-1.2663154489678896
IAG20230219,2022-2,Ingeniería Agroindustrial,2023,Irregular,-2.191275603037084,-0.020783580178566022,0.6225923895318818,0.21298641956699396,-1.1970463790563668,-0.0359188770225873,1.9241990664847848,-0.5715031513199006,0.6197159359929315,-0.7144253941175114,-0.05872444064918758,0.40025863204234047,-0.05687421941032414,1.173465407360719
IAG20230219,2023-2,Ingeniería Agroindustrial,2023,Irregular,-2.6499648063528416,-1.247200183036386,-0.28595521441298594,0.8140685490673707,-0.45581973983468227,-0.0822085300118507,0.3229056449743832,0.09228487101513569,0.6564709704491829,0.5140485388064109,0.26540457823877367,0.6351031099892881,0.0666725904420637,-0.556050212695791
IAG20230236,2022-1,Ingeniería Agroindustrial,2023,Baja Temporal,8.985609337807817,-0.27036018870501694,-2.450812683991771,-1.3879893333256632,-2.139712758037994,2.6443967926268974,4.143260817407195,0.13882532836487937,0.13096625323421587,0.9930911943630223,1.700651184034084,0.4827833196381335,-1.3798541717355939,-0.8182671722565226
IAG20230236,2022-2,Ingeniería Agroindustrial,2023,Baja Temporal,3.2006566577439672,0.38372562160941315,1.452554266335712,-1.9286057731498318,-0.36434702527071483,0.47162596775373233,4.282773249745269,0.7661963401264322,0.9154320650749348,-0.8948329815457665,0.8549985717055257,-0.1894533738954687,-0.7439809333190117,-1.5929078004108412
IAG20230261,2022-1,Ingeniería Agroindustrial,2023,Irregular,-2.2204876707041006,0.11759901732847289,-0.06658240028018551,0.2170245235087686,-1.7619676495178573,0.7799643617395182,1.4963566824520167,-0.7419325112623362,0.16661776580509136,-1.0208637637127014,-0.9284862950076223,-0.4912344773180593,0.1905352495621319,-0.18969047638575798
IAG20230261,2022-2,Ingeniería Agroindustrial,2023,Irregular,-1.7483502417888062,0.18479366852035342,0.7326337910034791,1.1187185041783887,0.1021866569718698,1.109976724871908,-0.41759493696718586,0.01972303431494263,-0.033506295832738876,0.8725967229502338,1.0741880370848769,-0.13901945144667882,0.5831318186864258,-0.2677055095893959
IAG20230261,2023-2,Ingeniería Agroindustrial,2023,Irregular,-2.053489410211137,-2.4820728110086847,-2.5277672657242203,1.0658695922144292,-0.40843201582291444,1.1007697847796347,0.6557819205187958,1.060632136885048,0.7535590110288368,-0.9593934624075312,-0.5625647720911838,-1.0080224625656127,-0.25054484735203036,0.023016391169457046
IAG20230261,2024-2,Ingeniería Agroindustrial,2023,Irregular,-1.8772036219436221,-0.8427435645233992,2.2506081386076895,0.5998922262398108,-1.1875743681040984,0.5397030932510422,-0.4749976918918891,1.7119832513354512,1.118297617340925,0.6018504483754497,0.8207992016756682,-0.23649575561270147,-0.14394882898141886,-0.4455204164119934
IAG20230261,2025-1,Ingeniería Agroindustrial,2023,Irregular,0.5219515406698839,-1.9054586991005154,1.479317725669892,1.653670856143916,-3.090311611848022,-0.24569545636032927,-1.5724725424770158,1.3029354705710574,0.41908070637645983,0.9629625039016728,0.1798563273270002,1.0119408147084428,-1.6582103588190966,-0.851607460399063
IAG20230266,2022-1,Ingeniería Agroindustrial,2023,Regular,-1.845183601160612,-0.09505225305698006,-1.1377396115617349,1.3648428863296302,-0.6979649414537961,0.35169085964878,0.3692482553258639,-1.3360727657402103,1.0293834576121887,-0.7286056800285738,-0.689342543749715,-0.6879229222840368,-0.0061061583912119695,-0.8171532165971286
IAG20230266,2022-2,Ingeniería Agroindustrial,2023,Regular,-1.771244268215228,-0.9314230432570046,-1.2956628024750443,1.7305457280251488,0.06590089188595588,0.6575634410019242,0.5465366486213894,-0.03700753471405352,-1.062243742971033,-1.1832031778095549,0.4033495220912257,-0.5963478320092942,-0.38115255069338566,-0.26963255014560034
IAG20230266,2023-1,Ingeniería Agroindustrial,2023,Regular,-2.1969946405789926,-0.4547296406292631,1.2368926521207413,1.0414017472643449,0.21175844280245254,-0.39604201574527165,0.30661573158019323,0.3994258483758074,0.8400091435947438,0.1493338618826565,0.6575050317835072,0.5341055355120073,-0.407912810329934,-0.30593961696387506
IAG20230281,2022-1,Ingeniería Agroindustrial,2023,Irregular,1.3273351770230137,1.28761321621664,-0.40477923155459994,2.157599424688727,1.6222729622139018,0.2331167998200174,-0.4305751861932042,-1.647527740275897,0.17532471572500224,-0.3827981374025266,0.6884322399984674,0.5932276331959119,-0.052819744662538574,0.06023335769848749
IAG20230281,2022-2,Ingeniería Agroindustrial,2023,Irregular,4.649537852689584,0.09307136671896513,-1.0206855893241726,1.8908038832903113,-2.108726832074064,0.6052721765951748,-0.5690006492870303,-1.3777124995668255,0.03479150989292101,1.910209072974078,-0.02835285732635764,-0.38624504748888944,-2.5737606436658123,0.7662207092498156
IAG20230281,2023-2,Ingeniería Agroindustrial,2023,Irregular,5.30253209648616,0.19357076207026105,0.091017606853471,1.7307025483189402,2.060568787905218,0.44432148348657663,-0.6540661123038812,-0.1420024382133526,0.37450184854897695,-0.5917337983115181,1.9062747670471116,0.9039153511942263,-0.06626130721388024,-1.3377082698409768
IAG20230306,2022-1,Ingeniería Agroindustrial,2023,Regular,-1.2936970741537637,1.5310267605003087,1.5922818019973397,0.34785135568689046,-0.7080652011389328,0.9535570603779607,1.228170355840777,-0.5104938078847853,-0.3697675427209001,-0.004608007254597555,0.09376106664791677,-1.0152498129516985,-0.1920680205833177,-0.3177372404977108
IAG20230306,2022-2,Ingeniería Agroindustrial,2023,Irregular,6.373159069878072,0.7978609167322606,-0.27702368458521226,1.44285344949087,-0.3819385745883315,2.4140045232387815,-0.40613574995566465,-0.12796084853786713,-0.4674442663430421,-0.46272197102088825,1.7881675704439461,0.8479340724347827,0.3344092412555905,-0.12326657277088045
IAG20230337,2022-2,Ingeniería Agroindustrial,2023,Regular,-1.3619338935626912,1.7538040957874832,1.8108760002706006,0.8342591620594978,-0.607189736310975,0.7813735688354664,1.0681558608382271,-0.7907698535363842,-0.7038036995903666,-0.6492843974989712,-0.3129208511069106,-0.649683612677538,-0.39701345538340244,-0.3140515944127714
IAG20230337,2023-1,Ingeniería Agroindustrial,2023,Regular,-2.0318217318845817,-2.3665002233983,-4.043926508004813,1.2824021216121213,0.494888886591149,0.25723688675047107,1.5286636881813005,-0.3328270613010589,0.7493864212235954,-0.6557830352135849,-0.36768711477775085,-0.590404344655638,-0.5778590176365701,0.3421450553508087
IAG20230337,2024-2,Ingeniería Agroindustrial,2023,Regular,-1.538050942899526,-0.9030447141778072,0.7283533104521029,0.9749494681560057,-1.726864455564567,0.27820974465010395,-0.5014767938261006,0.047248519871402196,0.9912723894742508,-0.5690770208189735,-0.8066757008421591,-0.11198509121476692,-0.5585509238256905,-0.7793180148081945
IAG20230337,2025-1,Ingeniería Agroindustrial,2023,Regular,-2.0814507076281608,-3.2649479635025704,-2.1311800841258832,1.3005953611850707,-0.38592258536708407,0.588293494285801,0.1494665885223066,1.5263578995443405,0.16344004212359164,-1.2607575658534076,0.26489349169354004,-0.5773894290353794,-0.47265984953491813,0.5090754785006008
IAG20230363,2022-1,Ingeniería Agroindustrial,2023,Irregular,1.2660624634644324,3.652475750996182,-1.0316601868368962,0.418926565949417,-0.028529674199161994,-0.6936795863295468,-0.7702997705176275,0.3011665902692745,0.9620125962575425,-0.5276378110792409,0.18634306561231048,0.4282271741877606,-0.03217921871265943,-0.5383175907630626
IAG20230363,2023-2,Ingeniería Agroindustrial,2023,Regular,-1.369226884771968,0.4724480733252846,0.8906107818520758,0.25714807820196006,0.5923252174567207,-1.0015185140254792,1.1893576656747344,-0.7494337620794801,1.6752038651649452,0.6388777058511144,0.6497720114049149,-0.05170521866876578,-0.13973935287133082,0.14428036102358513
IAG20230363,2025-1,Ingeniería Agroindustrial,2023,Regular,2.5026825402790815,0.38956190429513304,1.4557525266022948,1.5339843443730767,0.7700821343886618,-0.7124461429667855,-0.2366749620233921,0.0016306576302595364,-1.7342230728650243,-0.52993064727497,-1.203267262885414,0.2136614007751078,0.7462923623117597,0.21884196456738916
IAG20230365,2022-1,Ingeniería Agroindustrial,2023,Regular,-1.2903445377468625,3.8950400720499836,-2.606567764223209,-0.13760009326745912,-1.2649960092658907,-0.35052029926100753,-0.22628165243098286,1.6300481385630707,-0.9353867153236244,-0.018003989158948897,1.151373439098015,-0.09071419919314247,0.19035751804264214,0.8409867547250625
IAG20230365,2022-2,Ingeniería Agroindustrial,2023,Regular,1.7638630330772627,1.2531874366744937,0.8500733423269231,1.0015511628071578,0.643423094923658,1.1950435383718268,-0.6151584720382114,-0.4706275371118364,1.7065552203145007,0.2943933992942645,-0.49521277477922776,0.2196245625062372,0.06843100430825641,-0.01960558484243353
IAG20230387,2022-1,Ingeniería Agroindustrial,2023,Regular,-1.5138514830582124,2.295075689228797,-1.984442108496736,-0.15471857991220486,-2.5665736516342217,0.028597981376772403,0.5220169711944336,0.7400300391065625,0.41562413863982034,-0.9920438408252726,-0.400113114118545,-0.5567010510150816,-0.003732113538366126,0.6607142575035705
IAG20230387,2023-1,Ingeniería Agroindustrial,2023,Regular,-1.6529546643877209,-0.7208130879534081,-0.7925208644990148,1.1578074930140059,-0.3887110809316683,0.9485437615561967,-0.15060818600638498,-0.026750911139100893,1.0067850552651016,0.0753610298917477,0.7869101212636674,-1.0315897706753574,0.5067254764435125,-0.1952092070445806
IAG20230387,2023-2,Ingeniería Agroindustrial,2023,Regular,-1.481178458294764,-0.8699777837151242,-0.18497259090889187,1.0924814952703317,1.1813566391704797,1.099514827563679,0.519567123684479,1.3580587396657902,0.059769924310572785,0.5236416321502124,0.3190104510580748,-0.5794046662151227,-0.749513250893633,0.16020639751528723
IAG20230387,2024-1,Ingeniería Agroindustrial,2023,Regular,-2.1206978921556527,-1.4220925679396221,0.13888565651794488,1.7391722416819888,1.1097274782378168,0.1326865370911065,-0.4834869415367223,1.2956493073055195,0.40307316384081,0.649709762807669,1.4505851191775965,0.11905599389063223,-0.3329357563707401,-0.0541560685052769
IAG20230387,2024-2,Ingeniería Agroindustrial,2023,Regular,-1.6858316520669692,-1.1814455730835542,1.7356245428314176,1.3755694671900305,0.3176416037392079,0.17113400418345243,-0.7084624942152692,1.8753164817709016,0.8482803486006416,0.01726612347060482,0.46169202239363266,0.28138235717068444,-0.6867135724939931,-0.6337939469117959
IAG20240031,2023-1,Ingeniería Agroindustrial,2024,Irregular,1.5854925733923226,1.2146854906905216,-0.41960631186626035,1.2935840551103743,1.816645864346456,0.7255276676094715,0.6875065378548351,-0.8009252201724354,-0.3633009526668534,0.28308754621470406,0.7699937086366521,-0.14946216086740885,-0.5474718711780409,0.3335284606840848
IAG20240031,2024-1,Ingeniería Agroindustrial,2024,Regular,-1.7986939144981111,-1.2141140164687902,-1.338551888787531,0.8549126333122,-1.4496036478336576,-1.2922062118603952,1.6775717235519523,-0.9135684488129029,-0.8247789064898537,0.763383492077608,0.8927175593487701,-0.47228523075304224,-1.3074199303989884,-0.23106732084490605
IAG20240106,2022-1,Ingeniería Agroindustrial,2024,Regular,-1.1247743825624763,4.265790764092548,0.489262617208629,-0.0036484112177839275,-0.7209273576293743,-0.1901666055665186,0.2955600459675671,0.9387969043180088,-1.2349012769235315,0.1553204212559834,0.711236431861474,-0.2722454833641521,-0.4209749751635504,-0.20324676258801697
IAG20240106,2023-1,Ingeniería Agroindustrial,2024,Regular,-1.940534185823811,1.2223693709875418,1.9075683634855423,1.0491088672980644,-0.8303866174782332,0.28724302883215175,0.1051799800124408,-0.8386002302725314,0.15697188700724268,-0.3635125465586857,-0.08465690105905407,0.06852640846936739,0.23984126801019467,-0.7144164769020893
IAG20240106,2023-2,Ingeniería Agroindustrial,2024,Regular,2.415077915925553,0.9428668883252038,0.8728399411918933,1.5495829915682426,0.42339824190116393,1.8507120082772262,-0.5918607448454059,0.1299785623996209,0.0689985940739327,-0.39064940344787596,-0.16881014181368229,0.32295107325277733,-0.3328773378950678,1.2994007511815302
IAG20240170,2022-1,Ingeniería Agroindustrial,2024,Irregular,-1.876062547189223,1.0408744308873166,1.347993480233974,-0.19534165772296785,-1.1806609679110014,1.2509763730466696,1.4982967342821611,-0.6300552735900807,0.3576696814971112,0.5391026716685198,-0.36209690666915834,0.3315760737215294,0.45697586749491187,1.1896874430678503
IAG20240170,2022-2,Ingeniería Agroindustrial,2024,Irregular,-1.4230498191899803,1.1523950261138225,2.0728117384562394,0.7299823367446426,-0.8122001273453063,1.4388370478037447,0.5491014860426299,-0.17771405685618177,-0.31896829113878833,-0.5662240750117359,-1.384758450540173,0.5296225016104332,-0.21532941208527634,0.32328670374197505
IAG20240170,2023-1,Ingeniería Agroindustrial,2024,Irregular,-2.6205086127051773,-0.1822257244443212,1.0497524060564665,1.27625126653486,-0.006821882889302144,-0.11796431749002902,-0.02858764451232526,-0.14597627453610335,-0.4500328655809557,-0.06639560235121705,0.5004818793899065,1.0454018946403858,0.19755130110894853,-0.720530034422085
IAG20240170,2023-2,Ingeniería Agroindustrial,2024,Irregular,-2.425587919546268,-3.417994924175455,-3.6640327148390734,2.1004979499212504,0.22045692260804123,0.474444552603847,-0.5051156546559171,0.5460905452908796,1.3175612245475838,-1.5383797332584954,-0.702258089012453,0.12283313447333463,0.17337420482082908,-0.2902424636595458
IAG20240177,2022-2,Ingeniería Agroindustrial,2024,Regular,-1.0444834388404196,1.378353900440852,1.2556439881232102,0.936102226553276,-1.063228144883073,0.8291345272379856,0.14401948637378184,-1.0705925085042978,0.8140364354474919,0.27426005115161783,0.8936202261176467,-1.131949001518632,0.42003488383216503,0.051969254836139074
IAG20240177,2023-2,Ingeniería Agroindustrial,2024,Regular,-2.4922148409608056,-0.08108317039237369,-0.12670729207161635,1.5705356681106692,1.317864616166088,-0.8347504871277196,0.806684490860306,-0.9876799499736889,0.44921887209294314,-0.48294481337352146,0.3173547017576132,1.0616300359436335,-0.2636673722832292,-0.11720067213071507
IAG20240177,2024-2,Ingeniería Agroindustrial,2024,Regular,-1.7388451171807928,-0.04646576920424073,0.9641803926284429,1.4763952442078905,0.11086121377644394,0.6655686827822651,-0.5838727026870325,0.32068172447418203,-0.17993763407931712,0.26132048015491993,0.7992888460203158,-0.14122905279735984,0.10946377441652926,-0.7489051143231462
IAG20240177,2025-1,Ingeniería Agroindustrial,2024,Regular,-1.7552006394080695,-0.3053707593196499,2.1841113015584157,0.09699548660537806,-1.013081808786659,0.22796650310061317,1.1308069176021747,1.2903299226744656,0.6508454770861969,-0.1647208210023677,-0.2937723825528843,0.07106349707257047,-0.7961565272822281,0.10370629950453605
IAG20240207,2022-1,Ingeniería Agroindustrial,2024,Regular,-1.571120396990542,1.3741344854517092,1.365560309107583,0.6774204163734749,-1.0146779418659329,0.5744742036783299,0.4544228339414333,-0.9512636578515271,1.2520142172540316,-0.05734218642355104,-0.20694995364747815,-1.0248747591243759,0.18580305100403707,-0.6022199699623785
IAG20240207,2022-2,Ingeniería Agroindustrial,2024,Regular,-2.365782526500169,0.5564253191707677,1.6564588500718676,0.8747180731453215,-1.2609200965788003,-0.539503676178457,0.6295303216562653,-0.7807483079104885,0.5245023364522031,-0.60506828342584,0.35844542590114,0.14451276306180155,7.056355421753018e-06,-0.5870269229450724
IAG20240207,2024-2,Ingeniería Agroindustrial,2024,Regular,-2.1479491099216204,0.17421620067353977,2.1172841371794773,0.520397087827473,-0.9095679259460052,-0.02318237277898707,0.24973319743549582,0.33164096663792275,0.7467727063145665,0.18395050507749422,0.5525730288141129,0.09840330178134023,0.0659397296803395,-0.6487826537698865
IAG20240207,2025-1,Ingeniería Agroindustrial,2024,Regular,-1.4663057293457677,0.05309803235807739,2.4691701756525015,1.0497636354513764,-0.8010783874780435,1.0475556031128004,-0.046376996546632986,1.462971038171224,-1.0180356584856665,0.02090016556187245,0.5340116436423575,-0.2734782603903553,-0.5800661294297185,-0.08232558785916888
IAG20240211,2022-1,Ingeniería Agroindustrial,2024,Egresado,-1.3011436454333634,0.7374943297927169,-0.48284857079147525,1.4239873172619115,1.4786077805177602,1.1196257681741675,0.891740218350861,-0.700908370797985,-1.0076790761222973,0.740845508029809,0.8572842741508915,-0.28694510494010705,-0.21714566592585996,0.7472500943619577
IAG20240211,2022-2,Ingeniería Agroindustrial,2024,Egresado,3.68381204270987,0.9102382359504508,-1.0963691231677206,2.145690945467229,0.8951634549338874,2.4946745642576693,-1.1000827067327241,-0.21280025164239422,0.3337728173014392,-1.3332770765209354,-1.290569739860982,-0.23041292217901854,-0.5420587310627021,0.3972305287615655
IAG20240211,2023-1,Ingeniería Agroindustrial,2024,Egresado,3.4358727771631075,0.3931179079571389,-0.24105760731865894,1.949586756292974,1.5290306201169432,0.3392945233131166,-0.3344089328166292,-0.19073339157298638,0.005522592031305826,-1.3476060935367287,0.08633493786824141,0.3433697517594172,-1.015437853928862,0.6858027854769113
IAG20240211,2025-1,Ingeniería Agroindustrial,2024,Egresado,5.741128663137765,-0.9361542375531431,-0.19239814379710884,1.5418281266540366,-1.2223048371774035,-1.6114665992760848,-0.8756259062135987,-0.8193611623556137,0.5485566277937102,-0.8950463683482297,2.3791627205747563,1.8839827117340109,-0.2388676488155599,0.20836464921650888
IAG20240216,2022-2,Ingeniería Agroindustrial,2024,Regular,-2.6310599791631253,3.1956766554588953,-2.9399383543288606,-0.5781955000687333,-1.9938053475360205,-0.8364051438853507,-0.5528491327949169,1.0976781249738008,0.934678669486283,-0.2874769506831713,-0.4299061806233727,1.435592372641755,1.0573787363614386,0.4451016320432299
IAG20240216,2024-1,Ingeniería Agroindustrial,2024,Regular,-3.0734756199954147,-1.2709153212365587,-1.4301598575303822,1.151979342763519,-0.5130922825858134,0.3125286650110641,1.007854745055772,-0.34509473337388574,-1.454516963875792,0.24826323127408198,-0.1988498786715313,0.8816644307817436,-0.2989815807638537,-0.2630387156405384
IAG20240230,2022-2,Ingeniería Agroindustrial,2024,Regular,-2.6348565663861376,1.7322222831710163,-2.872201925718461,0.18840163102382743,-1.3610475227299224,-0.4723699313598037,-0.2718585338645913,0.5884819306793327,0.5559096680113571,-0.23586192444090562,0.2992534551831719,-0.03768707357048076,0.7832241350200669,-0.4381684825500482
IAG20240237,2022-1,Ingeniería Agroindustrial,2024,Regular,-0.6640708133438857,4.278840299872607,0.4104658805644576,-0.5381811465364579,-0.6503571382710795,0.13298265395440237,0.630649704602243,1.0807912702506186,0.39707139827408955,0.48413550815809125,-0.1366304739452248,-0.34079130850727424,-0.5232530309463047,0.5354345692620252
IAG20240237,2022-2,Ingeniería Agroindustrial,2024,Regular,3.580749486948219,-0.46719141432964495,-1.810121999320456,1.4499670274873038,-0.0756461477280401,0.2495626124395072,-0.2547666444975502,-1.1938791734408625,0.7943168951521153,0.10983018028226794,2.1290833410568375,1.395579162038885,0.7474516186004303,0.34831161735001404
IAG20240237,2023-1,Ingeniería Agroindustrial,2024,Irregular,3.5520428936825015,0.3621034805429155,1.2872972278685164,0.22352254765349328,0.9042126883152163,0.21247896501027316,0.21124228031593045,0.294257224944701,1.0805127393221172,0.12086621947562028,0.18459988421693402,0.6543452732980735,-0.5095722283657075,1.4122438743850112
IAG20240237,2023-2,Ingeniería Agroindustrial,2024,Irregular,1.1341468789477898,-0.21554145060785715,2.2934304215474577,-0.0315257121671107,-0.5838214191594568,-0.7445362512838599,0.38014779292831863,0.8956216718871164,-0.11847788101110404,-0.2212595804122971,1.0829084387595609,-0.5570671888070468,-0.481662047174395,0.3973892984196005
IAG20240250,2022-2,Ingeniería Agroindustrial,2024,Regular,1.6769711193383274,0.5332162907022454,-0.6206403142310846,1.0894568948047754,-1.0964563791601774,0.4631218089072735,-0.11322708195059358,-1.7094297034255383,1.3787528097310493,1.2023904939098375,0.6808669466688805,0.32188313464391294,-0.150980040091586,0.742201881503094
IAG20240250,2023-1,Ingeniería Agroindustrial,2024,Regular,-0.8414756868056094,0.7174817857401223,1.1952099273239345,1.216418972659971,0.7081562764161435,-0.05987121415310837,-0.074064150216738,-0.6367834838507812,0.4001165518059039,-0.018937777815674225,0.4498875528870174,0.027501995612892717,-0.04613555652586584,-0.1732886601749145
IAG20240250,2023-2,Ingeniería Agroindustrial,2024,Regular,3.9191780062236377,0.5193503498506895,0.8714200384530623,2.0605305275187793,0.27648512675343234,0.9486648946261402,-0.4025703054868218,0.9789969136559415,-0.37400622362241853,0.22477507592596502,-1.0297559353169252,-0.4931499742964246,1.014655065256799,0.5299497937750968
IAG20240250,2024-1,Ingeniería Agroindustrial,2024,Irregular,2.6400420063450953,-0.8110675742598824,0.49183282695633374,1.8650846921927573,-0.5240257577935343,-1.331590115560422,0.503993689705116,0.8347230840831382,-0.025224133542788997,-1.0474602301417875,-0.660236571102495,-0.2099625074612917,0.8614334495975272,1.0623021220968476
IAG20240250,2024-2,Ingeniería Agroindustrial,2024,Irregular,-0.6783099561245676,-2.3101104954747838,0.0469147578595421,1.7952485444889845,0.8194164114733806,-3.0219776919381514,0.5044954627057959,1.4677432584802494,0.5833873234386927,0.09616876435723254,0.11788890878943996,-0.4527033978047923,0.9120428400108256,-0.214535058922015
IAG20240250,2025-1,Ingeniería Agroindustrial,2024,Irregular,4.48248452714082,-0.9599310875841308,3.041789260929618,1.360859502777657,-0.5346913634139322,-0.6893204167342009,-0.7367076515966019,2.737105767750757,0.13586525451519754,0.32701141930815086,-0.11203476794820627,0.03697421696901196,0.6860965543407749,1.4930110634533802
IAG20240277,2023-1,Ingeniería Agroindustrial,2024,Regular,-1.9150062919923339,0.13856043362980605,-0.942943775765604,0.5093439722489123,0.9358959442845679,1.1439998927938602,1.4958600658902834,-0.4733695498218351,0.41463071297209436,0.727115639527924,-0.47415694772846856,0.012681345599300937,-0.014986941950544412,0.7906088392856669
IAG20240277,2023-2,Ingeniería Agroindustrial,2024,Regular,-1.3312399695158825,-0.8346063442811602,-1.5812037137954644,1.3407710718535393,-0.061805034598251526,1.621929775852008,0.45887187771627674,0.08926764165788593,0.3423825639900368,-0.8594990442428596,-0.7780422897380036,-0.715939128588645,-0.09478118974141621,0.5656905857547936
IAG20240277,2024-2,Ingeniería Agroindustrial,2024,Regular,-1.7561913516607552,-1.6785600419457571,-1.1583471338263418,1.2212767418864794,-0.17285112914017742,0.42945033162815754,0.8596306221755808,0.6141805119671718,0.1521117195250776,0.44286866687663623,0.49249048553555236,0.014983094928545998,-0.8796814882991866,0.9295665183575255
IAG20240277,2025-1,Ingeniería Agroindustrial,2024,Regular,-2.594186849861672,-1.925408743292589,0.6948204514532851,0.6419910383139844,-1.9705932716677907,0.13133601536627043,0.6610205247236485,1.6701554231443874,-0.4450272901698257,-0.45763026114311733,1.0238165984891547,-0.39091297683814646,-0.444170000259233,-0.12169678309883332
IAG20240286,2022-2,Ingeniería Agroindustrial,2024,Irregular,2.2241052803642236,2.839453525062794,-2.136249334740335,1.4365141472174943,-1.427717143586568,-0.8522725945650058,0.40845882122913163,0.8216798778665266,0.10846425955612178,-0.1719882776570304,-0.5270534413541075,-0.7095579502716413,0.8660752403217742,1.3026075736614455
IAG20240302,2022-1,Ingeniería Agroindustrial,2024,Irregular,1.5818328667671346,2.3553267854146744,-2.3671317685714293,0.050391982017906754,-4.000392632022374,-0.5882294715512989,0.14324888987681655,0.309165744394376,1.1404881582169355,-1.439936434456606,-0.4748373731817407,-0.8862328917817696,-0.8098329159401464,0.40021862350611187
IAG20240302,2022-2,Ingeniería Agroindustrial,2024,Regular,-1.7798010202155905,2.635410686243404,0.46631787094154364,-0.6893642599585436,-1.2498431253603763,-2.6379552654735727,1.436776464232525,1.3307128528229597,-0.10886529951865467,-1.036585656134599,0.6840654420696912,0.2867053017683255,-1.0444124967838335,-0.22761752154305592
IAG20240302,2023-1,Ingeniería Agroindustrial,2024,Regular,2.6615930505767142,-1.2369013255280845,-0.8618235859867042,1.8406452837577378,-3.289528450355798,-1.7034680696145386,-0.615798864259884,-1.5875337162656944,1.0975303399586802,3.357962250681702,-1.678300727692439,1.3251540756596327,-4.1890698977150835,-1.207049574376344
IAG20240302,2024-1,Ingeniería Agroindustrial,2024,Irregular,4.064682010785293,0.011311285996639735,2.500527759113989,0.05100139304688906,-0.46790246940697244,0.6399864562447949,0.44994248577007206,1.4987991506188254,0.11743626217386184,-1.1247488702396544,-0.350023302661003,0.3753502691525934,-1.2953880706789838,1.617316605519886
IAG20240321,2022-2,Ingeniería Agroindustrial,2024,Regular,-2.3208546867086484,1.0208102802354142,-3.728629179708998,-0.3448065768019727,-2.3739295089606682,-0.039380094664044914,0.7485268786901904,0.7902810620990773,0.41270160165653785,-0.7639037564831895,-0.5847276196089624,0.018737146448211887,0.34323064923043395,0.5825047913660487
IAG20240347,2022-1,Ingeniería Agroindustrial,2024,Irregular,3.3246265529989043,2.0964299702897073,0.6754594808970787,2.206146690386979,0.9264655168739556,0.4194873543007504,-0.7109171147246942,-1.4939181619685766,0.6686129141883381,-0.49077650880258195,1.6611439986107115,-1.0363978456124407,-0.5302879400242636,-0.1578981741663733
IAG20240347,2022-2,Ingeniería Agroindustrial,2024,Irregular,3.972783602846618,1.4408447664249182,1.060667540789514,1.5017588877314423,1.1033032780906622,-0.29376582919235605,0.3996492635008575,-0.9704411037115319,-0.14333845842626686,-0.8754679470554587,1.7210066794314123,-0.36474924595144326,-1.1261533423374608,0.8634101979039507
IAG20240347,2023-1,Ingeniería Agroindustrial,2024,Irregular,-1.307401552082002,-1.139091400766477,-0.7777750195391574,1.0706763163086273,0.7492165720788129,-2.574335268087213,1.9022238692830178,-0.46997075318342724,-0.5704202429301537,-1.5889135341895329,1.6021079831111187,-0.5317414665375159,-0.9804919700508313,0.05237266657499666
IAG20240347,2024-1,Ingeniería Agroindustrial,2024,Irregular,2.6892136677085765,-0.8650906736636014,0.6705694254601501,2.041718361064684,-0.3007027378680064,-1.4761894290712072,-0.44258636647020644,0.7024431453280344,0.6995155651978917,0.6034652336185553,1.0108261871723878,-0.5084980390110847,1.4177108591809486,0.9630959819356539
IBM20200010,2022-1,Ingeniería Biomédica,2020,Regular,-0.13753269804660245,0.45475254796643183,-0.24052986307683846,-0.2858107248934727,2.2922728487548496,0.450371837401349,-0.83373486863448,-1.4507103925673197,0.2874975225955179,1.2964986715658389,0.7348212289446717,-1.0475080745649346,0.04203534443923235,0.3665093252665085
IBM20200010,2022-2,Ingeniería Biomédica,2020,Regular,-0.3006785398544012,-0.35598320080640955,-0.5022152169053093,-0.3747474865094091,1.7137915053686235,0.4198466780400436,-0.19473919471613385,-0.5270093390199863,-0.879846053931706,-0.29830370779148535,-0.2175767034024997,-1.3702568582451915,-0.700740123876023,-0.27680339438836343
IBM20200010,2023-2,Ingeniería Biomédica,2020,Regular,-0.2907928245616754,-0.2575102340993475,1.2515363802823378,-1.3780607362270947,1.2596917577717368,0.12116657845914913,-0.18295652791685701,0.24599241401427308,-0.5927915318641698,0.49206000619618934,0.2636671550287591,-1.3906294814646938,-0.769733635003968,-0.10620406047160921
IBM20200017,2022-1,Ingeniería Biomédica,2020,Baja Temporal,3.225976184108726,0.5003238887720725,0.8061638411204339,-3.684775249418847,-0.39054868971072215,2.50843471154289,3.0523692865287826,0.06963853824235129,0.8975279863921375,-0.003562705820986902,-0.5220833395024835,-0.7064716321742096,-0.03259950784629992,-1.2999985801306084
IBM20200017,2022-2,Ingeniería Biomédica,2020,Baja Temporal,2.3677962484573425,-0.7458499014290872,-0.7055736344032768,-2.6037253376239016,2.0283858495708467,1.8153966358521267,2.7073726113316123,0.6594681889281474,-0.7294647497500887,0.17449133106332423,0.15286684620421986,0.06508878435650563,-0.51745952643581,-2.2093237664158254
IBM20200017,2023-2,Ingeniería Biomédica,2020,Baja Temporal,2.79761786684838,-0.48823608687616926,1.455608283537888,-3.483991293641751,-0.22576535564361244,1.9216584870355955,1.4004848565648331,0.9894192253848538,1.0971605789382488,0.5358855834207868,0.23800171559037933,-0.5252893632867094,0.20898895955490862,-2.462961528099847
IBM20200017,2024-1,Ingeniería Biomédica,2020,Baja Temporal,2.4378878228454353,-2.6069510683007273,-0.9916711254899816,-3.5846109401565207,0.2404132180712288,1.9106937397130213,2.378092458392877,2.145203265795185,0.6363883159822072,-0.17450533176647687,0.18977358466384417,-1.0079871315520015,-0.2902467356026783,-2.076978742007882
IBM20200042,2022-1,Ingeniería Biomédica,2020,Regular,-0.3872747004899927,3.3429483312142763,-0.34299356498383965,-1.54987782020293,1.0054687445294668,-0.9662255925859282,-1.2474768908138485,0.03424412828072755,0.3853451350555962,0.2290281701724479,-0.60373939671938,-0.1699519133747912,-0.2905416483388112,-0.6551261477117172
IBM20200042,2022-2,Ingeniería Biomédica,2020,Irregular,4.764235579550866,0.08016049040262706,-0.1158911697072828,-0.863445123181258,0.27230978575756226,0.6232877251331539,-0.5124438586133255,-1.3406059695638062,1.0194728612871018,-0.1163661524120385,1.548081599981347,0.44409933270315444,0.4363254856265225,-0.813412775603967
IBM20200042,2024-2,Ingeniería Biomédica,2020,Irregular,0.5816385885572287,-0.7570768769862912,1.4588031281161407,-2.645690755947961,1.607829397848728,-2.5145652643475636,-0.34155200179233114,-1.4048985307615522,0.8280149288902703,0.21893818128488857,0.7123132932127685,0.13124166217972252,-0.48501115305447295,0.23562302716768707
IBM20200056,2022-1,Ingeniería Biomédica,2020,Regular,-1.268899118559422,4.865849926308145,-2.4709812564597966,-1.7572604163964152,-0.35381913201771437,-2.372532797186739,-2.327383550966122,1.4105970591576376,-1.220608365568981,-0.5786330678138101,0.3858407776667308,-0.04052065647419733,0.040278451537328556,-1.2360726374559585
IBM20200057,2022-1,Ingeniería Biomédica,2020,Regular,-0.0458523399014204,3.6941947429516766,0.514803322935588,-2.5844490557245297,-0.06983481121090705,-0.5796906263209647,-0.9218905557916085,0.4320640804402412,1.6746998212815913,1.2266914077252826,-0.34999439073581645,-0.7904723875661809,0.006644814498308398,0.07173368829120881
IBM20200057,2022-2,Ingeniería Biomédica,2020,Regular,-1.626212742816678,0.09376674517250366,1.1272171916203908,-1.252040579635989,0.8393310784521866,0.03729393021102303,-0.4939310312001255,-1.3022463508801048,0.22466113113283076,0.6173124143083861,-0.9477775629789966,1.183158924352378,0.5732223048784989,0.09674619762918102
IBM20200057,2024-1,Ingeniería Biomédica,2020,Irregular,-0.2594647963303661,-0.9466340160908515,0.9324643263968166,-1.9625156521455296,0.5997094612834794,-0.10452234854904646,-1.4632895094985754,-1.1598595004561225,0.009493975822106747,-0.07322937756415099,-0.7716138755876172,1.25940306969822,0.6170703387126714,0.15343550451700816
IBM20200058,2022-2,Ingeniería Biomédica,2020,Regular,-1.5857648826765935,-1.2515633629343164,-1.6128297738451713,-1.2532947053143124,0.5669000161246419,0.2003204599238808,-0.6456627193763577,-1.5891815565294365,0.10020462336750122,0.35918213781303954,0.29944374005794044,-0.43134406629801936,1.148090451502665,0.09088263502936832
IBM20200058,2023-2,Ingeniería Biomédica,2020,Irregular,-1.3105053812379492,-1.2835359256793282,0.6960895564022834,-2.301486165496841,0.34791320242607493,-0.7318481588688761,-0.03349275033639227,-0.8160501864159148,-1.875097665912535,-0.022213371328518295,0.5450385909430742,0.7811248466641143,0.15677432897645033,0.23358659684156355
IBM20200058,2024-1,Ingeniería Biomédica,2020,Irregular,-0.45471309198880466,-2.0152530236181967,-0.12310439030291641,-2.1887769680017204,1.5717753258308953,0.08412563593762903,-0.5345085177398621,0.08355734721659354,-0.638170815822415,-0.10198165440762944,-1.0578565654535426,0.822889603687939,-0.32476525645718374,0.10273055226859329
IBM20200077,2022-1,Ingeniería Biomédica,2020,Regular,-0.9964836652839699,0.7465860715462923,1.5111525930525738,-0.8351104243304018,-0.7279460949895892,0.19909850816896008,-0.04463944155766918,-1.4859601979306876,-1.9772325438387777,-0.7987279158985484,0.05520072432068997,-0.6525465802632302,0.010803389618787951,-0.18402707981976738
IBM20200077,2022-2,Ingeniería Biomédica,2020,Regular,-1.9507574016180833,-3.111073210710316,-4.084619049209386,0.24501769640042376,0.7053966430729601,-0.33262869336446965,-0.9001252975605419,-1.1031895360638735,0.1062977756836496,-1.459647883999739,-0.17891095030470797,-1.043317642505747,0.4318478313564965,-0.8860971254406752
IBM20200077,2023-1,Ingeniería Biomédica,2020,Regular,-1.5228611928337914,-0.611858614126996,2.5076563264721403,-1.5093585698142087,-0.418595352393697,-0.848592728251887,0.5092473117100784,0.1654067233526252,-0.17980469309493421,-0.8050530413587329,-0.8041042241200821,0.48686336679832476,-0.9785534648215999,0.12258892930171383
IBM20200082,2022-1,Ingeniería Biomédica,2020,Irregular,-1.306724829088362,-0.4893697904807705,-0.0852949365242505,-1.1449787782523384,-1.3956303288301608,0.4031185156950417,0.10040930274739022,-1.3778495234978148,-1.5296849608736465,-0.7102087974524394,0.5469418574479094,-0.9369976608224453,0.6356498284852956,0.3166295326036996
IBM20200082,2023-1,Ingeniería Biomédica,2020,Irregular,-0.8247067732567789,-0.13085684026122152,1.8243913409236634,-2.1876844660062074,-0.37588420750107854,0.47770282840735373,-0.8004676210715601,-0.39265705257365446,1.0517106518492059,1.207709058984316,0.09595756444019878,-0.7425654006809096,0.6420341254969303,0.10110312262269357
IBM20200093,2022-2,Ingeniería Biomédica,2020,Regular,-0.2908443612947389,3.1523850658744412,-0.45617229880543414,-2.283511154482243,1.073926300002122,-0.5905615548305634,-0.5326982857427546,0.6354724986719632,-0.976956180272371,0.8106485245460768,0.03254097062917167,-0.8119334886958788,-0.5477241597426113,-0.061515039390244754
IBM20200093,2023-1,Ingeniería Biomédica,2020,Regular,-0.9346201404002901,0.4629827346935941,1.8589212470537064,-1.6331125456969868,-0.4142349997425215,0.11222448289737959,0.08426540215570776,-1.0196480545258182,-0.7263974485541903,-0.7372995493277303,-1.3355550912857719,-0.32313928903622974,-0.25093191487723915,-0.029312054757094794
IBM20200093,2024-1,Ingeniería Biomédica,2020,Irregular,1.4232232479796822,-0.5559886315139797,0.7583911016254834,-1.786549491609055,0.8798375876636104,1.0378814406994625,-2.0514578961346963,-0.5164026963735168,1.2828648215671576,0.5700613279631764,-0.6545403535494432,-0.8319574165446114,0.21319447421020166,0.45195066300740844
IBM20200093,2024-2,Ingeniería Biomédica,2020,Irregular,-0.0040646829795423205,-0.5835078169054445,2.6636290485675045,-1.8603177672547202,0.036608563254724905,-1.3282462786216958,-1.2022894843914491,-0.7525324708553073,0.23468686818237067,-0.9542346416123187,-0.46111443597208973,0.7231499369032702,-0.3792120746826393,-0.45756313984073893
IBM20200093,2025-1,Ingeniería Biomédica,2020,Irregular,0.5137738345963161,-1.7031953595123293,1.2538738796586932,-2.1750363534414925,0.742496283472274,-0.09180290888752334,-0.8204807600622361,0.8577114314670747,0.27133843108124894,-0.5156495469502825,-1.3883787965849355,-0.19258699707384025,-1.0231765958372416,-0.06911471482391615
IBM20200107,2022-1,Ingeniería Biomédica,2020,Irregular,7.121354892713525,0.05708308474877554,-0.9682441187075569,-0.9446674483807447,-0.6367760802404129,0.4731335195411628,0.15154185424524988,-1.9959930622084545,0.4389782650694172,-1.393067676799858,0.5617322158607111,0.8557024505802187,-0.34128735812833794,-0.18273590975191298
IBM20200150,2022-1,Ingeniería Biomédica,2020,Regular,-0.09430782141532322,3.771364313476624,0.5954631347875243,-1.7985915745443568,-0.20553020060502844,-0.8932913351442959,-1.3227254909548825,-0.08734221314194561,0.42757234482781054,-0.11058248441363401,-0.4401916312124637,-0.26963590884735905,-0.07217741732559811,-0.4420999922967813
IBM20200150,2022-2,Ingeniería Biomédica,2020,Regular,-0.47122082685583,-0.1398305322673359,0.5554217807131122,-1.7942216877553427,0.5938933837097059,0.8768618948921733,0.33603529393001624,-0.6709647189016781,0.058581001920751614,0.9721737860331197,-0.20345834999030135,0.03581097744073674,0.2866252119815494,1.443467076784057
IBM20200150,2023-1,Ingeniería Biomédica,2020,Regular,-1.292785664616404,-1.588628783340909,-0.8551551652168624,-0.5158532747597937,0.3075246382820353,-0.3780022452711699,-0.9533724176271613,-0.8426354554547929,-0.19549807336751976,2.5843381930843057,-0.3716365612896819,0.45164222977360907,-0.9382807712865358,-0.5825353789949885
IBM20200150,2023-2,Ingeniería Biomédica,2020,Regular,-0.9611935656301931,-1.438383530552202,-0.013205507946139505,0.003898991165190711,1.3971903963973746,0.8225350362873269,-1.196587389693781,0.5735713085376546,-1.841914807325962,-0.01717414248821061,-0.07277322520476147,0.03821564835856801,-0.3351546212929212,0.30299586822570296
IBM20200203,2022-1,Ingeniería Biomédica,2020,Irregular,4.656301068140262,2.1795222074353777,-1.7505593817639267,-1.8392746196967225,-3.1117091319345045,-0.7184516108639567,-0.22221682310146854,-0.34776476711332877,-0.5975002673561604,-0.1916084135845843,0.07253882572780437,0.6292380289313477,-1.3735375940589587,-1.7537020126227616
IBM20200203,2022-2,Ingeniería Biomédica,2020,Irregular,3.898182374211761,0.3665690322185903,0.9422656637085824,-1.086353578852405,1.1433135057287218,-0.3595874069477634,-0.36915984564648746,-0.9494306801476559,0.4886121537005431,-0.8153896320393672,-0.17541903361966735,-0.00474224235243763,-0.7568046466633825,0.9923510403047363
IBM20200203,2023-1,Ingeniería Biomédica,2020,Irregular,10.942443281203197,-0.736592659826664,0.41420913424531247,-1.4436911383160163,-1.7943302565843544,-0.6740173596413332,-1.1121374517841598,-1.285494721830773,-0.1953729214694548,-2.313997381237952,2.5408200268975194,2.498197058789417,0.663926450641156,0.9589980007861364
IBM20200203,2024-1,Ingeniería Biomédica,2020,Irregular,7.071780839730249,-2.0933580912917598,1.2334957173455716,-2.2573280215375506,-1.5687249028383967,-3.367388863355167,1.561396856461528,0.4790577696935077,-1.0249274932864372,-1.3363654487949532,-0.793899874851051,0.3038012499106686,0.09502428696908977,-0.20564374658124424
IBM20200226,2022-1,Ingeniería Biomédica,2020,Regular,-0.7693794687035993,1.179142661383426,-3.176450283770785,-2.035922510519446,-0.9686216440466646,-0.24507156953447887,-0.423872136886128,0.6715812512077987,-0.25246223066489903,0.20342272241452486,0.7364436384380654,-1.4424669890393376,0.34714857856326625,0.8725097970812902
IBM20200226,2022-2,Ingeniería Biomédica,2020,Regular,-0.5546313575036136,1.9405359339875992,-1.4330322294262126,-1.8568669968762543,1.7981941907594132,-0.4392492216412536,-0.5650428267732083,1.5601047608657346,-0.15132996655662925,0.6818974903758641,-0.6423489400731317,-0.030962266577675396,-0.7804911185194162,0.2793458248175401
IBM20200226,2023-2,Ingeniería Biomédica,2020,Regular,-0.9990459435308352,-0.4210134819431982,2.0114088728995747,-2.109154392122256,-0.43300331136828496,-0.4365186217479642,0.49183746307850684,-0.13070284682698954,0.17896888013161133,0.21521267067420666,-0.10949278556518795,-0.30670664181196694,-0.44669894353779266,0.9458909763726336
IBM20200255,2022-1,Ingeniería Biomédica,2020,Regular,-1.489455518633341,-0.604642747228472,-0.1748734743254503,-1.3695322285210156,-1.518223099468987,0.24326704808663696,0.3302260424664345,-1.3595885509685057,-1.0424131352137997,-1.3264303406614568,-0.4497825755755891,-0.9083388893898533,0.47655497396877844,-0.25468982529527223
IBM20200255,2023-1,Ingeniería Biomédica,2020,Regular,-1.7679845980973212,-1.1944938524599928,0.7064382518123876,-2.092886913505999,-0.9900715739523275,-0.5984523541999316,0.6650646663264732,-0.805578713649981,-0.348938423929158,-0.973140483204041,-0.9872209191651472,0.3032727724796481,-0.13893247451248508,0.09613112017064301
IBM20200255,2023-2,Ingeniería Biomédica,2020,Regular,-2.0900084806250807,-1.6269488427676266,0.36721129912780576,-1.4042238122061157,1.7785128876712264,-0.4364217682907377,0.18857675562058918,0.21057009015962583,-0.6081040128463695,-0.2802902809664503,-1.4593624190242873,1.2486743933582791,-0.6573178951321991,0.09554492833699395
IBM20200260,2022-1,Ingeniería Biomédica,2020,Regular,-0.69972194641681,4.095906501611902,-1.5165223026003058,-1.7158950445206664,0.19124737832634145,-1.4004889659901556,-0.9748559915522159,1.0060164183453575,-1.4202351870734935,-0.8414474960842935,-0.5553163778360664,-0.14312552450967095,-0.658923969020349,-0.2706947461919468
IBM20200260,2022-2,Ingeniería Biomédica,2020,Regular,-0.15224705884734888,3.407514830614412,0.5821576135686958,-1.7101172392669466,-0.4167228500951281,-0.7965012671886049,-0.757502922409073,0.7098833178054794,-1.0821206275491368,-0.28130491852425127,-0.0769419092545572,-0.4062592735697033,-0.6203612572623083,0.22302214210947455
IBM20200311,2022-1,Ingeniería Biomédica,2020,Regular,-1.4829634190045922,1.3156238355251022,-2.9327981720131207,-1.165421999612971,0.20232851365710766,-0.9876071718651769,-1.5005821108468371,0.0017863435481200952,-0.7817708866334129,-0.09793858749027029,0.6400152277869892,-0.2825394784322404,0.6084061386030318,-0.7658017663997596
IBM20200329,2022-1,Ingeniería Biomédica,2020,Regular,-0.8651966723257905,0.5527797450607813,1.4927851611498653,-1.788651569728606,-0.5633806980168742,0.8614491852549777,0.19220428335164044,-1.107258212238365,-1.3258096074041006,1.0958996443380256,1.0901409030618605,-0.2948283143578888,0.7923462183151804,1.2045952943693397
IBM20200329,2022-2,Ingeniería Biomédica,2020,Regular,-1.6066874969453881,0.041175954978416494,1.2110143320499573,-0.36688247140558417,0.7737171015455562,-0.11585938044753466,-1.1431411630663924,-1.2846976526563607,-1.3106414442114238,-0.09883180667718346,0.014892259556837094,0.8082875668454518,0.46704723423894484,-0.5821289515932647
IBM20200329,2023-1,Ingeniería Biomédica,2020,Regular,-0.8050405297382267,-1.4826528172945252,-0.8744033939042724,-0.11762953847932267,0.7695289168977639,1.0487976692942236,-1.0799738971538915,0.07815182065792212,-1.7445176871349475,-0.37033750641867585,0.020867699895354475,-0.6791478171887895,-0.015030839756163275,0.07176410545573764
IBM20200331,2022-2,Ingeniería Biomédica,2020,Irregular,7.732475324359136,0.548612095420064,-0.7457587094543376,-1.9570596970027283,0.310229476045849,1.2292779197160146,0.9816186570709367,-1.029010632946849,0.13145916380578143,-1.047241185211111,1.2483466370286458,-0.18827418790100248,-0.20123376028808157,1.1620390665858045
IBM20200331,2024-2,Ingeniería Biomédica,2020,Irregular,7.051020740539061,-0.8763290377421444,0.6505289268754388,-3.779284480032791,-0.9982191294768447,-1.0777751353513094,0.35391134268570107,-1.4104909983435938,-1.4828712314443764,-1.4046082877212078,0.8521927082774244,-0.46943340423830976,-1.1364591262221992,-0.21796877160941144
IBM20200331,2025-1,Ingeniería Biomédica,2020,Irregular,10.590807867695322,-1.668819796041012,-0.028232408196418715,-2.98197081566603,0.3201599132522382,-2.0121537590555723,-0.793334865401573,-0.5628121805234481,0.07331105407625593,0.9560998975299653,0.7907308875745218,0.11497918716082847,0.9059831841817353,0.6341881075974182
IBM20200333,2022-2,Ingeniería Biomédica,2020,Irregular,-1.598104426733474,-2.415892210942243,-4.049647964343704,-0.6871714501879649,1.1598196050422342,0.05574348291970907,0.30617706338823997,-1.329734425968552,-0.3563967475060797,-1.299891144486447,-1.316515232354736,-1.3043342572215295,-0.1840843663188456,-0.3920678044675532
IBM20200333,2023-1,Ingeniería Biomédica,2020,Irregular,-1.1041172496753002,-0.4283547645143314,1.163924932052012,-1.3636094435538597,0.9070399837975394,-0.07517963355493122,0.017239281684701017,-0.32553026107693384,-0.9639346364840629,-0.04757420049640633,-0.2074180393251261,-0.18583122303595187,-0.5013834698188874,0.17546178011978064
IBM20200333,2023-2,Ingeniería Biomédica,2020,Irregular,-0.7661087793458229,-0.610031276173279,1.9311256477043266,-0.7951461523477936,-0.7638401898101101,0.5825016136430107,-2.152982969086321,0.14700908745585362,-0.8107630751219284,-0.11506644149935744,0.4372852219506891,-1.2138986881115252,0.3191391067840756,-1.0847274558429636
IBM20200336,2022-1,Ingeniería Biomédica,2020,Regular,-0.20293670383433976,1.0469198106532402,1.570850094827585,-0.9033277699202396,-0.4357254181816635,0.047945051071765984,-0.5743749871554369,-1.8187423393275395,1.0691297633242731,-1.092418797221017,-1.3713598451945466,-1.0754247074724137,-0.11288781367265133,-0.6864382811098844
IBM20200336,2022-2,Ingeniería Biomédica,2020,Regular,-1.5889936593556184,-1.7508907278998327,-1.2684816159925942,-0.32482580084658114,-0.9887057459633432,-1.2167817665681109,-0.39839815830534137,-1.6692592418731458,0.04808122433220702,-0.717184533247138,0.021905729065891395,-0.4655930285715265,-0.3305588987480306,-0.7150919208288967
IBM20200338,2022-1,Ingeniería Biomédica,2020,Regular,-0.5873608604650821,2.916162984207998,-1.4598403011141052,-1.0494254495699231,1.993312410394932,-1.1666391769223692,-1.298497585328858,-0.08911337315770304,0.1086699095628016,-0.31129385033982643,-1.0554061007171747,0.15073450327643653,-0.47905841739490296,-1.0510188101360103
IBM20200338,2022-2,Ingeniería Biomédica,2020,Irregular,2.816837823666874,1.313932699277756,-3.2998984380021725,-1.1927058297965953,-0.4510626832502117,-1.264273729831532,-1.0229873577943331,-0.0044984422412738005,0.04606452629608352,-0.5636804772334443,-1.0928059967462993,1.0290964778271054,-1.2750377967160706,0.5059660776556673
IBM20200338,2023-1,Ingeniería Biomédica,2020,Irregular,0.5732962026891546,-0.49362404389535375,1.0507500798876641,-1.2013677480653293,0.8359457285618344,-1.003146951980788,-0.5598048208900156,-0.86529808116527,1.3489082988263574,-0.5020531675462822,-0.6460828727716114,0.11674971763316377,-0.32358272137562283,-0.2079239918923161
IBM20200338,2023-2,Ingeniería Biomédica,2020,Irregular,0.9427547570820417,-0.8299291357016194,1.416021877866002,-1.3050493961145195,1.0481019908891576,-0.5064210006212205,-0.11583346636880272,0.1982206369483209,0.0409290310147994,-0.154101825644093,0.08375861760888334,0.2071763839492901,-0.7456557840868311,0.9968438338152906
IBM20200343,2022-1,Ingeniería Biomédica,2020,Regular,-0.5918395313386421,3.299871960231088,-0.6117818394155521,-1.3388744648675728,0.6594055508363424,-1.2156290354196715,-1.299935006054562,-0.12084773551299047,0.16214537965781914,-0.4765038247179788,-0.9425297551583647,-0.04381535357337533,-0.31285264290685944,-0.9734760840435652
IBM20200343,2022-2,Ingeniería Biomédica,2020,Regular,-0.6943979727281911,0.15905533937644056,0.7548728606967716,-1.035300813795086,0.657842207548279,0.18324105593233578,0.19762020763268245,-0.9095474356025531,-0.6065817466225415,-0.6713153208579925,-1.2918915280332626,-0.3562777193460783,-0.5421376999742081,-0.2737429445083673
IBM20200343,2023-1,Ingeniería Biomédica,2020,Irregular,6.6697307982200655,-0.015350804595804032,-0.6012992991424109,0.6687278425120072,1.8025563552972668,3.085776859977239,-0.40866659699241586,1.204419052216514,-1.7666694593925998,0.13870300452256193,-1.1099426773676841,-0.8580405856042324,0.9458233739677894,0.22187609093516736
IBM20200343,2023-2,Ingeniería Biomédica,2020,Irregular,5.437903373870901,-0.3023463360791322,1.1914761830407372,0.10303501501865193,1.1116771223240127,-0.9984810044094905,-0.38018496495648246,0.09288863173534981,0.41138618738178223,-0.14370047078566334,0.37004343865685463,0.5518089425756212,1.4261068634395733,-1.0665790181604948
IBM20200343,2025-1,Ingeniería Biomédica,2020,Irregular,0.9411738263728804,-3.4296076375833553,-0.7298189822396319,-0.8584745679382868,-0.5397966667008779,-3.427711510593948,0.12752936117569544,0.20312776452818954,-1.0928173447606917,-1.9202688437356392,-0.30225763681180523,-1.3978914146035664,0.696980106585811,0.22088636360976027
IBM20200375,2022-1,Ingeniería Biomédica,2020,Regular,-0.4105823565758459,3.3309180251922044,-0.44589890839154706,-1.975716578777224,0.9267794599932903,-0.7904564681817131,-0.15359909321138476,0.47318739924784053,-0.010580925987717872,-0.6602097663900545,-1.8751550897027782,-0.285578637618622,-0.9598091609685845,-0.4655830433081772
IBM20200375,2023-2,Ingeniería Biomédica,2020,Irregular,0.598904579751784,-1.6585741706534032,-1.579661664786175,-2.0678394257019246,0.8199207675466716,0.2553251514604899,-1.0450323513669584,-1.382356862243677,1.6231782496988312,0.11737325487818269,-0.2137048076571657,-0.6235814695009996,0.6950573933591462,0.7352599283564163
IBM20200375,2024-1,Ingeniería Biomédica,2020,Irregular,5.381270242090076,-0.7220319282434658,-0.14295486934091492,-0.9475259145292967,2.207934115475103,2.248772612249324,-2.6949588635115207,-0.1944124364502665,0.10583368955295816,0.27509700160981104,0.3280900825105894,0.7533154103522288,0.5839975261428246,-0.9875162561404015
IBM20200375,2024-2,Ingeniería Biomédica,2020,Irregular,1.080130406189234,-1.9475233146555373,0.09426310752651769,-1.8195322097056845,2.064722012179739,-1.2566001569982617,-1.2868297566703668,-0.30587135685515643,1.0497252905328047,0.4939198002520622,0.7476273417004042,0.011722029988118119,-0.31034156034472865,0.6973082680691532
IBM20210004,2022-1,Ingeniería Biomédica,2021,Regular,-2.2310847268463276,2.005052979813183,-2.195191837901117,-0.9245742089840417,0.7247774654203136,-0.3431810023703262,0.052820179090398,0.7497348609153023,-1.6822704110769056,0.4787501113267283,0.13999614764035045,0.9444807624346561,0.26233705637803956,0.03627088884272219
IBM20210004,2023-1,Ingeniería Biomédica,2021,Regular,-2.039101677739887,0.4813580848654569,2.1043889242092244,-0.4965029473896775,-0.6342910045700053,-0.08375986594414277,-0.3647505469912855,-1.2366806572717632,-0.3577986433445683,-0.27917098475028485,-0.36878156461608397,1.1527888130927548,0.690485109440872,-0.22347673411641356
IBM20210004,2024-1,Ingeniería Biomédica,2021,Regular,-2.209956785727066,-0.9967614617042144,1.0018103062634633,-1.2763271163485514,0.3288400873086129,-0.3998096294490608,0.27670128970050534,-0.25878851059528973,-1.6535151289111345,0.2364179094339762,0.38920568096548047,1.119244575688794,0.1471233069424915,0.6390262570223214
IBM20210004,2024-2,Ingeniería Biomédica,2021,Regular,-2.401883211718443,-1.9787289305195475,-0.006526645811478723,-0.592758951380087,1.1363408143008609,-0.1459455183176294,-0.4058757309206701,0.5338259629955582,-1.9641363148387163,-0.1852586280176141,-0.34098110627631956,1.049404536178931,-0.19692886633961443,-0.1567642240425144
IBM20210004,2025-1,Ingeniería Biomédica,2021,Regular,-2.1693277586329733,-4.658762686639081,-2.8529856872804538,-0.07900856325086121,-1.1834431867828836,-0.09460343155204495,-1.791515169589282,0.6403052869035518,0.19479766693275574,-1.7807075434313568,-0.25081722112984595,-0.14193335568113835,0.6895569029978095,-0.521686617887832
IBM20210044,2022-1,Ingeniería Biomédica,2021,Regular,-0.42479006861405444,2.655909685701219,-1.7226401345356146,-0.9309062256653932,-0.5580253276952992,-0.2677703710817941,-0.7381417438755455,0.3224730539851648,1.859544661936199,-0.13906355956758218,-0.49272485042892356,-0.6441573482725981,0.19843427068168745,0.2265133360586269
IBM20210044,2023-2,Ingeniería Biomédica,2021,Regular,-1.3036407966732098,-0.20351955299810295,0.9108215806063701,-1.3142029019790336,0.8026568255985026,-0.8593026154004113,0.018499672143481846,-1.0225835717954246,0.8531598321445486,0.13013089360505678,-0.2197478784086883,-0.17905102007491785,-0.12217944746402112,-0.6163620371992516
IBM20210044,2024-1,Ingeniería Biomédica,2021,Regular,-1.4431998050614259,-0.8897985227464119,1.0259405119702767,-1.2795773661555723,0.6142674555712029,-0.8681223167718067,-0.2790490024675865,-0.45402325486174433,0.4582305930123784,0.6999461096653687,0.8175409719744161,0.30424236097234686,0.11383264228255253,0.0581439499333769
IBM20210049,2022-2,Ingeniería Biomédica,2021,Regular,1.2638765219359402,-0.09021397239666085,-0.13381684697288745,-1.0857998281702639,-2.572465616307808,0.1662920932344859,0.536079723581131,-1.501771000700843,0.5990194216188381,-0.9452417603938436,-0.8994643401143866,-0.3427141629182015,-0.06816831016547513,0.3907023794007602
IBM20210049,2023-2,Ingeniería Biomédica,2021,Irregular,0.6534441040441026,-0.8020282902273869,-0.23579815680266553,-0.12164078040056742,1.6646800511853337,0.06513178905534636,-1.6828725522268515,-0.9134490449793187,-0.3289831015697525,-0.35865644591487095,0.06058696060205342,-0.1335315606128739,0.07536544247206516,-0.45936485817647876
IBM20210049,2024-1,Ingeniería Biomédica,2021,Irregular,0.44579456608097984,-1.5724424385658549,0.6633564834641621,-1.8478732566707285,-0.9034255355711099,-0.10150394697089968,-0.09485151901512494,0.3857692569507908,0.3250123937429461,-0.6147019733989132,0.14130168552617642,-1.098593550099105,-0.19074338017359588,0.2844096741967012
IBM20210049,2024-2,Ingeniería Biomédica,2021,Irregular,-0.6285087332344056,-3.099352159801418,-0.6889099217798514,-0.6149028632919382,0.4762223681595508,-1.4385627468037074,-1.0647766086071622,0.3169642525843493,0.4325948553429703,-0.9068707489295209,0.8062672922129114,0.2851653307733623,-0.1052372346247405,-0.2820311921419718
IBM20210070,2022-1,Ingeniería Biomédica,2021,Regular,-0.7421659852474579,3.0748894256444483,-3.753579474082165,-0.7447914614641493,-0.011310165390553887,-0.572431955015473,-0.5991560185373339,1.4190772568212955,-0.46326416685629823,-0.26692256380468204,0.40955688969690873,-0.5461459359761032,-0.17322191277814977,0.8493829472548471
IBM20210102,2022-1,Ingeniería Biomédica,2021,Egresado,2.152598779424261,1.0115336985059185,0.7795601623673444,2.5145504693194867,-2.542032321722918,-1.8069637930387452,-0.6190738703967046,-2.2152900270566986,-1.5824807836313135,1.9579644724934808,-0.7264962581023287,-1.1159923178499396,-0.9519378813560484,-1.7024085645124243
IBM20210102,2023-1,Ingeniería Biomédica,2021,Egresado,-1.9393312009084944,-0.42977022772083856,0.3731828385698869,0.7689149190498473,2.1447304460902266,-3.864605360104447,1.6461997876206511,-1.0050357002167123,-0.6002593349423933,0.3265743472382965,0.48166812706990897,-0.1142583842138766,0.7604305415979382,-0.742992370226299
IBM20210102,2023-2,Ingeniería Biomédica,2021,Egresado,-0.7095475860989238,-1.1828859351293362,-0.31189434534005844,0.7700012529835522,1.333839963390844,-1.2132898471022253,0.8062985358174354,0.7867014265776159,-1.294790276186652,1.0313891435187088,0.16259177858796833,-1.6061446449716323,0.7991452843236145,0.2736347757561068
IBM20210102,2024-2,Ingeniería Biomédica,2021,Egresado,3.386528378876704,-1.191588775182014,0.3719984075062475,0.6622060218491493,1.8976709533271,-0.9754033170894428,-0.9540044393795811,0.9279047394948992,-1.567594012880739,-0.19951594142771098,-0.7167802028800784,-0.06464562694480218,0.5690331580218239,-0.007987290672592693
IBM20210102,2025-1,Ingeniería Biomédica,2021,Egresado,5.186040800514035,-2.1831978804398493,0.7016872878034965,1.0310688955225087,-3.831823753099059,-2.5991364227739324,-2.3548275180112,-0.4844946143121198,-0.3136724537272252,3.364065279525527,-1.574731747760078,0.028707854801060067,-2.084973204664101,-0.5934365812006963
IBM20210111,2022-1,Ingeniería Biomédica,2021,Irregular,-0.6268814637433046,1.1855103283502013,1.5025419870752963,-0.9050943467977801,-0.43622837456419095,1.0493837961392014,0.8201389711066313,-0.5005148023617746,-0.11784481169115377,1.0500549908808643,0.7636897833717552,-1.582601399766501,0.05420300247976474,0.4538548219640139
IBM20210111,2022-2,Ingeniería Biomédica,2021,Irregular,1.733778764113266,-0.09146740571744817,0.6093142848540563,-0.7078596231123745,-2.15225988928751,-0.18461316717266865,-0.2569692606236273,-1.1865940640251258,1.972634381983439,1.405495992087112,0.030770262456807144,0.06815384152104513,-0.46587609774391214,0.24294333162167164
IBM20210111,2023-2,Ingeniería Biomédica,2021,Irregular,-0.4915339713755665,-0.8533678497946936,0.8124236271958841,-1.112947556180005,0.4141269616035271,-0.3455589227730879,0.6702492719072242,0.26103242791385384,0.4242256630376028,0.01150649402804613,0.027362056901683758,-0.3600991154785976,-0.4621988898590252,0.7406857433600917
IBM20210111,2024-2,Ingeniería Biomédica,2021,Irregular,-0.5238234665959631,-3.568708117678471,-1.346014632869475,-1.1798278581657267,-1.4731891720499846,-1.3296282265538868,-0.8543899158833065,0.05157318315567555,1.1586711602214894,-0.8198924151725155,0.07694371302912766,-0.3881437131078952,-0.12697240801090792,-0.6800698835465
IBM20210147,2022-1,Ingeniería Biomédica,2021,Irregular,5.319128859954683,1.26819336807662,-0.8345510081340758,1.3969323499024646,2.043943269463365,0.8279965566845131,-0.4448872045247254,-1.5851499261926933,0.43528290536137093,-0.9764600646250974,2.1142594939722477,-0.4472067297303841,-0.2035918860809703,-1.5193258676890191
IBM20210147,2024-1,Ingeniería Biomédica,2021,Irregular,0.31378348056967864,0.30852240764361166,2.0950273100987036,-2.1665648065507077,0.15323142357175676,-2.9358631006612192,1.7009444462957142,-1.5508203813418762,0.12438195089941982,-1.4243385235910455,0.37565251000279776,-0.7894561251041243,-1.4353836098030233,-0.41335145691426345
IBM20210147,2024-2,Ingeniería Biomédica,2021,Irregular,10.26074216539526,-0.8747574101281226,-1.0850775180899548,-0.9382468977936792,-1.5630969457380703,0.8405257664116347,-0.5879395159920463,-1.0128694641068556,-0.7105159246171311,1.1526075668904054,0.23573165956873235,0.9441262831168488,-2.6832097870652487,0.7666118271204807
IBM20210151,2024-1,Ingeniería Biomédica,2021,Irregular,6.004262137599085,0.4223701418734459,-0.5558834545852152,-1.8435133775417627,2.7060046667132758,1.2925397985226472,0.8175240129133234,-1.0132091672104038,-1.0859509343275207,-0.5704451234222252,0.8336120140946833,-0.4571321873611452,-0.9288677352666143,0.18041388098153743
IBM20210151,2024-2,Ingeniería Biomédica,2021,Irregular,1.1493031478571833,-1.472314228907197,-0.12447930670213392,-2.7654521341698644,-1.386454853688474,-2.0218187666357696,0.8116541348514813,-1.7912151203383992,0.4538523778036072,0.47996637763455274,0.9188371348007962,-1.1190210498869226,-1.158599893922522,1.1881744160129057
IBM20210151,2025-1,Ingeniería Biomédica,2021,Irregular,0.2414815968219101,-3.189190066779995,-1.4681922384362938,-1.7617958914198828,-1.1569106513214096,-1.683229641724518,-1.2024817396134202,-1.1522568532794537,0.3479310292712993,-0.2128252443316939,1.0600443089244553,-0.6318750597511477,-0.07653649071588131,0.06725041277636436
IBM20210204,2022-1,Ingeniería Biomédica,2021,Regular,-0.7503205439967013,3.614147068016525,-0.46877068622393425,-0.9825014463233106,0.7578081957436476,-0.6850967428572843,-0.5314630484402747,0.42102058382182983,1.3893102317651567,0.26825553127601987,-1.1105841530106666,-0.06732428027572761,-0.3806972453624454,-0.695907788270937
IBM20210204,2022-2,Ingeniería Biomédica,2021,Regular,1.2583344272038126,0.2636583826504775,0.4058650117373592,1.2815353399356761,-0.2145895231495442,-1.1766473274477958,-0.04700304818787184,-1.0375727467634903,0.05243522718430282,0.14687491795056343,-1.5202573861350037,0.044111211257029596,1.0831557372398375,-0.8640197025999689
IBM20210204,2023-2,Ingeniería Biomédica,2021,Regular,2.970429401949056,-1.2683795594242069,-0.8831880971719273,1.4962572873477835,0.4603850637044887,-1.691840255386416,0.9492608802230971,0.34928431316109143,-0.5339280443080451,2.098428781155112,-1.6202888004137803,-0.6476324689470422,1.9420047342713518,1.5608927500090273
IBM20210204,2024-1,Ingeniería Biomédica,2021,Regular,-0.17408285399912865,-0.6280098547705917,2.595037913799822,0.7869273948599659,-0.5858409402193623,-2.805382833969938,1.3247014618442852,1.403576912384287,-1.5657178491188,0.40847925047554573,-2.027298255990245,-1.3512878273092044,2.128861217302577,-0.2347892275964241
IBM20210205,2022-1,Ingeniería Biomédica,2021,Regular,-2.499959960993502,-0.9228277054816635,-1.1787230715983896,-0.811237528032201,-0.5392736808869258,0.8409861495860035,1.0628039626074766,-0.7838341601179939,-0.4446544695151146,0.3616847144069191,0.11183129383759939,0.07212345978753379,0.9652723208905932,0.9128998036775268
IBM20210205,2022-2,Ingeniería Biomédica,2021,Regular,-2.702878445349088,-1.3007302520140522,-0.8683673660824275,0.3871906758726839,0.49589502930098184,0.533959337585996,-0.7213536276848298,-0.33550102390902464,-0.6084109190970368,0.41236884489375214,0.35434694990773785,0.5207059551776698,0.8883544759226633,-0.4764159154911616
IBM20210205,2023-1,Ingeniería Biomédica,2021,Regular,-1.6664679625825811,-1.7655248784309516,-0.47237223576998877,0.2725838587607214,-0.6344207217111534,1.0761977253670347,-0.24082287311052195,0.4967500353892977,-0.2520035315680309,-1.1346710066044774,-1.4448382422399462,0.2664282354323222,-0.2640906784086124,0.29780809346409787
IBM20210263,2022-2,Ingeniería Biomédica,2021,Regular,-1.1819851765603409,-1.4613296735223564,-2.816612781944888,-0.3240494274812291,0.2630624505893408,0.920004225241448,0.705321146076681,-1.0295650772968705,0.37971065127035386,-0.4964836245920966,-0.2879720112011814,-1.0997865819886223,0.35201161392583646,1.0248170866172135
IBM20210294,2022-1,Ingeniería Biomédica,2021,Regular,-0.5102014871558814,3.1241390521088626,-1.7033807841962094,-0.3548367038788739,1.6827519895555565,-0.19936566892960708,-0.130299696602646,0.6871577350452381,-0.6683498898242825,0.5687969124612419,0.19597279676596116,-0.0855261585839731,-0.6501189878762094,0.7245470141878979
IBM20210294,2022-2,Ingeniería Biomédica,2021,Regular,-1.291372338089923,2.2815093033966365,-1.4260922188108967,-0.4714733532217975,-0.7020995440261053,-0.7399610149484862,-1.1487922730973408,0.5237453663531345,0.12808237255244634,-0.24029374901512585,0.22619172253753414,0.2616223734337107,0.3960513886461588,-0.18694255702620843
IBM20210294,2023-1,Ingeniería Biomédica,2021,Regular,-1.1588646772471183,-0.09933326775916249,0.8872627240866385,-0.15403424759431164,0.44265577467262157,0.5967288037755161,0.2984916309593617,0.2897480938200541,-0.6584366264094615,0.10301387769719139,-0.20246225994086364,-0.5184789732890824,-0.46253200482272744,-0.2681060208193473
IBM20210294,2023-2,Ingeniería Biomédica,2021,Regular,-0.6050533553405827,-0.1552979094008828,1.9594645030308608,0.015204337436063543,-0.8641338146239791,0.7105482499579315,-1.016671740087477,0.4386753600536403,1.239658803138023,0.16927526014889346,-0.013894218735475802,-0.6332890529166378,0.048255371154941364,0.19217174897235587
IBM20210294,2024-1,Ingeniería Biomédica,2021,Regular,-1.3960346877384882,-1.788770059299805,-0.07066582937752838,1.2456687303890854,0.8272605785908123,-0.37698521926627676,-1.1737115573574677,0.6248432664709324,0.14593389146189073,-0.49656703660229357,-0.20878896520145482,0.29121013316793415,-0.8361641783688158,-0.7421911399907938
IBM20210298,2022-2,Ingeniería Biomédica,2021,Regular,1.4840466612699883,0.09017826038994281,-0.09338123514678594,-0.35501314326108724,-2.5423867615725246,0.1427253593615981,0.005785104911051313,-1.7455489616618738,-0.7886222822690777,-1.1163292192031997,0.45024519042936817,-0.3763166287784589,0.13035434134997329,0.5609900495471163
IBM20210310,2023-1,Ingeniería Biomédica,2021,Regular,-2.1324478531775637,-0.2504336797833596,-0.24497792457881423,-0.8406689919496937,1.702597948890061,0.08702137278467807,-0.4803870886930453,-1.7306237463528797,-0.5306677190613944,0.7460025200686055,-0.4525866472709047,1.3691815819384918,0.881746479627785,0.11116439267416733
IBM20210310,2023-2,Ingeniería Biomédica,2021,Regular,-0.552849296928297,-0.32510409437121346,0.43801531712884867,-1.0393850112602492,0.3007736644101547,1.5139800966909016,-1.5683196028355715,-0.6398833385987289,0.03631459613293234,1.239753081173815,0.25123063632474407,-0.2687162630481315,1.1533307118906257,0.4428096472977635
IBM20210310,2024-2,Ingeniería Biomédica,2021,Regular,-1.5311878849414808,-0.4318930894544422,2.1348150848977614,-1.2004134230436279,-0.6877763469906208,-0.3691306121337066,-1.2083045053025032,-0.7935681894829523,-0.5040560948711961,-0.47070649692559674,-0.4480046765905566,0.6708798172859466,0.39302082557002405,-0.43364297759788817
IBM20210310,2025-1,Ingeniería Biomédica,2021,Regular,-1.121079774579781,-0.8895099674103132,1.5258511449273486,-0.07430406656943174,0.6564506999842337,0.45450716994954077,-2.473106346890371,0.11735625299410887,-1.4289675198046168,-0.1989917402879592,-0.3488506602734381,0.2796310499144715,0.09140174905733381,-0.8464132049668581
IBM20210325,2022-1,Ingeniería Biomédica,2021,Irregular,-2.0617452074303033,0.14957466472883302,0.21942883738126512,-0.4547398107360599,-0.11760132423447611,0.7038536980418786,0.8535264247546152,-1.0293902116627627,-0.8913568460572852,0.07153368371526879,-0.33983651727509534,0.5127677445995222,0.46197115154366153,0.6563699614523183
IBM20210325,2022-2,Ingeniería Biomédica,2021,Irregular,-2.2308464087680773,-0.6619837716509497,-0.24376959941051837,-0.18960946016963953,1.329177928771946,0.02413146277245358,0.15284034674650837,-0.8286829691563855,0.7264607292282571,0.4522268369209337,-0.6586028016612291,1.4972884136539049,0.45734566274531213,0.14365452194593065
IBM20210325,2023-2,Ingeniería Biomédica,2021,Irregular,-1.5338889009471643,-0.6009453173645573,0.866664178655232,-0.3478977285746036,0.14114928793992462,1.4129347931167227,-0.5143754765839166,0.627774537518273,-1.0806629974066773,0.30863465083183333,-0.8434450014163606,-0.029017667778920394,0.0006853557911581796,-0.0377942692635423
IBM20210325,2024-2,Ingeniería Biomédica,2021,Irregular,-0.8594536169830201,-0.9255162167377529,2.1379785091653236,-1.379994745838155,-0.8690872591746251,0.5251460270333156,-0.4917551379933688,0.6366054650235747,-0.2707138920027411,-0.3673283439386297,-0.9487651141134638,0.30435881832610356,-0.34063230651698323,0.6399171837817594
IBM20210325,2025-1,Ingeniería Biomédica,2021,Irregular,-1.1868726117280883,-1.1251318701984123,2.7578261208938053,-1.3404534721585049,-0.34815815590849636,0.3056434168523738,-1.5290305150347834,1.3136861842224485,0.9079550868098885,0.745996387593826,-0.3845988261712677,0.1595689010522601,0.026489328308622998,-0.08856707976445105
IBM20210330,2022-1,Ingeniería Biomédica,2021,Regular,-1.3031952439703924,3.1177809369922986,-1.5262293557539572,-0.1756542264049204,1.8524184894633315,-0.7221342778593492,-0.9772657015062728,0.5513312809305461,-0.42990779419260156,1.1552752575789347,1.0576056835477883,-0.19182611414317077,0.026616450529066256,-0.53725153607655
IBM20210330,2023-2,Ingeniería Biomédica,2021,Irregular,2.0548122153416792,0.739214269574365,0.949591089338868,0.43938206654823503,0.9999856870535767,-1.0890173556333231,-0.7128390884588245,-0.8737632056526181,-0.3677733041652543,0.9996897117872673,-0.08197976225581885,-0.7874626493553595,1.4680447908837384,-0.12366997344358677
IBM20210330,2024-1,Ingeniería Biomédica,2021,Irregular,5.481996163443361,-2.3469934348376347,-2.5218351580524607,0.6114871293579399,-1.1625193980828246,-2.540490214940462,-0.7014669866128973,-1.6098598342430865,-0.3341139392875187,-0.08679668486389885,0.9880478203040747,1.453861213980279,1.6441338456672971,0.22908204059125387
IBM20210330,2024-2,Ingeniería Biomédica,2021,Irregular,7.023667579880085,-1.2998910750160348,0.07842830864614043,0.24050446987397361,1.8537469950927767,-0.12865252675283292,-1.0043015224690954,0.7808572684090794,-1.1767868156596408,-0.43706450135355673,-0.6152530570207755,0.8921258825068724,1.297077522914953,-0.08302622138131664
IBM20210335,2022-1,Ingeniería Biomédica,2021,Regular,-0.7300584916860475,3.9502868456411138,0.48359062266460184,-1.361193439294385,-0.42380994035270714,-0.28767013329333435,0.09395469849898365,0.9494335302641658,-0.5508810788812988,0.697919803898611,0.32850417626391837,-0.693924556201469,-0.4227563000613822,0.12706254205055767
IBM20210335,2023-2,Ingeniería Biomédica,2021,Regular,-0.4987843170185747,0.41785931938314275,1.5676545156696535,-1.4994832919164414,-0.5490881479918153,0.49010813765450506,0.11698056414332275,-0.6393122496341801,-0.66433837745505,0.3013411541231371,0.26413143328882666,-1.1333070070653313,-0.024865690360683014,0.40516695226509375
IBM20210335,2024-2,Ingeniería Biomédica,2021,Regular,-1.8334741059811026,-0.1395122068921692,2.2297310731118376,-1.1174165477557683,-0.3822485610645446,-1.0017227219163585,-0.9117002289545652,-0.7648335705379506,-0.9694194477369973,-0.23442667680732088,0.4155316968184708,-0.17873380621167198,0.15142442769813402,-1.1460035609890358
IBM20220096,2022-1,Ingeniería Biomédica,2022,Irregular,-1.8932237026206395,0.5967630297934476,0.28117798362545404,-0.10225209066251445,-0.0019787055782565007,1.2273204505087862,1.5851743978272004,-0.47551560596053555,0.3724067671791483,0.7799766144901199,-0.44588682454536077,0.26246107068216956,0.2980059612126331,0.7348592496445708
IBM20220096,2023-1,Ingeniería Biomédica,2022,Irregular,-2.2037426962727276,0.08455018044714101,0.7754689642245503,0.3022926424951207,0.08729680407910795,0.22449639235907207,0.43103489398759565,-0.8422175381942151,0.9490280991789952,0.24092197801669848,-0.4435554204746441,1.389262216482804,0.5127632303004344,0.4003370507698878
IBM20220096,2023-2,Ingeniería Biomédica,2022,Irregular,-2.3605603282014687,-0.8212264855201258,-0.13389715016090672,1.3183991420104908,1.0069562278519328,0.5156013842768489,-0.5687426160053809,-0.08489769830743162,-0.5125883335578878,0.5495553038221817,0.4781073985277272,1.2795376072505342,0.4503542092346781,-0.012932957993481705
IBM20220115,2022-1,Ingeniería Biomédica,2022,Irregular,1.9859846276798196,3.6472275824638167,-1.533740447228744,1.0743586958843256,-0.40801518935517517,-0.3723663358312364,-1.3701834278999812,0.15243723149739533,0.1557416564176353,0.1060598799717763,2.411031134476108,-0.10252311705431565,0.38669986891696695,0.7709642704912844
IBM20220115,2023-1,Ingeniería Biomédica,2022,Regular,-1.2256938207166928,0.6921785707490872,1.89519315967555,-0.25901542828235974,-0.5438674194563671,-1.3908410696019782,2.0049114716727683,-0.8659597946317782,-0.47749932563015796,0.17268720129314752,2.0169806537446178,-0.10150202525749268,-0.34162579315999286,1.0590098263257297
IBM20220115,2024-1,Ingeniería Biomédica,2022,Irregular,3.396064402669092,0.7291514635420215,2.3069417142371966,-0.11024860977565762,-0.24976851924636445,0.4730489737055319,-0.6845791666703187,-0.31517158246395305,-0.2024523210465155,-0.5572048392481593,0.20261780520863845,0.733206919124679,-0.30800939904768077,1.3177524271127121
IBM20220125,2022-2,Ingeniería Biomédica,2022,Regular,-2.4539628858024916,-0.2926029884564961,-1.0440566570350465,1.2194987459988011,-0.5800364573834393,0.2502942728524233,0.0013944765028715642,-1.382901881406579,-0.4640776319777601,-0.6569281031278688,0.4816352661653814,-0.4624468287333783,0.7081469167493623,-0.9144894122293542
IBM20220125,2023-1,Ingeniería Biomédica,2022,Regular,-1.20145657565171,0.21305749464406679,0.5739650272488365,1.1045093806044324,-0.020413957809196623,1.2060672070372451,-0.6286574264465624,-0.27891948500014585,0.9571522973734895,-0.17719329056695873,-0.6421046249145397,-0.34653387831663407,0.13476187365395956,-0.1672823589696279
IBM20220125,2023-2,Ingeniería Biomédica,2022,Regular,-2.2685302909927643,-1.452378545019079,0.17473407221042356,0.16810385731800415,-2.226036734684858,-0.3269691369886211,0.40307515095779084,0.14215654516973503,1.7522503490191066,0.858321883599867,0.19752726185488254,-0.33362610136422377,-0.3872728126879202,-0.07626812693220228
IBM20220125,2024-1,Ingeniería Biomédica,2022,Regular,-1.8844224308584598,-0.8520983718559583,2.228963860183489,0.6522748660784535,-1.188553515697201,0.26392221866552296,-0.6887621349967219,1.1410616534574705,0.2809581621108432,0.47082255408096624,1.4816969923591865,0.21801187703747132,0.14233542206377023,0.10730665595157524
IBM20220144,2022-1,Ingeniería Biomédica,2022,Irregular,2.4989646695912793,3.2514676895649943,-2.6506263486341872,0.7689494684713551,0.7615320916502024,-0.14549782933816535,-0.9151408717036732,0.1809851175438668,2.176893532811218,-0.1181783174144287,0.46737961502349495,0.23992861894815815,-0.05568099672289644,1.1399163466004976
IBM20220144,2022-2,Ingeniería Biomédica,2022,Regular,1.542241905370217,-0.0017146838053010648,-0.21306772483205108,1.0813405317435463,-1.13458207306153,-1.678046952681853,0.5404775658592478,-1.9697433355307052,1.7606502306090597,-0.00550404210446691,-0.20235253661947555,1.2616875800882166,-1.1108559954284247,0.4978101228761968
IBM20220144,2023-2,Ingeniería Biomédica,2022,Irregular,9.87124609158257,-0.02777686086509978,0.3444827659009298,0.22124260844210603,-2.3155018059702845,0.6128784880373841,-0.66588157083124,-0.7200353853436566,1.0940938037074335,-2.5175671445135905,0.33543837287357636,2.597180035182445,0.38857363332015676,0.9266349311193579
IBM20220185,2022-1,Ingeniería Biomédica,2022,Irregular,3.192535290348412,2.3174941460236838,1.5835198331427582,1.4595728285841756,-0.5220547956398448,0.7285713221777038,0.32752399392030807,-1.396797061971067,0.12007990703674876,-1.5428361011524003,0.36613184934126025,-0.21918531524757578,-0.6999010229242858,0.8406734838342835
IBM20220185,2023-1,Ingeniería Biomédica,2022,Irregular,2.06421170029659,-0.6443900859616611,-1.686546404604511,1.359497159085068,-0.43500768654060534,-1.6011457572257122,0.026162303979270076,-1.8869808540132578,1.1626885600672832,1.4180251808375108,0.4017393049714187,0.2591446878933928,-1.7991435234086341,-0.08863986010229606
IBM20220185,2024-1,Ingeniería Biomédica,2022,Irregular,6.602907276754621,-1.8532491460650622,-1.826209816020058,-0.006310060957948305,-0.1606752942219278,-0.668710943402574,0.08785170926342213,-0.5640152106387393,-0.35773733649416806,-0.7515630875678329,2.4347367555799924,1.6882837069782786,-0.0327709655223486,0.40663353593681684
IBM20220185,2024-2,Ingeniería Biomédica,2022,Irregular,2.505852020423563,-0.5698992571954458,2.778872073473597,-1.216371668635207,0.010678312341204213,-1.710194959913717,0.07586006369798742,0.5644646558817903,0.7183346778766262,-1.2879568811040067,-0.4230173208312192,-0.30035956744901077,-1.0903952407844884,0.39032456058726056
IBM20220185,2025-1,Ingeniería Biomédica,2022,Irregular,6.641264940206899,-1.88712680590804,0.32334523337484644,-0.42411154620328917,1.910003252394775,-0.6198874074803986,-0.5066461618181656,1.2690418255815605,0.13626821252216875,-0.7625954416824825,1.5256998357811662,1.6572049302591125,-0.39480185597385226,0.30140145659335627
IBM20220193,2022-2,Ingeniería Biomédica,2022,Regular,-1.2483037109743793,0.8403944518691021,0.2719912879662604,0.9501738524176835,0.021176043477962543,0.4976098381570423,0.12181768338183874,-1.4270002712294552,0.7863353220536242,-0.7330834991491372,-0.7285459396042147,-0.35826776854739995,0.09499682754098558,-0.6856217140153815
IBM20220193,2023-2,Ingeniería Biomédica,2022,Regular,-1.2136433501850807,0.6790743261157218,1.854398981754568,0.3022733049623612,-0.7919130840118924,0.3130035901746523,0.1630807589239381,-0.5286844702967329,-1.564334631456986,-0.8277229656227193,0.26626166340341756,-0.5722960678916803,-0.4128899427421245,-0.18145324713610247
IBM20220193,2024-1,Ingeniería Biomédica,2022,Regular,2.5929876585320533,-0.21032371176594125,1.0131916770580565,0.545179548836052,-1.8516070464092194,0.6726603649860382,-1.9313854786140074,-0.32381484216453493,0.2812065418230509,-0.2045898751474233,0.9945830757964027,-0.24206764545560477,0.10418862660473836,-0.24160714126454327
IBM20220193,2024-2,Ingeniería Biomédica,2022,Irregular,7.27477371806156,-0.5649483747767808,1.3392042118607912,-0.8928563408665342,-1.2460784050033546,1.0872595953932809,-0.4223801938696606,0.9602931621069491,1.1868075452255171,-0.1300871000909336,1.2494369060151527,1.0605693546470787,-0.18414360766242724,0.3269299633712267
IBM20220193,2025-1,Ingeniería Biomédica,2022,Irregular,0.5187348505454327,-1.67892990394396,2.650389482278409,-1.9799185009330116,-0.3434711167311377,-3.257845002999274,1.6753962778826426,1.043648258784002,1.303243332071927,0.0015606021942594006,1.8337488298145759,0.4754245432837656,-1.0570024991279163,1.5309996653187596
IBM20220209,2022-2,Ingeniería Biomédica,2022,Regular,-2.523030819165044,-1.0404576672118684,-1.7375372752220466,-0.13138195532473718,-1.33671058207468,0.8635720792359747,1.4666807340467904,-0.8002187731391557,0.27382854912247223,-0.28265642781200917,-0.7945767934538964,-0.16753868957885276,0.49343087329303464,0.3772770978355988
IBM20220218,2023-1,Ingeniería Biomédica,2022,Baja Temporal,5.340534161569503,-0.3621044034847865,-0.6123619983606318,-2.631179989946973,-3.152543959936707,1.9552795872074613,3.3898882918737603,-0.6475841077091318,-0.6809250271182212,3.457364477727878,0.7198134894428746,1.6423237229775443,-1.387323149839163,-2.3970799734435366
IBM20220218,2023-2,Ingeniería Biomédica,2022,Baja Temporal,2.535459452943721,0.5956829577465074,-1.2951251745876304,-3.195712292019223,-0.26654064573740105,1.5606237865310704,1.9816946756911586,1.739159628015171,1.9773371711163512,0.4225065648874212,-0.3370187993784743,0.38010530689188343,0.6961905363962075,-2.2878580129240342
IBM20220218,2024-2,Ingeniería Biomédica,2022,Baja Temporal,2.539909285971365,-1.5701913322187764,-0.7134126905702388,-2.9905271764542296,1.8239142022782644,1.7776125262275058,2.257362227429491,1.5077788091772721,1.787225627946127,2.0449784306440537,1.0408079590322232,0.36604326291495487,0.48990528136099387,-1.5415385733173075
IBM20220218,2025-1,Ingeniería Biomédica,2022,Baja Temporal,1.425331705252943,-3.7211085010764826,-3.1262154515138496,-1.8895723223420604,1.6589490928713637,0.9246882214375707,2.8477665855872942,1.868922242003419,-0.3601676314086342,0.3114379521304819,0.16252268422895427,0.8502375164121769,-0.79832750921615,-2.061978527375237
IBM20220278,2022-1,Ingeniería Biomédica,2022,Regular,-1.7224303645531003,1.3094066977940986,1.5876665827402987,0.6219299275936766,-0.8931811825379999,0.8608887218796771,0.16736278906405294,-1.131127703929996,-0.11145403551544272,0.8010566573204985,1.2710408258919836,0.11790087729415596,1.0184588809666297,0.16639267509213723
IBM20220278,2022-2,Ingeniería Biomédica,2022,Regular,1.3929327193044212,0.5961834732930094,0.9524790270509131,0.6895193859166066,-1.8582345695532276,1.4988744658232547,-0.1148956809039443,-0.11893040598705587,-0.48294230239791497,0.3395576904490663,0.37396111830908635,-0.29069223454749715,-0.09936577468882798,0.2260341498730604
IBM20220278,2023-1,Ingeniería Biomédica,2022,Regular,-1.26284213249708,-0.4747035384073562,-0.014197951881989874,1.4577417882724772,1.3212207133783773,0.21549453769188184,0.4161808938082217,0.6180080145265795,-0.6655164171400182,-0.621423421721411,-0.46229525411880334,-0.291243484611253,-0.9190593357783923,-0.41853815184733756
IBM20220278,2023-2,Ingeniería Biomédica,2022,Regular,-1.262750670774991,-1.570282226700513,-0.44310629370701826,1.7653496274015161,0.5293278482196517,-0.5083864494370746,-0.5170198648577954,0.46949844012779973,0.5145909043024808,-1.0569150739949011,0.21699131755129322,0.09703005428493207,-0.4040665398843105,-0.6557114525056792
IBM20220278,2024-1,Ingeniería Biomédica,2022,Regular,-1.3724420058601234,-1.8106911512830401,0.3021555920729021,1.2722384534368114,1.2008510778733452,0.003968730841804709,0.12776358950742203,2.1974297603108077,-0.5120457799427272,0.41793072368269796,1.1872878958872006,-0.26194789280134056,-0.9523031988022792,0.3268880538146046
IBM20220295,2022-1,Ingeniería Biomédica,2022,Regular,-0.8447963803143308,3.4668893854551204,-1.4787531899787054,0.26673952877784873,1.8298524110117302,-0.023452177164455034,-0.24590729694948277,0.8077299591718115,1.4224506419968708,1.5837445925230234,0.2991139423611347,0.08084970333587975,-0.21495660783949608,0.3236367614689143
IBM20220295,2022-2,Ingeniería Biomédica,2022,Regular,-2.044468902791476,2.822590074624307,-0.9862071422740414,0.26002820811964406,-0.33115469332803593,-0.4369000480183215,-0.6251445054336574,1.1814352166572413,-0.05502271013775018,0.9415029197138036,1.228073157591314,0.16119791429447614,0.4903569123778889,-0.2783301194003875
IBM20220359,2022-2,Ingeniería Biomédica,2022,Regular,-1.9097927554694292,-0.2259270588559352,-1.406139119049705,1.2186878625047166,0.26760890517237657,0.39007244597551344,0.10942440996685616,-1.3454051672611977,0.31761859906621054,0.42824609433496347,0.01733616981363194,-0.3133642804031063,0.1030294347442856,-0.48036002719493603
IBM20220359,2024-2,Ingeniería Biomédica,2022,Regular,-1.7544413115235682,-0.4434011272735579,0.9107710731322374,-0.7641650242720623,0.538245879279126,-0.7935265725079051,-0.523539538245419,-1.032189655641285,-0.6259815903607695,0.29754536794937597,0.8804009728385661,0.18285745346435092,0.22058791330619482,-0.4607375863878188
IBM20220362,2023-1,Ingeniería Biomédica,2022,Irregular,4.339800488612541,1.2582985279836436,-0.6818493693983881,1.1719811069551695,2.007563360536651,0.864112578177481,-0.2782328642349738,-1.46513842887361,0.37150582225011686,-0.5786327027854967,0.9868071756818008,-0.8699969757451158,-0.9353768188437372,1.6437029448065823
IBM20220362,2023-2,Ingeniería Biomédica,2022,Irregular,-0.46812351092005583,1.100209508475832,2.2943600062278064,-0.5768184184392143,0.13124737051846141,-1.9677312911711855,0.9485101253106838,-1.2697112154541028,1.8348101025429568,-0.9579928144667688,-0.40969043657848403,-0.9588781972902587,-0.9675788292551112,-0.9816049985721088
IBM20220362,2024-1,Ingeniería Biomédica,2022,Irregular,-0.36741665921912553,0.2427995934718117,1.9797787074680895,-0.46082350258701954,-0.3995193066638069,-0.9763614956542542,-0.08183364645415053,-0.21325507850242276,0.8876781371505079,0.27709437614526694,1.2754244078699906,-1.476117884893401,-0.2454965528003175,-0.6014390327578696
IBM20230006,2022-1,Ingeniería Biomédica,2023,Regular,-1.1405057697591598,0.20334403555525754,-0.9381520163307994,1.1707497813825416,-0.10526617881285795,1.148014932062758,0.9121780900151018,-0.6454902587567681,-0.6409352066144545,-0.08260961539217104,1.2348919790470534,-1.4378189581721674,0.10386528197374537,0.476965413268849
IBM20230006,2022-2,Ingeniería Biomédica,2023,Regular,-2.4081473791131947,-0.3605188369896085,0.3556851064364537,0.9899967239631429,-1.6201765151320668,-0.21119513580555827,0.32897501761658404,-0.39294379017826075,0.23056738460483442,-0.021653794366915433,1.2893586867591236,-0.8745436851051344,0.17556088677317302,-0.8539694060793818
IBM20230013,2025-1,Ingeniería Biomédica,2023,Egresado,-2.150098317175722,-1.3875817606359886,-2.180740064455356,-0.27844283548475024,0.749573099890673,-0.26836946841249604,-0.5473578454391534,-1.6708379267715832,-0.23199424177758146,-0.744081981977024,-0.40775267412221733,-0.5801165735190593,0.5850881782105328,-0.9194620440127987
IBM20230025,2022-1,Ingeniería Biomédica,2023,Regular,-1.0420981593125098,0.8204849535138298,-0.5813830040579713,1.627531263107281,1.4184513760663926,0.9715212207145706,0.9336962934567556,-0.7858365614491514,-0.4588223594313728,-0.18836368234706735,-0.013077914776408527,-0.7028539940788204,-0.6266917605738958,0.35156460825960506
IBM20230025,2023-1,Ingeniería Biomédica,2023,Regular,-1.9254173002359858,0.2951689219864451,-0.17519270459482067,1.9680409763477487,1.480492170874619,0.11847804873083281,-0.1182080777334802,-0.44035489874185485,-0.37876514074197853,-0.16614213333778122,0.5169163294329236,-0.5196625732763417,-0.2956867998325863,-1.4423692285503629
IBM20230025,2023-2,Ingeniería Biomédica,2023,Regular,-0.7413480890063757,-0.479476669007711,-0.49222098929722957,1.1814845696010807,1.185672115713628,1.01078873334881,0.7328032391311383,0.7112860482051909,0.3527207394304135,0.7224559722028834,0.9784888391091915,-0.8375130344606871,-0.6714995259764026,1.0417795711546336
IBM20230025,2024-1,Ingeniería Biomédica,2023,Regular,-2.4570901862168983,-2.8908501584328943,-2.2401731300602887,1.4630161172914542,-0.3725613125732965,-0.8133348862186384,0.41970332442183916,0.3536720436466656,1.3101645029782607,-0.8748547969656091,1.0584895928779552,-0.016092254617669166,-0.11222173826967721,-0.04564918745290387
IBM20230064,2022-1,Ingeniería Biomédica,2023,Regular,-1.2776595476861021,4.246159606949742,-1.825215516315408,-0.053956450416776956,-2.6810496266737354,-0.8669892820740288,-1.035944751622515,1.1062094867017984,0.5479947803596193,-0.8843897109956036,0.6731076123773614,-0.47755754374221177,0.5510739249358327,-0.17471206470814113
IBM20230064,2022-2,Ingeniería Biomédica,2023,Irregular,3.6227944074239344,1.3193681959174366,0.5852159801031981,1.6585675116228171,0.4425649516666866,2.207072292795142,-0.683172390638013,-0.23012854647509473,0.28702612831980523,-0.11295009803061813,0.42916802669020865,-0.2075751639761318,-0.3856821785328373,1.5359590319539702
IBM20230064,2023-1,Ingeniería Biomédica,2023,Irregular,3.2508630510592296,0.9989100489284535,1.4263655554169241,2.5077775090347614,0.8940225367434297,-0.5600881889924985,-0.3984734615307416,-0.10138688278829709,1.2409836295955228,-0.3530142644787575,-1.3375518423688637,-0.29356895778673925,0.7730481259991289,0.21861035688921546
IBM20230091,2022-1,Ingeniería Biomédica,2023,Regular,-1.5264900507416934,3.878733706082603,-0.2925480390521238,0.3772136642113363,0.6950123759624489,-0.4163842849905267,-0.4792043596955226,0.7859757040080727,-0.16056945348309912,1.3105566560065045,1.200002556621419,-0.12531297904126726,-0.003970830823906141,-0.5986998182626833
IBM20230091,2022-2,Ingeniería Biomédica,2023,Regular,-1.2013494686251978,0.9981575054185233,0.7578663441592581,1.7965715572222007,0.40953987299730094,0.4449600391769176,-0.24025911838029973,-0.7735869378137995,-0.17334739600404916,0.0238893060169052,1.0369956947310317,-0.7647092163359686,-0.016292228052176113,-0.541778860727593
IBM20230091,2023-1,Ingeniería Biomédica,2023,Regular,-1.5999706551031567,-0.05948705139466397,-0.0791667981166338,1.7083109444688676,1.4940044979949854,-0.024507930209652095,0.08996115562145529,-0.1170527980880479,0.6573906002037038,0.13419933298888573,0.4679196952965643,-0.19147546309278662,-0.43175385725676396,-0.4750943599838685
IBM20230091,2023-2,Ingeniería Biomédica,2023,Regular,-1.7411574463999528,-0.07201277986110363,2.0197459031254366,0.4707131987811098,-1.0572397022899356,-0.2784993796611814,1.2670192209038307,0.7526108557204743,0.07009642510292095,-0.33293895536308454,0.6099843574490361,-0.1065446781070929,-0.77637194065944,0.31539622489255875
IBM20230091,2024-1,Ingeniería Biomédica,2023,Regular,-1.433915196718087,-1.1842957129114509,0.2168259028441636,1.495018093154899,1.3191046001871973,0.4189767382039371,-0.42528209244241677,1.3997840916468696,1.6515871082744846,0.5105819595064628,0.09867492892255394,0.08538360027222164,-0.5497100646250812,0.15220897624391316
IBM20230091,2025-1,Ingeniería Biomédica,2023,Regular,-1.6572229908457936,-1.711477031797688,0.4406583247219022,1.9060444487065142,1.0903002916389735,0.09189181005891073,0.08008952820177777,1.9957231188094164,-0.31173693576123596,-0.9649351945507774,-0.1907214677670786,0.5396258271573097,-1.3774378680843158,0.140234776985692
IBM20230131,2022-1,Ingeniería Biomédica,2023,Irregular,1.1868164210995324,0.6571998717854697,-0.5655608302824854,2.1221315977802995,-1.1382848472573455,-0.07121458574519171,-0.5773698681416476,-1.8973338499306622,-0.352827850751364,-0.1527786387958785,1.3372781709296069,-0.1681102139293702,-0.24620337815675788,-0.37035745403653547
IBM20230131,2022-2,Ingeniería Biomédica,2023,Irregular,-0.8662916248747778,-0.10051490645163964,-0.38270795885914227,1.655585300787825,1.237165111839625,-0.33454251782657884,0.8043676236976967,-0.3907625851044634,-1.1619069636786226,-0.9573754735116686,0.6341700634779005,-0.5067681122273673,-0.9027313173860385,-0.2685677610361
IBM20230131,2023-2,Ingeniería Biomédica,2023,Irregular,-1.0520397493906297,-0.2779846934053345,0.2257323488092322,2.270285864481546,1.5367592685609186,-0.420944118623324,-0.6489995147993648,-0.0508245757011337,-0.3910073068643747,-0.6164631742102576,0.6962878261516628,-0.15518322008265062,-0.600437753959435,-0.8223021665251805
IBM20230228,2022-2,Ingeniería Biomédica,2023,Regular,-2.6999272661487788,0.21250882065343854,0.3913910703498192,0.13339889142519132,-1.5544872991260938,0.9410061322960799,1.4830933078772934,-1.1127308793072341,-0.21994266340605717,-0.7710761014205583,-1.222492469636771,1.420353218139693,0.7125494072729044,0.9224231165254217
IBM20230228,2023-1,Ingeniería Biomédica,2023,Regular,-2.269349391113912,-0.20481620601346853,-0.08142348286640964,0.8831574216655383,1.2255886021206472,1.3564168963862901,0.7526870124341573,-0.06504872688737957,-0.8578845061742053,0.44532867951931204,-0.5884960704742888,1.8269832151868897,0.25254646937834485,0.9660330272781366
IBM20230233,2022-2,Ingeniería Biomédica,2023,Regular,-1.4383174361968927,1.4669570839152102,1.5356411544182667,0.5917810299687009,-0.8231189542381968,1.0785244672408276,1.0237307994224634,-0.5649584915497474,-0.8677086396871976,0.5690251190223726,1.0606658800640034,-0.8617846847995851,0.1105094912457405,0.4890312739899519
IBM20230233,2023-2,Ingeniería Biomédica,2023,Irregular,3.0450453043364947,1.2806152647027063,0.6964521650810386,2.1005241433146185,0.29128005672305557,1.912822411922039,-0.9589212335854891,-0.48669380016524916,-1.0134661748021454,-1.0111698317852535,0.14272394283879866,0.35533297980830636,-0.359686398170976,0.5872477227202354
IBM20230233,2025-1,Ingeniería Biomédica,2023,Regular,-1.2314383920984484,-0.8088586508987698,0.04672101850685901,-0.2890669743560302,1.816137786997058,-1.516116466057937,1.382309718355114,-0.11934076574726861,-0.26658361438126327,-0.1589314280876517,0.5907433418648944,-0.007499270182670759,-0.969902103345159,0.15033412761298492
IBM20230257,2022-1,Ingeniería Biomédica,2023,Regular,-1.2049461268619897,2.4135263697415104,-2.895807802239535,0.5237403992125019,0.20707437859403524,0.10689965210136577,0.34109015300342915,1.1125439861705608,-0.060256566484786896,0.03239468923875109,0.4973319264914306,-0.987775740856411,-0.392213966641661,0.4972002775930116
IBM20230257,2023-1,Ingeniería Biomédica,2023,Irregular,6.238347274438302,0.2522419268179365,-1.4728590021444208,2.111658358554721,0.3776872758841296,1.5054077586494696,-1.4078211669417224,-0.9469611165549364,1.3375884333229324,0.5353663348766335,1.654942240541448,1.0901857627728546,0.0010889943637964333,0.7695567593105771
IBM20230257,2023-2,Ingeniería Biomédica,2023,Irregular,6.591215032744861,0.2558256466884461,-0.07565669014869886,1.3248664020614145,2.0151685563210133,1.760039916581406,-0.26794933001404087,0.652631988830024,0.6791249781116373,-1.094061529670132,0.10625115627976618,0.22554779474917686,-0.8023510695384372,-0.8550210551965234
IBM20230257,2024-2,Ingeniería Biomédica,2023,Irregular,-0.47762615587152346,-0.34699212814904695,2.7235067419204135,0.3942994402434977,-0.3636787397358729,-4.158535555909373,1.1254132294896957,-0.3838588935457169,0.27449906297083926,-1.1960334755706978,2.401218857294955,0.49999012617355754,-0.8632411363358878,-0.6542124787392051
IBM20230269,2022-1,Ingeniería Biomédica,2023,Regular,-2.04459904014354,0.9444564425519487,0.6786260116151821,0.4058681348023605,0.3276469129509751,0.9536873890283883,1.3494071061132074,-0.6118298598834074,-0.6314988683307562,0.48507299647403235,-0.25636965484810414,0.35023459255284045,0.056480594861851356,0.13531869958560247
IBM20230269,2023-1,Ingeniería Biomédica,2023,Regular,2.150436478474235,1.752234614457084,2.039054850354328,1.175046525431164,-0.523083724246578,2.1050290666371856,-1.3732427988938596,-0.542996265119271,1.3824033216690266,0.14747728674361074,-0.846747641019762,0.41908599893624937,0.39216163234628126,0.5354942159128355
IBM20230269,2023-2,Ingeniería Biomédica,2023,Regular,-2.3093468164636284,0.2482076727112482,2.293116307786682,0.18142168441116607,-0.7313746685429449,-1.796596764800033,1.093683453949253,-0.543321329663243,0.5485467997880685,-0.35256293643278785,0.6195570464046546,0.9663087604395475,-0.06019460962477456,-0.5962445311814711
IBM20230288,2022-1,Ingeniería Biomédica,2023,Irregular,2.5683404691709524,1.6114615177417322,-0.23918092003969743,2.714240203553683,2.0092020536243202,-0.3604724970995637,0.4022204291092869,-0.9144309174786224,1.3916872544855985,0.010746198076101245,-1.3323005341781704,-1.1250988602050782,0.6195213305491586,-0.4919518155272739
IBM20230288,2022-2,Ingeniería Biomédica,2023,Regular,-1.3152054610073787,0.4894709001303572,1.0454454179661807,1.6731430490634855,0.501565831324474,-2.74888364398712,2.803971316993813,-0.6106932386152369,-1.1405383816539543,-0.32450866328778055,0.4709226079838778,-0.3684657979077899,0.4256328968804168,0.239915535882269
IBM20230288,2023-1,Ingeniería Biomédica,2023,Regular,1.9446224109996892,-0.02853136747085281,0.4404267974960187,2.134418723326525,-0.41551683005446627,-0.9836545742496136,0.810420957452393,0.12407775385616933,-0.35835768912429816,-1.271117742259504,-1.210359507959684,0.036363281610659895,0.8211562380232384,0.6119952314042549
IBM20230288,2023-2,Ingeniería Biomédica,2023,Irregular,3.8695261339439133,0.6546829159590974,2.744403457646844,2.628113948510465,-0.4214492804126861,-0.42279505577429255,-1.6896936014511028,0.6755770270805999,-0.43207362143961625,-0.38196815383256627,-0.24143916337495933,-0.08950935679938994,1.3702041363242374,-0.06544787834246857
IBM20230288,2025-1,Ingeniería Biomédica,2023,Irregular,6.854206470822613,-0.9566813392451277,0.882646071359308,2.1114605514831233,-0.13678363314892814,-1.6890723054233627,-1.1476277298619089,0.8317018944182852,0.2546049473751069,-0.20246808007143535,1.6905316680489042,1.3394905022479764,1.8533737562199366,0.7474817888424382
IBM20230300,2022-1,Ingeniería Biomédica,2023,Regular,-1.5326905945318532,1.0656242330648944,0.6200021484745605,0.2495818631225393,0.4552318382049211,1.1803560167374196,1.4647147553493098,-0.4492563456440795,0.38117322279136956,0.8104944301561738,-0.40947248673078585,-0.1971484448098466,-0.12888299481588472,0.634435154735686
IBM20230300,2022-2,Ingeniería Biomédica,2023,Regular,1.6610905533778773,1.680780269459332,2.063218559248143,1.276752703422988,-0.46677730717960947,1.883771700832136,-0.6183131036115657,-0.04726081503550614,-1.3665707677675911,0.20476177644871107,0.9390379907850219,-0.1712456876419075,0.129829091700496,0.5039284791683933
IBM20230300,2024-1,Ingeniería Biomédica,2023,Regular,-1.6067084960752018,-0.6197642988485765,0.5902378733635462,0.8599143029523005,-1.4267724740182084,-0.7647134205848957,0.132857195760147,-0.3071271230823739,0.1803493051992535,-0.3958383705086105,1.4870717105431381,-0.5954022079508269,0.30531724304010877,-0.530034048269882
IBM20230341,2023-1,Ingeniería Biomédica,2023,Regular,-2.686039764611089,-1.1367342741236315,-2.570752104417418,1.1457519585218683,0.0554013336592709,0.6150537450815373,0.37292891895764374,-0.9512730045604902,0.16001137632857887,0.7062754134375867,1.185781858525444,-0.4123923992919615,1.0090555435463242,-0.2497212890264586
IBM20230351,2022-1,Ingeniería Biomédica,2023,Regular,-1.872708818378395,3.1499682542221525,-1.1473282170777317,-0.03990990059063266,-0.39559718873895133,-0.21570663222348202,0.5091347409240373,0.9493444062359787,-0.7898037289963742,-0.5390086720912419,-0.44904486709446534,0.2370512996741608,-0.2173663403282438,-0.48355788672874284
IBM20230351,2022-2,Ingeniería Biomédica,2023,Regular,-1.6465620385997866,2.8100278835167223,-1.4255022138029785,0.7400724936295177,1.4169280486657776,-0.31415573321075585,-0.8093605404569699,1.2115805714928114,-0.21775528707755426,1.1862590820121353,1.072789137290635,0.7105383678065825,0.12468236250387396,-0.15567818504556233
IBM20230372,2023-2,Ingeniería Biomédica,2023,Regular,-1.078497923860959,0.8307980893951028,-0.4563139791832249,1.6040086794630852,1.5426893003844897,0.4434767119919964,0.007675798841573767,-1.4114227291856158,0.7312628682728899,-0.5722272396236643,-0.8187236973337517,-0.46097938339627537,-0.3805393189209255,-0.6822028192149162
IBM20230372,2024-1,Ingeniería Biomédica,2023,Regular,-1.3510094464045554,0.05272617329060138,-0.40792357460480194,1.4020333105796536,1.30323158344614,-0.03445122479497262,0.1466357784288154,-0.8896073868400067,0.9468411616014497,-0.6927085080783372,-0.5900594475486669,-0.08418890898099952,-0.4709040141792286,-0.6134023121101033
IBM20230372,2025-1,Ingeniería Biomédica,2023,Regular,-1.450885195800432,-0.3665370788524655,0.9596938171701669,0.3368121221174763,0.3142531332943362,-0.3030927925337848,0.5084978296127032,0.014594842028213782,-1.0792283141391066,-0.23757147623593233,0.8989678389487882,-0.13747271225094407,-0.7077054787448932,0.42974053302404647
IBM20240003,2022-1,Ingeniería Biomédica,2024,Regular,-1.0265986024217362,4.406363708733456,0.7994383821596652,-0.10280711501653067,-0.36421831002032695,-0.35791901944413906,-0.2743442853344039,0.5659148008971586,0.9813317371210027,0.2072529680529391,-0.2675340376340188,0.05201681169309841,-0.13811277296007335,-0.5555855842068812
IBM20240003,2022-2,Ingeniería Biomédica,2024,Regular,-2.3387472469561077,0.7105729282848011,1.7458356507900934,-0.15076533875079082,-1.0743272389742489,0.81144387334984,0.5716771615379473,-0.6864530867770086,1.1155935999512256,1.0840748687635124,-0.22116430753761024,1.3945855626915638,1.0862026770844337,0.6814156086278185
IBM20240003,2023-1,Ingeniería Biomédica,2024,Regular,-1.5473646614647945,-0.02712278088541401,0.7129789355190375,0.40262449955571117,-0.06806234562166492,1.8723353020241222,0.49496154417582466,0.6229908336509181,0.16994779165844212,0.7771775770920526,-0.8284843687028687,0.6182676495367875,0.1753123301467634,0.9709740364925241
IBM20240037,2022-1,Ingeniería Biomédica,2024,Regular,1.0703091335606376,0.3008546366930117,-1.2265490453682395,3.02339899896846,-0.07784555940151301,-0.6877096625169481,0.9111054177958222,-1.329414586069837,-2.2170647948719298,0.7499108342304264,-0.8027922543888866,0.6541718780110416,0.24492494865479345,0.04884289385998269
IBM20240037,2022-2,Ingeniería Biomédica,2024,Regular,-1.2153489676399738,0.09674812552303357,0.0880044436124626,2.5263090006555453,1.5000180561639211,-1.2534195092002234,0.5515827427743627,-0.45602779820126094,-0.9087679236468325,0.35779459637581906,-0.3206309437671499,0.08626257549913768,1.3723241349208462,-0.6416661459917112
IBM20240118,2023-1,Ingeniería Biomédica,2024,Regular,3.517814455871834,0.48113654659532246,-0.1951401621639637,0.6116218479343574,-2.856824051198168,0.15248519315663672,0.0017321459821716218,-1.7011197063368864,0.729987287807537,0.6407699836177874,2.057455231692579,1.0493476439864697,0.7280252165641036,-0.054423528818160836
IBM20240118,2025-1,Ingeniería Biomédica,2024,Regular,-0.7092215341672548,0.6261181984077401,2.095018007011114,0.8519845148753213,-0.7192937486074532,-0.8721034190534274,-0.5137393520385453,-0.913449695966008,-0.6289963011482081,-0.8112840136118254,0.7891514257828525,-0.2313447327008763,0.17966725053589766,-0.6063130624090972
IBM20240137,2022-2,Ingeniería Biomédica,2024,Regular,-2.7798847834518643,0.1990324688515296,0.1734287259710517,0.8562389286562476,-1.5955806314662944,0.5293407178397384,0.2766906469985345,-1.1895682737105906,-0.1823767021662888,-0.10239429451787539,0.9276100636008453,-0.018679374214892998,1.2494700026427286,-0.11896447377418276
IBM20240137,2023-1,Ingeniería Biomédica,2024,Regular,-1.3087692981539851,-0.027397507797888337,-0.40049916160072124,1.4796461521260074,1.043508925984414,1.9368110154272538,0.09201063344070148,0.3086176101951197,-0.325710637627027,-0.5133623978073666,-1.693419111387628,-0.01934505229935792,-0.47295683266125066,-0.24671896070330274
IBM20240145,2022-1,Ingeniería Biomédica,2024,Regular,-1.0411243036186852,3.8608656702059427,-0.5924135320150656,0.5053366323862107,0.3533003802529245,-0.14074423788939142,0.1836231714410865,0.8172428785717208,-1.2881491460827983,0.052657159327492466,0.6553963942600216,0.03046692106289054,-0.5034375988470707,0.12496932403015401
IBM20240145,2022-2,Ingeniería Biomédica,2024,Regular,-2.260061605272051,0.03692621054096042,-0.16759051293429994,0.5465623719192177,1.337792052472702,1.1623780751753279,1.1933628700101118,-0.4059980546201462,-0.6287399996668881,1.1765419875558853,-0.1209484885944063,1.9681566751179378,0.43561577507563176,1.5363042811084586
IBM20240145,2023-2,Ingeniería Biomédica,2024,Regular,-0.5203039141703989,0.5763853906579095,0.9425978498858651,0.8749521123060827,0.342550615190225,2.9245585617890337,-0.3715338290520133,0.7397210386455306,-0.11100092556608382,0.6849648234025019,-1.1799316820375694,0.06927181546730213,0.18131076180243874,0.7784208914761382
IBM20240145,2024-1,Ingeniería Biomédica,2024,Regular,-2.003872999930694,0.11522022910456214,2.1334584175504796,0.543752988521363,-0.9905074392418846,0.8330318067097532,0.4514315431405381,1.0228683523270814,-1.0847612103461255,0.21529797234932385,0.5116413166758558,0.09115294700947663,-0.03872441980889572,-0.08837807926749289
IBM20240161,2022-1,Ingeniería Biomédica,2024,Irregular,2.9649792456964046,1.9656866244553985,0.690171645381985,1.8904577009793426,0.8980710981952613,0.3870031130653114,-0.5578331392223498,-1.385046977912632,0.6347817998812706,-0.2294421847636719,1.5667415014824608,-0.7934810588429465,-0.3811225465512987,-0.353495076644663
IBM20240161,2022-2,Ingeniería Biomédica,2024,Irregular,-0.44770612340634885,3.3856253779448666,0.3876928290600501,-0.8169690830151444,-0.7423112063433357,-1.7524690744071305,1.3254133597546742,1.3684923004780396,1.0138230987934889,-0.14118725714360145,0.7755398574825179,-1.1095358057973452,-1.083023594927635,0.38145489378151315
IBM20240161,2023-1,Ingeniería Biomédica,2024,Irregular,-0.7868078471550326,-0.16178339912943698,-0.030171636192935135,1.4336246373277406,1.6906947100729044,-0.9561543852801507,0.4286324570808316,-0.3600377653670774,1.0635901284021185,0.27700153173283426,1.3449372697358633,-0.3213427718928674,-0.5267507949875316,0.31805021935607486
IBM20240169,2022-1,Ingeniería Biomédica,2024,Regular,-1.4539212144230964,3.921236678455247,-0.4521814583990882,1.0235864166888464,0.33631684044374566,-0.7183322798401501,-0.7453179195204719,0.23972756903590958,-0.7068950931216625,-0.1910158217488317,0.5069897975262481,0.4275140773479561,-0.17206749722569623,-0.8900425139848606
IBM20240169,2023-1,Ingeniería Biomédica,2024,Irregular,2.1838967973139547,1.5744892582750167,0.9095844294557015,2.43878775429235,0.7304795228314047,-0.5374076293428998,0.1887892098910141,-0.5323882549516074,0.7322677283207575,0.046056211650125044,-0.647954204544798,-0.7928652926334678,1.0236169584345411,-0.45180100130127776
IBM20240169,2023-2,Ingeniería Biomédica,2024,Irregular,1.2179129845409853,-0.6254707881162654,-0.7401328568769553,2.3038552979165114,0.6433513511414698,-1.8880420666824929,1.3442812110730475,0.0537697336609305,-1.2539420693584205,0.008758296320732066,0.5945449571472514,-0.38671445985639524,0.6305035843082549,0.24855082945931178
IBM20240169,2024-1,Ingeniería Biomédica,2024,Regular,0.3850335977036366,-0.49146961178385346,1.0728025074547969,1.4071048079099422,0.3250811829745515,-1.059539343303956,1.1193314105159387,1.4038008554011272,-0.27580337215923245,0.5560281167760103,-0.06043596567866756,-1.519809125739186,0.704700038557681,0.4710584954394904
IBM20240169,2024-2,Ingeniería Biomédica,2024,Regular,-0.06675875434154667,-1.3228458948951896,0.43931656710870265,2.4232137880857265,1.4801491765576402,-1.512911670028935,-0.2802488650011388,1.641899913090829,-0.12665122412509563,1.119859366754744,0.6541009341868905,-1.0152618719685245,0.9018965758348045,-0.2684128056742119
IBM20240190,2022-1,Ingeniería Biomédica,2024,Regular,-3.447549242217223,2.6707921455969132,-3.4532337793430457,-0.45025344707288484,-0.562279436340441,-0.5212972635080096,0.16931957355882807,1.4657201576968444,-1.589223186830249,0.2574482549638645,0.15570677272482705,2.4965250401688923,0.9371821560787166,1.1499831831277085
IBM20240198,2022-1,Ingeniería Biomédica,2024,Irregular,4.820306415450067,2.257365743924782,0.44995696581017464,1.6309479946853507,1.030769878815022,1.1729816738766836,0.33515600027019404,-1.0057413165538576,1.5352237206514843,-0.6907326049980288,0.7104489298709853,-1.9199732012131294,-1.4589499996366126,1.0274777438678395
IBM20240198,2023-1,Ingeniería Biomédica,2024,Irregular,-1.0824388289833258,-0.2615611590240536,-0.3810725479603946,0.8069117381000509,0.34275227995783475,-2.401484679260852,1.8473997610954789,-1.423330828474063,2.0974500666428795,-1.0127357928805043,1.2513552851233307,-0.764470383852881,-0.7820240290192206,0.05216472426596713
IBM20240198,2023-2,Ingeniería Biomédica,2024,Irregular,5.335720348876265,0.25052518194460155,-0.40391829930116785,1.9840097407595034,1.5601580703355071,1.9922773029603777,-1.262208847347974,0.3075353285134361,0.9307131562479228,-0.6906695485153374,0.8079370507203535,0.4948188660876939,0.055923985759397374,-1.4743300407137712
IBM20240198,2024-1,Ingeniería Biomédica,2024,Irregular,3.050198871355404,-0.596242731512482,1.1782124938648693,2.1289838531087404,-2.549662336928461,-2.394663741462181,0.5943729589318955,0.22243743750399325,-0.7588868790046516,0.48765492076723277,-0.1762036905044196,-0.5614696104753265,-0.7788281740058426,0.3318701790602585
IBM20240201,2022-1,Ingeniería Biomédica,2024,Regular,1.368561075144059,0.4202068757184188,-0.3130970836166748,0.3322423453401282,-2.8685494589238543,0.6534760036138104,0.8931640917758737,-1.161352023506931,0.5877617532144894,-0.46057791270779325,0.40714545391486795,-0.45712155379213865,0.013438910876503595,0.8385182042593207
IBM20240201,2023-1,Ingeniería Biomédica,2024,Regular,-1.1980576138330827,-0.9674942981199797,-0.7836860783332662,0.6816452388164979,-0.5654787487648429,-0.20390515124922617,1.351380995287405,-0.3235802942280315,0.593994023415618,-0.8215226032112033,-0.15064079641529604,-0.2874794649129829,-0.5514393496180494,0.7904513528869249
IBM20240201,2024-1,Ingeniería Biomédica,2024,Regular,-1.9440589247049302,-0.06343630542530017,2.5664768510394573,-0.09011441427359214,-0.6467599269317915,-1.0915549877480208,1.7075168199330653,0.5409452755415273,0.37429312797351827,-0.6820241938379632,-0.40230153620913256,0.8584294290192142,-0.9657951905253999,0.13136874223852643
IBM20240201,2024-2,Ingeniería Biomédica,2024,Regular,-1.5795565783421501,-1.870476263693924,0.5262982550886256,1.2813320999548894,-2.2257441677963095,-0.2659078592665129,-0.806616066301667,0.7481642712047971,0.14351711291157734,-0.41697737909793936,1.175110043671247,-0.29866655015784677,-0.0002627596534217889,-0.35136323862556823
IBM20240201,2025-1,Ingeniería Biomédica,2024,Regular,-1.0195028797276258,-1.7690192184871625,1.3909626299382476,1.2199638654776226,-0.1421420914925725,0.23754238070764663,-1.1078299721255593,1.9701345291187855,0.9880338009198028,0.19147986892119007,0.8130525637463785,0.2368305294064158,-0.3066066480510711,0.19794625019330447
IBM20240285,2022-2,Ingeniería Biomédica,2024,Irregular,2.417243785036281,1.3837913338419523,-0.556787441262275,1.4575142268012198,1.8499133563176295,0.7850948217423498,-0.10753957755316211,-1.309789266471642,2.169737821773661,0.3661937226555361,0.3546741851750953,-0.17332387135510405,-0.19451795517617262,0.8663908286717297
IBM20240285,2024-1,Ingeniería Biomédica,2024,Regular,-0.7801840675255216,1.0793308331026457,1.9519144229367231,0.1965660339941803,-0.5399547895870339,-0.8636545782099297,1.8287377312794297,-0.6594859646444916,0.3654114821863598,-1.0998082414577408,-0.20493942664594847,-0.47836656416571416,-0.9164130625505151,-0.11451504255829664
IBM20240285,2025-1,Ingeniería Biomédica,2024,Regular,-0.6305249379040673,0.4872690406932621,1.3583690163130222,1.1817585046852135,0.7573505459303287,-0.3538365233295623,0.040918212192589724,-0.28193328885761854,1.1957632908416485,-0.14283196149838592,-0.0403849640596356,0.041785300129572135,-0.4912071536961894,0.0028779499788968888
IBM20240296,2022-1,Ingeniería Biomédica,2024,Regular,-1.0991852140373932,3.4049456384845778,-1.7031911213611297,0.45023178633530814,1.49875470737532,0.00841278419097968,0.4316087546033749,1.061689309624305,-0.3736772902197592,0.7823296052829996,0.27374639245453253,0.008372100296413823,-0.6812956783843266,0.5819603478957954
IBM20240296,2022-2,Ingeniería Biomédica,2024,Regular,-1.8827356203589742,1.4598417606192866,-2.8752119372662865,0.14485195444345578,-1.4217371176871114,-0.346404280847155,-0.42047196990068453,0.7905558286185026,1.2897710513820084,-0.8093175171047449,-0.15261291314586362,0.2955305004097534,0.7470316506237271,0.069187251615237
IBM20240296,2023-2,Ingeniería Biomédica,2024,Regular,1.2685833202785224,0.15996585332436353,-0.10385074841068204,1.8341938362295882,1.3022069839545365,1.2392912351663727,-1.2198893909233155,-0.02351363359257327,1.3077051135315112,-0.2959419794970464,-1.179128390492704,1.249783932559126,-0.06871664647421935,0.1976157925289488
IBM20240296,2024-1,Ingeniería Biomédica,2024,Regular,-1.104968897757885,-1.714740175497191,-0.8091689963226019,1.5760508603081844,-0.2623806029241154,-0.9883939248840405,-0.12260461005684281,-0.23395227708484445,0.8742317435433331,0.3178318033698392,-0.8606613258994188,0.933964069053201,-1.4368365400042444,-0.6934238476576345
IBM20240296,2024-2,Ingeniería Biomédica,2024,Regular,-1.6078601628177114,-1.2762488627176607,1.407827903792601,0.6333930124414,0.10223240377672826,-0.267465328429978,0.552253972445029,1.7820430955249862,-0.14196544750743784,-0.17309570850558356,0.24300236963009467,0.3796555650364512,-0.7821005560073482,0.2315701482060426
IBM20240305,2023-2,Ingeniería Biomédica,2024,Regular,-2.617653388212869,0.6991016361969434,0.5699843662638855,0.6237802571374772,-0.05845883556184845,0.795718898715505,1.3013290483769595,-0.9375004466293793,-0.9937267240702923,-0.1756620745564476,-0.7265214175203373,1.2447787044508063,0.2718570712053199,0.37788943287871424
IBM20240305,2024-1,Ingeniería Biomédica,2024,Regular,-2.3345363401172534,-0.10906531812389816,-0.04703800220363826,0.8001692744910889,1.409026911711446,0.5027084043379625,0.4481898813862554,-0.6700597558271467,0.4367507683415643,1.2976459931837268,0.38870707177686353,1.9178525552461003,0.6641585105731536,0.7184716073346256
IBM20240305,2024-2,Ingeniería Biomédica,2024,Regular,-2.0966005357665067,-0.33058480305108423,0.8074192268159702,0.09985785963759643,-0.06444488344982484,1.1811968325284852,1.0599302909521557,0.5743286207335896,0.36914830548674565,0.6903418718623411,-0.5122392389173561,1.1907278935347934,0.20339766561802683,1.2658527509406396
IBM20240307,2024-1,Ingeniería Biomédica,2024,Regular,0.5086463136156731,0.6408911547938443,-0.07105894744177531,1.2480248862646235,-0.5986766839003616,0.05181172254562048,-0.09017821581205661,-1.568662445401192,0.24036483405641929,0.13487363112938971,0.5518396181058219,0.5333684975713254,0.14168575700977828,-0.4860860052249223
IBM20240307,2025-1,Ingeniería Biomédica,2024,Regular,-1.4845703547475182,0.11172748434427404,0.8829320494251179,0.2862148067336926,0.24192333563858312,-0.8077649735088419,1.5371064037568183,-0.7499366292852525,0.035848473279452384,-0.9007053382710474,-0.6160633145320076,0.7886762774679522,-0.6732258447208367,0.6912267487393732
IBM20240364,2022-1,Ingeniería Biomédica,2024,Irregular,-1.8464502159714218,0.09927069426244486,-0.5370917689984567,0.5482517718420644,-0.8954564278572023,1.1026560364943183,1.2546593462240143,-0.6032946790123542,-0.05994374705523202,0.16689490774857085,0.436731468386106,-0.6815982661637795,0.33704369714743077,0.824551350392898
IBM20240364,2022-2,Ingeniería Biomédica,2024,Irregular,-2.0640595871406364,-1.5250560459873292,-2.0218255938502474,1.081854861640015,-0.6488352739828104,0.8613517639181555,0.06279221296231872,-0.012662515488910989,1.700722488945858,0.2517517818708584,-0.006961586419819151,-0.9241183774325399,0.324109352318262,-0.13334761677636306
IBM20240364,2024-1,Ingeniería Biomédica,2024,Irregular,-1.800379052066213,-0.1667510454719985,2.0795063691584885,0.4056159677935126,-1.1525767163180316,0.604617004962633,0.8066189852798961,1.1233386793069204,0.3147793166319064,-0.8059825649556122,-0.8624552768278685,-0.12744337658970314,-0.8257976926586136,-0.4455986420908111
IBM20240364,2024-2,Ingeniería Biomédica,2024,Irregular,-2.570431296276498,-1.0332692191271788,2.2249767024858356,0.2861919545723724,-1.3088195841972614,-0.7840059448745152,0.6098242983048381,1.0130813169874509,1.806019288590538,-0.33020837705261397,0.370751680281994,0.9336966095706907,-0.28351406866803197,0.09982802540874487
IBM20240364,2025-1,Ingeniería Biomédica,2024,Irregular,-1.9131471017272799,-1.2209355295456905,2.469961544636966,1.1043003265519629,-1.3291045375563806,0.6071695006492113,-1.0356443412934284,2.088017246924623,0.8047194194887078,-0.1660005702462879,0.3312857998491622,0.17857419886657552,-0.268644282214856,-0.5080700011866569
IBM20240370,2022-1,Ingeniería Biomédica,2024,Irregular,1.7165117440948456,3.112819568613346,-2.567715761601446,1.6995291861718225,0.3505652154185915,-1.1863009685161778,0.5817397885146289,0.7286630152604461,0.08124182034638824,-1.065579422488082,-2.112104056575604,0.5030192405415834,0.6717671978727722,0.7027461256506018
IBM20240370,2022-2,Ingeniería Biomédica,2024,Irregular,5.375298543991667,1.518140028524064,0.6271829660486543,2.3722377008712665,0.5752580941862736,1.4747573804565066,-0.3763284337758223,0.01575919353525073,0.48252533768545053,0.1568957785565737,-1.1085407013053152,-1.18988592531055,0.8719261312202342,1.6022088283087856
IBM20240370,2023-1,Ingeniería Biomédica,2024,Irregular,9.80798123397895,-0.27858682450482997,-1.7116587970282386,3.317396178124196,-0.5007990724939619,-0.46692067861823966,1.528873569581431,0.44588623907492997,-1.018400018603551,1.849858797648003,-1.8740894118450528,-0.2308601965401327,-0.007291906716043001,0.564441285070354
IBM20240370,2023-2,Ingeniería Biomédica,2024,Irregular,1.4356001673507108,0.3513907021497866,3.070569134141927,1.878581472930285,0.05320112651160574,-4.911083355066333,2.815222581359999,0.7201998688180009,-0.1965511916773022,-0.3700713403276529,-1.3572823943285077,-1.4527474755119254,1.0390888706025845,0.5595738405325376
IBM20240380,2023-1,Ingeniería Biomédica,2024,Irregular,-1.2568347017367858,0.9086133971730935,-0.3628991318286281,1.653508952491571,1.7385273962245695,0.7327372822936525,0.037641319004751976,-0.9193721809917133,-0.011760235685713143,0.9536478629446166,1.241899297586325,-0.8084482909077132,0.10896834848625372,-0.4439110508133074
IBM20240380,2024-1,Ingeniería Biomédica,2024,Irregular,2.761317652757241,0.9705136829622396,-0.23231020192128832,2.265705051926042,1.6710079249130017,1.2480803708042698,-1.3576906406504332,-0.7000617609223164,0.6709767912887177,-0.567852516231174,-0.15764340368846386,0.235385190346059,-0.30820468847750027,-0.5357922858438964
IBM20240380,2024-2,Ingeniería Biomédica,2024,Irregular,5.764650139550847,1.3974089428507999,0.6992450360397763,3.265115014656627,0.35934062836296204,2.576397213062527,-2.7209564658739653,-0.05021159775227417,-1.1973092776078933,-2.0314017706022045,0.1438775819629607,-1.1755711180507198,-0.8124251513228903,0.6144754540300611
IBM20240380,2025-1,Ingeniería Biomédica,2024,Irregular,-0.02259605806383043,-0.6781447544351804,0.21416466897342087,0.8818751459588676,1.915257694937056,-2.2490676055647123,1.7941530990652488,0.27518485501630063,0.5780604186034474,-0.34799619406178023,1.7916848617812886,-0.6092017365779634,-1.5911978647148872,0.9909514541360167
IDS20200001,2022-1,Ingeniería en Desarrollo de Software,2020,Regular,-0.2442563024821707,0.7035008267988208,1.1936188015749216,-1.2651287004568872,-0.6397184103418779,0.6828683988528341,0.04053292756475008,-0.8877124702775638,-0.9909219359843643,0.7415909361245742,1.3833664663707144,-2.1877996397509376,0.06193934926058984,0.513629459515516
IDS20200001,2022-2,Ingeniería en Desarrollo de Software,2020,Regular,-0.5417768934790612,-0.20918611371055734,-0.08096508205357468,-0.09293018960555957,1.9846606177056978,0.17306843007231207,-0.2657703659712106,-0.5226500383423985,-1.1759920397913253,-0.7312277370055394,-0.6443215470418883,-0.9951033298613269,-1.0010903553076707,-0.5911494879111401
IDS20200001,2023-1,Ingeniería en Desarrollo de Software,2020,Regular,-1.2187047810778218,-0.948774989822212,0.05012705865651643,0.3998579274118001,1.6848829294102776,-0.937576271786721,-1.1192376235503048,-0.6794581824993565,-0.7902328640126149,-0.5635847796752994,0.5388827323213701,-0.2134059215108246,-0.5702623542389738,-0.8639466684878655
IDS20200001,2024-1,Ingeniería en Desarrollo de Software,2020,Regular,-0.046601915256770765,-1.6903315910512968,-0.020192105181883985,-1.346732199234802,1.778861673379371,-0.1685406169764815,0.05679081741923359,0.5819704265605785,0.951512498393233,-0.06157333625349914,-0.781277698774419,-0.4384994171579934,-1.2157737059647273,0.8090749926118057
IDS20200001,2024-2,Ingeniería en Desarrollo de Software,2020,Regular,-1.062920228490741,-1.742172254355931,1.4282206132073927,-0.4879832980046816,0.46953103413272634,-0.6867227127048832,-0.8474965432379657,0.9780733469654382,-1.5799144725411978,-1.0491568844320758,0.30585103215382753,-0.26246731467866297,-1.072860671324558,-0.21851553134695964
IDS20200012,2022-1,Ingeniería en Desarrollo de Software,2020,Irregular,2.6553656632801115,2.4655351200864253,-2.3805118265918535,-1.2279743832472374,1.1586297501464877,-0.9494189838943419,-0.9643545970478656,0.08834159177970051,-0.5434519832655417,-1.099906660069105,-0.20581504866152533,0.4434317469098373,-0.5356646237200361,0.2007688934795915
IDS20200012,2022-2,Ingeniería en Desarrollo de Software,2020,Irregular,0.6148181881594743,0.08967558116676373,0.9581876202597994,-0.9888577395997962,1.1530128623761489,-0.650153459972854,-0.8443949332500222,-0.9728020455480058,-0.2290935332587176,1.1316076427535322,1.9211520834399638,-1.0699333969177798,0.15896134988383803,-0.28812674733654636
IDS20200012,2023-1,Ingeniería en Desarrollo de Software,2020,Irregular,0.26575696328845844,-0.7046889972701665,1.0335505218769812,-1.5159550776309567,0.7871950921620312,-1.4216074346911405,0.7179237833392426,-0.5893288354598099,-0.0072559958871976065,-0.6785193565099541,0.015265574990062944,0.22173342308181446,-0.8394304496226621,0.4726652652068126
IDS20200012,2023-2,Ingeniería en Desarrollo de Software,2020,Irregular,-1.1575284145740519,-2.1092031494550776,0.12142154333058039,-1.4426638947735226,1.6082637331133771,-2.4689579526739722,1.1373153457249918,-0.07134253651433455,-0.47002446011902627,-0.4084794614264169,0.8198207437638545,1.3172306107289278,-0.7883318236524899,0.6859426876121099
IDS20200012,2024-1,Ingeniería en Desarrollo de Software,2020,Irregular,0.48631985032591096,-1.468191422308182,2.204592888530441,-1.7274279983312153,-0.7361875262730947,0.04037672536405723,-0.710679306217003,1.3723167866577848,0.10030725430549531,-0.19935161652665317,-0.1519945250821966,-0.32922227565170537,-0.41549121741211886,0.48019198828248766
IDS20200012,2024-2,Ingeniería en Desarrollo de Software,2020,Irregular,0.9219012302370528,-1.812694331595491,2.5039644552095774,-1.2218014670765978,-0.7397799434380699,0.1466822392565456,-1.2557237058189892,1.8033509923788156,0.09608588586226996,-0.49097452342415865,-0.1321262190545748,-0.03737277057973964,-0.6982159360346132,0.9876334245641033
IDS20200012,2025-1,Ingeniería en Desarrollo de Software,2020,Irregular,-0.15529196858158897,-3.756718539322199,0.3012710223156591,-0.40069766170218596,0.8608764932915398,-1.569663045557021,-1.6697918025085983,1.6139633957019819,0.5540679181811108,0.22490307841038165,0.991158832879792,1.1819711895266216,-0.8032655412411799,0.39745163153892027
IDS20200026,2022-1,Ingeniería en Desarrollo de Software,2020,Regular,-0.12631605227305193,2.6827236253644355,-2.2794898085046884,-1.9313817328971365,1.4108451461084675,-0.6775715554909734,-0.14983145491269217,0.5754556104950467,0.3181868365063253,-0.24560171525002703,-1.4522288164698842,-0.4441420909830033,-0.7831987403220592,-0.12960413806088303
IDS20200026,2022-2,Ingeniería en Desarrollo de Software,2020,Irregular,3.3396350327878164,0.7675544919445878,0.6363064439303778,-0.496967738782818,1.0012707402965433,-0.0581471425125178,-1.3467722661760713,-1.413314570777693,0.9457460717688877,0.21053223883804711,0.9951611015474131,-0.2932174925672466,0.01308697318997893,0.5471376618626114
IDS20200026,2023-2,Ingeniería en Desarrollo de Software,2020,Irregular,-0.2459913404982654,-1.0590198742201966,0.1056696727193042,-1.1446865326307698,2.152117320497261,-2.429573455690473,-0.01806658677006353,-1.3926075019877953,0.15171356210128858,-0.27193584343480703,0.9977812736157021,0.5796130873282873,-0.32058919858406293,-0.20134718458844586
IDS20200026,2024-2,Ingeniería en Desarrollo de Software,2020,Irregular,1.1670974328126342,-2.344820316999698,-0.48747466888498153,-2.2136994374567607,0.381038241670845,-0.24962008465605304,-0.9009344262203336,0.24515475319132196,-0.4327941386395835,-0.13290127707825214,1.001720838873938,-1.3951370870477813,-0.023318023169650554,0.6986324496579667
IDS20200026,2025-1,Ingeniería en Desarrollo de Software,2020,Irregular,5.521025163777618,-2.738301612020958,-0.5111686892238063,-1.5048250890872448,1.0665180237475078,-0.23708728617904312,-0.26476197068619534,1.6380829864193591,0.2706709827937045,1.944831707777422,-0.7256286095666936,0.2175171632701792,0.4075417966111932,-0.39003704551100316
IDS20200055,2022-1,Ingeniería en Desarrollo de Software,2020,Regular,-0.31829643354540743,3.7276463731319596,0.48408838914465774,-1.9755135928098704,-0.3774980629455031,-0.8275766330734412,-0.39139789625104493,0.3076268194915792,-0.6781455195626084,-0.7890128153877496,-1.1357008946339615,-0.40152659145219666,-0.7213566842583574,-0.3695631433196089
IDS20200055,2022-2,Ingeniería en Desarrollo de Software,2020,Regular,-0.6373591007526364,-0.5179436659107199,-0.2355461354336922,-1.2515226550344838,0.7306751383247281,0.6501764469208015,0.24362506360124225,-0.7751124837335764,-0.0642955656781426,0.07478963744703226,-0.48679057155992117,-0.35888579176144836,0.06736309877511512,1.0394238556417512
IDS20200055,2023-1,Ingeniería en Desarrollo de Software,2020,Regular,-1.5244150366342144,-0.8966435600758864,0.27194517572414356,-0.8635355460927135,1.8938025378504972,-0.7064539269903195,0.5862218274880494,-0.6042023562703246,-0.5340108155683353,-0.5225124644486265,-1.139833302574558,1.3864352694590507,-0.7569642123387781,0.6075653779647269
IDS20200065,2022-1,Ingeniería en Desarrollo de Software,2020,Baja Temporal,1.4473754635271914,0.45081550502707957,-1.6503827638882191,-4.876444510596701,-0.3631459058242896,2.0282906631179443,3.084636714586419,1.2313251453759702,0.2287034721299064,1.3427270691522006,0.030125539501621945,1.3421196683600394,1.2004499976907061,-0.8517128108702487
IDS20200065,2022-2,Ingeniería en Desarrollo de Software,2020,Baja Temporal,1.336187899037736,-1.3266277844859862,-0.7021915327662316,-2.9956760264678293,0.49577652416995843,2.5668624845966574,2.2488131937080977,0.736198444733746,-1.7100741785879068,0.25744999061351886,0.30912848059070325,0.9264393973377163,0.8043504321603943,-1.9112002889027335
IDS20200066,2022-1,Ingeniería en Desarrollo de Software,2020,Regular,0.089522875278084,3.6925303267525136,0.46655879592777294,-2.0724204097587147,-0.23968506862817746,-0.41065337841707583,-0.55393661389,0.46663517578863944,-0.8510766154608552,0.2729404256525365,0.3066261754507401,-0.6915909149595341,-0.3228995760330891,0.48949672096643687
IDS20200066,2022-2,Ingeniería en Desarrollo de Software,2020,Regular,-0.711019708546892,-0.1114064053353196,-0.023705824937016888,-0.8566321235946327,2.1714118867227774,0.22499317604601446,-0.6093281509534644,-1.0723098355874032,0.6336036142260734,1.0324410134994444,-0.43710679298994315,0.10154098153666435,0.11232366957710681,-0.008880451269259916
IDS20200066,2023-1,Ingeniería en Desarrollo de Software,2020,Irregular,6.043447116287361,0.297647602078777,0.23340184102461933,-1.1017992475137393,0.6817875126809666,3.385683396739713,-1.2659663548041147,0.5482558161702413,0.48471466853093575,0.41629474725361876,-0.014792847822774098,-0.2832010592130924,0.3309300547697459,-0.28440208553149465
IDS20200066,2024-2,Ingeniería en Desarrollo de Software,2020,Irregular,0.59098517061372,-1.004877975867745,1.621079295947307,-2.2219227071909797,1.5063073414481272,-2.4936570635722997,-0.4124266976003695,-1.0152838622294824,0.9335074157739673,0.011476486607027471,0.8282864193666463,0.636470162407899,-0.4688480126299504,0.6388964298957497
IDS20200066,2025-1,Ingeniería en Desarrollo de Software,2020,Irregular,10.577919365749121,-1.215592391174426,0.7970499724214586,-0.5232038046949566,-2.2871993971067157,0.845223694643123,-1.5939274628057307,0.5668922556170454,-2.1688961365063366,1.7296898603929718,-0.5820984093032361,0.3854400635814632,-0.7066968693759683,0.7716477276198246
IDS20200078,2022-1,Ingeniería en Desarrollo de Software,2020,Irregular,-0.6701500371935841,-0.0772765962439743,-0.7811184991122829,0.011108448091798454,1.4744005759977168,0.03900700230285822,-0.871913109356103,-1.7222960284644226,-0.10310781538225909,-0.11647778126128336,0.045350001688688836,-0.9335683085197196,0.0034156983864026985,-0.42501971392792504
IDS20200078,2022-2,Ingeniería en Desarrollo de Software,2020,Irregular,-0.7206919228443104,-0.22467291288204294,0.7377674236035732,-1.3977521013931373,0.745506755875032,0.009955571510251076,0.4204762269009853,-0.296915875310389,-0.47378937381066333,0.5016907952747317,0.39696877248811474,-1.0665093864507325,-0.4959928961014986,0.04610101874067103
IDS20200078,2024-2,Ingeniería en Desarrollo de Software,2020,Irregular,0.8668233460926226,-1.0134352970918297,0.9338327089313698,-2.3614798658118654,0.9902260067719681,0.13732188061959294,-1.708581332536596,-0.2842729894188137,1.2348035678658886,0.19759074458205353,-0.8389733243918733,-0.9795187217819632,-0.19217387832184515,-0.6014221295781441
IDS20200078,2025-1,Ingeniería en Desarrollo de Software,2020,Irregular,5.127895153993126,-1.132626766315532,1.1592991454166843,-2.6286419473779006,1.2793001389308123,1.3937831234639584,-1.0203611980398257,0.8598630465111152,0.3181071249149159,-0.039851136697780586,-0.04267952046035584,0.5416871167334305,-0.2878389758836971,-0.633511266628385
IDS20200099,2022-1,Ingeniería en Desarrollo de Software,2020,Regular,-0.24778912612274925,4.45568075047503,-0.7297423197108134,-2.4059120735148096,-0.9822086731835964,-1.310049813676413,-1.6241391693258662,0.8491374447582996,0.7317354225081711,0.24335948030767365,0.0244616666323117,-0.49572175541885305,0.18195658605859144,-0.048893065239735106
IDS20200099,2022-2,Ingeniería en Desarrollo de Software,2020,Irregular,6.938874424343729,-0.80180911490355,-2.3112411340453454,0.482629915377985,-1.2335295764623455,-0.13566737716452384,0.0210029586326196,-2.4221353977499214,0.005302508160471144,4.017350320515142,-0.8771892528002513,0.3783163482170426,-4.997497502388943,-1.4763274335372314
IDS20200101,2022-2,Ingeniería en Desarrollo de Software,2020,Regular,-1.7948675338827258,0.14608793302612436,1.5574649255545188,-2.299805237430942,-0.7664436311029833,0.6499087280030934,0.17954390170894952,-1.405904059794639,-1.8961773669790862,0.8574961588942631,0.3807103429233406,1.0661806155095805,1.2497208553774437,1.2375165669512176
IDS20200101,2024-1,Ingeniería en Desarrollo de Software,2020,Irregular,-0.39193019998331896,-0.8201710387809964,0.717693008974568,-2.475510809030429,0.4742000909131732,0.9541056454903024,-1.1624162363506252,-0.8074207783027053,-1.503473658290399,-0.42098981959868653,-2.088415286499305,0.7000501907643704,0.3169523815301388,-0.27686661803838436
IDS20200101,2024-2,Ingeniería en Desarrollo de Software,2020,Irregular,3.5144906868096872,-0.9697574254105806,1.0225834815613877,-1.8208314020935055,-1.6344771766224526,1.2188948372834454,-3.4120782292307297,-0.946231949185858,0.4587320422077939,-0.12811645277643405,-1.2707785034331485,0.3242078001962571,0.44859941536131437,0.3559390897793267
IDS20200114,2022-1,Ingeniería en Desarrollo de Software,2020,Irregular,-0.8641801416629868,-0.6464980578224865,-1.213569794886896,-0.76942102552574,0.9489671860848656,0.48031783655432625,0.17381762571531456,-1.3223372452631525,-0.9941178965679394,-0.3714401856776499,-0.28114150571537944,-0.4883637860579912,0.03843242483914663,0.30094177534300637
IDS20200114,2022-2,Ingeniería en Desarrollo de Software,2020,Irregular,-0.1984553809293426,0.4658265449539142,2.0211039401596262,-1.6479562320903418,-0.08748291643508406,1.4096124751787587,-0.4280780462393331,0.21132141881617159,-0.57438447045065,1.1545925506899395,0.272328873951288,-1.4427345981833688,0.04401707587555386,0.3320436527865343
IDS20200114,2023-1,Ingeniería en Desarrollo de Software,2020,Irregular,2.8069364835571493,-0.24485419570438885,1.5160599935567738,-0.4439478697135511,-1.1392335733998402,0.37432846574759476,-2.2500963586511005,-0.7269960740297938,0.3691132290846553,-1.2443613759954786,-0.051715669875907436,0.4535067729647101,0.3171761154031347,-0.019007591997067776
IDS20200114,2023-2,Ingeniería en Desarrollo de Software,2020,Irregular,3.8668999788120755,-1.2585805424058762,0.4402059692955472,0.20989489921008356,2.0686203292032443,-0.41267330824139664,-0.8150324669234215,1.0878833000322339,-0.45087727052791376,0.8068074981642559,-0.6266416861519027,0.05736352403875051,0.7484076137400074,1.310809235895588
IDS20200117,2022-2,Ingeniería en Desarrollo de Software,2020,Irregular,-0.9907733667984122,-0.32483088025415413,0.27773150203501845,-1.845823698335063,-0.9486015128171817,0.5826088766669069,0.15160137747123725,-1.4004449979184976,-0.9003443959666042,0.32366505602277035,0.005648164687859863,-0.5010798385189582,0.479249667883197,0.9021544846199675
IDS20200117,2023-1,Ingeniería en Desarrollo de Software,2020,Irregular,-1.0659692049966862,-0.913775462358712,-0.1579920289661467,-1.3119823674278797,1.7915662967326433,0.03176952905763955,-0.6854806483209935,-1.0207091303898197,0.6094449962070954,0.8481049704985215,-0.42584783796304765,0.7820420813564827,0.34455100691177326,0.43269226497233926
IDS20200117,2023-2,Ingeniería en Desarrollo de Software,2020,Irregular,-1.4921481819790723,-1.9360534124873179,0.20581910119473562,-1.9285787457143881,-1.6392078162898331,0.4087355586832619,-0.2781342793686144,0.2844579047758492,-0.5755975014789335,0.27619707826434453,0.03163414449280336,-0.8658374673503384,0.16346854130642965,0.3285511965499089
IDS20200152,2022-1,Ingeniería en Desarrollo de Software,2020,Irregular,0.014362981403435162,0.2092909709645098,0.353485460364496,-1.2945713130690668,-0.46151474867832015,0.591881671631967,-0.574474015953792,-1.4016528387614264,1.3064938325083095,0.3937066298957395,0.5040214724282355,-1.8485074630736997,0.5925414913114014,0.311475869437411
IDS20200152,2022-2,Ingeniería en Desarrollo de Software,2020,Irregular,6.306461445781409,0.08293466976330979,-0.8601942962345781,-0.8796154999281662,1.9356135993578645,3.451191193962452,-0.9976070234398003,0.36330429767369954,1.2570772972066486,0.24231933155288343,-0.5840146751493214,-0.5684073451627965,-0.09640010775195565,-0.2966627195395404
IDS20200152,2023-1,Ingeniería en Desarrollo de Software,2020,Irregular,14.080991109213679,-1.9777600519918315,-2.94858458776415,1.6119359570508698,-1.3917838548374253,-1.1123302300532245,0.18298696703319084,-0.16786809998571475,-2.3156360414118975,-1.5554114650860087,-0.1382321928198324,2.0407010266225405,2.2058907328013593,0.34042849766269584
IDS20200152,2023-2,Ingeniería en Desarrollo de Software,2020,Irregular,7.818505031078226,-1.2856822082657458,1.5891751093651325,0.18436109828492991,1.2186116420765019,-3.883130166526916,0.6846049333967043,0.9749439539629984,-1.5679182670577396,-0.26946595857106403,0.3691873128107604,-0.22976593288726832,2.2101674148583283,-0.3006492795939316
IDS20200152,2024-1,Ingeniería en Desarrollo de Software,2020,Irregular,4.420448250982308,-1.8369043178099775,2.927938656040891,-0.3640053367705413,-0.10574969965919438,-5.795811880495522,0.010664869553262719,0.9632471328173777,0.8501760648279284,-0.44428214586872156,-1.3533566268550314,-1.5490601229991698,1.8419609994583868,-0.17981007803499682
IDS20200174,2022-2,Ingeniería en Desarrollo de Software,2020,Regular,-1.1049279928770752,0.07592277983464366,0.6405386654620724,-1.0968178917623401,-0.6428181500110363,-0.24480121413001743,-0.8224866552688385,-1.9287340000592765,-0.48062772978431423,-0.3566606269233929,-0.45567346026375705,-0.7569093368487128,0.2431848106386218,-1.1927066810119709
IDS20200174,2023-1,Ingeniería en Desarrollo de Software,2020,Irregular,2.82552442461759,-1.2755602670925044,-1.5744066325454407,-0.1470190021119952,0.31437873998379745,0.4324388423251464,-2.3442762282806875,-1.384672217691314,-0.24419945255131392,-0.24758437626886687,0.6458267296814587,0.1588022962971052,0.3711106009716563,0.06055156843215406
IDS20200191,2022-1,Ingeniería en Desarrollo de Software,2020,Egresado,2.658071330260119,0.6823260491502409,-0.047967377058637344,-0.0953931862004863,2.3264876787594035,-0.21733138215837713,-1.0603888282691374,-2.1323175384694126,0.8561878213471139,-0.5378302375366759,-0.7404531431137313,0.822414904767961,-0.32960070049476264,0.10820677407752774
IDS20200191,2024-1,Ingeniería en Desarrollo de Software,2020,Egresado,0.03427383161949786,-1.0972838550257369,0.02487300611843145,-2.8566132112379727,2.3901823144448815,-2.18079051073184,0.8177483738566521,-1.56038151114717,-0.4725420951651983,-0.21459659740129802,-0.23753706079298173,0.5887144530537962,-0.7457060571076057,0.3788900498022682
IDS20200191,2024-2,Ingeniería en Desarrollo de Software,2020,Egresado,-0.6221072936054883,-1.8730300702030236,0.0024462690192052633,-2.1907990989925206,1.8132587817903196,-2.3912896681882825,-0.6445879280312958,-1.5765697435838335,0.055369342241748866,-0.777866036370338,-0.5370038415913982,1.509273915397645,-0.049131187097496955,-0.12767543610303933
IDS20200195,2023-1,Ingeniería en Desarrollo de Software,2020,Irregular,5.581118868037707,1.0811388638431585,1.4119256599394088,-2.5878541267669974,0.1367399356605982,1.1057812248349816,0.9004162184460771,-1.215633298984551,-1.3568150468748168,-1.2246692196166347,0.538364444027576,-0.019344754586996846,-0.45769646126321395,-0.04032705830671671
IDS20200195,2023-2,Ingeniería en Desarrollo de Software,2020,Irregular,0.6963009352529606,-1.6974851948965546,-1.063499101941125,-2.2554761006479356,1.3257044757742202,-1.5672412433398044,0.42663328725239963,-1.4393076923175707,-0.5488630685759123,-0.6401801969001821,1.1237392682058647,-0.48009993757189656,-0.22414986297485268,0.81746311472344
IDS20200195,2024-1,Ingeniería en Desarrollo de Software,2020,Irregular,6.3212015795070124,-1.1092334703294107,-0.43030302268548054,-2.5027610869355597,2.0797105588308757,1.728366799657236,0.037696386018779254,0.3388152309715708,-0.06295589779900483,-0.6928124515459784,-0.9309291075189334,0.9422018449742768,-0.6154699438835273,0.8173744051469757
IDS20200195,2024-2,Ingeniería en Desarrollo de Software,2020,Irregular,0.9257573888770698,-1.4446013483482276,1.6711239870396701,-2.189971931896216,1.266448846786542,-2.059410850274267,-0.47239527777986545,-0.17097887092457859,-1.127382962174123,-0.614663934110051,0.40234642714980406,0.3138730903703111,-0.865009524570928,0.4330449057364107
IDS20200210,2022-1,Ingeniería en Desarrollo de Software,2020,Regular,1.9728326202517021,-0.531047993906854,-1.4395141887768292,0.11935575831396451,0.40073450953296647,-0.7764209117897123,0.6091783218899444,-1.3968297888468926,-0.28309285642213333,0.39863667127136626,-2.3249323331761196,0.01819555899290697,0.6315007332870142,0.6873921676768268
IDS20200210,2022-2,Ingeniería en Desarrollo de Software,2020,Regular,-0.736103532293414,-0.4113119549242413,1.0865284276289255,-0.06796683003423648,0.6230494765891551,-2.100437202616076,0.09921269121323167,-0.9828603434971978,-0.6344037885983301,-0.019168682215852943,-0.9234692112745359,-0.019104970751917007,1.5321424541204824,-0.4334284098609719
IDS20200309,2022-1,Ingeniería en Desarrollo de Software,2020,Regular,-0.5074814074191363,4.54584476577027,-0.4655230183640366,-2.205890270610188,-0.9204907542825777,-1.34653968321475,-0.8137437083721577,0.9883510058026354,-0.7146831471678142,-0.9969500827696188,-1.1045511854999404,-0.25054619991474925,-0.6937896235116875,-0.11204313857522695
IDS20200309,2022-2,Ingeniería en Desarrollo de Software,2020,Regular,-0.3392565107466315,0.6231970676590408,1.6481268296703473,-1.2210669101165683,-0.39885502818488383,0.223113679142377,0.06645423721277362,-0.5761300698357981,-0.7844791640124599,-0.26852076686952897,-0.01595182943096959,-1.8532183849537227,-0.5197217632888533,-0.5705016662398905
IDS20200353,2022-1,Ingeniería en Desarrollo de Software,2020,Regular,0.08916032597486019,3.2906022933472547,-0.5882741374466174,-2.1910661144681276,0.9443131434324599,-0.35198058894065404,-0.17935572054542454,0.6088963291088313,0.49961325322110867,0.2829208156959209,-1.058393858799595,-0.5157424394103242,-0.6859814298508504,0.6300237414686235
IDS20200353,2023-1,Ingeniería en Desarrollo de Software,2020,Regular,-0.6482678586228667,-0.2098940145516743,-0.05513717649233241,-0.9400114436521795,2.244306425240083,0.34605406535222616,-0.9724694891931411,-1.14446063257609,0.08890614770412841,1.4597275896008906,0.5350538788424414,-0.034578501116910465,0.49137406676905776,0.6626813894843747
IDS20200353,2023-2,Ingeniería en Desarrollo de Software,2020,Regular,-1.6540181124409483,-0.6117817733399491,1.0399010604537682,-1.000402906861652,0.6420623852496882,-0.7036769458178727,-0.9240674339003326,-0.8708773951418235,-0.8562179261505629,0.42118827358708516,0.6439125577074183,0.3133655164347397,0.35190715456918803,-0.4229239046363837
IDS20200353,2024-1,Ingeniería en Desarrollo de Software,2020,Irregular,5.574231744419167,-2.8228439362181996,-1.122901094798357,-0.3709317945942668,-4.728996702433269,-0.7225276670117753,-0.8040263824821811,-0.3599807915474258,-0.7384917207466849,0.022418578198122305,-0.6123419305836412,0.7831807224327607,1.0229085551248456,0.5103104950269293
IDS20200353,2024-2,Ingeniería en Desarrollo de Software,2020,Irregular,0.8165968331456491,-2.2228472519688833,1.7929687089514312,-0.6380243664271449,0.7051405810031379,-2.6260313323331825,-0.7726071718145023,0.8711752075740468,0.3241014197361007,-0.0036739042135391165,-0.8843792528195543,0.5825418696286541,1.0419848089677526,0.16956399113585552
IDS20200377,2022-1,Ingeniería en Desarrollo de Software,2020,Regular,0.2439770005819614,3.7199341022118073,0.6512481656700685,-2.611890412523672,0.09153678765653224,-0.1574565317365674,-0.25963729550619874,0.7653850925924822,0.10064220251393519,0.9302723293379249,0.030259537833935108,-0.9123741869138144,-0.35675161924587523,0.7419935723935362
IDS20200377,2022-2,Ingeniería en Desarrollo de Software,2020,Regular,-2.3727578674328513,0.8628151431037474,-2.136544806347332,-1.8996721931468368,-2.711353069953567,-1.3568027123212427,-1.3293353643124177,0.37798191913086066,-0.09625504060278794,-1.3729161653106254,-0.10779486076748918,-0.2084390982731315,1.1619054526804449,-0.7434436799317693
IDS20200377,2023-1,Ingeniería en Desarrollo de Software,2020,Regular,-1.3304808124856662,-2.065948519850184,-0.8029835806078603,-0.23913876993436145,-0.8005971767162278,0.07043244983973555,-1.5147517839750033,-0.5018049032716049,-0.5297992767560415,1.0208707370851438,0.7202190225732691,-0.27714726755920616,0.03497592845429471,-0.07167204564426823
IDS20200377,2023-2,Ingeniería en Desarrollo de Software,2020,Regular,-1.4459978320304554,-1.4540056189731325,1.385693770835039,-1.0563532132808655,0.4222040343129927,0.02195713934683399,-0.33627429500813116,0.9897186290388525,-0.4164230249126071,-0.5529695550920622,-1.3768766957263243,0.34099070949934834,-0.9100299624418682,-0.30278531045648904
IDS20200377,2025-1,Ingeniería en Desarrollo de Software,2020,Irregular,0.05316344950083452,-2.738759295148221,0.551081221393932,-1.8121439033960973,1.9388953380163656,-0.44125796515553206,-1.6962513076877759,0.8602088966500131,1.0061115263234823,0.8562847291161149,0.3604070941464099,1.117378633075267,-0.21903299551356664,0.8066096337926346
IDS20210033,2022-1,Ingeniería en Desarrollo de Software,2021,Regular,-1.9436840354018132,2.7898590614471828,-0.3833921741818599,-1.7742008725049048,-1.7866609192531029,-0.40902845318094094,0.3316555026215774,0.645550480092051,-0.4069655668042476,-0.766392575595528,-1.1927624354454243,0.6137058878945658,0.28068604195493585,-0.08774313225795598
IDS20210033,2022-2,Ingeniería en Desarrollo de Software,2021,Regular,-1.6202720034820117,-0.04669639071461128,0.5953399774912421,0.45287112623535414,0.03394251594060198,0.6870750027927301,-0.9165898367882267,-0.7799733883752229,-0.7091312418842527,0.23689099186248685,0.48883056691106913,0.26651687912743727,0.7111897119166646,-0.2907406672892336
IDS20210033,2023-1,Ingeniería en Desarrollo de Software,2021,Regular,-1.3950083014376857,-0.8677022480543699,0.6307669842770985,-0.17884179499020658,-1.2975905798882632,0.8080321047005976,-0.8619298518220688,0.2287640209683989,0.9947633250109595,-0.1914236245611192,-0.6260606029611993,-0.8279161785002436,0.3095384348778148,-0.8301249706272137
IDS20210033,2024-1,Ingeniería en Desarrollo de Software,2021,Regular,-1.354469563683512,-1.89868858740176,-0.13755534524219173,-0.6082000661532806,1.2523028368205265,0.36684868141793703,0.2817806556587932,1.3487723017547837,0.46971529331842365,0.3856725316047293,-0.3528365639109961,-0.10828977261583454,-0.7162136184579653,0.424932509813685
IDS20210038,2022-1,Ingeniería en Desarrollo de Software,2021,Irregular,-0.9477652777058267,1.0343029377958106,1.4271845172578908,-0.6816147387441085,-0.5905959828912102,0.6919021165132629,-0.04489833832606946,-0.9190024939614075,0.7681744219375608,1.2464311036600308,1.0443385202870543,-1.3445160602968935,0.671849564482434,-0.15382648658824633
IDS20210038,2022-2,Ingeniería en Desarrollo de Software,2021,Irregular,-1.59889570374349,-0.527949872318043,-0.1631885795071587,-0.3526416143814492,0.36699980789264913,0.016775088446252643,1.116248809878267,-0.3602751213210918,0.17673642623030333,0.04098329274333355,-0.6286285026778069,-0.2684190279683837,-0.7004434895120053,0.13490590956162568
IDS20210041,2022-2,Ingeniería en Desarrollo de Software,2021,Regular,-1.0793855899895441,-0.5173642663930239,-1.0805407822317776,-0.478969148305199,-0.12273649506625399,0.9045077649549724,0.5447348698861549,-1.0054200234161534,-0.41312030984664483,-0.1471388695038566,0.3165342238135187,-1.017191509499318,0.40181048183695345,0.791461045290147
IDS20210041,2023-2,Ingeniería en Desarrollo de Software,2021,Regular,-1.5234671931698456,-1.1165698892372085,0.3773302472182272,-1.5957145298544686,-1.1218219900187139,-0.10197341908803226,-0.3898991187634989,-0.5764352591075099,1.2164403382501328,0.10606721626705685,0.08568045448568308,-0.8951946454619851,0.5907614542536169,-0.10261481472708128
IDS20210041,2024-2,Ingeniería en Desarrollo de Software,2021,Regular,-0.857893198229121,-1.4869818357180669,0.0005853077423720733,-0.7451001794819542,1.576223757610796,0.4541009634291444,-1.6087494101279411,0.23107616411592036,0.895452533391407,-0.4761258750269753,-2.069286785306513,-0.2845229208835384,-0.4629161892397468,-1.253076506771322
IDS20210041,2025-1,Ingeniería en Desarrollo de Software,2021,Regular,-1.6453655311748827,-1.4315961292422197,2.358764675853657,-1.3281770495243266,-0.6627006263320724,-0.6816618584146403,-1.2915741238471885,0.642072292141666,-0.1936699552722891,0.4737942246591892,1.3507064289108857,-0.12458237500142134,0.1426225682021558,-0.051606315615011146
IDS20210046,2022-1,Ingeniería en Desarrollo de Software,2021,Regular,-1.1136996681276674,3.6186803324860204,-0.42676518362435895,-0.6632959654808672,0.7316075523448957,-0.7926604391761117,-0.6998428842953024,0.404043753640292,0.6927446832845559,0.33885300426278286,-0.5061829343271534,-0.07028632320049694,-0.25346245802697037,-0.6363959497717161
IDS20210046,2022-2,Ingeniería en Desarrollo de Software,2021,Regular,-1.5145010655068247,0.24095286661204654,0.7052215790904217,-0.009229641096337966,0.34802174830587446,0.4667765695607089,-0.30802224567357267,-1.0004840674403448,0.24178904951100194,0.8328364622411712,0.38811844401483103,0.5102066866715554,0.6734695311941863,0.4990488857758812
IDS20210046,2023-1,Ingeniería en Desarrollo de Software,2021,Regular,-0.996174296046767,-0.40604709573548575,-0.18949907811479388,0.46163024922211765,1.4350188866772817,1.3412099731888143,-0.2904619792803352,0.40466722083968176,-0.5275293814062996,-0.4204582857967403,-1.733696879328653,-0.3526668822360791,-0.6283591398929919,-0.5987938517943968
IDS20210046,2023-2,Ingeniería en Desarrollo de Software,2021,Regular,-1.8671062636762166,-0.9531786587401749,0.34989715743143984,1.1196639859456679,1.5713502840237077,-0.5162484892550879,-0.8231797620718572,-0.01827661337088964,-0.6741694550014269,-0.31019182471229545,0.44741944203424,0.8472296045216429,-0.27347866735439014,-0.5806532038575738
IDS20210046,2024-2,Ingeniería en Desarrollo de Software,2021,Regular,-1.3980203500865525,-1.4211592887328737,1.1895790850902337,0.016790332485090948,0.1802406094817517,-0.36385861874278225,-0.9554911571199652,0.6576825851312537,0.3723908678851319,-0.14849553563479723,0.3377812867366947,0.4158289553832092,-0.13282453443481207,-0.2180166883600491
IDS20210047,2023-1,Ingeniería en Desarrollo de Software,2021,Regular,-1.4041499032769165,-0.9914216548410554,-1.043298841818689,-1.7491307526348177,-0.10304984738430481,0.717984010896703,0.6026404363777713,-1.1084707553817992,-0.034985963780524154,0.07538065962638554,-0.5509674702071644,-0.23380295080290336,0.6665842117331886,0.9750146253359049
IDS20210047,2023-2,Ingeniería en Desarrollo de Software,2021,Regular,-1.5247709920940469,-1.2685713962162728,0.13831557411858553,-0.6615406401947589,-1.8278676373138378,0.28115126846614663,-1.3579832363912359,-1.0384787104636655,-0.35144680714860294,-0.7939521803297227,-0.5535916439210731,-0.23122185233747708,0.5855185028879821,-0.7103518987859077
IDS20210047,2024-2,Ingeniería en Desarrollo de Software,2021,Regular,-1.4750747995643168,-1.732476385253722,0.9771408157308079,-1.5236644284648178,-1.058024394108071,0.042225697773922294,-0.34414527715928206,0.18918546835911054,-0.8388411804679832,-0.47778323140866974,-0.1965922077310514,0.09129400574574749,-0.15729575301857876,0.5817849159495301
IDS20210047,2025-1,Ingeniería en Desarrollo de Software,2021,Regular,-2.026685345220145,-2.198222285061886,1.2664141049002384,-1.6270494242967397,0.21877386040891328,-0.3494780968096864,-0.25837116721345715,1.1993280059455846,-0.7520850005809555,-0.04057072734331763,-0.22437036533793525,0.5696395218603578,-0.4965255675207588,0.22014679362848108
IDS20210050,2022-1,Ingeniería en Desarrollo de Software,2021,Regular,-0.6353541402253802,3.9749117828606675,-2.6824144964596996,-0.5665363788431548,1.0263148128050394,-0.9946022889840535,-0.4535988207910252,1.1244708356933366,-0.5161080547619546,-0.8936987417905317,-1.1303264180243988,0.38755605607617327,-0.941015512745025,0.0928917878847396
IDS20210050,2022-2,Ingeniería en Desarrollo de Software,2021,Regular,-0.5484111222385167,3.6847576678612373,0.6367245404426011,-1.1200073461207851,-0.445683900109043,-0.36499128756667815,-0.15137846915532205,1.2365786728629606,-0.5279873650160815,0.5085728799321768,0.3890675190696191,-0.4834137991950586,-0.5322962613111905,0.4451881365542504
IDS20210050,2023-2,Ingeniería en Desarrollo de Software,2021,Regular,-1.5898713575835164,-1.9317210667758298,-2.0716543528127533,-0.5574814692395388,0.7800665756672069,0.44538315274700957,-0.21027552425318896,-0.19329032125711185,1.5302286889098122,0.8210884662955831,0.28191695228310865,-0.6611498743995574,0.790440783359363,0.3181922353609226
IDS20210050,2024-1,Ingeniería en Desarrollo de Software,2021,Regular,-1.249819257283523,-1.3525650897599306,-0.178549963542171,0.3348704534701148,1.2216833244830798,1.103071350430243,-0.8222746385523287,1.1201690292040265,-1.5426345085381143,0.19388431546093532,-0.03479388628562853,-0.6000381429575641,-0.3929854038215156,-0.505738739579848
IDS20210059,2022-1,Ingeniería en Desarrollo de Software,2021,Regular,-0.6236724713145277,0.9193497918710488,0.6676973524524521,-0.06918656052801406,0.7202833733921948,0.6799974333393746,-0.1250621920354378,-1.335871689002189,0.9958272266108421,0.625376190066369,-0.10855159954394374,-0.37824780215875325,0.2508481559903145,0.1492237851903107
IDS20210059,2023-2,Ingeniería en Desarrollo de Software,2021,Regular,-1.321124940083173,-0.3835959087029174,0.8310012643035952,-1.9167926849445707,0.7331045824444381,-0.9558954756680599,0.5653366541965051,-1.2328625479290296,1.779779960270536,0.5911088093515099,-0.34671016361546153,0.6473913304037736,0.12169325760932348,0.4883041743966497
IDS20210059,2024-2,Ingeniería en Desarrollo de Software,2021,Regular,-0.4002091840713669,-0.973183319427793,0.6186465175674134,-2.247738116331538,0.47927783786719397,1.0030537835068336,-0.07768830716960602,0.45906290782826426,0.8285090933407229,0.9271474336000256,-0.9653501951341581,-0.7202499664846368,-0.13538713779993722,0.8416936419687938
IDS20210068,2023-1,Ingeniería en Desarrollo de Software,2021,Irregular,6.138791876756087,0.908974946128014,-0.8066282586372729,-0.12138638047429606,2.4045518941866866,1.2885964567165171,0.04322795833615773,-1.1718000903834227,-0.23478849980772742,0.014212919173874593,2.4292503676225885,-1.0815893490666355,-0.5848881192967283,-0.10394277146907004
IDS20210068,2023-2,Ingeniería en Desarrollo de Software,2021,Irregular,6.891332732183408,0.5106759953401834,-0.47359112163170675,-0.1184989398966698,2.3683904792607406,0.685706846484066,0.48307175807600294,-0.6396193412819489,-1.3006370757589123,-2.180304474155515,0.43733353820319987,-0.7031278259913329,-1.698816877039475,-0.6359729928540916
IDS20210068,2024-1,Ingeniería en Desarrollo de Software,2021,Irregular,6.124834904357367,0.7841095447761974,2.193378742880924,0.027668842307965163,0.31299065823194494,-2.2112791345208036,-0.024084344437874102,-0.6279204593694159,0.3876130048406806,-1.1182384055937713,0.5441414825957932,-0.7865034268630579,0.9412837579646026,-1.8123434291628888
IDS20210068,2025-1,Ingeniería en Desarrollo de Software,2021,Irregular,7.600283538583383,-0.8848710963462654,0.1397884465228436,-0.39329484982587315,2.580825823468465,-2.062052559218299,1.154168976427303,0.4236364201810915,-2.0113632839055624,-1.119074300407598,1.0097426029616727,-0.40494578959640154,-0.031110038521027422,0.0855473819587518
IDS20210085,2022-1,Ingeniería en Desarrollo de Software,2021,Irregular,-2.3597807149435055,0.49489156604514084,0.6938123470562302,-0.2143600069062066,0.28607232011681205,0.14373698786497752,0.14254585610631393,-1.4619073128973938,0.32718636489999436,0.05692905050604183,-1.1910565419430041,0.9267724204697246,0.49881958253715253,-0.5180567919425276
IDS20210085,2022-2,Ingeniería en Desarrollo de Software,2021,Irregular,-1.9368874235201066,-1.125000011946795,-0.8222788661327188,-0.06466757797731917,-0.4722850830766073,0.7451261156097495,0.4609947801729492,-0.4660090994834577,-0.6451800735604961,-0.5855794206890564,-0.16951598347189015,0.16230673285267996,0.4193191860716535,0.8188506323036915
IDS20210085,2024-1,Ingeniería en Desarrollo de Software,2021,Irregular,-0.4721111574166043,-0.7078399091179255,0.9784153952053397,-0.7664299223110168,0.477513377298216,1.79875708409378,-1.2798578324222298,0.7735963520173582,-1.0136837565888335,0.538382581284262,-0.5253933424944556,-0.6980870585689011,-0.06427251877069054,0.34449671200393334
IDS20210085,2024-2,Ingeniería en Desarrollo de Software,2021,Irregular,-1.520534389208156,-1.6836752867627167,0.4467545290692753,-0.5823904415847938,1.8052342386934672,0.1156011584912749,-0.5858542855044366,1.0485384498279628,-1.5897828363274482,0.32403418367861364,0.1727390987098419,0.24549370388703046,-0.6185973654400523,-0.22992266454477736
IDS20210085,2025-1,Ingeniería en Desarrollo de Software,2021,Irregular,-0.9169739594720562,-2.162147591665803,1.1092022145437042,-1.3879252565439422,0.1501489116199434,-0.004523955667147267,-0.21544576135289142,1.3813092965213618,0.35064486414347823,-0.07446442888696933,-0.18384808462202054,0.3642609135478554,-0.5901120240843518,1.0621049649609695
IDS20210130,2023-1,Ingeniería en Desarrollo de Software,2021,Irregular,2.5417955527650324,-0.9948512893045479,-1.8038928272540635,-0.3805060323140445,-0.2531962431608645,-0.11691691232903746,-0.3981300356857551,-2.2739657937886952,-1.322503170564926,1.1320628969691517,0.1262980214546426,1.2258020665472331,-1.0329877131371237,0.7792570798915831
IDS20210130,2024-1,Ingeniería en Desarrollo de Software,2021,Irregular,-0.22513426972019923,-1.2500588241557598,-0.22123220321067147,-1.998030342317617,1.7222485976264321,-1.1231794263928658,0.8616819380833483,-1.051008411505202,0.31050478240579127,-0.4219516140448728,-1.0566207272701258,1.2452957102943134,-0.48099735427577545,0.9344626344901802
IDS20210142,2022-1,Ingeniería en Desarrollo de Software,2021,Regular,-1.7116036140114859,-0.8581121245216142,-1.290613581121534,-0.280172942878809,-1.234806524630669,0.08246616913066147,0.17328054014476224,-1.746010587462433,0.7176846219453105,2.542381837083852,-0.8841576531350558,0.44502714211362304,-0.5831638218530172,-0.39200803005095647
IDS20210142,2022-2,Ingeniería en Desarrollo de Software,2021,Regular,-2.058095376660083,0.41348816730333604,2.184928052589116,-0.6371977924938861,-0.5453021880221814,0.4944689021931658,-0.2903363106473547,-0.34800980264133835,0.2551252020003813,1.2378005392651465,0.27126813104429554,0.5600506948903732,0.6827844492824635,0.05181689276345727
IDS20210192,2022-2,Ingeniería en Desarrollo de Software,2021,Regular,-1.4632370211161803,2.899107423361848,-2.962863981472066,-1.9402739220063316,-1.618046386791259,-0.9725186175916523,-1.1280031538956325,0.7069864393578883,1.2890971189591436,-0.6920221182981257,-1.1152740174579858,0.9841246019397305,0.943484550146259,0.40983160487608505
IDS20210202,2022-1,Ingeniería en Desarrollo de Software,2021,Regular,-2.0963511688702714,-0.4910157912589877,-0.9973550515039616,-0.2486485213844993,0.907090779788493,0.5975410081556031,0.03395778922236668,-1.269986527370574,0.2523657149696529,0.8769387536793135,0.28318753662651824,0.7160007015292061,1.157842064560246,0.2815968635897796
IDS20210202,2022-2,Ingeniería en Desarrollo de Software,2021,Regular,-1.3313019301316993,1.8935153589025393,-1.4045904729466117,-1.0264957426603876,-0.8684639568491438,0.8832319820795225,-0.9207631302104748,1.8494221848227872,-0.36470958757444155,-0.171209669580473,-1.390915948479588,0.027679729258354616,0.1469508616484601,0.055492429546185724
IDS20210202,2023-2,Ingeniería en Desarrollo de Software,2021,Regular,-1.0886356488201334,-0.5693488571153541,0.8780568190291669,-0.2514816125133062,0.2605018512628851,1.0893245680081738,-1.1680640356263365,0.23209068738309047,0.8599076451005241,0.7532177501394449,-0.5712306019308659,-0.11096861948543074,0.28293098876186146,0.02593246790044964
IDS20210202,2024-1,Ingeniería en Desarrollo de Software,2021,Regular,-1.293944352330976,-2.0347026505554737,-0.28497002795307724,-0.1319134631786031,-0.26760751606175953,0.7829053037970358,-0.28195105195005377,0.954962742899288,0.1541977500660704,-0.9072799713592801,-0.7862996791903476,-0.2768006612156291,-0.32061453189040445,0.6544284704383495
IDS20210239,2022-1,Ingeniería en Desarrollo de Software,2021,Regular,1.8567939009032095,1.7834460250934896,-2.932570915662365,-0.8942632541536485,-2.6955844476752944,-0.9307493463970883,-0.29145848134098246,-0.09630443957055598,-0.004804103155075806,2.341764726426911,-0.2175012143093009,0.3825646429299331,-1.7784132343162002,0.5702376110650155
IDS20210268,2022-1,Ingeniería en Desarrollo de Software,2021,Irregular,-2.4659590632246915,-2.1213941706399164,-3.7124934537656746,0.11277134395249178,1.1631340070753997,0.803748844874783,0.7906626412890492,-0.914766303252088,-1.1414933917950838,0.4545589453814348,0.6183950916206441,0.2731458162210877,0.8105487169479724,0.8480973771002535
IDS20210284,2022-1,Ingeniería en Desarrollo de Software,2021,Regular,-0.8881787292446555,3.9861704496123123,0.4056012749678056,-1.13652447665049,-0.543204713814367,-0.7710797347190905,-0.6758109052082344,0.41364689078614375,0.7785160882159908,0.1366086780957338,-0.3449545852244316,-0.33897165007749713,-0.0269638424063631,-0.7937277254092431
IDS20210284,2022-2,Ingeniería en Desarrollo de Software,2021,Regular,-0.837043378915602,0.9812264701488574,1.715709213850693,0.29794690187487777,-0.7403129535523411,0.09529572350341999,-0.39859474218314306,-1.1845555527258484,0.6699486605057885,-0.8508753366574728,-0.6635560922732568,-0.6785665966652579,-0.15225327665562985,-0.6416898069578765
IDS20210284,2023-1,Ingeniería en Desarrollo de Software,2021,Regular,-0.3471512975649403,-0.3581966800580718,-0.22190690491944082,0.5008857691522226,1.6041614149780377,0.6745639089963478,0.20014582341837597,0.1198569653428442,0.08924735905922204,-0.4335064103173433,-0.6861040923215511,-0.6647385845404753,-0.9693935774397385,0.23631631190546848
IDS20210284,2024-1,Ingeniería en Desarrollo de Software,2021,Regular,-0.3221027002490641,0.022299426108799283,2.3846002096644856,-0.9726667576374718,-0.1346043468578502,0.470801864475462,0.3132080945350124,0.9501784597547631,0.696523528656687,0.7794460848585754,0.2949963096666484,-1.010622908766127,-0.7594271320438777,0.9562197399045701
IDS20210284,2025-1,Ingeniería en Desarrollo de Software,2021,Regular,-1.186263578883409,-1.1993501875524324,1.7080581051822714,-0.5179013453607713,0.8943551697705451,-1.0391527114798478,-0.12484935736176132,0.7247153977182544,-1.245081409684555,-0.23262200610822684,0.9071115243744279,0.19881214199147484,-1.0629361450075063,0.48754611324586583
IDS20210326,2022-1,Ingeniería en Desarrollo de Software,2021,Irregular,1.4419081252451653,-0.47357876506047825,-1.6549096032037591,0.34490228684035923,0.1995059378577177,0.4413474099039436,0.19810274883178386,-1.5254538997037668,-0.660239241693078,0.05674802127031238,0.5525708642495639,0.3967616817315025,-0.15661541440059493,1.0083068643102313
IDS20210327,2022-1,Ingeniería en Desarrollo de Software,2021,Irregular,4.904349277705204,2.829773115124927,-1.9155867691258877,1.2244067474466305,-0.9250489917107219,-2.2473373827835954,-0.19736688610432243,0.6139928550141542,0.17033089333752863,0.07935719620603668,-0.67460062045825,0.4199038702000034,3.7102644571446315,0.25630106911488354
IDS20210327,2022-2,Ingeniería en Desarrollo de Software,2021,Irregular,7.816992834419273,-1.887936335242905,-3.807193367176342,4.828982699033705,-5.215838724393543,-2.3687735522440208,-1.4019308046517955,-2.4753240301261936,-3.2028248673138733,9.844493722797395,-4.152143685410334,-1.3317049493199407,-5.5634032329365235,-1.6057949613632205
IDS20210327,2024-2,Ingeniería en Desarrollo de Software,2021,Irregular,6.94128291034728,-0.3862284498390264,1.4865513377897313,0.1902083152379553,1.471785338659596,-2.7690779218099832,1.0473412321098596,0.31050158241522524,-1.177275390238953,-0.5743374187356414,-0.9789299126483955,-0.4923766136038209,2.029319435429553,-0.8892462660110154
IDS20210346,2022-1,Ingeniería en Desarrollo de Software,2021,Regular,-0.5857269255199545,2.5550046221564044,-1.4770107008634425,-1.4634268406864746,-0.3461423401604116,0.2839585093897697,0.1341921174308455,0.847375017248843,0.4027029091048913,0.6230723435462389,0.05328291158901712,-0.24579890209586466,0.12144765425017073,1.306985594828908
IDS20210346,2022-2,Ingeniería en Desarrollo de Software,2021,Regular,-1.70958824156186,0.6089471895284944,2.14003000952772,-0.9298599912055654,-0.36657831210900005,0.02467721234137217,1.2013337084190947,-0.4190853301729129,-0.3555804615229521,0.6447392314753512,0.5265472454837887,0.39609186828679716,-0.034003626871909935,1.026112434755924
IDS20210346,2023-2,Ingeniería en Desarrollo de Software,2021,Regular,-1.643419559128619,-1.016113712942653,-0.014276832308162988,0.5390208113946301,0.019798648414505307,0.08231660679677859,-1.2159123554161022,-0.4806407943298475,-0.9954255150806149,0.25540114150016857,-0.09794793081555388,0.07785348895637419,-0.20358345565404634,-1.3333718440683076
IDS20210356,2022-1,Ingeniería en Desarrollo de Software,2021,Regular,-0.9360185634936733,3.139685547130942,-1.6541126110672095,0.19821027154591828,1.6315460608621657,-0.7899939967933458,-1.1927455291560385,0.15314183140477952,-0.7168469835951848,0.2799363659907181,0.7492553065519115,0.17272808467694806,-0.05521784216772848,-0.5719180292811117
IDS20210356,2022-2,Ingeniería en Desarrollo de Software,2021,Regular,-0.6549737224667697,0.4528812534162528,0.6164133988340778,-0.06060306676223001,0.4996580685719399,0.8280690842646375,0.4604794313440621,-0.49463281795103203,-0.46283828228864893,0.32699291537517056,0.30890620263895296,-0.6272008508715586,-0.20421739943173292,0.7411860279175623
IDS20210356,2023-1,Ingeniería en Desarrollo de Software,2021,Regular,-1.0195796220286104,0.17588719293599336,1.2322996330863278,-0.17874033828401434,0.8137567738379127,0.31757296208277974,0.628236504537981,0.07012462280966794,0.028921677601637257,-0.04836713733578094,-0.6798031464972777,-0.016268993453120276,-0.7404608290135748,0.3641414585953905
IDS20210356,2023-2,Ingeniería en Desarrollo de Software,2021,Regular,-0.7258916580349816,0.2738182661057593,2.4119634158261403,-0.21211126454636567,-0.29817738384098497,1.0683935853752156,-0.25782821075119716,1.1197803869873622,-0.4325786964818215,0.5946806213731469,0.10805935230926625,-1.0326875493703762,-0.5330947912699241,0.14788620037029204
IDS20210356,2024-1,Ingeniería en Desarrollo de Software,2021,Regular,-0.6393427316175404,-0.7180983713766906,1.4088672060113798,0.6023002936378051,0.5932604480360836,0.3616006739757408,-1.2618901160548495,0.9247378820142594,0.5860703039666841,0.48158911483175715,0.6009170850473804,-0.3622040241010327,-0.33962403345482733,-0.029851713122145927
IDS20210360,2022-1,Ingeniería en Desarrollo de Software,2021,Regular,-2.3350602963487295,1.289749548194401,-3.0083350761589256,-1.0004591920863533,-1.2853591289358481,-0.41301988099288195,0.03344033080677552,0.7886461396234171,-1.259224219994878,-0.548267397459799,0.5608006413456397,-0.29699235064740126,0.6581510870789923,0.035604366024256574
IDS20210360,2022-2,Ingeniería en Desarrollo de Software,2021,Regular,-2.0111474701397083,-0.29836337198146023,0.8678673226913189,-0.4407691400648231,0.2961368480142605,-0.16370739121763578,0.20655742786760556,-0.6698304681957595,0.9383253105687789,0.16192305116054248,-0.3619370601506252,0.9324771677409922,0.32250767732558744,-0.004082761752551011
IDS20210360,2023-2,Ingeniería en Desarrollo de Software,2021,Regular,-2.2356782153227446,-1.179772974777303,0.14643703081726817,0.14266193366244684,1.5065339099977413,0.0708562616778792,-0.8835386002232801,0.15781012849690285,-0.6525863238595166,0.7278179944978671,0.40717336967142376,0.68321994554826,0.23933751321474755,-0.7330091431098453
IDS20220005,2022-2,Ingeniería en Desarrollo de Software,2022,Irregular,7.14968623497219,2.312563643816253,0.15077183096194108,0.7790159697262343,1.2841324265530452,2.1879456363452343,1.9708746769291412,-0.3036447309194744,1.4420538253422612,-1.5371747317318427,0.47717009110488195,-2.3623141693734686,-1.9988432895432797,0.007879332729427703
IDS20220005,2023-1,Ingeniería en Desarrollo de Software,2022,Irregular,2.1240794589391565,0.8233131065208817,0.09968021304114136,0.7044262842269302,2.4898202536973684,-2.7938024151397776,2.261022201887708,-1.2044167745571097,0.9174769864657332,-1.067449341168465,1.325633977381668,-0.5146755047023005,-2.0950263533818587,0.16463561530479612
IDS20220005,2024-1,Ingeniería en Desarrollo de Software,2022,Irregular,8.284142262428714,-0.498944522039677,-0.923631197575799,0.6414986191435156,1.1538445613176147,-1.6312117821069376,2.1214144688336476,-0.20143173818337393,-0.3786700724860896,-1.146790647628575,-0.014484461647217999,0.825281750919966,-0.19827766693324306,0.8394707320397651
IDS20220005,2024-2,Ingeniería en Desarrollo de Software,2022,Irregular,5.7317767164867695,-0.8245172425643339,1.4527947238124184,1.919126600453864,-2.068509801600637,-4.309028149577716,0.40223415267889756,-0.059297188077478954,-1.6535597130292188,0.7614258939498562,-0.9442933062112651,-1.2835552458021944,0.5602783734332697,0.29151495290797075
IDS20220005,2025-1,Ingeniería en Desarrollo de Software,2022,Irregular,10.615025592424956,-3.084584627361421,-2.112529441995232,3.7283534920899135,-3.1192196340564027,-4.596207378917972,0.42393787907867814,0.1671663746251736,-1.5521095119972705,7.42752519500959,-4.206203377760353,-0.30757014346164596,-2.549356590226324,-1.7268542392825006
IDS20220014,2022-1,Ingeniería en Desarrollo de Software,2022,Regular,-1.9066266190395516,0.37353874893850725,-0.8175784896630951,1.7587788697909332,0.973088386836857,0.47309314501861816,0.06323081507704371,-1.1315370724422302,-0.26751564314499987,0.38325354225077674,0.7914917318964081,-0.3659264225164406,0.19959974672716366,-0.6143709643256632
IDS20220014,2023-1,Ingeniería en Desarrollo de Software,2022,Regular,2.140612660641253,1.5924400586058696,2.150893362833439,1.7750448590514083,-0.46360841870340863,0.6232470911872126,-0.631801775414007,-0.10669233838205573,0.9397683072813632,0.16226624590787386,-1.9602723973968594,-0.4867942499906704,1.4609491609947292,-0.19497775953515045
IDS20220014,2023-2,Ingeniería en Desarrollo de Software,2022,Regular,0.2913974195636822,0.2354116826218804,1.2469456362260982,1.169625127730991,0.7304823546809593,-0.34216714807145876,1.2357060976342364,0.8227186783439288,0.136900186877477,0.8593420868769963,-1.0101456011191383,-1.114173462392572,0.5663825108703381,0.7585366003476554
IDS20220028,2022-2,Ingeniería en Desarrollo de Software,2022,Regular,-2.353970008082875,-0.3720954550389962,-0.826781100236203,0.09380873205102265,-0.3541224677396479,1.0504793753722703,1.1145388705297603,-0.7977510700341013,-1.11821096518356,0.9261862265329266,0.6450858177293111,0.44445541541822986,0.7027531344555225,0.735743790856405
IDS20220028,2025-1,Ingeniería en Desarrollo de Software,2022,Regular,-1.3610856733715664,-1.4643510153351178,-0.45761336296902827,-1.5722851178051807,0.18942404526456413,0.4421319196350605,-0.8883858030498828,-0.9227287065544243,0.6992605925478219,0.29956041344433,-0.4189280973857069,0.3695523942490875,1.012671706382393,0.5201516121282939
IDS20220034,2023-1,Ingeniería en Desarrollo de Software,2022,Regular,-1.6231725753585073,-0.7389151600565663,-1.6480512295643233,0.15298743439593482,0.17120543228573068,0.6006888498840265,0.7929026084991967,-1.2069768309719666,-0.20834202653274475,-1.2801095811265855,-1.1174663960998779,-0.09972869590576841,0.06603834027560254,0.36427222576365287
IDS20220034,2023-2,Ingeniería en Desarrollo de Software,2022,Regular,-0.573577619583494,0.28104216735294696,0.970256914317969,0.2776024229410315,0.5326747076231344,1.5503424326292865,-0.36364700800548816,0.05031740071711248,-0.9492769979432156,-0.036189757238846924,-0.5374638959596579,-0.39457181087017246,-0.33197063563084594,0.0827975402797614
IDS20220053,2022-1,Ingeniería en Desarrollo de Software,2022,Regular,-2.020715308948952,2.1851309377935677,-2.8236680892449177,0.1444194356368003,0.12088577916281402,0.03352865097175818,0.42361690848887934,1.1851983050888781,-0.8916474180093206,0.5899425063432766,0.9057384215977115,-0.12012452164896416,0.14217167193041869,0.31976662255410837
IDS20220053,2023-1,Ingeniería en Desarrollo de Software,2022,Regular,-1.8812265976056397,-0.1335474599806585,0.6001593956503976,0.7490310757008611,-1.6456798799158086,-0.06317699612748832,0.010258362661471579,-0.933970262612811,-0.19575903164655695,2.08098828941833,0.8948253430208415,0.08544038188879936,-0.48796399354462894,-0.3685918046117826
IDS20220069,2024-1,Ingeniería en Desarrollo de Software,2022,Regular,-0.9187186939479315,0.6751299846077592,1.609052333547601,-2.0234982950434355,-0.5257990222891759,0.5989338461205311,0.6465749733165216,-1.2284839946238888,0.2189037014122652,-0.1874199466156413,-1.587598932223946,0.030806428298019287,0.1092777937597138,0.6233469061212515
IDS20220069,2024-2,Ingeniería en Desarrollo de Software,2022,Regular,-1.5655175408178548,-1.2483291761029873,-0.571107012422496,-1.1949684201943886,0.12891658514061852,0.19212749700008694,-0.5396500814635345,-0.8809391588179735,0.9377265265465196,0.2352084255794035,-0.19883779254466685,-0.11831282996200317,0.8176731143227788,0.37458041889803423
IDS20220069,2025-1,Ingeniería en Desarrollo de Software,2022,Regular,-2.208441718870646,-1.7146673585678225,0.6397311181696973,-1.1115337548144193,-1.318232988912168,-0.24953950820196172,-1.0532504463951002,-0.06306082083593371,-0.45751622097225647,-0.21380884744780498,0.7949006575687851,-0.34378494122870284,0.8407668796665089,-0.7232685909801448
IDS20220088,2022-1,Ingeniería en Desarrollo de Software,2022,Regular,-2.5694943617285273,0.6429788958650965,0.4967725912693326,0.3690850168320637,0.0599145171908997,1.0486689606079507,1.2843953693764762,-0.5178501319912817,-1.0924332227403544,1.129335327201696,0.688471732201203,0.5493025710575188,0.566592163304533,0.7619063153949981
IDS20220088,2022-2,Ingeniería en Desarrollo de Software,2022,Regular,-2.8889545856253895,-0.3691702216963728,-0.260547981499479,0.7496465708940386,1.0618617152789906,0.03011544010998457,0.8090468637591267,-0.7357832526485925,0.9999472116598892,0.6002336995273132,-0.5192346037485499,1.9695233740433329,0.4100614291954804,0.4612486912001237
IDS20220088,2023-1,Ingeniería en Desarrollo de Software,2022,Regular,-1.9338275708801564,-0.799975995419158,-0.40767349028424194,1.277405052542437,0.8031600279346958,1.548961196223038,-0.7270508516994685,0.4721582803218034,0.4083325504592761,1.0708008888016411,-0.002286750199537595,0.6863179733540916,0.6121045670351717,0.08715239295958122
IDS20220089,2022-1,Ingeniería en Desarrollo de Software,2022,Regular,-2.921151624682499,-1.35883220294662,-2.6282572325517886,1.246136658212756,-0.3993922676275382,0.6997340516817616,1.1089047920378132,-1.1424507761804474,-1.435645283190352,-0.6214141565017033,-0.021403921070093177,0.8726429383541054,0.5212295671507049,0.3328627536141703
IDS20220090,2022-1,Ingeniería en Desarrollo de Software,2022,Regular,-2.228946580270641,3.0032604917713934,-0.6096635571547754,-0.3466612913128653,-2.255684291595437,-0.006874481053422391,0.3464866985164008,0.7216812648265867,-1.2887038871566099,-0.25181580265558556,0.5918958635656816,0.8859504084098707,0.7037271122813196,0.7480432485430364
IDS20220090,2023-2,Ingeniería en Desarrollo de Software,2022,Regular,-1.1010041396489734,-0.5361106069211319,0.14873878757488593,-0.7237537984275435,-1.4053414173773586,1.5339403142265788,0.277641459160837,0.0037916619263326265,0.3021893038318761,-0.17536002258456648,-0.47389877991185547,-0.9718853480067067,0.4774300088736028,0.678986030326571
IDS20220090,2024-1,Ingeniería en Desarrollo de Software,2022,Regular,-1.3872245479363647,-0.2792120337216351,1.298626855978707,0.7757685563305035,0.46799383511821285,0.6253009515195769,-1.3282683642224709,0.09709527347180967,-0.6389720519661646,0.31575067884998914,0.4891568159776997,0.2342132187029356,0.10988429329399017,-0.4015908164773301
IDS20220110,2022-1,Ingeniería en Desarrollo de Software,2022,Irregular,-1.133868294389183,0.06386171514481509,-1.0856148761727649,0.6645738590409676,-0.2094357154679556,1.2182419090977654,1.3112567982942605,-0.4875288346753999,0.7843812074910211,-0.2511381700061468,-0.009618441932301231,-1.482896465122286,-0.05976981877464717,0.5944144432999224
IDS20220110,2022-2,Ingeniería en Desarrollo de Software,2022,Irregular,-1.9417665021898591,-0.5639742861169941,-0.4074917984582523,1.0155934482117126,-0.1991949986994887,0.03732852077582334,1.465448001892289,-0.29920192833997694,0.39985161671038594,-1.2872360236866478,-0.5649827483222081,0.058736689344145145,-0.6851155988121866,0.40733012567069093
IDS20220110,2023-1,Ingeniería en Desarrollo de Software,2022,Irregular,-1.4448465319958794,0.017497273246027463,1.9631434312877254,0.17994255193584358,-0.9990820891651864,1.075482124838561,0.8157459763339123,1.2667328304524315,0.791859166330529,0.2547242951932799,-0.11545303875866547,-0.6260039229421683,-0.510589586568787,0.46588790733276475
IDS20220110,2024-1,Ingeniería en Desarrollo de Software,2022,Irregular,-0.8328823965192208,-1.0786550121012204,0.7874366631175853,0.6334701505446236,-0.12374719604043118,1.7111477560914132,-0.28280999333581186,2.0048407038351193,0.2270110593588481,0.7094892807233237,0.5987865984353254,-1.1310189724182667,-0.48823729435678037,0.6549708083676149
IDS20220110,2024-2,Ingeniería en Desarrollo de Software,2022,Irregular,-1.8515576293864062,-2.4450587805002955,0.00877467327276809,1.6471424325270143,-0.5386888189991417,0.25750209782055145,-1.2527855698279389,1.6901970790813607,0.25482971889053285,-0.6202358052557663,1.1119360630698318,-0.4827763101652473,-0.2489732154098571,-0.5434817160806581
IDS20220164,2022-1,Ingeniería en Desarrollo de Software,2022,Regular,-1.3806688802461777,3.2829939424645844,-0.6606681909403233,-0.32461318883855256,-2.0425437995690583,-0.0009468380464191686,0.5488723942021638,0.9358163003830876,0.31636144126082705,-0.6237059851243357,-0.4499746875116345,-0.513169031234839,-0.18954987244989077,0.3945195860620151
IDS20220164,2022-2,Ingeniería en Desarrollo de Software,2022,Regular,-1.4514884178140817,0.45001902153723333,0.5891218447903364,1.6292099035540153,0.012558695347466975,0.598242141031592,-0.34788330172881043,-0.5134965165905586,-0.17205131105070692,0.039084887787667034,0.9433686540263889,-0.44939530361818947,0.1421452985704001,-0.5310058692575143
IDS20220164,2023-1,Ingeniería en Desarrollo de Software,2022,Regular,-2.0094577568447862,-0.7169972317170991,0.6006663145886766,0.9692341444803875,-1.5651389372487272,-0.19729702964960938,0.2927659948747496,-0.13549191508143754,1.412723260106579,-1.4146126482828825,-0.1510674015707404,-0.11106964880039435,0.0385215002439466,-0.35355287516653267
IDS20220164,2023-2,Ingeniería en Desarrollo de Software,2022,Regular,0.7636979040239232,-1.4294029637926609,0.11696733843141757,2.0935286443258514,-1.31247918678052,-0.15392291731509958,0.35359038301760304,1.7000967326312433,-0.10892897335315388,-1.1557614374420508,-1.4878559360501291,-0.19402183019486963,0.844096779374817,-0.026850720700724633
IDS20220164,2024-1,Ingeniería en Desarrollo de Software,2022,Regular,-1.2790134101443715,-2.2098834147903874,0.2949320847158219,2.210037728184584,0.9113576125437002,-0.9254633547572354,-0.16448600020377982,2.538034672593231,0.7616844554431009,1.14402982646118,-0.12316078819918366,-0.6278431581750046,0.8254666082685985,-0.2137213747873798
IDS20220181,2022-1,Ingeniería en Desarrollo de Software,2022,Regular,-2.9810521543071227,0.22649166166625329,-0.4549132459561861,0.9714907206707253,1.098432768211994,0.6875180557554528,1.2288901636529985,-0.77577908626814,-1.6707874822958333,0.1270039786805747,-0.19999090672443337,1.207393864757297,0.2828602263992401,-0.055157698350865675
IDS20220181,2022-2,Ingeniería en Desarrollo de Software,2022,Regular,-2.3111313065555117,-0.6102463202867,-1.0912440888656563,1.9126911408828569,0.2238920807575872,1.2106063490387506,-0.8087212655913946,-0.35612163931374446,-0.6625148700694596,-0.4421684884433069,0.01327997054981723,0.03478543206929204,0.7338997550483938,-0.9626886549787298
IDS20220181,2023-1,Ingeniería en Desarrollo de Software,2022,Regular,-2.2497068967681493,-2.155836956475444,-1.5147472842896705,0.9498732785922045,-1.6864884829894127,0.6801236569687658,-0.21749214751462936,0.5660017578259162,1.150395826137397,0.2959685898063683,0.6993480731659014,-0.910813476005713,0.3947859219463113,-0.42143868883822816
IDS20220181,2024-1,Ingeniería en Desarrollo de Software,2022,Regular,-1.9460331610622283,-1.0398327384789976,1.5646527893155366,0.9020769181122577,0.2497960723921082,0.15005368961082244,-0.4458529881576318,1.0956372721963288,1.2887877970792287,-0.09189183367891554,-0.2935378413548038,0.9617050638076586,-0.4254265000705691,0.20228998094008147
IDS20220206,2022-1,Ingeniería en Desarrollo de Software,2022,Irregular,-1.1807712821050143,-0.8605490360091914,-2.728506982649516,1.0846938467184746,0.1373722428350965,1.2039089589566474,1.2348313634451895,-0.6894604160629823,0.7777229434857883,-0.32315954590847484,-0.08660629019665565,-1.209901496024703,-0.11820750159596298,0.8690651485095856
IDS20220208,2022-1,Ingeniería en Desarrollo de Software,2022,Regular,-1.2239546626042428,3.534910094907312,-1.389315348329755,0.959628183009729,1.6033368449601615,-0.2860377198571058,0.2778688044805908,0.6720429858160734,-0.9595100888582184,-0.37149265521711916,-0.5265988512431599,0.5233089852884564,-1.0009037275386243,-0.024501290223690176
IDS20220208,2022-2,Ingeniería en Desarrollo de Software,2022,Irregular,5.477462443596694,-0.35923543002595887,-2.49308890233751,3.053242322413755,-1.593938561057841,-0.9032453777254577,0.9764493755102914,-1.4867401827159166,0.040473218417159715,0.9576988023540832,-1.6951964055596078,0.9886628913783405,-1.137394386943273,0.11926353904592017
IDS20220208,2023-2,Ingeniería en Desarrollo de Software,2022,Irregular,2.9992978329272706,0.0652974676796801,0.52429239894301,2.4737792018152405,2.1878235276331663,-2.204346690515398,1.348124695576038,0.9778379395232834,-1.0898826117560019,1.2684983732652373,-0.8697263012429152,-1.0897980095524875,1.957428162647897,0.5738468885000801
IDS20220208,2024-1,Ingeniería en Desarrollo de Software,2022,Irregular,4.356057329072753,0.6290711333903799,2.981460956255871,3.2235488835319117,-0.21186465127398998,-3.180598259959513,1.1421823046396526,1.4307201652292976,-1.4441723549375383,0.197003819591618,-3.175298526297202,-1.5023293508863307,3.15747138249859,0.3387582154762093
IDS20220217,2022-1,Ingeniería en Desarrollo de Software,2022,Regular,-1.975919173127437,0.7090206919834819,0.30746299582107367,0.5690537596254844,0.012919256590151498,1.0280208780080458,1.1807999456248675,-0.46401965128041983,-0.9234307384672795,0.902821192405245,0.8668579590322375,-0.37942345213756773,0.21069564704769708,0.3499269950634639
IDS20220217,2022-2,Ingeniería en Desarrollo de Software,2022,Regular,-2.0602920780594167,1.581107544832967,-2.4534892922754774,0.6612329563746697,-1.155113105274707,-0.3242569007269981,-0.9376121849066813,1.1573923819363736,0.3067712334116404,-1.0243448503617636,-0.10092958942357287,-0.008553311078043602,0.40499482096899453,-0.9486444883064813
IDS20220217,2023-1,Ingeniería en Desarrollo de Software,2022,Regular,-1.9133016452186111,0.10018206162918401,1.3293979834475387,1.1462237953762968,0.4195755542077967,0.69446463399133,0.5568647002846315,0.8235218416699376,-0.6250863925442733,-0.40294948357403326,-0.5147867214205453,0.04656541575806678,-0.7990475181065019,-0.420589632559449
IDS20220222,2022-1,Ingeniería en Desarrollo de Software,2022,Regular,-0.8325724366387378,4.264301931099054,0.2842923205765909,-0.3044446467995399,-0.7657520152607887,-0.23079751785440014,-0.2570703179422223,0.6713893225181125,1.3069616515089821,0.588456313226863,0.20072595495379864,-0.20995664272427192,0.11197242766482719,-0.11431707654500385
IDS20220222,2022-2,Ingeniería en Desarrollo de Software,2022,Regular,-1.6342401342959378,1.0703438443303508,1.741967921131584,0.590411688162371,-0.9536003595620245,0.9141049285545443,0.9864892889580552,-0.42978975076324855,-0.516566516118141,-0.16104171561307737,0.004695603683040242,0.20269247367994367,0.0679122767689368,0.7468867208614853
IDS20220222,2023-1,Ingeniería en Desarrollo de Software,2022,Regular,-2.140936499843708,-0.7338648706978319,-0.4210017693164202,1.1442234040451356,-0.28546154799814055,0.8249876631922649,0.6338477246119646,0.4640268986182859,-0.5150025783300075,-0.9059495273159154,-0.4557896300421814,-0.44729025188082994,-0.21643509177829662,-0.3800441119261682
IDS20220222,2025-1,Ingeniería en Desarrollo de Software,2022,Regular,-2.065841918126291,-1.9998814497595823,-0.43953708178346024,0.39888000526021583,0.697964646879214,-0.7464883206511648,-0.6190992521857754,0.027744228460483716,0.19848393108233345,-0.8811744932669625,0.015386538348208289,0.6777080244454402,-0.0887719646842989,-0.3979037950500373
IDS20220240,2022-2,Ingeniería en Desarrollo de Software,2022,Regular,-0.9131866259613289,0.7534507909915221,-0.5826198950035901,1.3719557741238417,1.4996542048983021,0.9137501378955454,0.7643921759998086,-0.8539047368759706,-0.5460191136536798,-0.18931565562125716,-0.07435225529788066,-0.9026619331039688,-0.6608359764573664,0.274291585199499
IDS20220240,2023-1,Ingeniería en Desarrollo de Software,2022,Regular,-1.6870810560373686,-1.3514126105262894,-1.6277935930227903,0.30904585896083236,-1.1447412851436318,0.27558006878982744,1.4065390661765278,-0.22786670486682023,0.840623140993469,-1.2381446597932138,-0.05348035636246288,-1.3589887465051715,-0.17485861591237542,0.23364826138093062
IDS20220240,2023-2,Ingeniería en Desarrollo de Software,2022,Regular,-1.9928351977394998,-1.0292356859028604,0.8016215461266271,0.7822887006113938,-1.4215365496955727,-0.0700080039698456,-0.20982981687242,0.2708607504197711,0.4150510130536599,0.3031910951587907,1.6602136380788561,-0.36355185446959065,0.1321920276024755,0.09974957440055836
IDS20220240,2024-1,Ingeniería en Desarrollo de Software,2022,Regular,-1.3452764915569742,-0.4979172338632384,2.4759944658978803,0.09409408891386711,-0.76809965292308,1.0386669337007264,0.2546655811685561,2.009167073331853,0.6985667808726642,0.4182798643764489,-0.28857413563798107,-0.49864688062248963,-0.8930059801403719,0.3996325073592138
IDS20220240,2024-2,Ingeniería en Desarrollo de Software,2022,Regular,-2.125901100270872,-2.4152850379467856,0.14758450514175028,0.750297755949533,0.8645096388869706,-0.30639964302512535,0.6577251607449639,2.0680883790296267,0.13477345346758066,-0.3588587719518078,0.4060198036052513,0.5803121135417384,-1.1548218466102589,0.26314275668306336
IDS20220240,2025-1,Ingeniería en Desarrollo de Software,2022,Regular,-2.127533504909077,-2.7756184866604814,0.4145514713787569,1.9871029161494167,0.6690864440800165,-0.11551878517253701,-1.4571893971945753,2.272764974051319,-0.09216609129180221,-0.7490738663294956,0.5853816225579155,0.6528186218390952,-0.7682340967710718,-0.8625116338531983
IDS20220283,2022-1,Ingeniería en Desarrollo de Software,2022,Irregular,2.3263304809320076,1.7877867885721492,0.7338756460848798,1.8371597903879686,0.6807818779937184,0.016387680208936276,1.4138430662388226,-0.567647842265275,0.4280895671319366,-0.10752452847161438,-1.6753641792207568,-0.6847723098776723,0.5542670060287148,0.4211063487793204
IDS20220283,2022-2,Ingeniería en Desarrollo de Software,2022,Irregular,3.6457261472151212,0.8459275979603593,-0.28771962916302396,2.5514412702914253,1.7115023127156075,-0.0324008826435833,0.33588076336598793,0.00810722536989118,-0.8604665171803063,0.24240072916486044,0.012295523510281622,-0.7521310877390178,0.7962579572608818,0.5481064645005735
IDS20220283,2023-1,Ingeniería en Desarrollo de Software,2022,Irregular,-0.00910083074957905,-0.4224544738702868,0.8121337526607313,0.9975823940198172,-0.928688467073113,-1.965007311607652,2.103179595746788,0.33193842476181395,0.07926776990228547,-0.0743308301207901,0.5953377426975229,-1.6296209331067673,1.01139241947675,1.0224309717900693
IDS20220283,2023-2,Ingeniería en Desarrollo de Software,2022,Irregular,7.933641999972024,-1.6803980253963802,-1.514695127695456,3.9359994398719085,-0.9291123138695171,-1.2127137478007357,-0.5339007965047983,0.42975712779014996,0.45245912125429993,0.17244663996439463,-1.9361020964031446,0.9433125314194811,1.8805045837070586,-0.9526380852770499
IDS20220303,2022-1,Ingeniería en Desarrollo de Software,2022,Regular,-1.8349423411792627,4.1085661285473085,-3.031598591958561,0.5752085038241987,0.5373098756719736,-1.205708340161361,-0.9710821680716988,1.324791550095124,-0.3683464732192792,0.24666691952547692,0.9180773828798245,0.19551137738957283,0.07472265490899428,-0.7220262412412899
IDS20220303,2022-2,Ingeniería en Desarrollo de Software,2022,Regular,0.8166618527378346,-1.1151090492085267,-2.2400234206038934,0.9128301349758465,-0.7639436082105469,0.5657493274439946,0.7402771154750717,-0.5339086220781915,0.09087834134908748,0.8451294222443267,1.0782998125181302,-0.09217757676864216,-0.25847960046305823,0.9285634823447516
IDS20220303,2023-2,Ingeniería en Desarrollo de Software,2022,Regular,2.575270722278374,0.8028343567053721,2.4739588439167597,1.4343280685754818,-0.5607609953159839,0.3365109280376613,-1.8677784913133038,-0.5078339083800205,-0.4408771251971315,-1.2221999210391457,0.16022076202377528,1.185931454138011,0.078600772208859,-0.4418442890967331
IDS20220314,2022-1,Ingeniería en Desarrollo de Software,2022,Baja Temporal,1.571841645760184,2.2188099851706515,-0.10533436590980332,-1.6978764427683255,-1.2585722277038163,1.8173706792072302,2.564010516491726,1.0648518522307682,0.7252804815318749,0.10745027046955367,0.8082942404814023,0.1708087881635801,0.6670100908194627,-2.845342862473557
IDS20220314,2022-2,Ingeniería en Desarrollo de Software,2022,Baja Temporal,0.9667248437776989,0.7652790167259028,1.720663690995006,-0.9161427861025088,-0.48287273467896646,1.3539242187969711,2.9561264328497594,0.2858757301465099,-0.19218397152539055,-0.10217323881598774,1.207498244156653,1.2676395817956654,0.30898287835480975,-2.746303469757996
IDS20220322,2022-1,Ingeniería en Desarrollo de Software,2022,Regular,-1.1076687648654873,3.4631980620285874,-1.6304823490498888,0.8540721174622775,1.541462941628215,-0.2758878651994155,-0.544300295964375,0.5260062554140066,0.478927030305939,0.835833028951259,0.5933938659798543,0.31116813173315866,-0.11227291189617696,0.18858962328499537
IDS20220322,2022-2,Ingeniería en Desarrollo de Software,2022,Regular,-2.2776212004754197,0.2794607442298146,0.6700117777223755,0.3179603450532409,-0.13681638142032393,0.8641743590151261,1.2973177685203825,-0.648160910769876,-0.33835173480643443,-0.3174943015758716,-1.3459771990576073,1.9098688762382927,0.24993083877564773,0.7043330240954843
IDS20220322,2023-2,Ingeniería en Desarrollo de Software,2022,Regular,-1.4118930602644897,-0.05722320559696718,0.6061089190911383,1.2360364918583513,-0.3105177863749667,2.0581894860421035,-0.7076563886552152,0.3679439472673465,-1.9369429104271145,-0.385967734338733,-0.638014194889925,0.1702174287556396,0.2164767659857968,-0.28607611371526526
IDS20220322,2025-1,Ingeniería en Desarrollo de Software,2022,Regular,-1.4266783440975959,-0.9983102499306168,0.3447894495948839,0.16164852587733752,1.7995398287054152,0.7141724294216057,-1.270535114840011,0.6769532741296547,0.14328657090068297,1.280934840870337,-0.05015209823692813,0.21898052151039502,0.046943445893991916,-0.3211906690660249
IDS20220368,2022-1,Ingeniería en Desarrollo de Software,2022,Irregular,-1.3313862647311085,-0.08201918129134703,-1.487760043772204,1.3486996669925422,0.26592403603806153,0.9230205885285473,1.0273608318166454,-0.8740241734447654,-0.37268465851079474,-0.234664481668161,-0.022495152115209954,-0.6260951233803378,-0.38771244814890815,0.2927888684536683
IDS20220368,2022-2,Ingeniería en Desarrollo de Software,2022,Irregular,-1.592473328564867,0.15000886105932668,-0.04221518762484209,1.0430843131909828,1.6824190204732243,0.9383976009943751,0.9838157768297068,0.4016995786891749,-0.14078549463938347,0.832507565874881,0.2649659000865377,-0.3128848650886052,-0.6216550559458901,0.40023165522324194
IDS20220378,2022-2,Ingeniería en Desarrollo de Software,2022,Baja Temporal,0.807201267729891,1.3066435936956349,-1.6162220572291754,-1.6446212722103213,-0.8042583320243986,1.4941331585112243,2.4481018861969552,0.7537816305673432,0.2661149535845168,-0.33941067698462674,0.1609765012626514,1.0823319030980298,0.8734149286511368,-2.864924198507967
IDS20220378,2023-1,Ingeniería en Desarrollo de Software,2022,Baja Temporal,1.3341940508588432,-0.0768675075982993,0.15469993794584186,-1.4946354711736531,0.27206913918794823,2.6911085575164226,3.3350780677514136,1.1560796143548482,-0.387874597475947,0.1893533550405625,0.16543292726141368,0.6576645137850504,0.10220601853540352,-1.8323881175570707
IDS20220378,2024-1,Ingeniería en Desarrollo de Software,2022,Baja Temporal,1.5921912353279912,-0.7205849081344436,0.4281051691733602,-2.0601432975629974,0.378370833429673,2.3515936855027144,2.8283642009221497,1.680745178593671,-0.05527374384344327,-0.45303265253015645,-0.935983900972444,0.5189640824613603,-0.43278087019096945,-2.492185442586328
IDS20230018,2022-1,Ingeniería en Desarrollo de Software,2023,Regular,-2.2000727341450506,3.195338635206879,-3.473410373151705,0.10439488240335158,-0.18535892561012723,-1.0170496648388825,-0.6438740817843448,1.2460546903832281,0.8056330102874052,-0.7427235540444559,-0.7659948589616231,0.5245904275746036,0.1921966928405707,-0.7895324646660817
IDS20230022,2022-1,Ingeniería en Desarrollo de Software,2023,Regular,-0.9390022776325803,3.9438728054765857,-0.5133419235137908,0.4133771800582971,0.47981383224683605,-0.350149079711265,-0.3976210765052084,0.4219390999437575,0.9522359563139795,0.03890138765236183,-0.29550649260951634,0.32028483461839097,-0.17896582931291827,-0.20110584685724472
IDS20230022,2022-2,Ingeniería en Desarrollo de Software,2023,Regular,-0.797599393385745,4.01733159790436,0.6069088411615614,-0.023270409227496285,-0.6733480020645667,-0.030999340556852144,0.22369593430885393,1.3661822119316847,-0.2656248106410926,0.338216303912742,0.5457801638270627,-0.15334479929786843,-0.4754512797728178,0.8650567786273567
IDS20230022,2023-1,Ingeniería en Desarrollo de Software,2023,Regular,-2.644251081199123,-0.49111914989321953,0.4006205189816454,0.5888364406390141,-1.6770519751071122,0.18213577824272084,0.34741212316940057,-0.31018366589225355,1.0921555634602607,-0.8441062708602157,-0.6187360649757102,0.1534594092109742,0.6452715080453366,-0.5908106457939085
IDS20230022,2024-1,Ingeniería en Desarrollo de Software,2023,Regular,-1.7726348431233272,0.2096581405005868,2.367117359026245,0.7337743329989938,-0.8139179120558541,0.9660521207180984,-0.5306938482084588,0.9075687638136966,1.0697017355849305,0.27569860970256,-0.6314452636411221,0.20440275303984992,0.10859042734560516,-0.46535871977669335
IDS20230079,2022-1,Ingeniería en Desarrollo de Software,2023,Regular,-2.9684034693492367,-2.0665209269263074,-3.1047088034871355,0.8831587182410551,-2.960047214106538,0.6229115054281911,1.1662686102723792,-0.869574616008223,-0.8016324029902863,-1.882637068136822,0.5884226949449695,-1.1501734090497482,0.9685992838271535,-0.15228493959291614
IDS20230158,2022-1,Ingeniería en Desarrollo de Software,2023,Irregular,-2.573203261378951,-0.017518550846134597,-0.04617609355488457,0.20640748262616773,-1.8269183811055563,0.955319510996539,1.2986918415193047,-0.5991605858477959,-0.8430055418875051,0.741455069977823,0.877241442901979,-0.2903114124447631,0.6250893765464718,0.5702857858521808
IDS20230158,2022-2,Ingeniería en Desarrollo de Software,2023,Irregular,-2.4851997719928143,-0.3447433367956178,0.6550258280014676,0.49383501438169697,-1.4549653667627316,0.7685625563146218,0.9861031028508163,-0.0023915782355782124,-0.5633526503961116,-0.930250576621104,-0.3710187147420171,0.38344686991702503,0.2354667242948022,0.09314572552720127
IDS20230168,2022-1,Ingeniería en Desarrollo de Software,2023,Regular,-1.4327543828810752,3.844383469724516,-0.43870316849463387,0.24270474867841202,0.5123917662922827,-0.25510637432686983,0.37207620265274755,1.0712061740741827,-1.2705640197340167,0.45733999280470394,0.5596067081171615,-0.1771326334523578,-0.6072599772700243,-0.3984480267210323
IDS20230168,2022-2,Ingeniería en Desarrollo de Software,2023,Irregular,4.950444741495488,2.413905624160122,-3.225857078229478,1.5446100355524524,-0.26382608479812264,-0.9393599552967057,-1.47476971744735,-0.05697727140333887,0.21713678905460324,-2.0752275161339138,1.85321989841535,2.1878190290525135,0.47683827524173567,-0.10352125005660417
IDS20230168,2023-1,Ingeniería en Desarrollo de Software,2023,Regular,-0.45957065068786174,-1.3916249907484295,-0.8450772867048435,0.24058676031275952,-0.6180161797706651,-1.836437309304488,1.0672358687904064,-0.6467089259455636,2.137105223175077,1.0145291460017325,1.2621571019610534,-0.5826345908892218,-0.6245892815361315,0.5278765160468353
IDS20230168,2024-1,Ingeniería en Desarrollo de Software,2023,Irregular,4.063236614488112,0.30110023457667406,2.1776503103448115,0.5001413295959662,-0.7244660968834123,0.6223091491859374,-0.7093996425458716,0.8648852205116045,0.8156529649616179,-0.842713707879733,-0.28050554818708395,0.37004394208311636,-0.586790335970692,0.9866239235639527
IDS20230180,2022-1,Ingeniería en Desarrollo de Software,2023,Regular,-2.266375184646914,1.5719313622097253,2.01951420352655,0.6290399921708432,-0.533946468172809,0.5261667917154526,0.2926306482591849,-1.0265278155968656,-0.4336427663325473,0.8009647050886599,0.7217456569735397,0.2526577395235069,0.6855701665003099,-0.6874246772491412
IDS20230180,2023-1,Ingeniería en Desarrollo de Software,2023,Regular,-1.5960006493362262,1.1319639311317102,2.0647770555251355,0.34845982293959843,-0.6947152456928877,0.8330847334943584,1.2212944641604582,-0.35925281689964006,0.12229204502778383,-0.016494044231003892,-0.654840543386526,0.6824912383537581,-0.20766858700572288,0.9611179624777927
IDS20230180,2023-2,Ingeniería en Desarrollo de Software,2023,Regular,-2.244166474456142,0.2930921835759987,1.987881155992288,0.1394330178370187,-1.0179421398011306,0.4473989019558815,1.1871398643234428,0.45149123400215135,-0.33135493432658725,0.18011996544059505,0.06123805887782748,0.4486980708264454,-0.1258085132831313,0.2641534728417801
IDS20230183,2022-2,Ingeniería en Desarrollo de Software,2023,Regular,1.2955264329189218,0.3824564526896925,-1.2019931814497895,1.8378419946033813,0.5291210081808501,0.21967149105102582,-0.2096663713939728,-1.7776118483824401,0.9246771504828619,-0.3178600147313569,-0.009974082646797207,0.531109913091256,-0.27082031044305843,0.020624983816253023
IDS20230183,2023-2,Ingeniería en Desarrollo de Software,2023,Irregular,2.9664482579109435,1.3537562799059135,1.9928429408244384,0.559518176235152,-0.45571170678454503,0.37342094495685,-0.6051252726225113,-0.6264129394554189,1.7494876160444732,-0.18895815041821384,0.042466038904463335,0.394552812368838,0.029366199895987474,0.09863370201316686
IDS20230183,2024-1,Ingeniería en Desarrollo de Software,2023,Irregular,3.1673160260732742,0.9836882627117662,2.586344988113405,1.4248064269714025,-0.18047916715185747,-1.2232800814011757,-0.023012135399393483,0.007871146056963915,1.4864483937941309,0.24350105462732854,-0.7762519751910919,0.040625667544702815,1.2578563285942557,0.8191336628934297
IDS20230189,2022-1,Ingeniería en Desarrollo de Software,2023,Regular,-1.8874428926510847,1.3973421763540663,1.6533926745257352,0.8448499657917973,-0.8891335587060394,0.5606533798677293,0.16222709982171216,-1.1380213078547645,-0.3235335804787868,0.420652367944275,0.870578884386482,-0.14952244477917118,0.6176365092745449,-0.6004565519048124
IDS20230189,2022-2,Ingeniería en Desarrollo de Software,2023,Regular,-2.1918916095136165,0.8368207254614326,1.9338878212579051,0.768112885976356,-0.9989977012084352,-0.09812081348276849,0.5490095921716964,-0.9237423831742217,0.9337759443232899,-0.5814300918387195,-0.5199392140535483,0.9202991982953104,0.15082852709988567,0.0019721037006961025
IDS20230189,2023-2,Ingeniería en Desarrollo de Software,2023,Regular,-1.8506386371112877,0.2684626685432719,1.976242361685997,0.2851459040761164,-1.003952718631712,0.8904704885806818,0.7928652853656658,0.7518617700118849,-0.3359541588431977,0.04010362589983934,-0.025022280451521262,-0.04391113461245699,-0.17104924891710324,-0.02262698955146801
IDS20230189,2024-2,Ingeniería en Desarrollo de Software,2023,Regular,-2.3925296846235,-0.4668189597796199,2.2038637152802507,0.32706491251848746,-1.1579609723141078,-0.14666887872736178,1.0743621314611365,0.9764776227077216,-0.7618911994383671,0.025135147133832924,1.0037070123279241,0.8093429349581316,-0.3177521882013542,0.36308111832358037
IDS20230189,2025-1,Ingeniería en Desarrollo de Software,2023,Regular,-3.2091208755859726,-5.0230259782715425,-3.641450159053694,1.1610930801347057,-3.6003900081789966,0.4056160950872818,0.25554417887342534,1.9185066893634937,-0.05086202575477907,-1.5926673178536053,1.0710941525442412,-1.5062507727132288,0.2673602889466972,-0.05599968877672998
IDS20230199,2022-1,Ingeniería en Desarrollo de Software,2023,Regular,-2.427753506953937,0.09196752384433322,-0.7143513191799379,0.5063343503772293,1.0065394383624489,0.9780378351243807,1.4185620729428146,-0.6106111691952981,-0.645349896449761,0.4713507228336348,-0.3509969480024805,0.8182036754295264,0.28957860139591224,0.26895211543015174
IDS20230199,2022-2,Ingeniería en Desarrollo de Software,2023,Regular,-3.2461130192736904,-2.7089601877709892,-3.8707631628077293,1.224068880652127,0.3948865038042805,0.4541290949486527,1.2845994259167892,-0.26279437338929634,-0.3936978015479474,-1.2160784252731929,-0.38190184840046876,0.7212990068596753,0.4245262439897741,0.3489901876318049
IDS20230199,2023-1,Ingeniería en Desarrollo de Software,2023,Regular,-2.4620638367580847,-2.0640443478245394,-0.7864533731295154,0.781211692328499,-1.260307713820131,0.9241828398945139,0.6500603273371992,0.7454363939077427,0.2199300149324063,-1.2408770791347254,-1.0866250266103308,0.8749154663308398,-0.06579114236310306,0.4825353576036659
IDS20230199,2023-2,Ingeniería en Desarrollo de Software,2023,Regular,-1.8863218314862802,-1.5367580448603344,1.066306525272142,0.8650595393148783,-0.537550194497205,1.5160988551000427,-0.05759147443249131,1.9230734346778804,0.2810937394535134,-0.2892092642917665,-0.9805503568615997,1.042129691335516,-0.4603025795427372,0.8101784027562225
IDS20230199,2024-1,Ingeniería en Desarrollo de Software,2023,Regular,-2.4119910070967063,-2.8881908245959282,0.7041428351676571,0.9913309138992296,-2.373852826275287,0.9794870532831357,-1.2457581826707125,2.275872764864925,0.5478951566181056,-0.18439525271530255,1.399219008501053,0.18315300010894886,0.6969728595602667,0.13600556154417673
IDS20230252,2022-1,Ingeniería en Desarrollo de Software,2023,Regular,-1.1847482644594654,3.4351488634307996,-1.6019596981825504,0.27259259627504767,1.6785308259258327,-0.28062624392984115,-0.18981682509699901,0.8178885226363556,1.2244997345154751,1.0230988442593982,-0.05751798832230542,0.0769513610352087,-0.2258807933426213,-0.32171587705836185
IDS20230252,2022-2,Ingeniería en Desarrollo de Software,2023,Regular,-1.7751978858314044,1.2911260358026635,1.89822857721827,1.177382501243627,-0.8123063697555263,0.2587981897339381,0.056930500480380244,-0.8318859041646265,0.19160854340426975,-0.3848176529613243,-0.05155376700533737,-0.20773771104395208,0.061736023394724046,-0.8038662919758182
IDS20230252,2023-2,Ingeniería en Desarrollo de Software,2023,Regular,-1.7281093199729292,-0.2144153395014417,-0.07616528913896611,1.548443922911594,1.3010564642108524,-0.13403418345032136,0.26392606328161394,-0.43096246832175533,0.9764577117131591,-0.4778856822156686,-0.6044741046312342,0.8118024574698892,-0.43510983647930096,-0.36322677683360244
IDS20230252,2024-1,Ingeniería en Desarrollo de Software,2023,Regular,-1.9241204021377425,-0.6710115543899264,0.05035666360218135,1.875015430662528,1.1585604454757543,0.714064160693456,0.06657941806853195,1.1115165317058318,-1.3385843670102806,-0.2727712471429316,-0.04699751997288584,-0.14791642746751935,-0.8855908156360787,-0.6395754263963827
IDS20230252,2024-2,Ingeniería en Desarrollo de Software,2023,Regular,-1.9690069074709233,-1.4963197194609317,0.053218178178961455,1.3650602799981897,0.9662286032782322,0.004168891854980247,0.6917632520032313,1.509805730210334,-0.05438689698539483,-0.1487179013441738,0.22124562216631577,0.4305098814811524,-1.0644631880164017,0.4423563884348273
IDS20230291,2022-1,Ingeniería en Desarrollo de Software,2023,Regular,-0.9026036085618072,2.8007009944377557,-2.1891205049145337,-0.22331090490029043,0.9590177999533853,0.3662232637512991,0.7467286308031641,1.1081077891461781,1.0446205900534657,0.4175280988882674,-0.9887083528164247,0.11299972247523349,-0.5467824913939875,0.7433769758321848
IDS20230291,2022-2,Ingeniería en Desarrollo de Software,2023,Regular,-2.139911849909928,-0.0958502255093627,-0.42398696887033344,1.2747133669608928,1.168850231877611,-0.029923836477154436,0.49820317348635806,-0.6901396945814248,0.5553367345089387,0.2938951716595234,0.3851530342691717,0.4776222453664516,0.06329557414285168,-0.2504305420796266
IDS20230297,2022-1,Ingeniería en Desarrollo de Software,2023,Regular,-2.757842950238814,3.6693680187864235,-1.3916119970697916,-0.7468027705002539,-2.8120082387717193,-0.8765900168714885,-0.590212787136309,0.8352365803448228,0.5641691969842964,-0.8041446351579116,-0.846947929972577,2.018091066486786,1.1079462902205512,0.3132154281722703
IDS20230304,2022-1,Ingeniería en Desarrollo de Software,2023,Regular,-0.9356794861210259,3.8859668606280464,-0.5599464490904411,0.07630896243928534,0.5307774944457185,-0.21950416016853122,-0.2686362245862806,0.6787591515024771,1.23515410119761,0.78586811778272,0.05962641077794834,0.02277070703363391,-0.09582950383195234,-0.08292109269793199
IDS20230304,2023-1,Ingeniería en Desarrollo de Software,2023,Regular,1.2507711975257447,0.7497279357504754,0.795463060944469,1.04363036361328,-1.9862151157492636,0.09174572171683522,-0.34454360820650687,-1.1984272747929277,0.6069698188313017,0.48260242623905736,1.1233756320894284,0.05645507626959763,0.008437336939560966,-0.021367065170135018
IDS20230304,2023-2,Ingeniería en Desarrollo de Software,2023,Regular,-2.2592764226563458,0.4998141017042384,2.477783085139227,0.792710117802639,-0.5566956061524682,-1.5519899069344159,0.551881755782566,-0.389394644175302,-0.2096693240331505,-0.2829216554641883,1.1019018721924345,0.4794560188583586,-0.1368859211487243,-0.7441906027841585
IDS20230304,2024-2,Ingeniería en Desarrollo de Software,2023,Regular,-1.4118485549013893,-1.4453508092034504,-0.3910395461326508,0.6017298820714112,0.8025382244574295,-0.3174704639134027,1.1106968445817156,0.9600879774936079,0.5626482413268427,-0.30871595166823934,-0.3312737691117291,0.1727077321566829,-0.8046023494630306,0.27040775208459594
IDS20230323,2022-1,Ingeniería en Desarrollo de Software,2023,Regular,-1.4974023325298274,4.18743189309643,-2.74540106412096,0.6225392503015403,0.812411082867395,-1.0716132841774815,-1.0386738764304646,1.2191422195321895,-0.4271535592015874,0.2673721454974709,0.8987065660591378,0.3427340085462277,-0.026066074995307338,-0.6662886612298836
IDS20230323,2023-1,Ingeniería en Desarrollo de Software,2023,Regular,-2.067284339626129,-0.09618764350967263,-0.5306008744368527,1.049746365628949,0.968854972838556,0.6355988675511032,0.32792381972493745,-0.8978566881099423,0.8928279099054008,0.34732925693751227,-0.6325039935841971,1.3541081227490117,0.4793627977773076,0.32875443944331806
IDS20230323,2023-2,Ingeniería en Desarrollo de Software,2023,Regular,-1.6217357452343906,-0.8165720561324606,-0.7884985775415356,0.811484689761402,0.6387040094001822,1.536484421846834,0.6461788782461577,0.6642168698482336,0.44300684589433936,0.3601854621568515,-0.5652325820110883,0.16572007553942508,-0.017270825769744067,0.9611597663643894
IDS20230334,2022-1,Ingeniería en Desarrollo de Software,2023,Regular,-2.1054864194992264,1.1093023408242197,1.424294984538813,0.2772889603414322,-1.1448450740704057,0.8705288425149142,1.1981913205780992,-0.607172839270054,-1.1780008285132262,0.3172467235964177,0.5388562582131511,-0.2091861535260698,0.29507179566319536,-0.11057988381638872
IDS20230334,2022-2,Ingeniería en Desarrollo de Software,2023,Regular,-1.632536830956243,2.8929966382961485,-0.01617083184099205,-0.8686986607575055,-1.602903029069928,0.24467417497937702,0.4526230997902857,1.8895725149542395,0.4658883408784983,0.39786342224801907,-0.2847921668490832,0.19794150035714173,0.0017511008006861188,0.655104687486869
IDS20230334,2023-2,Ingeniería en Desarrollo de Software,2023,Regular,-2.041864460063849,-0.452657053286643,0.12516416758823873,0.8663943739443027,1.4905544010019303,0.3206840125345114,1.2891555961100465,0.3256666147464967,-0.11939205691744477,0.6996966622285912,0.4701007247399189,1.2528840513974402,-0.39114083406386846,1.4036911094742635
IDS20230357,2022-1,Ingeniería en Desarrollo de Software,2023,Baja Temporal,8.884374728091021,0.8892329685569887,-0.8186666052431768,0.4946969389409389,-0.10510386254883848,1.5044720254556945,4.423285270023318,1.0268334539112347,0.3494371972711946,1.2745317525933955,0.3726347522992526,0.056209239556763504,3.3132510667042103,-0.44908319902045696
IDS20230357,2022-2,Ingeniería en Desarrollo de Software,2023,Baja Temporal,4.205945664067855,2.498850043238504,1.037724885908804,-0.534404088683738,-0.17577860411981763,-0.5513560178399302,3.6466447167346354,2.392799719456398,1.492685421166288,1.6321673622277428,-1.6898804046701728,-0.7379372670558673,2.8264727224942914,-1.8161984870047585
IDS20240036,2022-2,Ingeniería en Desarrollo de Software,2024,Irregular,2.1214983723103815,0.7196511044216328,-0.8390213214647058,2.128588765633611,1.0542514935072493,0.06044159393219414,1.3923206599683589,-0.7511529304970732,0.40891537490693675,-0.17144113696190366,-1.7784368007360565,-0.24220085214680323,0.6347785640966378,0.7231468424955725
IDS20240036,2023-1,Ingeniería en Desarrollo de Software,2024,Irregular,-0.7076117230009995,1.3245649799885841,2.427975616530878,1.7098111221074108,-0.261065078342425,-1.0348900786949007,0.6064409139180101,-0.045681567468743335,-0.0853438680447113,0.23897058425435014,-0.8005709434229458,-1.2624863163154805,1.1678819809572567,-1.355832713635906
IDS20240076,2023-1,Ingeniería en Desarrollo de Software,2024,Irregular,-3.046799548460817,0.050530490295080686,-0.48373630500853554,0.4222734642185438,1.0403317392020177,0.6753765453573355,0.7837765400098324,-1.1230537348447867,0.7035917148245353,0.9849123824554273,-0.9273802501007581,2.037472776334296,0.933467277942795,0.1508291187218204
IDS20240076,2023-2,Ingeniería en Desarrollo de Software,2024,Irregular,-1.9765968020078628,-0.28727369997551483,-0.010106864049031985,1.0031154580078225,-2.123290045640791,2.2414462665532535,-0.19445592411751708,0.2887216041984353,-0.9429619864188136,-0.7293901882538485,-1.137668746176399,-0.8318648608231757,0.40903224717587283,-0.5425489543504234
IDS20240076,2024-2,Ingeniería en Desarrollo de Software,2024,Irregular,-1.0155547734096304,0.1468026484392621,1.8430545235165394,0.2581581464357568,-1.1118416835854648,1.97999416991595,0.2046963436137318,1.3603911395786281,0.4899131820698878,0.4746886236542576,-0.5794997578864834,-0.7861849495799647,-0.2815839177849408,0.1678881822522425
IDS20240104,2022-2,Ingeniería en Desarrollo de Software,2024,Regular,-1.454700938287757,0.7596684313694292,-0.4538262804659382,1.6899861621508308,1.3852936281093506,0.5275819665338569,0.23531092420958125,-1.3483824013845505,0.7601730547738709,-0.4838213354930798,-0.8277371535513051,0.16210896143373668,-0.1447995128789842,-0.4827886180755811
IDS20240104,2023-1,Ingeniería en Desarrollo de Software,2024,Regular,2.1023403668019216,1.102336525318974,0.5574260686719859,1.0872733962448295,0.23043329594288822,1.2045897449090337,0.2105627558396112,-0.4594152596072427,0.6390285302068963,-0.9013275084933646,-0.9618175256186299,0.5299834616010896,-0.5599014369642482,0.7653416670501249
IDS20240104,2023-2,Ingeniería en Desarrollo de Software,2024,Regular,-1.6160459588639917,-1.133011395046346,-0.7972797675359393,1.3502231683950137,0.5878496198102813,-0.7696361497284337,0.10324235369657775,-0.18668138286518388,0.13574241330605422,-0.26777330473385824,1.38213521823291,-0.21649799813076775,0.10746008065709306,-0.5294760670802253
IDS20240104,2024-1,Ingeniería en Desarrollo de Software,2024,Regular,-1.403663677518053,-1.6329387863544043,-0.4158838846492623,1.6172435778792618,0.5621469597574851,-0.5668766863481555,-0.40347853381392096,0.47066965206938904,0.534778001589822,-1.108180637743592,0.2654310423975124,0.30731678831226694,-0.25002975305177855,-0.5855795118751955
IDS20240104,2024-2,Ingeniería en Desarrollo de Software,2024,Regular,-1.33538698746813,-2.5809897887717907,-0.28529154360218234,0.9660708460962185,-1.0506925792556003,-0.3715902709788492,0.38961172990296156,1.7292035896190905,0.43442570014584725,-0.7331458558571948,-0.8728573472432634,-0.24688541360206803,-1.6081917622682833,-0.5666729371788323
IDS20240134,2022-2,Ingeniería en Desarrollo de Software,2024,Egresado,1.6537663986801483,2.290073281988702,1.847281262613105,1.3334470709285342,-0.38843050440464494,0.38451124905978473,0.4925930726872164,-1.1771142233180025,-0.7897007373561182,-1.319905132101555,0.2682366120826319,-0.3818506132342537,-0.6639910545344346,-0.23927472966936597
IDS20240134,2023-2,Ingeniería en Desarrollo de Software,2024,Egresado,-1.6857430308160164,0.79197520332874,1.2029505786446264,1.2564397095009805,0.7110716979657722,-1.5258697520062292,0.8435083328667807,-1.162090651468263,0.45645703543374205,-0.5571942624824177,0.5555233386197894,0.17062654648048167,-0.4958636554982287,-0.4120636991032168
IDS20240134,2024-1,Ingeniería en Desarrollo de Software,2024,Egresado,-1.1824187654386373,-0.3179120676039009,-0.03205975454844654,1.4479739386773498,1.5695715382643904,-0.4070964790252106,-0.06066112906602159,-0.03713854520308642,0.1748959902416835,0.6504501181879118,1.5732682975609011,-0.24587074265278316,-0.05987028579307937,-0.08798510390424914
IDS20240134,2024-2,Ingeniería en Desarrollo de Software,2024,Egresado,-0.7198466115420287,0.16736556940171485,2.2576054310814953,1.2911832781880506,-0.8952181416390774,0.12553216516055485,-0.01715459378903421,0.773265510022657,-1.2256124533206447,-1.0950081828548952,0.5063659087938912,-0.5624617834776335,-0.7076041855681862,-0.20568730628630102
IDS20240134,2025-1,Ingeniería en Desarrollo de Software,2024,Egresado,7.9825540367426155,-2.011168677174743,-0.4442315962879761,0.5408166737336495,-4.299191754227282,-1.0560021876542245,-0.7076323084018119,-0.22266391465738422,2.066967404040078,-0.16027251022908393,1.7359351352002,3.5374892344902857,-0.31132127291953055,0.062174661505371744
IDS20240154,2022-1,Ingeniería en Desarrollo de Software,2024,Regular,-1.7523024789077695,3.485320347552903,-1.4726539282562106,1.2317072421139867,1.5216622988582547,-0.7703904382575334,-0.6663333664730334,0.395955458808582,-0.7078220389419199,-0.022663044771959528,0.40842178995013867,0.4795213230270148,-0.24589554641435415,-1.0736918615559639
IDS20240154,2023-1,Ingeniería en Desarrollo de Software,2024,Regular,-1.9918598295340582,0.8724727001297654,1.752002199894346,0.38486938742094207,-0.9981912576169079,0.7905369908122445,0.2407150820632352,-0.7583496524200037,0.5125241393756793,0.8349382022556888,0.5523615412499969,0.8774892092444176,1.0029498329895412,0.6326857904103321
IDS20240154,2024-1,Ingeniería en Desarrollo de Software,2024,Regular,-2.340158368624426,-0.4989487668711898,-0.15943817109953354,0.9480540251453369,1.2317583390751432,0.7554497101298309,0.0024586637471775696,0.21845568776815086,0.5552168101844425,1.2325601267650814,0.29380525293431586,0.872063906057773,0.5217872516219997,0.045568550377249946
IDS20240182,2024-1,Ingeniería en Desarrollo de Software,2024,Irregular,-2.1334313064443835,0.6229608129238133,0.3098238979205977,0.5741904113499819,-0.06463945772484658,1.1118019334028282,1.1513182681512208,-0.6051340182179124,-1.0035759186590318,0.7640936801847689,0.8368176683379634,0.19315957919827606,0.5018830463244149,0.8386088836075503
IDS20240182,2024-2,Ingeniería en Desarrollo de Software,2024,Irregular,-1.4683965161976882,1.2187241574847307,2.1209929464809947,0.8288941265838784,-0.6544802020766267,1.3108316497625168,-0.33874798918296023,-0.2802419698159857,0.8442861915687399,0.34049191068386014,-0.7525210685330144,0.11730031138081669,0.30058695722255396,-0.2661559708500803
IDS20240182,2025-1,Ingeniería en Desarrollo de Software,2024,Irregular,-2.1689757343446807,-1.8720636269972988,-2.0811843493253206,1.432212129723487,0.04390738020585457,0.7532091930153683,0.6860977503784828,0.5096374439020754,-0.13866090206744136,-0.4990688074185351,-0.012114723734364083,-0.3577401264989159,-0.3218941537985216,0.38082036964985116
IDS20240187,2022-1,Ingeniería en Desarrollo de Software,2024,Irregular,-1.3209772318757622,0.3656363516442088,-0.9437891286698642,0.9075439640247658,1.1242906157904382,1.0867903004854569,1.2203472610632404,-0.38197486072293024,-0.096883845740368,0.5929605482045137,0.35167133213193086,-1.0582655906388487,-0.3085323519846834,0.14522492472297915
IDS20240187,2023-1,Ingeniería en Desarrollo de Software,2024,Irregular,-1.8328849202242457,-0.27519048970788235,0.47730654933045197,-0.1294530894548574,-1.3637723885509765,0.04965984152874874,1.9792600341400648,-0.23263434486834678,0.9252271745342546,0.3104741897897673,0.2521865636224196,-0.07859471898925113,-0.4019319549554551,0.9018286261499073
IDS20240187,2023-2,Ingeniería en Desarrollo de Software,2024,Irregular,-1.8588385868432218,-0.08069123799950516,1.840125678459707,0.2672715189293706,-1.2123722711171696,0.7344762192868899,0.030879957617669367,0.6534755971884486,1.5648038675853784,0.6655481481121033,0.052942904259459585,-0.05380478444861163,0.23711517813503757,-0.09247901644882604
IDS20240187,2025-1,Ingeniería en Desarrollo de Software,2024,Irregular,0.659292938775583,-1.6724713953112074,-0.9012800390006209,2.252918696666191,-0.09427793825089809,0.8426337227502344,-1.710590440572804,0.7113132818283524,0.4028724011431472,-0.9524649262821349,0.4483052942656122,0.9396408358476678,0.22881951135015052,0.17073283448118423
IDS20240246,2022-1,Ingeniería en Desarrollo de Software,2024,Regular,-1.6484496223498064,4.26056300521187,-1.5446394929479819,-0.458216032105745,-2.4501705047845252,-0.6460833988907615,-0.8996501837443759,1.1852560629970623,0.5990558233860873,0.024903447885035564,0.845246895640925,0.38802916934591497,0.9705780417441748,0.6087905248084131
IDS20240253,2022-1,Ingeniería en Desarrollo de Software,2024,Regular,-1.9861204007594861,0.4087983235055011,-0.5536252176521905,0.8998490799947692,1.2645163227415008,0.8584606943636885,0.529537713789286,-1.0389386792572064,1.1447398717210944,1.0562728693409553,-0.27466184247390674,0.6983894757082971,0.49065673446493296,0.4751692298266796
IDS20240253,2022-2,Ingeniería en Desarrollo de Software,2024,Regular,-1.4425525595252122,0.06261484115158318,-0.4082569685596021,1.3667858564777844,1.2103850458139305,1.3167519018692455,-0.2242501182213124,-0.3579014610247725,1.1467884157056387,0.7182717592207435,-0.35231262205987873,0.38815262890847124,0.31892244191518554,0.5337197039676118
IDS20240253,2023-1,Ingeniería en Desarrollo de Software,2024,Regular,0.42090643403576034,-1.414289768185054,-0.8536045773480843,1.8595827363302881,-2.187431711482526,-0.3077073918002971,0.7244421716193795,0.6896249264618359,-1.1437501464537738,0.8720674700887305,0.34930765290558063,-0.21048146369133042,1.320536176343733,0.605006555984339
IDS20240253,2023-2,Ingeniería en Desarrollo de Software,2024,Regular,-1.3906466831509177,-1.6604148020459264,-0.1025558601568739,2.5240551735073447,0.5659030514124842,-0.4737792168573436,0.43834756453911117,1.7968420411333705,-1.6147096635770224,-0.094509365346658,-0.8236383273260545,-0.36884174977233936,0.6848489969106213,-0.23155994051909834
IDS20240256,2022-1,Ingeniería en Desarrollo de Software,2024,Regular,0.8794712595683359,-0.746600553460548,-1.640467314959991,0.7806896380880681,-3.5723927495566774,0.2876764177335032,-0.007398836042287267,-1.81701481734668,1.5160955639674039,-0.4005936596345798,0.6438208285249226,-0.1574348430582546,0.6358137741219151,0.48822832360608176
IDS20240256,2023-1,Ingeniería en Desarrollo de Software,2024,Regular,-1.475743310812463,-0.5562826711549633,0.5949760336613595,0.6841627710770476,-1.464530611653916,0.28100668457236055,0.6781663750205069,0.18988310707017225,-0.4067543930717288,-1.4244290591623943,-0.08875681018555573,-0.6456784742612001,-0.16351031891923132,-0.14668645441113784
IDS20240256,2023-2,Ingeniería en Desarrollo de Software,2024,Regular,2.5977983939281164,0.26429861165768903,2.13626447108375,1.5916473032255654,-1.077766100891586,1.1625005701430056,-2.267289685670317,0.5576074947685852,-0.01045219743183795,-0.8713927260430968,0.4545943608688847,0.6467878030761155,0.29197219468753666,-0.37870598512893455
IDS20240256,2024-1,Ingeniería en Desarrollo de Software,2024,Regular,-0.3835943249302945,-0.3300308499469484,2.7952074788422605,1.299819021005589,-0.6789953867581758,-0.33041880617530317,-1.233690191744695,0.9678941580456899,0.22864060479033493,-1.0108761681926708,0.06926942595070584,-0.012625601986784188,-0.41384399388370047,-0.6300359282313022
IDS20240272,2022-1,Ingeniería en Desarrollo de Software,2024,Regular,-0.5895833640665299,4.6462309362131275,-1.5835675848732034,-0.3820578787253817,0.0024259045884696476,-0.15968900779888612,0.00012750559132181902,1.7878676550950885,-0.11284764114296822,0.9128331823422767,0.8489514281236706,-0.13911558059484333,-0.373721605950503,1.1781482317669103
IDS20240272,2022-2,Ingeniería en Desarrollo de Software,2024,Regular,-1.6186838658357243,1.2622047263119305,1.846619632540108,1.1288450372343066,-0.7524415089547281,0.4128580521518453,-0.06187770037074633,-0.6742689114220081,-0.19428521472545504,0.22468999508173512,1.0054737023378209,-0.5672840926196391,0.29979638965753974,-0.6742522027124619
IEN20200008,2022-1,Ingeniería en Energía,2020,Regular,-0.22008289389516195,3.7205462288023567,0.4900056835826694,-1.6400513810158828,-0.330073934397269,-0.9704602327333279,-1.4755833550384216,-0.09579698647853606,-0.23833695424599652,-0.04384874051702782,0.2024648731641593,-0.3500302856934605,0.0773898151332001,-0.6142524490610417
IEN20200008,2023-1,Ingeniería en Energía,2020,Regular,-0.365563948527394,-0.8643172516112709,-0.9556881896605757,-1.7032506303939547,1.3296918451886637,0.475015036191127,0.3425504848399109,-0.5961420801094137,0.6064284777088862,0.4518893662607957,-1.2568970534175512,-1.024723110302684,-0.5342963632238846,0.2868555521117586
IEN20200019,2022-1,Ingeniería en Energía,2020,Regular,-0.5814796983955253,2.778692139324627,-0.25954529929816994,-2.6536045293759236,-1.1276172157273743,-0.323332934783369,-0.22605582331041663,0.7413670321743615,-0.019184558297979284,0.16367838062111184,-0.37317587456811835,-1.0017145408099573,-0.06741739961699236,0.25004694683534573
IEN20200019,2022-2,Ingeniería en Energía,2020,Regular,-0.7299843651116544,-1.026034020093567,-0.6456207416060004,-1.046010874006498,0.3158959915686627,0.38310129995444403,-0.6760817532778681,-0.6636978206247113,1.3502798054102656,0.5899323873310407,0.35508244978087217,-1.3099776634419134,0.4688904360369188,0.38375848904087034
IEN20200019,2023-1,Ingeniería en Energía,2020,Irregular,3.884166906578392,-1.024490982780701,-0.2906702086266707,-1.1176341570506954,1.8457379647046461,1.4307066303813205,-0.2512960190219225,0.7132715671633632,-0.7193577796104983,0.4987218465136091,1.2941441684310082,1.0682128467032297,0.09699506006095567,-0.9264783959559765
IEN20200019,2023-2,Ingeniería en Energía,2020,Irregular,0.2811096745736619,-1.2959729761731553,1.5349873229338313,-1.2905430941285052,1.0261244358146036,-1.3472841941038733,-0.6845466878306854,0.029994642490336582,0.7033874168540444,0.69832165841037,1.6531211368930754,0.648040093759937,-0.08034558433413698,0.7816175606986085
IEN20200032,2024-2,Ingeniería en Energía,2020,Irregular,-0.5522813727514064,-1.551731534143335,-0.7442636646654971,-3.04733842411791,0.4511956941293617,-0.2575028506416378,-1.475886087664072,-2.148365182306038,-0.544124581490765,0.2269301291181441,0.23058773922986964,0.18794581106270983,1.3862796174399965,0.23966939246250873
IEN20200032,2025-1,Ingeniería en Energía,2020,Irregular,0.42108745172070283,-1.305004616362736,0.6794465663018839,-3.737774879715159,0.7472337354187013,0.3415367814572611,-0.7269613032363175,-0.8420709219759619,-0.1219285294328163,0.15494059014427264,-1.4089235885191613,0.45788257693465784,0.13011782276020054,0.9168663158307805
IEN20200052,2022-1,Ingeniería en Energía,2020,Irregular,2.5758815194380347,2.952112824444163,-1.3097612975809354,-0.4125306825929915,-0.05423106007944728,-1.4593116504404937,-0.5946119281047386,0.5091836102136652,-1.2805843496781135,0.1106054472826353,-0.23010259600085442,-0.6532513236372306,1.165505306743925,0.9867026461239273
IEN20200052,2022-2,Ingeniería en Energía,2020,Regular,-1.0570757781024138,0.12471601521229557,2.329087239588234,-1.188987460098112,-0.15883491693923896,-3.319085378788502,2.3190962078043422,-1.2090610623239164,-1.1476089632546402,-0.27449235567986563,-0.44602916047088126,0.40816905386996066,0.9085789665577106,0.5790827444480794
IEN20200052,2023-1,Ingeniería en Energía,2020,Regular,-0.3842023661177504,-1.4046622065652297,0.415511830448781,-0.5968534166753114,-1.2135548072482754,-0.592984047771302,-0.6959181595692325,0.3883029814704264,0.23380423989595428,1.2548481966686837,-0.05477120041946781,-2.08576545890879,2.3410323478614856,0.10364236253167797
IEN20200052,2023-2,Ingeniería en Energía,2020,Irregular,3.088399695029632,-1.9149960536591282,0.898049184112269,0.062104335516177174,-3.0379345451678215,-2.18334607452649,-1.2313417162951519,-0.43651955537576975,0.5400791780905579,1.2336112263433598,-1.9883113416362075,0.929149594301216,-0.1363531366497557,-0.16736566145786927
IEN20200052,2024-1,Ingeniería en Energía,2020,Irregular,0.24438023034720477,-2.3231235491542974,1.8520028407337026,-1.1093375801460854,0.653556900339634,-2.8909568911425265,0.9280521640835977,1.4475672448863302,0.1361827434409998,-0.6444257550053207,-1.9664293583151138,0.8438938782526918,0.24288971701376685,0.2527923902564807
IEN20200052,2024-2,Ingeniería en Energía,2020,Irregular,0.002381947615234136,-3.100496769705793,1.1105709522109926,0.059708366446383936,1.6888323654343431,-2.776182552420626,0.005780154737758911,1.9640172740971362,-1.3753046080639173,-0.3755060662590684,-1.0018551066046077,1.2080972261607839,0.16447734132621383,0.3465666646151512
IEN20200086,2022-1,Ingeniería en Energía,2020,Regular,-1.772957493649216,0.8393467473828004,-3.140021030498135,-1.818426583572338,-1.4495009829824792,-0.8848649345295742,-1.2271970695660532,-0.07676319277127251,0.08703379943820712,0.616196415509748,0.2513455133297192,0.1202918925666231,0.810877659569461,0.10859474171498788
IEN20200086,2022-2,Ingeniería en Energía,2020,Regular,-1.2983524873097574,-1.8556753367980412,-1.457145811998129,-0.8198351702318253,0.1525352344108401,0.6861944800242666,-0.24239541492003647,-0.3412049973216193,-0.4739527039552331,-1.1299985561678771,-1.4737664735402043,-0.35516475271183706,-0.10497871745587034,-0.2104562932487511
IEN20200086,2023-2,Ingeniería en Energía,2020,Regular,-1.72611614928368,-3.767668093561102,-3.283502263773428,0.4245910903137547,1.008051948648855,0.10657332262511245,-2.089761929891094,-0.07651350483088927,-0.8466523152995128,-1.1021563693342216,0.015427912812415272,-0.5208180627477179,0.19331462060092264,-1.011569379001692
IEN20200086,2024-1,Ingeniería en Energía,2020,Regular,-1.9938767976479184,-2.789809139754335,0.2827975018473299,-0.9550539933462148,1.2729384541127962,-0.604612014609354,-0.4276503230409424,1.382789383494167,-0.8815012206281727,-0.6797482031775219,-0.5655935398965706,0.43907581366669884,-1.0879525234590768,-0.40430690027770827
IEN20200100,2023-1,Ingeniería en Energía,2020,Irregular,-1.7623830530136901,-0.34357765106994526,0.8998874855381346,-2.0291911131935176,0.6644162769636383,-0.460825932553008,-1.0667236983270119,-2.1156586834528124,-1.82924692107645,0.22849202417618883,-0.16998203579614488,1.832729327311771,1.2195137598565389,-0.678096140935703
IEN20200100,2024-2,Ingeniería en Energía,2020,Irregular,4.741941481721596,-0.90448415138808,0.690558107658177,-3.3244349924334062,-1.2979755584481856,2.136013825503928,-1.8207705437746893,-0.8083214699980771,-1.7665571186659283,0.3228878801814003,0.5015037531939524,0.6513868176488096,1.1421225060476008,-0.4834849429215522
IEN20200109,2022-2,Ingeniería en Energía,2020,Regular,-1.5123802322509028,-1.17899538514389,-1.4547029411626928,-1.6365102712278077,0.48059119195842387,0.25053257469608975,0.4366449931283552,-1.340194766640488,-0.5513452488129763,0.42806671535501095,-1.3266072893101728,0.005936830436572491,-0.13859992539659427,0.11299029291423433
IEN20200109,2023-2,Ingeniería en Energía,2020,Irregular,4.667523259300206,-0.3912879915566136,0.4962936798249702,-2.9166765077609176,0.8067246179936712,2.5717041146476367,0.02961436575604352,0.3281506021484378,-1.1823174789725666,-0.4225103841418894,-1.2310412477821018,0.9919775492407179,0.07812827908774689,-0.46524923935720847
IEN20200109,2024-1,Ingeniería en Energía,2020,Irregular,1.046233945270767,-0.8260502255889156,1.3327871164879876,-1.4123642729481611,1.0325742978191979,-0.13342597407236761,-2.37918101076356,-0.7045539907579715,-0.7110843096262586,-0.195849158575753,-0.15106333085166945,0.0832980311838802,0.14667380776967248,-0.5065698190735931
IEN20200112,2022-1,Ingeniería en Energía,2020,Regular,-1.337985508874989,0.6176262966293069,1.6595393541223666,-1.711541765453239,-0.5172762026774187,0.3400823691645545,-0.34629970379757496,-1.542028226311162,0.6276063547336156,0.7739138764876902,-0.3501575857640854,0.1934120001737718,0.9182632514001209,0.407216135278358
IEN20200112,2022-2,Ingeniería en Energía,2020,Irregular,7.199075383502763,0.09194731647525806,-0.31675125471166654,-0.6757208740579317,-0.3459846101000971,2.894022426271804,-0.921250768994985,-0.12338718156518452,-1.900569215862089,-0.6221796299380412,-0.477963082217766,0.7125455793613932,-0.4113403286801047,-0.29288610348214006
IEN20200112,2023-1,Ingeniería en Energía,2020,Irregular,9.025762945085193,-2.1532586715803386,-1.961163392578331,0.5325263381318173,-4.123291887094946,-2.049914275087109,0.35181164057131425,-1.2936477219536118,-2.5680051451147867,4.171995698407498,-1.9382804331784302,0.9704703061692347,-3.799696021268873,-1.3113935864384574
IEN20200121,2022-1,Ingeniería en Energía,2020,Irregular,-0.34526666820043755,0.9740597384201972,1.72046062616252,-1.7683070552188789,-0.18500992678490094,0.7118752000904238,0.4135296733023698,-1.0372445284714897,-0.10904900732057034,0.37479922709402524,-0.452987403339625,-0.9229605031619281,-0.053152365644907905,0.5643672440490591
IEN20200121,2022-2,Ingeniería en Energía,2020,Irregular,-0.7806532298024847,-0.05996871359583614,0.7505030499661355,-0.7879663923719891,0.641350913662784,0.4195423177052543,-0.260732039676299,-0.5064826524681663,-1.656524671155192,-0.06577519238555483,0.34918640542554225,-0.8318686815004891,-0.1866341202696024,-0.24386575636879515
IEN20200121,2024-2,Ingeniería en Energía,2020,Irregular,-0.09599300197123603,-0.694907409069383,2.074171447194694,-2.1824823964747253,-0.23928042233064994,-0.60559614151496,-1.7239568787339214,-0.7297837243909672,-0.7714172200901809,0.36540588971611276,1.2772329710790913,-0.4283612933453984,0.43023575950490045,-0.2822066078522807
IEN20200122,2022-1,Ingeniería en Energía,2020,Irregular,6.258375526102158,-1.0996664690168354,-2.6907324812058278,-1.7930918393701794,-0.25195549497185626,0.7966624812758749,1.4534217942876246,-1.1404067594722045,-0.17596855129848238,-0.48321864518912977,0.40274558073356526,0.9894252477772885,-0.4413110349134095,0.42612054286099726
IEN20200129,2023-1,Ingeniería en Energía,2020,Irregular,0.06980548978840384,-1.346491614335181,-1.218569787219746,-1.9837833316828768,-0.5230061648303086,0.026491987062029612,-0.2715426372560384,-1.8425208856171487,-1.2806576094687148,1.215934854464731,-0.25958355533020616,-0.2432848678528131,-0.592938926976447,0.2688130427100148
IEN20200129,2025-1,Ingeniería en Energía,2020,Irregular,0.7471105576302255,-2.876880819401576,-1.7071116677954312,-3.218209064914328,-0.8295178357568824,0.5545617673535267,-0.349092601659592,-0.5763380797160473,-1.9318020332831949,-0.7629294677690535,-0.1275671413816202,-1.3159208767875838,-0.2796565705170891,1.0371436126616336
IEN20200132,2022-1,Ingeniería en Energía,2020,Regular,-0.4102016580220657,2.87904608336132,-1.388366789482447,-1.7410990445087517,2.2619650220804917,-0.4739922663338335,-0.25179858750994966,0.741361640613547,-0.23658343066180257,0.7356608907873828,-0.6113509297715561,-0.44473592108364296,-0.7880070968638972,0.2988522857352364
IEN20200132,2022-2,Ingeniería en Energía,2020,Regular,-0.8160617350923219,1.540301962414745,-1.7185193588111403,-1.6785175452394614,-1.9407585132949867,-0.8907557589166245,-0.7243041463202037,0.8109235859526395,-0.8449452045294097,-1.8543362121354026,-0.1588565786254027,-1.5568818532926563,-0.12049898219519657,-0.5751252841999273
IEN20200132,2023-1,Ingeniería en Energía,2020,Regular,-1.1161086177605375,-1.3510436174241982,0.5884772181340053,-1.064852856703259,-1.2170730025770535,-1.019506484387214,-0.4053890646288555,-0.7217952088719187,0.6571445334363533,0.35834481974263543,0.9939428469827453,-0.5606208885542079,-0.19316795745100254,0.08901064363003697
IEN20200132,2023-2,Ingeniería en Energía,2020,Regular,-0.9711352865844808,-1.1945062410392113,1.4603689925574581,-1.1969419061284612,0.8328170406653395,0.05146843910613911,-0.2298246115517723,1.146205109278266,-0.4543615148488579,0.5874595611809484,0.24791457886826102,-0.4063281464878406,-0.8002085742092424,0.21150268640762046
IEN20200136,2022-1,Ingeniería en Energía,2020,Regular,0.0436632098633532,0.9095560929260896,0.8696007033782267,-1.368668019949412,1.2732165223477072,0.5255062194742374,0.5020930057047323,-0.9727072030930308,0.38357996647373255,-0.10767082281279913,-1.4692431203237901,-1.3585763437125622,-0.8460697801257203,-0.32828563802340743
IEN20200136,2022-2,Ingeniería en Energía,2020,Regular,-0.9807423450960908,-2.4471177692673507,-2.908245383516058,-1.065404853734397,0.0747546903414108,-0.09240394647804653,0.6550483676808372,-0.6162846529166673,0.6032505742730292,-0.6208319264634812,0.05538168847097674,-1.652060994007238,-0.21962026817415198,0.555691320897793
IEN20200136,2023-1,Ingeniería en Energía,2020,Regular,-1.4088617814723747,-1.5336365778075556,0.778219851854053,-1.0871337994262018,-0.9658229157711757,-0.09368551995722835,-1.0289616019925645,0.33325474981611997,0.6792976534201363,-0.007280862698535747,0.7712480969467927,-1.3236657273368955,0.30246494574875954,-0.41079678347391463
IEN20200136,2023-2,Ingeniería en Energía,2020,Regular,-2.3759619093092605,-1.2903033188473807,2.893696933040774,-1.1590622389912413,-0.3882341645343751,-2.152192784995866,-0.17509186124129106,0.273119563096687,0.32488795821442074,-0.6319207409831153,0.49899517665683396,1.0886919335488574,-0.629668673019638,-0.39822966196414944
IEN20200143,2022-1,Ingeniería en Energía,2020,Regular,-0.8821115118721018,4.378386057634594,-0.7852602012300559,-2.0855993383457845,-1.1196467221632778,-1.5574645673043188,-1.850887003734915,0.9429281748233369,-0.6160419671673338,0.5913966793221449,1.228679569554235,-0.6997851901449189,0.40075741823809474,-0.4694325190420654
IEN20200143,2022-2,Ingeniería en Energía,2020,Regular,0.1796620802551009,0.3835241786642491,0.716185414510913,-0.871107111220421,0.7880012461413416,0.3049625445206412,0.15112855669763206,-0.9591414518767206,0.18464977878158373,-1.1297949298625596,-1.7311334851159645,-0.9512572283534715,-0.9632938419944596,-0.187954877400038
IEN20200143,2023-1,Ingeniería en Energía,2020,Regular,-0.9313156506237483,-0.6298004372091454,0.1508751907692791,-0.3363157740604273,2.1095085599188157,-0.6724641821366308,-0.7038474146052195,-0.6179224997086263,0.0936480390446207,0.12326183909152415,0.2688006577764077,-0.26711618074801796,-0.35631923101469154,-0.6392191692941985
IEN20200143,2023-2,Ingeniería en Energía,2020,Regular,-2.4393714788982304,-2.523810297156731,-0.5528319006569772,-0.7520384399778682,-0.5542913438372767,-1.74182767420284,-0.26704202985245085,-0.33970164364107486,0.2848252588120504,-0.7491121640137843,0.2120253819222936,0.04271308716993328,-0.20543007477112515,-0.8437246429940082
IEN20200160,2022-2,Ingeniería en Energía,2020,Irregular,2.7200517103718167,1.0620888471197028,0.8874232223312276,-0.719808960613414,1.2143682096244757,-0.49971962858489805,-1.165737031025495,-2.174370501407495,0.6427910413880544,-1.2369844505227874,-1.0168096699141695,0.24494409435093129,-0.29780415884388206,-0.8023961768269132
IEN20200160,2023-1,Ingeniería en Energía,2020,Irregular,0.6705286428813633,-0.2357339458839188,0.7786038645061552,-1.8410854268916768,0.9489004176394243,-1.0051167393228129,0.6064206871545401,-1.0826457542093115,0.0443314099917153,-0.09434337753410663,0.22947656165890598,-0.4753091116789643,-0.6182412528293675,0.8017622243894228
IEN20200160,2024-1,Ingeniería en Energía,2020,Irregular,0.7061214946704618,-1.2377559461528067,1.0282323437359762,-2.9582360806973895,1.0633709016396462,-1.9224466993724458,-0.10220139373214848,-1.1913218796750507,1.842853381763412,0.4117338872291499,0.512335929420806,0.6744600512716837,0.019364797285685808,1.1320527628731993
IEN20200162,2022-1,Ingeniería en Energía,2020,Regular,-1.8745307509509541,1.8902221646714759,-4.525669498669618,-1.9686906334637106,-0.9598001619900881,-1.3718056075437013,-0.810151826482291,1.12079523881147,-1.1623039578016308,-1.4448939374796392,-0.5267822906033827,-0.0627824102671045,0.34084664146563776,-0.14779200614604246
IEN20200162,2023-1,Ingeniería en Energía,2020,Regular,-1.8686499281586753,-1.8002025561389772,-0.9825209791709524,-1.0389551376320632,0.6562419966400578,-0.8415177644912222,-0.5254136702051689,-1.2850053075648051,-0.47448200533271145,0.9351243204306777,1.1058907513588838,0.60705966439486,0.416858949617699,0.2833001896875889
IEN20200163,2022-1,Ingeniería en Energía,2020,Regular,-0.4028329750387112,3.7914971005817346,0.7216486201019248,-1.9197701777350915,-0.16536052378994107,-0.8093768577499854,-0.3886858603357354,0.3169320080368318,-0.7127365115058691,-0.7143954230880644,-1.178985688869667,-0.3420576523692399,-0.7804489660769468,-0.3132761048506006
IEN20200163,2022-2,Ingeniería en Energía,2020,Regular,-1.2874031455185304,0.06544745612063113,1.4291978983138878,-1.4312078009675497,-0.9218982009485992,0.39268598593825554,0.04375449666950252,-0.6989925735332905,-1.4315115291257905,0.4990851284222814,0.7597834351683626,-0.5373543891292435,0.40401043030356987,0.654830992903798
IEN20200163,2023-2,Ingeniería en Energía,2020,Regular,-0.6616283247289317,-0.09348634153014822,2.073724790232139,-1.3416881026746739,-0.516706788445112,0.12298411750053498,-1.2165717830426996,-0.7462223946871454,0.8312471784812013,-0.7906117082866299,-1.7492936663893621,0.0928565321169746,0.05465732579838082,-0.43374736235198585
IEN20200163,2024-2,Ingeniería en Energía,2020,Irregular,-0.6795133968006689,-3.4298812089985815,-1.2002876965391773,-1.6737555168058502,-1.1739412940774365,-1.0090778820708357,-1.391002630589513,-0.5631340711606031,0.256481083228792,0.08073858415390112,0.7429767634549962,0.19817744744431026,0.16354105589129617,0.292530696301358
IEN20200163,2025-1,Ingeniería en Energía,2020,Irregular,-0.07536446366675287,-3.43639983137116,-0.023848855465801032,-2.507023744444117,0.05613029649942062,0.15061832255169844,-0.7491009880461178,1.4199911467040884,0.9779382305497759,0.17725462449505797,-0.5391859393525185,0.244442952773415,-0.46491442430330454,1.4426535442756663
IEN20200165,2022-1,Ingeniería en Energía,2020,Baja Temporal,12.397732698195151,-1.042493614904975,-3.0660339416145503,-2.8967145409335604,-2.4925861389718156,1.5365387875082106,1.9416367627847362,-1.3462461067186888,1.196116942436096,1.0499482963020828,1.9348861476550876,1.2396849687072464,-0.8553829490041079,-0.4592608451586777
IEN20200165,2022-2,Ingeniería en Energía,2020,Baja Temporal,4.11220589415936,-1.6626408799636954,-0.6172853102383706,-3.1341697368074355,0.9304208236014692,-1.0959661334153543,2.175892798334077,-0.22358852908174903,0.5456934625222879,-0.9031153716651351,1.6199869956163162,-0.5314343580907692,-0.12183722690025219,-2.6658568604336
IEN20200165,2023-2,Ingeniería en Energía,2020,Baja Temporal,13.893729335443096,-1.7366868915720945,-0.7206220963676191,-1.6131904522071185,-0.9483110592737282,0.40145406988517107,2.4071065703956855,1.4830788941708426,-0.6332882071650148,1.8891562972296054,-2.078004629037245,0.2999422967599849,0.5666466242759255,0.02689070000895531
IEN20200166,2022-1,Ingeniería en Energía,2020,Regular,-0.9557013143890968,-0.30981217306215575,-0.9227241678593461,-0.13664209153513793,1.2732122956484095,0.06594386196780117,-0.8142479435507539,-1.7132723252917723,-0.10230042499597354,-0.20255017724971247,0.038109186210634305,-0.6696362886607775,0.2837482534324436,-0.272855969554994
IEN20200166,2022-2,Ingeniería en Energía,2020,Regular,-1.7924567966680194,-1.39498075358382,-0.6283265763532814,-0.9695545459984323,-0.02706959581493641,-0.455252210123427,0.44623898138998574,-0.5525552096326002,-0.8069812154548572,-1.1480201131046754,-0.2799737077329099,-0.7826929898134649,-0.28662830574869597,-0.41684676344597404
IEN20200178,2022-1,Ingeniería en Energía,2020,Regular,-0.41120366928769664,2.7256321919029864,-1.8611042714132267,-1.647749591777853,1.788058717987911,-0.5938304686358074,-0.41237839297033213,0.7027607412020815,-0.8610405951537065,0.7376155590895115,0.07816508391700809,-0.6026664209727045,-0.5924803315660936,0.04142599695615838
IEN20200178,2023-1,Ingeniería en Energía,2020,Regular,-0.8357035316389609,-1.3653992654796565,-1.3601763123698978,-1.5362213338420398,0.8958669670743109,0.3718308156230752,-0.656836339426359,-0.9556548092221375,1.1344693765883462,0.7748745620993929,0.16497340844908912,-0.775593622661428,0.8439387898159006,0.39144446543062195
IEN20200178,2023-2,Ingeniería en Energía,2020,Regular,-1.6988456326185304,-1.8566192717416181,-0.332725837448811,-1.0294857958169517,0.05712148174513827,-0.46423545085620876,-0.9826156964699144,-0.5175561887497064,0.05875141103132687,-0.18910826627094168,0.09415215573874197,-0.1516371799522231,0.3637952951895169,-0.368833554672252
IEN20200178,2024-2,Ingeniería en Energía,2020,Irregular,0.44300237658174135,-2.547816041121938,-0.1444316671221227,-1.6386004186151457,0.19851965606151734,0.45312493867675996,-2.12894037811689,0.2863463889827914,1.36043844572361,-0.3333102233942942,-0.8707078310686985,-0.1990928272981229,0.05904827130203656,0.26976312761071874
IEN20200178,2025-1,Ingeniería en Energía,2020,Irregular,4.659448607511584,-2.5508691502911667,0.2232452161159655,-0.8401142454948276,1.6644879657570213,1.0366567983374844,-0.29225004699421214,2.514157906801021,-2.4932026698559495,-0.048657333604628435,-0.5989782047123499,1.0104465307921138,0.7792916003596089,-0.17162506983819423
IEN20200184,2022-1,Ingeniería en Energía,2020,Irregular,2.6128906777388425,1.0062791968018918,0.8401326144420037,-0.2681203028325123,1.2289083750696232,-0.31123209983293243,0.38819686044951557,-0.6859251717685783,-1.0087356064998383,1.370665203903178,0.017359243837064206,-1.2814845071092356,1.2017404047335833,0.6611938788278411
IEN20200184,2023-1,Ingeniería en Energía,2020,Regular,-0.12270416438387978,-0.5847270832268694,-0.13371263211251933,-0.45182724585702305,2.154824847713765,-1.6877079928661383,0.09088417970665738,-0.5543715631759955,0.10365395201817344,1.9450772874157534,0.09738268738242237,-1.5588813012440452,1.4467892480167746,0.09107298306336922
IEN20200184,2023-2,Ingeniería en Energía,2020,Regular,-0.1977603009597318,-0.6184354867754086,1.2030583515193576,-0.3787069070180688,0.8917817819044588,-1.720202001180787,-0.4769636402978491,-0.06250597613538093,-0.41091588386711186,0.7288979254488558,-0.7442523929071172,-1.355537308730557,1.2757796296508959,-0.9383893864030961
IEN20200184,2024-1,Ingeniería en Energía,2020,Irregular,5.564555195200541,-0.5037968622551623,2.0176491685996343,-1.365578822766434,-0.28614638563865985,0.42199054177677575,0.7800792466538711,1.4503954433678485,-2.0176358459627854,0.30125167286137117,0.40072023116613154,0.08205939072185764,1.1492424208440182,0.19993282852601105
IEN20200184,2025-1,Ingeniería en Energía,2020,Irregular,1.4423232170399436,-2.2258379659825036,0.5567121155867891,-0.36807145864984014,2.086932564309345,-2.185015674730363,-1.804909010236772,0.8448121957686425,-0.6998330896178345,0.2461544377376646,-0.714544604365885,-1.0436421295075555,0.9138553627136162,-0.8883817012721863
IEN20200186,2022-1,Ingeniería en Energía,2020,Regular,-2.0354284901814594,2.9187264084317914,-1.5610078054463703,-3.1960386219969568,-2.421710686522454,-0.8584354127038196,-0.7500402945574075,1.1433014541400162,-1.7028152143219306,0.347485442151496,0.6352061646498989,1.1264882693686598,1.2667827483911471,1.0726800920360644
IEN20200224,2022-1,Ingeniería en Energía,2020,Baja Temporal,8.947205850386231,1.456393336080396,0.8048212123236292,-3.1339938808245296,0.3092075110978756,3.163042708663978,3.2677326033976035,0.3027262392251765,-0.15103194214164317,-0.3751873699471224,1.8241828665472348,-1.2877979767992613,-0.8370628234207987,-0.6029103522541135
IEN20200224,2022-2,Ingeniería en Energía,2020,Baja Temporal,7.643608669693633,0.2326265164774771,-2.078769512917446,-4.562758737520085,-0.25499851298254933,0.6542169373719157,4.0601265065035355,1.6174442008739818,0.3325784117878662,-0.39013017371475783,2.3382842416310297,-0.34721284272316166,-0.6163444172878285,-0.8857632739391047
IEN20200224,2023-1,Ingeniería en Energía,2020,Baja Temporal,4.402335409396097,-1.947997485185177,-1.206803771608945,-3.1854826556435,1.5319967769991654,0.2451373981323559,2.983899370146049,0.8302047765935304,1.3215379171406927,-0.8925531608615461,0.320082190146365,-0.539900596732725,-0.8716173326348666,-0.941909810828407
IEN20200231,2022-2,Ingeniería en Energía,2020,Regular,-2.3470052874528644,-0.9302219805174886,-0.6463591622067932,-1.1335028395590945,0.022890444013006474,-0.18643045688855284,-0.6479474472666904,-1.925505455628987,-0.5958690769163216,-0.47023634949916643,-0.6420268106559237,0.5714663906538214,1.0759169345719375,-0.40041960386034764
IEN20200231,2023-1,Ingeniería en Energía,2020,Regular,-2.5347687538424397,-3.9571628589695282,-3.782484088906701,-0.6603298532532853,-1.662052743443804,-0.3336275574817692,-1.0497339706278375,-1.2950566370962866,-0.06340794271622263,-1.3865540321207361,-0.3915662881916473,-0.168528348024193,0.9866500318417943,-0.39355765625228906
IEN20200243,2022-2,Ingeniería en Energía,2020,Regular,-2.27490367298219,0.16893703606978847,1.4869189879097513,-1.5825892350058928,-0.9189350514506612,-0.2779594635935872,-0.719659509154258,-1.779858753100597,-1.3120604270381535,-0.03164516856552047,0.01194420580026554,0.31145534716826917,1.1151424277399633,-1.0024113294640289
IEN20200243,2023-2,Ingeniería en Energía,2020,Irregular,-1.9071964818373743,-1.2735313234391303,0.834424360058098,-2.3986261278472227,0.3699208552833095,-1.382585812329029,-0.47648219681601545,-1.5890406681451186,-0.66122869147647,-0.27702302309335436,-0.20792598618906225,1.9422514521326995,0.7767479031296931,-0.46154328772205006
IEN20200243,2024-2,Ingeniería en Energía,2020,Irregular,-0.30538895218437706,-1.3520576548509031,1.2284708091955812,-3.0947749182679014,0.8419462050089249,0.4627255321792542,-0.6606047779741597,-0.07769895381431333,-0.31541432890349014,0.06688128089636597,-1.9924078936249956,1.227798226628184,-0.01940925693631237,0.35108038018697735
IEN20200287,2022-2,Ingeniería en Energía,2020,Regular,-0.578787568627061,0.3223977117771089,0.5875744838963622,-1.8827454177358318,0.9380941583512521,0.33498704240784316,-0.36506344334281815,-1.3802901166806356,1.364168039548843,0.6856799531589706,-0.9593661992815468,-0.745531846248912,0.35631505454639684,-0.26686778589221066
IEN20200287,2023-1,Ingeniería en Energía,2020,Regular,-0.3613145209856502,-1.456622672097133,-1.0929489414667453,-1.1486429168743193,-0.33646674515570163,0.6226959385743654,-0.42743667246098704,-0.6132208078897923,-1.1296299270944699,0.9985971223739287,1.0257977905447884,-1.5014696759379103,-0.15752618558152096,0.6104520294036149
IEN20200287,2023-2,Ingeniería en Energía,2020,Regular,-0.8797994205781161,-0.4107530092133303,2.1563955127751693,-0.9620576804706958,-0.596953009495093,-0.22985813554330578,-1.367252602427674,-0.4326443731236539,0.3663043619895207,-0.8861207525207615,-0.9215211013437029,-0.25707224260264433,-0.20901344521050055,-0.5795065882992645
IEN20200287,2024-1,Ingeniería en Energía,2020,Regular,-1.4746704127639358,-2.315804200857563,-0.03186240222954939,-1.534770300288249,1.4651306759825327,-0.8691749065018693,0.4507968424338072,0.7176485570611733,0.4034689744014002,0.12399160975894781,-0.035048941644723136,0.33559324679588387,-0.8517091347914997,1.072411141803691
IEN20200287,2024-2,Ingeniería en Energía,2020,Regular,-1.316261803899198,-3.530119169782848,-0.7243277534450425,-1.544968052089679,0.4508899642875291,-0.14566768460630436,-0.32670843802324717,1.7803236402656335,0.5188164884795877,-0.16370393250591228,-0.23750188682433246,-0.5229731939389745,-0.6763564031798721,0.391648503542383
IEN20200287,2025-1,Ingeniería en Energía,2020,Regular,3.4310898816138837,-2.555344391178131,1.451994996715816,-0.6733372738525777,0.3963684658608429,1.0475859770915552,-0.9385466128944814,3.5991388816940693,-0.9347843988682841,1.1343494433930443,-0.04618728513004952,0.24616125085608967,1.2689551979910676,-1.0793729079427528
IEN20200292,2022-1,Ingeniería en Energía,2020,Regular,-2.044256599793528,1.2838301602094662,-2.700597711257876,-2.0721504666399446,0.249479047658329,-0.6001794176630102,-1.038772156046927,-0.14290006271478453,0.3990494955229203,0.7369029618663039,-0.6213198831816692,2.0441817586963484,1.2829350652188907,1.1007261286732277
IEN20200292,2022-2,Ingeniería en Energía,2020,Regular,-1.566750365737216,0.23492271766784603,2.155683437416051,-1.2606645773482672,-0.5288807604285302,0.6513176511842785,-1.1918249436491397,-1.0798433511849213,-0.6009760265878253,0.5512796136925762,-0.5210783240542367,1.238500540512005,1.0443170788270546,0.1252376510732102
IEN20200292,2023-1,Ingeniería en Energía,2020,Regular,-2.2929132454937347,-1.5829479659117354,-0.07832631985691837,-1.2218674242300598,1.4107416592239759,-0.3276173351069223,-0.4797255176165237,-0.4923207529524237,0.026586925415456278,1.1728753221287953,0.19880558389942624,1.779947247320133,0.7672515552434547,0.5853109631101976
IEN20200292,2023-2,Ingeniería en Energía,2020,Regular,-1.1741246491491169,-1.0911896684487787,1.3527364644701083,-0.7897971731755147,0.4647247704659875,1.3767392057844965,-1.3739915858255691,0.9084372995146103,-2.091084849839476,0.4602481547545273,-0.43071857415181114,0.5653155873381376,0.14673438901944255,-0.027154741232312887
IEN20200312,2022-1,Ingeniería en Energía,2020,Regular,-0.19640635735192563,1.997243683248222,-1.4549448830354377,-2.4579770855894973,-2.345500095792535,-0.10494435948025416,-0.40132710024338364,0.6223267140498555,0.49029757855675765,-0.23297968943458236,0.3170048081055158,-1.7024925463663412,0.2857323100397129,1.201368922991427
IEN20200312,2022-2,Ingeniería en Energía,2020,Irregular,3.7003899465587162,0.42849509905780975,0.6260617104681875,-0.12423907163510037,0.6633101886194445,1.0598530501709493,-2.3125191147445965,-0.9326082366669048,1.1163527608579877,-0.6323922298246735,-0.5074246025994122,-0.10997763473154594,0.020268692886736467,0.3471386651508795
IEN20200312,2025-1,Ingeniería en Energía,2020,Irregular,0.6321395167120153,-2.5721072321532317,-0.5338372898876268,-3.328502961389752,1.7158691957978973,-2.223414491993041,-0.8260900191474139,-0.9525948729307173,1.5258668070633739,-0.3652847676678582,-0.046048425038045224,-0.4196128455718696,-0.2787750350346775,-0.024193869883497383
IEN20200313,2022-1,Ingeniería en Energía,2020,Regular,-0.8059552478397768,2.8287744833084414,-2.9960603377455297,-2.4909521369939966,-1.3524554650693905,-0.8005680092965961,-0.9097585344528923,1.1254473326806822,-0.7920323340162302,-0.3593319262189538,0.2983195514704411,-0.014170352307653507,0.5779288583551044,0.9967709440103445
IEN20200313,2022-2,Ingeniería en Energía,2020,Regular,-1.0221357354289913,2.4780513354369615,-0.3520316168344604,-1.642496356905392,0.5974662026032497,-0.4596816949484594,-0.9091306616342334,1.1911039378740331,-1.6547979764029268,0.7470177203780192,0.5729059324401017,0.21969129925468894,-0.13711016773079376,0.6068384142639469
IEN20200313,2023-1,Ingeniería en Energía,2020,Irregular,2.7203958000150896,-1.064595132383808,-0.3330475938897284,-0.4196641505085953,-1.137022924946973,0.36123709637111867,-1.262621907087794,-0.7543717069843331,-1.1995730771890478,0.6229435673843235,0.1407399887213203,0.531127393399242,-0.8518386396684962,0.5179548948791596
IEN20200319,2022-1,Ingeniería en Energía,2020,Regular,-0.7651830600984086,0.5318017415858224,0.7602879366131944,-0.751445642809262,0.817627875702166,0.15845672620650528,-0.734982528239399,-1.744205346500341,-0.28369814912213187,0.22444235009820226,-0.05951338645858223,-0.1247116960020369,0.38498115450718945,-0.40622494319886815
IEN20200319,2024-1,Ingeniería en Energía,2020,Irregular,0.06289221662969743,-1.673056592818546,-0.8988465429081381,-2.0304067729919866,0.11120728535875363,0.3649225761137617,-1.0264903625706683,-0.7002340044381357,-1.6965199421198407,0.10612018749839204,0.6591038046899805,-1.5425717620050263,0.1088238458349424,-0.17704274133816963
IEN20200324,2022-1,Ingeniería en Energía,2020,Regular,0.18947315457159164,3.6823228838355466,0.35987850845868213,-2.1239532128639778,-0.2823691253461415,-0.5480798869994216,-1.2647970855248223,0.156788898217217,0.9629741889167738,0.9822137943633023,0.34740430083771906,-0.6236619766713467,0.18130744886410233,0.43553633704960987
IEN20200324,2022-2,Ingeniería en Energía,2020,Regular,-1.5855175358116305,-1.7383415049416358,-1.440803172933464,-1.6000039082614228,-0.7000913505156618,0.17288414910526065,-0.22633499423831946,-0.96497226720443,1.7724817060495692,0.013180560020537304,-0.74814123534445,-0.6670627604873587,0.8800155794053786,0.15039413843463306
IEN20200324,2023-2,Ingeniería en Energía,2020,Regular,-2.0502222859931907,-3.7212382404882898,-2.207718706948686,-1.7364958251342362,-2.059634717744667,-0.1398098021491157,0.030234324648986535,0.0712450886289681,-0.3454198993567809,-1.4123915636605064,0.16972524898840677,-0.9041210594811891,0.5948780842268296,0.24666031215634124
IEN20200358,2022-2,Ingeniería en Energía,2020,Regular,-0.012781038555821068,2.0729671398249336,-2.4749508116231045,-2.3336278923990945,1.260508915988594,-0.3350554140090263,-0.33530833583227143,0.7137407367341062,0.5789031697410064,0.09767870288236873,-1.127514624183713,-1.2073209905600808,-0.5938790526464613,0.15260098467361377
IEN20200358,2023-1,Ingeniería en Energía,2020,Regular,-0.6432726381553989,-1.4535234256930343,-1.311285842412053,-1.1402529196438862,0.9402454262775137,-0.21310898870819525,-0.6148105809894463,-1.0075763721212634,0.7385468547103458,0.4882710464300274,1.2178274014623358,-1.1696540516739586,0.5112032920922946,0.35582795225519537
IEN20200374,2022-2,Ingeniería en Energía,2020,Regular,-1.1003778403910802,0.73352829921613,1.837465850487981,-1.4960300253613992,-0.3429704981176201,0.09907740815712135,-0.8013557858832753,-1.8874763548238436,-0.4563750426976373,0.30101353188230545,-0.1714202379671718,0.20153702293415496,0.7590329687605695,-0.15731633379336576
IEN20200374,2023-1,Ingeniería en Energía,2020,Irregular,4.17763258430966,-0.30400635283739913,-0.6238082346972578,-1.146081389806299,1.844952639024857,1.8895501656512752,-1.4218648081766767,-0.6519405086121507,0.3082198682004272,0.7388477433620175,0.4553252331266823,1.343401379547404,1.0797150457208922,-1.1405274232631615
IEN20200374,2023-2,Ingeniería en Energía,2020,Irregular,1.0670099372576507,-1.0425666997620857,-0.19817455307186713,-0.6955714929139163,1.8714890150845642,0.21474635147135354,-1.8346225237392846,-0.5053524433783707,0.09996974394178916,0.7947389067561813,0.7918247343022293,-0.4788207555771536,0.2634911173610849,0.40788663709716066
IEN20200374,2024-1,Ingeniería en Energía,2020,Irregular,-0.30869912111736236,-1.8102805109305284,0.24368053488499253,-0.7694259037618881,1.7766365989698654,-1.8403105793408652,-0.8714493786408096,-0.573536353236136,-0.0008553904363613848,-0.3515762209039267,0.6572501930369474,1.0707318461492779,-0.27679928531186,0.196227616255681
IEN20200374,2025-1,Ingeniería en Energía,2020,Irregular,1.0285385893825352,-1.1758947457845472,2.7962470168601135,-1.6697720397289693,-0.09768790921236475,-0.5073286709819989,-1.681922823761742,0.5927862052594564,-1.542645645043523,-1.336862777610431,-0.4572737476397412,0.006007361179283867,-0.7652022950544384,-0.1454619279400947
IEN20200379,2022-1,Ingeniería en Energía,2020,Regular,-1.557791670878573,1.7545677352375564,-2.2754793591300424,-1.855135144200954,0.8616696736325797,-0.6996672657521537,-0.2146705383798474,0.4238781884675218,-0.7490564006806414,-0.574409228977702,-1.4951488221981306,0.5249289097966847,-0.20689910672240444,-0.22173763895070547
IEN20200379,2022-2,Ingeniería en Energía,2020,Regular,-0.7819492531873201,2.8960473923363073,0.690473742202727,-2.2263386231599327,-0.5135347290214969,-0.35373341318396695,-0.7412862528303287,1.185428123156977,-0.9564814033294147,0.6033384500745166,0.015507061294074342,0.16147486397146804,-0.10955638854810829,0.6973821015458457
IEN20200381,2022-1,Ingeniería en Energía,2020,Regular,-1.195636623368176,0.7732942137636152,1.730570620725514,-1.5786223888912465,-0.3768697237661861,0.1076276021786651,-0.35454169898388244,-1.4870156072079037,0.48738294596221104,0.242163687760084,-0.6474512721328012,-0.3632233045641914,0.5350503788765019,-0.6034495120528727
IEN20200381,2022-2,Ingeniería en Energía,2020,Regular,-1.9198585251736147,0.05153879270090479,1.9729278176021574,-1.6624838587331459,-0.5591923533355629,-0.5195140889514548,0.6485403228023097,-0.7480216887498844,-1.1214329140045056,-0.5060005753467544,-0.43484637693955763,0.300855948156382,-0.10491662881799577,-0.15446365423985656
IEN20200381,2023-2,Ingeniería en Energía,2020,Regular,-1.5776111463557172,-2.022535881329783,-0.8604315206578097,-0.8843791228433144,0.6488517654656578,-0.09334865481327073,-1.3361466074829853,-0.2657092089410545,-0.604467923748779,1.2883551772666402,0.6536472573378523,-0.23518728499905317,0.21318422977643325,-0.6268058719921956
IEN20210011,2022-1,Ingeniería en Energía,2021,Irregular,-0.9320639457730275,0.9002496970152629,0.5665107698481623,0.31632398931444944,0.6161081117124603,0.46902792194765575,-0.27654241794859685,-1.1981378670521106,0.43012723142829185,0.6822196771888739,0.5714870261938448,-1.085648062400466,0.1362325788698786,-0.19197374134406348
IEN20210011,2022-2,Ingeniería en Energía,2021,Irregular,-0.6651172453490595,0.3818290440272867,0.6957007753541494,-0.2072947987056482,0.6236199447992646,0.8767663100022912,0.5388358927268645,0.07311422666649173,0.3751493353030139,0.3003629287174866,-0.3043910558966146,-1.4041485516140335,-0.6277237900210941,0.2726561768755619
IEN20210011,2023-2,Ingeniería en Energía,2021,Irregular,-0.6361395128108519,-0.7273911609704156,-0.21330054757395223,-0.035739523777426147,1.6786296927850366,0.5972869146980985,0.05984669420965436,0.6114325589503823,-0.3245819172047222,0.5435859660476933,0.22099916682664686,-1.3172589100756322,-0.8974563527117274,-0.13311068188187633
IEN20210011,2024-1,Ingeniería en Energía,2021,Irregular,-1.1316933202479684,-0.31508649477344747,2.5863619893508845,-0.8751415480868231,-0.2547673593727976,-0.8977231803742278,0.9609066659691612,0.46388420909043476,0.4388864976049735,-0.5409305890372575,-0.003256313557703802,0.18885768980926945,-1.0968984474414292,0.7160144941278217
IEN20210011,2024-2,Ingeniería en Energía,2021,Irregular,-1.94898466379794,-4.08564834801207,-3.036757363297997,0.10703552768139446,1.064525137353587,-0.5709789210393315,0.44975921230328547,1.3950509816556962,0.6657180809797678,-0.6941419897587808,-0.40778341868534324,-0.4598743974039079,-1.1336351321672902,0.06511384686689126
IEN20210011,2025-1,Ingeniería en Energía,2021,Irregular,-1.3116284032828918,-2.8747777528928813,1.2308143967955532,-0.0803783864347578,-1.7288540546509292,-0.19715553715605524,-0.5841794132951894,2.123879724097071,-0.210993526993739,-0.4229225896590271,0.08824739616014124,-0.20382013514971375,-1.390768267254291,0.22991571021173662
IEN20210035,2022-1,Ingeniería en Energía,2021,Regular,-0.9088455398380367,3.15088983662331,-1.3855696116804503,-0.5884427559412305,2.1127310280685188,-0.416633964963924,-0.776138196616941,0.7055596378058461,0.4932678412511148,1.7118838031532988,0.7968074427253509,-0.292979354112655,-0.037136738012303785,-0.08139642155883076
IEN20210035,2022-2,Ingeniería en Energía,2021,Regular,-0.7687559852931649,-0.9600285516710819,-1.5696159129770342,-0.03286594839035661,0.35179543455858453,0.9332916848254811,0.5270963342718297,-0.4241757275608644,-0.060580874548103014,0.7420083230856961,0.6846912998287817,-0.9255257535739931,-0.04263208029721066,1.0907234943031932
IEN20210035,2023-1,Ingeniería en Energía,2021,Regular,-1.6743033668862726,-0.9913381013649543,-0.3272949582445673,0.6615525355976395,1.0948065890856462,-0.05423892203118992,-0.5159168298084691,-0.19291976560948149,0.7438562201210626,-0.650615784247922,-0.8585117069016955,0.20365454292362417,-0.2776729163997159,-0.6596958816326955
IEN20210035,2023-2,Ingeniería en Energía,2021,Regular,-2.089076217823359,-0.5671450417576479,2.40062446300323,0.13424130468664972,-0.8051010114948925,-0.49981702318667043,-0.7659502305493956,0.5974110480578543,-0.4369478657799194,-0.38351765261962123,0.6286610707443916,0.03101104647936218,-0.08988526263445351,-1.2858975567065694
IEN20210040,2022-2,Ingeniería en Energía,2021,Irregular,3.4072767503659693,2.6039681223767013,-1.694287832296332,-0.6191148757855439,-3.1741135164455017,-1.072835338079459,-1.6783773389143029,-0.863056043230922,1.4402551758718956,-0.08927577794681758,-0.13203429496421243,0.11855465204107958,-0.8252800007084882,0.3946523399909824
IEN20210045,2022-1,Ingeniería en Energía,2021,Regular,-2.35811138669625,-0.2521510483770494,-0.2743434588743228,-0.20381721480957554,-0.6977121480045829,0.12111555366718171,0.12906010571483534,-1.3972628156112403,0.6384694259865843,-0.6182623412209873,-0.9157166190997812,0.05795333304600999,0.6997889719295656,-0.6493773533421827
IEN20210045,2022-2,Ingeniería en Energía,2021,Regular,-1.6707513844538038,0.5581503125379896,2.2083843520573807,0.04543405670441931,-0.5542484744698054,0.5438276483226784,-0.8369360376411483,-0.45340906164524275,-0.67095599899215,0.502861087382103,0.538993133092359,0.14568505413045207,0.49357135644029126,-0.6029019967434797
IEN20210045,2023-1,Ingeniería en Energía,2021,Regular,-1.4230497249751275,-1.0686354078952978,-0.1797515864063028,-0.2274735028191401,1.3845016238345955,0.8699459035713929,0.3928237217445488,0.8075256746882992,0.29095586144993746,0.570766128262509,-0.5618894718193946,0.010336895866255148,-0.44981142973970145,0.5880788851059464
IEN20210045,2023-2,Ingeniería en Energía,2021,Regular,-1.2175520042674317,-1.5200264137510917,-0.05224185276441535,0.7516388887163777,1.1274544482581885,1.0217300810335423,-0.6219181166513622,1.2396254115416978,-1.1063874261303162,0.464317282163215,0.6208523372343522,-0.03395949593493056,-0.49061479896065335,0.7328415651612549
IEN20210045,2024-2,Ingeniería en Energía,2021,Regular,-1.3921434255981648,-2.760223776141906,-0.6339937805955519,0.5899615235666014,0.23534903563502182,0.7265014323914859,-1.058656129305705,1.8546447202646648,-1.1598035804332685,-0.4003766146838401,0.2867068363730389,-0.7274560680887141,-0.6979976723008017,-0.21853869065166148
IEN20210045,2025-1,Ingeniería en Energía,2021,Regular,-1.7662400935017104,-2.847356740304456,1.4109366779877477,-0.2685346356663391,-1.3406508422732355,0.00639866370016206,-0.7050279360514886,2.6600427705587006,-0.778760701395401,-0.5509076776924079,0.7601783637447161,-0.7609501540551166,-0.8191383632289949,-0.44543685259135174
IEN20210139,2022-2,Ingeniería en Energía,2021,Regular,-1.6042032795220442,0.8784082220409049,1.7647516223584494,-1.0839713704153255,-0.7338192524311813,0.6348658593405073,0.7614744970525187,-1.3875604417861833,-0.7173872942403301,-0.4152906144111549,-1.451983667230175,1.036591876447956,0.2640724443318932,0.4869819856229426
IEN20210139,2023-1,Ingeniería en Energía,2021,Regular,-2.255940841297607,0.06877895115530698,1.0222923593844089,-0.01251070336116588,0.4343184852481932,0.39641088893016707,-0.9099767224509479,-0.7844075955685179,-1.2073369859759848,0.3191028126853801,-0.2166220291035763,0.6531524567041185,0.6452801637537922,-1.111614512066752
IEN20210139,2024-1,Ingeniería en Energía,2021,Regular,-1.1568301356852237,-1.6647367374303614,-0.9432487891620491,-0.6178137327724601,0.6452814099784095,0.9801588813945548,-0.6868394055683938,0.2884014510358864,-0.5941564686059466,-0.9152438685098542,-1.701537814223756,-0.6043588215174799,-0.256722147543129,-0.4987257676401141
IEN20210139,2024-2,Ingeniería en Energía,2021,Regular,-0.5825915393939204,-0.8270344074161977,2.1758293666833306,-0.9276100181126331,-0.6888145077279347,0.7443587452394789,-1.905952995400383,0.7708442514730097,0.20991537029573276,0.516229427851263,0.23611797547708976,-0.752450269666012,0.19439721733842974,-0.4329839281292713
IEN20210139,2025-1,Ingeniería en Energía,2021,Regular,-0.39361063929019036,-2.921611808327351,-0.37628049284081977,-0.9638295601827406,-0.292863318864411,0.9006520369333604,-0.86740474703513,1.7622114712134425,0.6901482152122717,-0.05023462404397186,0.06392014696435032,-1.1247828373384956,-0.4243854222918057,1.184543894485535
IEN20210146,2022-1,Ingeniería en Energía,2021,Regular,-0.5084932187804763,3.151082002919578,-1.5648143602785562,-0.2949583376290916,1.8869173709599782,-0.3327920956870422,-0.9713444363252551,0.4175430880324548,0.45406006588304454,1.4111966501481397,0.8547186396878804,-0.06340030206193117,-0.025906918627125658,0.42654466259135415
IEN20210146,2022-2,Ingeniería en Energía,2021,Regular,-1.3097514872365756,-0.4339254742849235,-0.7208858966222995,0.2744966523628956,1.1295554191155381,0.4738898908163635,-0.3359599389848136,-0.9611390237965642,0.3384774460216675,0.7281160419088575,0.41649317113518514,0.22473244387294128,0.5179661355864814,0.23785474489558392
IEN20210146,2025-1,Ingeniería en Energía,2021,Irregular,1.0912629769166868,-0.4096804322173868,1.8428648178337723,-2.2297283374076997,-0.341147569812861,0.7463326735922041,-1.9486677703375574,-0.5199318861268687,0.6757429528644496,0.6937665278654787,0.11924170046463027,-0.6033652559266357,0.5093295122292596,0.3158548092710177
IEN20210159,2022-1,Ingeniería en Energía,2021,Irregular,3.653461419467228,1.6782065572464222,0.6779399515145772,0.8710714651025252,1.082573986496834,0.24911777610445926,-0.9550817112184732,-1.762810667478266,1.007693948552,-0.5260264201623659,0.8496880511117894,-0.7375312780122311,-0.42544156951952905,-0.024707303910274075
IEN20210159,2022-2,Ingeniería en Energía,2021,Irregular,5.040559594656794,0.9715888269919766,0.6272060224534096,0.2772859225319731,0.9613662615615518,0.2648554885101397,0.5251818758061054,-0.7152993905980672,-0.7654084887037621,-1.4646097463245487,1.4412579646920065,0.10135429868614489,-0.5372266834234226,-1.4390704709861653
IEN20210159,2023-1,Ingeniería en Energía,2021,Irregular,0.3239405232188287,-1.2534266946578732,-0.3589321438300981,-0.16852373979786905,0.23730265021866656,-2.1725671452362874,1.069541426031279,-0.5225952221926008,-0.30894978823233465,-1.7982676153252812,0.8232372920859107,-1.09576717816264,-1.058004126636239,-0.5554265559998588
IEN20210175,2022-1,Ingeniería en Energía,2021,Regular,-0.3947258798980777,4.380849606398899,-1.6539142859630316,-1.470828853856511,0.05227859588175664,-0.7600016919338533,-0.15009871397565955,1.4105463083585048,0.5035902388695296,-0.4243611032883634,-1.2716742654456434,-0.05892282315856553,-0.777527588075355,0.3308674433888173
IEN20210175,2022-2,Ingeniería en Energía,2021,Regular,-1.0096092311756637,0.9701260367356558,1.8229046293164997,-0.09901612778040407,-0.4704284064567582,0.3863805465781601,-0.35858330401420807,-0.7757337742531328,0.48144824748895476,0.5695158127705331,0.6711122786377687,-0.901471123586096,0.33430701950864666,-0.10399365751455239
IEN20210221,2022-1,Ingeniería en Energía,2021,Regular,-0.637953759479874,0.8229847751825735,0.4201129827744508,0.1800469701374601,0.4751624496238593,0.3902294169420193,-0.15242484464321995,-1.2922288183637471,0.9309417853010147,-0.07913373942118361,-0.3572930857375905,-1.1480770364472495,-0.11342697871369997,-0.7542831245002177
IEN20210221,2022-2,Ingeniería en Energía,2021,Regular,-1.193588958859148,0.5220560744078606,1.8834923966240633,-0.5814299319107524,-0.6719515758161098,-0.5403475410538057,1.328042147605246,-0.7885571246251633,0.07574263341546329,-1.0388946216492725,-0.5006522469514658,0.05420633092547787,-0.7503322870849691,0.17972459504701244
IEN20210221,2023-1,Ingeniería en Energía,2021,Irregular,7.135717144327526,-0.5722059056268193,-1.312986527187077,0.4203823168691849,0.8408204461291621,2.7734357568470913,-1.194405888680723,0.60917544369252,0.20403189915936137,-0.19300744228256805,1.2839183344816165,0.7844279885367873,0.4136137294692694,0.22237636637810593
IEN20210221,2023-2,Ingeniería en Energía,2021,Irregular,5.701765484939287,-0.39177861644306616,1.1207636357563904,-0.36521301355908947,0.9816104271997218,0.6109592349725103,-1.022884596946561,0.7712790780059211,1.8206078748968784,-0.22349062188471527,0.8787069037226224,0.49661296147803763,0.08503392244132789,-1.167647295536868
IEN20210221,2024-1,Ingeniería en Energía,2021,Irregular,6.60767023458766,-0.9360798200306792,1.5164389812793915,-0.4138264376171662,1.1186242135757625,-0.06035406159029859,-0.46459820758493897,1.2532545844429284,0.24924685437959382,-0.7306195689010413,1.5725534420787817,0.9077387758919249,-0.5583279622971113,-0.040269534316924906
IEN20210234,2022-1,Ingeniería en Energía,2021,Irregular,-2.2192234356590927,-0.9766427872477301,-1.4495229547924084,-0.038767045391360916,-0.7773619179880202,0.3494342359780767,-0.12124865575638746,-1.1428171425068636,-0.040560516070361353,0.4548994578443384,1.2114460594362488,-0.9637251500381276,1.1010868746977511,-0.3517437163694995
IEN20210245,2022-1,Ingeniería en Energía,2021,Regular,-2.1932607779897326,0.7527875511800455,1.6465467400756824,-0.6235335654504,-0.979253716913644,0.5031253773368578,0.717719365548518,-1.1753413846778502,-1.9168670542985033,-0.1470287475153603,-0.12776649517501282,0.839315657936568,0.5329461958800977,-0.07005881966179198
IEN20210245,2022-2,Ingeniería en Energía,2021,Regular,-0.4178008008556125,0.830955041418457,1.8053404161414957,-0.5333239853890951,-0.5222591161877224,2.3792717232185536,-1.3459694246883351,0.13977205728308478,0.9292016785248208,1.4661190402459081,-0.46529230813297634,-1.0693866209841625,0.8707366585171171,-0.19988000161696196
IEN20210245,2023-1,Ingeniería en Energía,2021,Regular,-1.2482441305003076,-1.4596071959796708,-0.7459622280060665,0.5249287736470349,-0.7421486246375485,0.49859842374012286,-0.06602000193073056,-0.024343729569160193,-0.8269937512986731,-0.8376098912705101,-0.6175392496924502,-0.4237574266876086,-0.699991438046609,-0.24659189965021908
IEN20210245,2023-2,Ingeniería en Energía,2021,Regular,-1.7077279293863057,-1.7476002053835744,0.034294733549668326,0.2760118620085355,1.2138707319687647,-0.14832628443407161,0.3330479010649936,0.9729073724168014,-0.7847451960015298,0.41810381822230924,1.1660666707653726,0.5605937127641321,-0.633822828144701,0.942211428829067
IEN20210245,2024-2,Ingeniería en Energía,2021,Regular,3.071531983000344,-1.1699053116520062,1.270946020284422,0.46852617395134727,0.25359872730112726,1.754301816759866,-2.2523092840492587,1.6241914250544829,-0.9208341746364953,-0.45548025584587515,0.25216700092976424,0.6903454141743516,-0.3698916328637565,0.66398114929538
IEN20210270,2023-1,Ingeniería en Energía,2021,Regular,-1.790028043765409,-1.254926589533448,-1.4487286725875566,-0.5013304597043531,-1.3133113323420424,-0.36714676417065917,0.14275787893154132,-1.7483856029683729,-2.130719311134784,0.7940732737849875,-0.6021054093014531,-0.3815884677788049,-1.0510911839806831,-0.8597712466069803
IEN20210270,2024-2,Ingeniería en Energía,2021,Irregular,-0.11806613002959476,-0.7780854153172844,0.8008873540094545,-1.8917602637843047,0.5562976808636174,0.4131450170116584,-0.8318837467404288,-0.5286066049364179,-1.0068639572620064,-0.8162900072251628,-1.5300423405981833,-0.098339701112713,-0.39622793993536165,-0.45734383635584847
IEN20210270,2025-1,Ingeniería en Energía,2021,Irregular,2.2168441766671445,-4.647298766717386,-3.5713474536964913,-2.225875616659457,-3.4267746169989466,-0.07720901895414942,-1.0408194922681986,-0.38288552413630383,0.9772282320063901,-2.049268317378239,-0.20571121816163737,-0.8240838770524314,0.31206161594842285,0.9341561450790717
IEN20210271,2022-1,Ingeniería en Energía,2021,Regular,-1.0848666040122004,3.5846652783076007,-0.42884628392828483,-0.6312066078613447,0.7582646739936525,-0.8029464711348657,-0.8301535342727615,0.4328097991374228,0.03537849821731408,0.41952720738224736,0.15308027103169955,-0.18244524024970932,-0.08933242358960626,-0.9819734723820789
IEN20210271,2022-2,Ingeniería en Energía,2021,Regular,-1.279933093302243,0.23790240892467324,0.4581275810070231,0.17437149625775353,0.1729654953240629,0.22875101171236886,-0.2225930039148148,-0.9347614502148996,0.8964080993258378,-0.05958859686227754,-0.43768664969825766,-0.43439789274654783,0.09901855064649605,-0.2724652264452133
IEN20210271,2023-1,Ingeniería en Energía,2021,Regular,-1.401583802026248,0.1549128176201461,2.0366631818551677,-0.2394261930279764,-0.6628301045750253,-0.1798921076398757,-0.19502548384828014,-0.36664267191927663,0.6415979203641501,0.4281291510409631,0.9047109522684704,0.07538442135215237,0.28416635125199646,0.4264967948426639
IEN20210271,2024-1,Ingeniería en Energía,2021,Regular,-0.6836880504763664,-0.23052645699350965,2.1445808587025708,-0.32391503095514823,-0.7953371171786686,0.8554417470066684,-0.4870199394062346,0.8105084056706722,-0.33509277678766974,-0.8546675374609861,-1.3473334547568419,-0.6386638469211809,-0.7652680422387215,-0.43133500346672815
IEN20210271,2025-1,Ingeniería en Energía,2021,Regular,-1.0396616360973532,-4.16454940366971,-2.0771563121582153,-1.0420323509577876,-2.21824725456738,-0.03987704059597787,-0.2486957517465311,1.1061085423011072,1.3546138925735982,-2.136410787614564,-0.7968720381050346,-1.5100579458876575,-0.369536987867461,0.5933850302839508
IEN20210274,2022-1,Ingeniería en Energía,2021,Regular,-1.2632190526847586,3.0070917087553104,-2.1650272542974025,0.1426224315184045,1.146759815486068,-0.9546974912256075,-1.1336738771163017,0.24726418422796032,-0.6267391820678331,0.16367659298721493,0.8087027228226107,-0.01778229935930044,0.11481469471607729,-0.606123460984389
IEN20210274,2022-2,Ingeniería en Energía,2021,Regular,-1.3332596493766269,3.838790080080549,-1.0823307145250525,-1.000367938922184,-2.0533094809622288,-1.2027460971306474,-0.8307931709241029,1.6628339840404454,-1.6513403853735127,-1.0745772184414066,0.32563076116401973,-0.23949538821934568,-0.21528604338732782,-0.3203309037633443
IEN20210274,2023-2,Ingeniería en Energía,2021,Regular,-1.8843295949516132,-0.6573532580163971,0.10615981951842098,-0.105581492216134,1.8472465676992196,-0.9545001095926118,0.25109161351334075,-0.7996175260318514,0.5321009395972687,0.7752685265104392,0.8660485957526017,0.9849124337907118,0.05077955714073934,0.7419692798775076
IEN20210274,2024-1,Ingeniería en Energía,2021,Regular,-1.735308403782714,-0.32868329378248773,2.331369887832358,-1.052703586032358,-0.46317112050467946,0.04222490130447476,0.3664307993596671,0.7221097212931664,-1.0525280361755376,0.7644185858121861,0.985465065288159,0.044178915278000656,-0.017638472769665455,0.39614271784423993
IEN20210274,2025-1,Ingeniería en Energía,2021,Regular,-0.533454794638699,-3.751146196484891,-3.2213989814704544,-0.12921537822429413,1.3966719280582511,1.397940733883212,-1.3017888214302542,1.6299539693832203,-0.14933261935930917,0.10267300840672205,0.299928098494269,-1.6730221570023727,-0.08266485557853073,0.6532542929013104
IEN20210301,2022-1,Ingeniería en Energía,2021,Irregular,2.0039689092953012,0.3596182857002826,-1.0800533916770687,0.28464026723119146,1.2438374935742975,0.5373590730571817,0.30679106077233054,-1.189455463628552,0.15084731445954358,-0.34256710367067306,0.15002452616307518,-0.3581233472652792,-0.39721968878208586,0.7720145994056996
IEN20210301,2022-2,Ingeniería en Energía,2021,Irregular,2.8027922432985326,0.2015304141149239,-0.05237246061190291,0.5393586819238122,2.0558658175076228,-0.4151010174777248,-1.079438789680246,-1.0080640009700856,0.15529066925142457,0.0446442165418518,1.2095003020909711,0.5171430077832998,0.03897145963566475,-0.18861986003468167
IEN20210318,2022-2,Ingeniería en Energía,2021,Regular,-2.2690258745934058,1.2129449838089732,-2.9153887577432704,-1.0669363005569352,-1.4482750781456106,-0.5529389714884565,-0.13698900836556546,0.17330169332524906,-1.1919936724829827,-0.9695359405177756,-0.7353377283957327,0.8525288619196736,0.4073017243632306,0.48030932757126277
IEN20210318,2023-2,Ingeniería en Energía,2021,Regular,-1.0474032612491229,-0.3694119751458716,1.696266224020355,-2.43091793969133,-0.745456363919248,0.5080774283185898,0.6166878528634457,-0.4022513492147434,0.21972436111153842,0.9080755201196272,0.002136186711397342,0.6113824021664245,0.45231353494495574,1.6743191239847914
IEN20210318,2024-1,Ingeniería en Energía,2021,Regular,-1.9057392021365103,-0.8513916729978397,1.9347317515443725,-0.909047515545137,-1.1231778742644696,0.09274707227091857,-1.4134906037294348,-0.3133111791934599,-0.8634200882186202,0.13064911604173837,0.4829533039134402,0.769869524726233,0.8238799584750772,0.001740237141118206
IEN20210318,2025-1,Ingeniería en Energía,2021,Regular,-2.2969469661433024,-4.547343677789526,-3.3508166612040773,-1.0975924369679027,0.9542228695469205,0.28414124336932073,-0.42896944816627897,1.1396061521642982,-0.36624457471502636,-0.16183789413025748,0.011695905173000955,-0.14172097699394484,0.2548691718300354,0.66819600565251
IEN20210332,2022-2,Ingeniería en Energía,2021,Regular,-1.326634589865199,0.004970505325439433,0.18465480335610704,-1.220661520722674,-1.0129840608827803,0.8318042503723556,0.8879509351183915,-0.7714083384027072,0.2755214562164084,0.14207482459285195,-0.35285649635204214,-1.1887005216654316,0.28546801557206486,0.5069211617105897
IEN20210332,2023-1,Ingeniería en Energía,2021,Regular,-1.6063911111526687,-0.6238273500721027,-0.2937827010080885,-0.04982468348258456,1.4973924217423962,0.5487789138182753,0.1413079310366805,-0.015498423776566926,-1.4739342503142243,0.26471893986381784,0.24720578164668605,-0.3470054749016198,-0.2591160701909068,-0.3310769477760534
IEN20210332,2023-2,Ingeniería en Energía,2021,Regular,-1.6688738815810877,-1.191177165068409,-0.08507712700281471,0.19809533398197604,1.4466709176725567,0.043253074972321295,-0.8122533105289474,0.11782376725177898,-0.21722142647367032,0.8936506813452312,1.0786936907144837,0.08736049502604706,0.14667106269564495,-0.20494445331628522
IEN20210332,2024-1,Ingeniería en Energía,2021,Regular,-2.3702910710232405,-0.7717885637694444,2.727691177516556,-0.8084871100506684,-0.45180063427788797,-1.3235780675713755,0.054748132750360154,0.28889268962798337,0.5193658300110712,0.18347838719100723,0.6678941730463159,1.172646094680602,-0.1335730254199294,0.02044650621606396
IEN20210332,2024-2,Ingeniería en Energía,2021,Regular,-2.146289987483842,-1.372344382013226,2.4880557713186215,-0.25883355106702804,-1.067026638780672,-0.27985176963841685,-0.3098091519843673,1.4140706598580368,-1.4267311018246325,-0.6840463980117719,0.21740215043450298,0.5310565682912445,-0.5995527974943254,-0.08630616774718092
IEN20210332,2025-1,Ingeniería en Energía,2021,Regular,-2.7924471311863144,-2.400179313766416,1.7586292634356098,0.07425590033528358,0.11467707646739111,-1.112632977376566,-1.0413350670383354,1.7063321426805373,-0.38568789766567185,-0.2982863576350974,0.580034409150798,1.1289573070634025,-0.3479671788595559,-0.9173214276073931
IEN20210348,2022-2,Ingeniería en Energía,2021,Regular,-1.5495824627031967,0.45339722810633776,0.5691816710063927,-0.5424918358881683,0.36770655557864373,0.5030087940069448,0.6047877939147341,-1.185696482011955,-1.2500668158159547,-0.34637611852968675,-0.7708113399225388,0.23494022549475008,0.019947183565184427,-0.21590981336972928
IEN20210348,2023-1,Ingeniería en Energía,2021,Regular,-1.933153183283205,-2.441886522561417,-2.8385686910415493,-0.0312745125323436,-0.33506847823998226,0.1782706012065725,-0.3081822126558411,-0.9906625600845534,1.0800926957891843,-0.7779797070430122,-0.4053731915424378,-0.2186533943325088,0.7443346884078842,0.054302135348472114
IEN20210350,2022-1,Ingeniería en Energía,2021,Baja Temporal,8.635054044424388,1.0784272607288146,-3.1763004775795607,-1.44629502988962,0.4632884802931248,1.020252442721076,3.075954181708368,1.2117957712991019,0.16492476537553416,0.1391233435290937,0.7862089191112805,0.992324090778653,1.743954642934835,-1.2949155954147298
IEN20210350,2023-1,Ingeniería en Energía,2021,Baja Temporal,7.2225419715531105,0.7892603018493717,-0.4931091490417186,-3.265946396696146,-1.3387512157048391,-0.45874267953076436,2.8812106970439815,1.5452488794795585,1.9404126765752043,0.3737389212410537,0.5933800093534234,0.2506960358264917,2.287137197717192,-2.3586396802229306
IEN20210350,2024-2,Ingeniería en Energía,2021,Baja Temporal,11.834610573674135,0.01533896237005525,-2.2490047955584234,-3.2471995019371613,1.6212201956757664,2.6160745242223293,1.4864261634745615,3.105100895583722,0.2568215905558128,0.3249911954702736,-0.8652768576539365,-0.8298375491808393,1.0921793619886544,0.12654167256638002
IEN20220009,2022-1,Ingeniería en Energía,2022,Regular,-1.8666492458687884,3.484041893381658,-1.4668312482263075,0.9947042267265709,1.5233000303803623,-0.8046458784674633,-0.4349648211686113,0.496958412728233,-0.027494084628340867,0.098280881681765,-0.2813353272689952,0.4518666322054009,-0.45285473980100155,-1.0969643145515686
IEN20220009,2022-2,Ingeniería en Energía,2022,Irregular,1.8752777231499869,2.4861867608119863,-2.0556105711606465,0.06724830255288547,-1.1708210326030017,-0.4001184669869351,-0.7827455331258895,0.8178611154492582,2.4200660784694277,-0.05205003985345833,0.5509905855098949,-0.243500099922953,0.0677323189834063,0.5945757690541285
IEN20220015,2022-2,Ingeniería en Energía,2022,Regular,-2.444437194659725,0.9015428305460207,1.5595089633253396,-0.0391754826107616,-1.177627193818679,0.9624037460062745,1.0062204617310284,-1.025765863751167,-1.544178516588708,0.33238664110325816,0.28027623391647444,1.1815004997033947,0.8350777472119365,0.8802030289186276
IEN20220015,2023-2,Ingeniería en Energía,2022,Regular,-1.3860483255821348,0.16484488806795755,0.9364808336393097,-0.4907360392653735,0.4581402832804902,1.4074129283264465,0.36285041855169914,-0.2617385539014773,-0.17970683517158437,0.7149233061253447,-0.8677776548620706,0.9825414739549592,0.2743412948382873,1.4497291658846114
IEN20220015,2024-2,Ingeniería en Energía,2022,Regular,3.3736108502902713,0.5790027766979888,1.8345821163858524,0.20676563874984244,-0.8568826954003644,2.704959530868095,-2.292869016571092,0.06180965970814323,-1.4626514033240032,-0.27190655236945754,-0.1902948487618619,0.6766053125758376,0.5041350567638946,0.996519453353628
IEN20220015,2025-1,Ingeniería en Energía,2022,Regular,-1.6951348433061124,-3.925822388771352,-3.7437021571418447,1.1779849106170626,0.35428477865004204,-0.6117216635354311,-1.4508169485310318,-0.07719549651137099,-0.4873128812572998,-1.4285492933980994,0.4491760120550417,-0.4957330544414568,0.3205149668757058,-0.6787907215780543
IEN20220023,2023-2,Ingeniería en Energía,2022,Regular,-1.6466886197746489,-0.8724340332297312,-1.3382512272750875,-0.04804209017684912,-0.848080880159139,0.10060050424573072,-0.22994202300263905,-1.853932260600091,0.5326979150615331,-0.7060009523044279,-0.9929358288649,-0.14737779017654812,0.35952777581163375,-0.5360577179795599
IEN20220023,2024-2,Ingeniería en Energía,2022,Regular,-1.60448340314154,-0.16963384176337765,1.9218068569721398,-0.9476783297359547,-0.8441157285044432,-0.11306164825896356,-0.12297869795439897,-0.6402706215511416,-1.8798808754585175,-0.7155115378334886,0.07531817124280042,0.2490002241153169,-0.11575494814820861,0.11232573213761127
IEN20220023,2025-1,Ingeniería en Energía,2022,Regular,-1.2930083034395836,-0.6051314699007528,2.076138963417425,-1.1917649799167915,-0.689264317863315,0.4713228926144894,-1.3909124678647242,0.33133482981961354,0.1988825277081118,0.7276028026251192,0.24005166675342973,-0.5019824231556519,0.39087916686819096,-0.334304939784587
IEN20220060,2022-1,Ingeniería en Energía,2022,Regular,-1.7011933641246186,4.272331130559029,0.46062001030058314,0.30224174812113097,-0.8146413857150694,-0.8087243318184039,-0.536379406998908,0.5294237941275943,-0.5696019930318661,-0.16273601749734842,0.6271723302116337,-0.07558272134457197,0.08887866983823464,-1.4631197159415148
IEN20220060,2024-1,Ingeniería en Energía,2022,Irregular,4.434303021150082,1.6612206830000043,1.0852991286117692,1.3103605141947967,1.39843683061598,0.02416703317484437,-1.43755415546471,-1.7760728837489204,1.3912794240077027,-1.574762098629267,-0.0805664064394876,-0.9395617863727326,-1.176087553545647,0.08260199569651265
IEN20220060,2025-1,Ingeniería en Energía,2022,Irregular,1.41281204683839,-0.1888968801231863,0.9674620433179982,-1.8249485570402346,1.3587772820966657,-1.6286891584874097,1.292259711356766,-0.38099648796814156,1.6038425712844406,0.044902789873599865,0.7146897273234223,-1.6582180983694992,-1.459137650618108,0.760457321675367
IEN20220067,2022-1,Ingeniería en Energía,2022,Irregular,-2.5788942690228227,0.3088700364176242,-0.700723400141894,1.73748068564669,0.9577892305920002,0.23373349786178457,0.16275999116989232,-1.1357802536165056,-0.5565927143604243,-0.016700398768360013,0.32176870867659274,0.0379053354139764,0.26596479798671196,-1.0494880396775446
IEN20220067,2022-2,Ingeniería en Energía,2022,Irregular,1.7265216773958576,1.6022640465039817,2.027462134096396,1.2446285683479485,-0.5411633284257603,1.5082895665910703,-1.1803547004311934,-0.38817745997746333,0.939920606110779,0.19632666420082362,0.042174450415661494,0.08058151609088933,0.283646404461506,0.18652479993474827
IEN20220067,2025-1,Ingeniería en Energía,2022,Irregular,8.656558696414836,-0.425138095425146,-0.11577537524173433,-0.5282069857787313,-0.15673255406843378,1.2170394195936356,-1.52364833206489,-0.5556370769960928,0.004746126254003714,-1.840959599873256,0.2639156408127262,1.4068331459168846,-0.09184050655270283,-0.02135553699299993
IEN20220071,2022-2,Ingeniería en Energía,2022,Regular,-1.2238899639358394,0.6339063206171486,0.38128554929068387,0.3778753131908846,-1.0806727987156939,0.8774279739884161,1.0607179274938008,-1.0026911529532874,0.01698658369002577,-1.2536457621573016,-0.8986905377050043,-0.72519878220997,-0.12248492848814492,0.007560013756653518
IEN20220071,2023-1,Ingeniería en Energía,2022,Regular,-1.8171871335428649,0.6752916831878437,1.8938795154808685,0.5012705245432842,-0.8483827248643124,0.2132298214681477,0.047794085310760466,-0.4615191319385117,0.4920565062452426,0.10897105304799644,0.38423686144758545,-0.16919387898727256,0.19366220660603464,-0.4055630084661535
IEN20220071,2023-2,Ingeniería en Energía,2022,Regular,-2.18918884017128,-0.3790914199975584,1.038173788965619,0.4996731574550966,0.17459556163819856,0.028186284967060313,0.9538071320414855,0.5643145597944368,-0.5012529644032673,-0.5507775472384044,-0.259256678958218,0.19008170984925776,-0.6839473144757512,-0.3591987042207497
IEN20220080,2022-1,Ingeniería en Energía,2022,Regular,-1.6522256525559729,2.8413825789175537,-2.5100861676254387,0.8864173027277272,0.5030429145018177,-0.6487942813086021,-0.40699637356899226,0.5627214304183511,0.9125701841988685,-0.6795386726822142,-0.6909169566019211,-0.3362213849021995,-0.3068057007763173,-1.029178694949433
IEN20220080,2024-2,Ingeniería en Energía,2022,Regular,-0.7941928217171422,0.09773201932181601,0.9819308933026406,-1.1914135484551958,1.0227582124279175,-0.3128237224588495,0.5008513252810453,-0.5374855004958329,-0.7278517995868136,-0.05860607691309134,0.08324626172105763,-0.9371673819842086,-0.6869487666764323,-0.35239092382964016
IEN20220080,2025-1,Ingeniería en Energía,2022,Regular,-0.2552610554135916,-0.549234388203992,0.1439529811321763,0.04483079443630681,2.0273546690764594,0.41021968817417315,-0.7437162460492727,-0.008681620773217472,-1.6703005148209595,-0.03481368872169818,0.2805762464947724,-0.7880258473130471,-0.8774116546445198,-0.15334068383004704
IEN20220081,2022-1,Ingeniería en Energía,2022,Irregular,-1.937783623340813,-1.0251534126257629,-2.0125547024237473,0.47263019907704734,-1.584105042355168,1.0636788276077278,1.3101740392429426,-0.6649281376036279,0.07190911528469301,0.08272914263684086,0.4455887665163983,-0.8986895649906557,0.384411224841528,0.5861507729107486
IEN20220081,2022-2,Ingeniería en Energía,2022,Irregular,-2.2491825608598957,0.1645680998874583,1.6120019009225939,0.7929559202723395,-1.5451884275993808,0.46501087877542086,0.032675625047384395,-0.21342011590902144,0.9798926374764066,-0.6358289722203921,-0.7358500609224535,0.3542855128195976,0.16474186055220053,-0.49338264561329
IEN20220081,2024-1,Ingeniería en Energía,2022,Irregular,-2.1088492584204768,-1.4835165705529987,0.011183878986064977,0.04266659997306608,1.2470335616536388,-0.15814803594980817,-0.234519982510796,0.429711863949657,1.0685680082066333,0.2950686346706085,-0.4846873519395892,0.741998595938579,-0.2611164928082913,-0.4120084642228688
IEN20220081,2024-2,Ingeniería en Energía,2022,Irregular,-2.2475451157310764,-1.6742123439478103,1.2852292094840125,-0.10500889487916361,-0.01712859847013719,-0.728619716800564,-0.16410141311225163,0.6329090877550342,1.2549024209817286,-0.16000019448049443,-0.09708199060679745,1.4525981667282564,-0.2684397813029153,0.4506325452498821
IEN20220081,2025-1,Ingeniería en Energía,2022,Irregular,-2.2421941012671467,-3.410229953415488,-0.7860928042892918,0.45995486113050993,-0.23164110022978865,0.3622187035421335,-1.2920359577673806,1.933712246065126,1.3264890678259325,-0.45755747608545605,-0.5525328074760135,0.035764999182180485,-0.1526657241242576,-0.44188917512049763
IEN20220156,2023-1,Ingeniería en Energía,2022,Irregular,3.0480261735531737,1.054935344921577,-0.6050533083614248,1.317831145462407,1.8174223040757704,-0.06362802886564288,0.825944200932325,-0.8085341695506788,0.4204019254475879,0.16032074899309484,-1.3828794463791672,-0.9921816721216432,0.5772474531334763,1.0536901594560153
IEN20220156,2024-1,Ingeniería en Energía,2022,Regular,-0.10740643631180952,0.29195582731544045,1.0557086243701883,0.15972685538853362,0.9816638418013749,-1.7456474751915523,1.7245898792401344,-0.42398073522085683,-0.5827153530715365,0.738210315284298,0.01652056905192818,-1.152234637409521,0.7709413864308473,0.9759441377529202
IEN20220156,2024-2,Ingeniería en Energía,2022,Regular,-0.7525526076544363,-0.4456022132344834,1.1560607326910528,0.25054179417659456,0.6891612860427487,-2.0224666227128556,0.6018263426627642,-0.08580046829805983,0.2740248473621562,1.200112332676154,0.10505228677425445,-0.6360890279381687,1.3653696156780553,0.15690386792302166
IEN20220156,2025-1,Ingeniería en Energía,2022,Regular,-0.5537835526352047,-1.8411495139031389,-0.11848956752294769,0.8295999968917324,-0.1656442090189436,-1.222485380649559,0.46407460599990835,0.8605839119051002,-1.3481066239252053,0.9757599843360719,0.09927340934931857,-1.0665667746479923,0.7336604740137463,0.7961311633839838
IEN20220173,2022-2,Ingeniería en Energía,2022,Regular,-2.0522756712246077,0.22103873251996706,-0.5489873352566007,0.5583472748075282,1.132241993818464,0.8990194502961832,1.1871555432805738,-1.099945888182685,-0.43331060896417417,-0.3699375941649702,-1.4420254753089565,1.3489676272937277,0.04253967016876424,0.5796307191313608
IEN20220173,2024-1,Ingeniería en Energía,2022,Regular,-0.9991494023917956,0.43689556185669876,1.6389745060752952,-0.21008549366502086,-1.0476311022653568,1.144443239912568,-1.23342983801897,-0.8374670300756941,0.18020201865277735,-0.5399075871501522,-1.3860581894406465,-0.027669133666309322,0.5202974632845758,-0.6804869527905355
IEN20220173,2024-2,Ingeniería en Energía,2022,Regular,1.5163502814053982,-1.7745013992307388,-1.1589730228121964,-0.4248021917234985,-2.002136961311246,0.6923078871321929,-0.5175339784794681,-0.0876736818231654,0.6271895796957275,-1.2825330495933311,-1.1174642945665643,-0.054413644269327745,-0.21937752240919992,0.5027785400650522
IEN20220173,2025-1,Ingeniería en Energía,2022,Regular,-0.836005930261865,-2.8332466889628463,-0.9016017632120201,-0.6472589293808867,0.30312733561079824,-0.17607031023930397,0.12386803850516016,1.2271747096140089,0.6194276205613585,-0.31602937061589487,-0.06591935735067055,-0.4314116817516803,-0.5703579670253425,0.7384713462951115
IEN20220197,2022-1,Ingeniería en Energía,2022,Egresado,-1.0572222136392004,1.92369038231714,1.86356651531199,1.2721446775590164,-0.5392384053171917,0.5080784092519618,0.1732226921015973,-1.3239834379783968,0.8681266333520168,-0.7191298422033444,-0.5848431366808164,-0.6327051811676825,-0.19517537498200302,-0.6091083516526125
IEN20220197,2022-2,Ingeniería en Energía,2022,Egresado,1.116238950705613,1.7138722028469344,2.2134071533150093,1.3935547061163138,-0.37179584520958875,0.6646844695438155,0.030068851647939786,-0.284722235902785,-1.3254156881601469,-0.27094017730342085,0.9587555388122162,-0.2235118810723806,-0.5146724269788777,0.005499748952874464
IEN20220197,2023-2,Ingeniería en Energía,2022,Egresado,3.0843860368458897,-0.3936460906133949,-0.3101497505246442,2.49713279810181,-1.7761221930484725,-0.8202596589567898,-1.702382225438261,-1.6073742264009654,-0.4260031428173046,-0.08144599326688719,-0.02029134570128242,0.7190901174801304,-1.819772320617738,-0.6543114688634146
IEN20220197,2025-1,Ingeniería en Energía,2022,Egresado,7.579087840635774,-2.2139840940976545,-1.1389622316311434,1.8755013758042796,-2.744695961453174,-2.7707868935262017,0.26835394223920334,0.012817849098437847,-0.260153911450726,0.8769153798017905,-1.794016105017856,0.3743426398065038,0.868221564378209,0.8507073469246292
IEN20220200,2023-2,Ingeniería en Energía,2022,Baja Temporal,1.2347329534947178,-1.2833137953884093,-2.135619756330566,-2.7183365217865023,0.5300716798095163,2.0979717137328233,2.8013446137646394,-0.058359621976886156,1.7416683914040096,-0.08253595879393523,-0.8234511997833805,0.42807428588989777,0.9416236901765371,-2.4971646608038767
IEN20220200,2025-1,Ingeniería en Energía,2022,Baja Temporal,2.0172477139288616,1.2793545608945394,0.9071783546465382,-4.177808003559836,-0.09921846917354016,1.3915197608303655,1.268937348911722,1.612736437666977,0.17774363755810024,1.1534220856358466,0.6201432827193557,0.6023161697651533,0.6884598958391824,-2.598822377088056
IEN20220214,2022-1,Ingeniería en Energía,2022,Irregular,-3.0570821649172566,-0.3690115529759808,-1.1476003055017723,0.9062701660686151,0.3076414529885843,0.4927355401772952,0.5382529885813875,-1.1284400632163276,0.24354442489911618,0.7219471730307288,-0.13022420156192469,1.0559054744722325,0.8179563951192237,-0.1292493118043405
IEN20220214,2022-2,Ingeniería en Energía,2022,Irregular,-2.665166700648947,-0.09348707682751708,0.939442084697447,1.038168780741324,-1.2843086329572866,0.6486489309464865,-0.19283213701513569,-0.5610995621693323,-0.3803034416668952,0.32572641915923395,0.6557028541238671,0.9840672080785053,0.8762037938211977,0.15247923988461878
IEN20220220,2022-1,Ingeniería en Energía,2022,Regular,-1.6269902289301936,1.3695519766495803,1.5746882718952306,0.3659389362027666,-0.9064007824036756,0.9963707139059418,1.209413800094324,-0.6992926001838274,-0.5076499173059,0.0118369891983309,-0.021180428546117572,-0.2065879799074649,0.07714777422573028,0.28450730007183117
IEN20220220,2023-2,Ingeniería en Energía,2022,Regular,-1.6196839762334512,0.63380713492239,1.9027834737415208,0.17323219337688545,-0.7103850298270052,0.37136866797132556,-0.7152384921932009,-0.6655948866971618,-0.5449780215840676,0.1918033290244641,0.7289093692997904,-0.3602890246244293,0.5219968544389231,-0.5549737806342548
IEN20220220,2024-2,Ingeniería en Energía,2022,Regular,-1.5004733346197427,-2.256983492443405,-1.517655783004286,0.39997200506390135,-1.8057469742966457,-0.060141101940867796,-0.05908079299669003,-0.34928485831484446,-0.8274524195937019,-0.5750817515450037,-0.6877874708937999,-0.6203858470632416,-1.1304869175642571,-0.20683903129189707
IEN20220220,2025-1,Ingeniería en Energía,2022,Regular,-1.0762001423031413,-1.293280715392991,1.1289121264331756,-0.17077049132847108,0.2217555614252923,0.95473598019491,-0.6592810239308953,1.6221164333434162,-0.6051867363149948,-0.16605838976731854,-0.36311837401136887,-0.7871739409180907,-0.7177163519161052,-0.4571948052381266
IEN20220227,2022-1,Ingeniería en Energía,2022,Regular,-3.0712121055249724,2.876593514772515,-3.357058593642106,-0.07952217032932818,-0.4862312926982632,-0.8926381145364265,-0.600728574091828,0.8230717167350897,0.4112047029935483,-0.4857888025549589,-1.1149206013508044,2.7267251871719353,0.9189317827363824,0.5159941421477967
IEN20220241,2022-1,Ingeniería en Energía,2022,Regular,-0.9852333818273828,5.826731124739337,-1.8623798486098846,-0.9333537793340797,-2.0283149508363194,-1.24395028406084,-1.0889206921626138,2.0485374987026845,1.2880645858783444,0.07632100638031347,0.33557838663269324,-0.012712802770719721,0.2622267544119753,0.20020343571735016
IEN20220247,2022-2,Ingeniería en Energía,2022,Regular,-2.2113538401715958,-0.39126344078056485,-0.48232297541407876,0.1560234938456217,-2.6967039523795937,0.4576102967826663,1.193332363286583,-1.1719757153623822,-0.7108817089499867,1.2184576078839515,-0.5890772547731828,-0.11490422553937461,-0.6588827615616176,-0.13064036356518213
IEN20220247,2024-1,Ingeniería en Energía,2022,Regular,-1.1347372207424042,0.19139075246590984,1.8000388036721975,-0.6126094719189429,-0.9647676039999139,1.0142905099326298,-0.02931216428813621,-0.288915480999022,-0.5249462985865813,-0.8326369179134548,-1.4354371004917834,0.14537160494145493,-0.14316594926617754,0.14691263822988754
IEN20220265,2023-1,Ingeniería en Energía,2022,Regular,-1.164051993291423,1.0203755822838223,1.4478795403065414,0.022969825680784546,-0.8277196268728065,0.4999015469827697,-0.4082948277751893,-1.3681541817891012,-0.28511208042423675,0.60110785779313,1.2459495773692046,-0.7077259973498223,0.712973558902972,0.012309723873650098
IEN20220265,2023-2,Ingeniería en Energía,2022,Regular,-1.12248379932045,-0.6157602213206527,-0.5449805093574899,0.4321211559733959,-0.19069365769688745,0.47293759913757644,0.38059526007203437,-0.6057436019055842,-0.20028873552236337,-0.9316380508309191,-1.1775650669710633,-0.4649642156490451,-0.8040434999166212,0.07444791109364979
IEN20220265,2024-1,Ingeniería en Energía,2022,Regular,1.6866837558153887,0.1364205529211849,1.3053902590251831,1.3728632801422689,0.5453851551702696,-0.2646734725927445,-0.8792926936338927,0.38435069150743767,0.6693234977915873,-0.2924909019310964,-2.3468430011409507,0.16265766832095674,1.0797582541314088,-0.7536906620709714
IEN20220265,2024-2,Ingeniería en Energía,2022,Regular,2.3555012337218524,-1.4832924409709265,-0.4270294578013047,1.9013059693313357,0.4303756034771007,-1.102016513149327,-0.33440780082787724,0.6167816760195505,-0.841462733585451,-0.5202404842572919,-1.8613640407896608,0.3371512390442448,-0.04235301940047403,0.3622278259478966
IEN20220265,2025-1,Ingeniería en Energía,2022,Regular,-0.4465892775444864,-1.6698225444963062,1.649850204658804,1.16260968040581,0.2734919134330548,-2.3887240210521234,0.438134069187507,1.5060763370437067,-1.6385508355366236,-0.5487809292329828,-0.2019737529379932,-0.26001089044969444,0.3232476804502375,0.21900070900254703
IEN20220273,2022-1,Ingeniería en Energía,2022,Regular,-1.2950882426962353,4.617319082858465,-1.7957051195669291,0.10722383133558101,-0.37141405921626,-1.0163027421252793,-0.877753285322238,1.2128627400806897,0.30517183123447705,0.015166412245806464,0.38867750810196366,0.20076680121250834,0.018306952017440526,-0.4988785725548376
IEN20220273,2022-2,Ingeniería en Energía,2022,Regular,-1.8439624626241389,0.5689576992346522,0.7096791393543349,0.8970714966886197,0.08264287556335888,0.7666287989827806,0.9893291317121824,-0.555541163997171,-0.8422878312495397,-0.5459804733097008,-0.5084813459444911,0.7792866646632145,-0.056428575944419274,0.2607796047719954
IEN20220273,2023-1,Ingeniería en Energía,2022,Regular,2.3577137301195097,0.3770955483299089,0.2728356504689039,2.1245450120647087,-0.6309886070866236,1.8086430760790533,-1.9168800415993599,-0.3860126918601763,0.7388028103400676,0.49767905470049995,-0.3709617952454358,0.2381328564828028,-0.3145024870310425,0.3363229859968986
IEN20220273,2023-2,Ingeniería en Energía,2022,Irregular,3.1663024118538723,-0.06409830675664896,0.2149096263088533,2.5255284126787934,1.6001662467611935,0.6306015384691446,-2.10096811831761,0.1953597066836121,-0.00516437565416385,-0.8434294603000102,0.5837048384058587,0.6956234135625758,-0.29376143309231484,-0.2311050615261807
IEN20220273,2024-1,Ingeniería en Energía,2022,Regular,0.0720663641675563,-1.335202129164441,0.3409741878835511,0.49136669911050523,1.7541499161796315,-1.4711299259182162,0.5257851579497355,0.8059966228163903,2.809098184598251,0.424720989821794,0.7239549195093258,0.2336375380511538,-0.7283394696014439,1.092727245772806
IEN20220340,2022-2,Ingeniería en Energía,2022,Irregular,-1.6066334556286925,0.5076399611360267,0.2487067538553134,0.11600279385480573,-1.1127471382558372,0.8994455166249381,1.242653077283087,-0.6004813330586142,0.3829631437969968,-0.5794664409825645,-0.5120301392190563,-1.3581229470058966,-0.031790081438325665,0.0913719702968205
IEN20220340,2023-2,Ingeniería en Energía,2022,Irregular,6.880569788334595,0.5093425069717457,0.8030981204649805,-0.8716282334197629,-1.294291037839723,2.2212080604529363,0.770449918864827,-0.0040352254564262864,-0.05668767958018866,-1.4050261486241342,0.5611692228321986,1.3352447999674923,0.10371885933025977,1.2706144878512462
IEN20220340,2024-1,Ingeniería en Energía,2022,Irregular,7.443265595599717,-1.1202642111845749,0.10238657819004508,-0.6618437634388911,-2.885765189836897,-0.04529887653366228,-0.3151309961298973,-0.3686778608154004,0.5325921624076043,-0.7890553417194337,0.34747239710611355,1.0682018170159961,-0.8076899627694013,-0.6645547213126096
IEN20220344,2022-2,Ingeniería en Energía,2022,Regular,-1.8501684360334538,1.1906061608302505,0.8377982472732135,1.1559170861453334,0.5338918484120077,0.34124296605371734,0.04111354300627048,-1.3190697012961334,-0.03607761177890045,-0.20485287795982687,-0.2841685744092056,-0.05484728030633873,0.1127347542259481,-0.7706786246878209
IEN20220344,2023-2,Ingeniería en Energía,2022,Irregular,6.0966742408509464,0.9828415739597336,-0.5051886517875863,2.751005327587418,1.7395366745754148,3.403119583537412,-1.5363606247450798,0.7030957407657914,-2.0056215120732888,-0.4284391403949488,-1.234514973634932,-1.35566179244192,1.1984572643583147,-1.9586143582380173
IEN20220344,2024-2,Ingeniería en Energía,2022,Irregular,4.65678623600576,0.03926105670119229,0.07301744274476665,2.087126383722768,2.1651418650819036,-1.4536560685927697,0.4032653770863703,0.8164703186804999,-1.0414101435421141,1.3036876566959406,-0.4155677503035208,-2.046584174402361,1.8013099399765051,0.6778736165314665
IEN20220354,2022-1,Ingeniería en Energía,2022,Regular,-3.1302944074484955,2.516543606917316,-1.3936264182622897,-0.12715513928608485,-1.037423989835533,-0.5967650722619188,-0.19365429349262547,0.4037203646573716,-0.0892891933423037,-0.05234194271601238,-0.41581953553145795,1.689700925513838,0.9153207293484419,-0.535022970494152
IEN20220354,2022-2,Ingeniería en Energía,2022,Regular,-2.307542111909541,0.4190234588075181,0.8060024616950175,1.2336645767263696,-0.0009466980143338441,1.2550181863670755,-0.5403007215382611,-0.2602287021092209,-0.17977651902945646,0.06660020020260575,-0.7747184303071903,0.5319719480099985,0.5735877073925261,-0.961561590371648
IEN20220367,2022-1,Ingeniería en Energía,2022,Regular,-1.5686867026659688,3.780910479357507,-0.7294205550933663,0.3983949242910862,0.28236139499940927,-0.48588253110662794,-0.5006468307101489,0.763436038357212,-0.09921876248725138,1.094612313169032,1.2801094659217638,-0.19984457786830076,0.1495041193226259,-0.48924828908941903
IEN20220367,2022-2,Ingeniería en Energía,2022,Regular,-1.7391370961154538,0.3504556773590821,0.3384570238066646,0.6025456736681786,-0.1920007325749998,0.8894242428761642,1.2153821963944658,-0.298218639104946,0.2300977566295393,-0.1372341619422326,-0.6889755786918049,0.10471323047464075,-0.17341809004263287,0.6059556894888146
IEN20220367,2023-1,Ingeniería en Energía,2022,Regular,-0.8255218502417597,0.7360043569827214,1.8841032333121417,1.167065365152158,-0.9158210288793632,1.6057102085992996,-0.935639687861201,0.31591882585684844,0.5885920445577583,0.4612050647130778,0.4207676765360279,-0.7245724468775351,0.39337712295404065,-0.05863944408818951
IEN20220367,2023-2,Ingeniería en Energía,2022,Regular,-2.056396142458923,-1.0723965906374633,-0.08006589525363479,1.4819406286267822,1.1371646982805539,-0.05862963715740025,-0.10951050367830474,0.7131486132908508,0.34771684158076593,0.7224593103002805,1.5183459107306416,0.2278236482118006,-0.06431925368655345,-0.05264607949616784
IEN20220367,2024-2,Ingeniería en Energía,2022,Regular,-1.7615836969747303,-0.8898664853470802,1.6013049464137394,0.4707423312327268,0.532070333428886,0.36466291561492287,0.46777912387217774,1.8986679237712445,0.027884699735969166,0.6497396131042333,0.43913780325066604,0.06606847139686911,-0.846168199913149,0.5252398372094195
IEN20220367,2025-1,Ingeniería en Energía,2022,Regular,-2.3808192809830793,-2.6410608863349023,0.016380877806590095,1.3857490823864715,-0.6161577968187938,-0.07218019965048271,-1.0547695903478205,1.9746152079223205,0.2355891658144462,-0.1689024169704264,1.004767471262755,-0.4182793334521242,-0.24248976774843975,-0.8634625944904625
IEN20230016,2022-1,Ingeniería en Energía,2023,Regular,-1.2387655825098778,3.4946868259731385,-1.5936517700716195,0.943161087628845,1.438802516545272,-0.2995185103386546,0.27234069408623135,0.6826547193418656,-0.9146417492293285,-0.5418798113086636,-0.4620886550613629,0.46957420973162445,-0.8672446970434085,0.0276307754552262
IEN20230016,2022-2,Ingeniería en Energía,2023,Regular,-1.3671425955825396,1.354129103552963,1.9169253094006837,0.6860563953057912,-0.645355774035884,0.8289876893608144,0.9794768058430965,-0.2668871988445887,-0.4428083207679812,-0.014898908391622405,0.04519116598913973,-0.4734397765075116,-0.33587989694668,0.24118612042897644
IEN20230016,2023-2,Ingeniería en Energía,2023,Regular,-1.920813966415569,0.242337677962922,0.9750609624536071,1.278229802757934,0.28805905110111196,0.18727221447023087,-0.11789407869277578,0.040637206132147115,-0.12434609500201357,0.4951005903623071,0.9231896450836006,-0.24181979133322964,0.0052158897005072525,-0.944155634397135
IEN20230016,2024-1,Ingeniería en Energía,2023,Regular,0.7705685060987092,-2.0013771940570364,-1.8598219294346197,1.427145744806257,-1.0541811815746407,0.13397007139850992,0.0821636965566103,0.55980139920165,-0.5426620070006125,1.3628796495371194,1.597933177697646,0.21384492019669366,-0.9911959596785441,0.7011103586105754
IEN20230016,2024-2,Ingeniería en Energía,2023,Regular,-1.5078141554984517,-1.6356504037039685,0.3880114434111969,1.6295340343679212,1.2277878461449077,-0.6342509210090059,-0.6471378514373268,1.2804894902640864,0.04369547293775323,0.09360505249847438,1.1347645179492654,0.45313830846390013,-0.461101225164634,-0.548665044020133
IEN20230016,2025-1,Ingeniería en Energía,2023,Regular,-0.6893494705811833,-1.6389193664704906,1.4831035690579668,0.660932062283856,0.12898238397717576,0.5459923042513459,-0.06939272593806292,2.810106322015066,0.8280692603323381,0.08655951726597026,-0.1265913059266252,-0.4325356400801491,-1.0522639357862225,0.41758606639337403
IEN20230020,2023-1,Ingeniería en Energía,2023,Irregular,-1.0930833729312948,1.5376012218302184,1.5361555009374066,0.2696565609754682,-0.6719631427260737,1.1206106659482273,1.2291934798355837,-0.36834158609371265,-0.08563656314702843,0.5229182965739481,0.5030601493945973,-1.3334528820621399,-0.16064556870076493,0.0967822210966768
IEN20230020,2023-2,Ingeniería en Energía,2023,Irregular,-1.690760266283055,0.5486735061966987,0.7578502834955214,0.8703846189622277,0.30577876321239095,0.5389662798553866,1.1487043558293843,0.05723448028552712,-0.258111775916897,0.00034370058309100767,0.12853465797469238,-0.6007609859413546,-0.5930760689353018,-0.029065698206331186
IEN20230020,2024-1,Ingeniería en Energía,2023,Irregular,-1.4587062501560208,0.3730216552758589,1.3593515419441762,1.3978770662997804,0.5696995667890625,0.07927519215773256,0.014385803056955302,-0.11263946666279492,1.0030449503960488,-0.6024258681123698,-0.5557798191788041,0.440024192071389,-0.5027342120688794,-0.4804636983437563
IEN20230021,2022-1,Ingeniería en Energía,2023,Regular,-1.8882478456017129,2.4764425286372718,-4.716056986858951,0.1578380970782587,-1.3635816543311217,-0.6706431671337991,-0.9083967499916884,1.2429626505127005,0.8325555550871725,-0.4303122610827805,0.9059563807994615,-0.007402673361243613,0.9916848253582593,0.5323418165652584
IEN20230021,2023-1,Ingeniería en Energía,2023,Regular,1.4612712217262456,0.9001508950769901,1.0416548848434175,1.3501330407893168,0.6101913613640614,1.4654283801154182,-1.1160530708797838,-0.20385526146382466,0.5262411520411377,1.0214470809356475,1.0183895158925658,0.4133634674028309,0.4505738327367067,0.49245054532334037
IEN20230021,2023-2,Ingeniería en Energía,2023,Regular,-1.1702592193430177,0.28482257216453233,2.091004651686903,0.43573327738106393,-0.8355186011607407,0.17794728040926006,0.7100952496606647,0.6835404119246541,-0.2750505320893004,-0.256532325826899,0.2199874583386129,-0.5745402340470027,-0.49435954652591013,0.05005364535490503
IEN20230063,2022-1,Ingeniería en Energía,2023,Regular,-1.0862860295148475,4.989333760854189,-0.9364763090987892,-0.9115309019361246,-1.5256398058997236,-0.4942466792431952,0.285113172401129,1.8906861000100372,0.45627189159639,0.15789772071356628,-0.03244432539781629,-0.3986528414138506,-0.30378781961833246,0.6486455372760425
IEN20230063,2022-2,Ingeniería en Energía,2023,Irregular,1.7650079766136482,0.8392104213875373,-0.21269058237714436,1.984600737894459,1.807998496138012,0.08974605999755705,1.1714921322963368,0.2298028070410665,-0.43550960723655746,1.479722864820842,0.19829628414570094,-0.5558033309966783,1.024963171615975,0.9491473874110964
IEN20230063,2023-1,Ingeniería en Energía,2023,Regular,-1.4699523556785272,-0.3302840186729177,0.8586558266961871,1.4037423261919644,-1.1958663207310067,-1.5993806323743225,2.0273640522648892,0.24677461449190446,-0.5885764236506967,-0.6891911545316455,-0.6169587391020478,-0.8462374255913353,1.0329979804141562,0.18993501748620278
IEN20230075,2022-1,Ingeniería en Energía,2023,Irregular,-1.4324817079819863,1.3464400359143451,0.7960350154573619,1.4192681368648126,0.4748456020305502,0.5273748629371569,0.2350164630431461,-1.3492235319979664,0.7558990187913902,-0.5202973787342392,-0.7652270019589353,0.06688832653522304,-0.06510732166312694,-0.4189179884377481
IEN20230075,2022-2,Ingeniería en Energía,2023,Irregular,-1.3824558395759836,0.17694549744738064,-0.38697061822757906,1.217963551314894,1.3613129900851304,0.9590091642748844,0.8401637712881764,0.12705278378068752,-0.4083363949694829,0.20188777154673912,-0.15378843995952254,-0.6239849226198853,-0.685262992254981,-0.30034465012511485
IEN20230075,2023-1,Ingeniería en Energía,2023,Irregular,-1.9621377348497364,-0.5800784398375455,-0.2330371815404383,1.644653085255948,1.1391866606835996,-0.07940354813065142,-0.033131963464864175,0.06677679283938681,0.023382524655936782,0.2334610127081157,1.08749603033202,0.05236792239564549,-0.1763525365050566,-0.6618344615037288
IEN20230092,2022-1,Ingeniería en Energía,2023,Irregular,-2.676765540975471,-0.349314901198745,-1.0434392249440834,1.1532785772754397,-0.7095671558132154,0.4013513908843115,0.36471178304005275,-1.2878763149488235,0.2611983135883545,-0.7110073089340602,-0.13590967084676195,0.1733623488636946,0.8148864074396065,-0.5495541506945618
IEN20230092,2023-2,Ingeniería en Energía,2023,Irregular,-2.3342679363798764,-0.05023756748162876,0.7892154182374571,0.48536914344790094,0.09358037195286668,0.5471470606590184,0.33153770063764737,-0.006256422613348352,0.7523698208512989,1.0229953868802268,0.5914095611493249,0.5116924157496693,0.5260441806638437,-0.06829263652411868
IEN20230103,2022-1,Ingeniería en Energía,2023,Regular,-1.3542329308281285,4.353363524710952,0.7893527222931833,-0.11498190772801176,-0.48626995131326023,-0.34977420370017537,0.5113644849883278,0.9472882000175115,-0.8314707472370413,-0.24753087507860877,-0.37872563702620504,-0.11178452928408951,-0.7583967491107456,-0.7140404506852678
IEN20230103,2022-2,Ingeniería en Energía,2023,Regular,-0.6241681289332631,1.3889660130514168,1.7126061524742366,0.8746870405803792,-0.7058057182428831,0.9181120450313576,0.823006506228725,-0.3200142882984176,-0.29969675374693944,-0.43284915267786067,0.2595851673006142,-1.1286167461478587,-0.5081768616905252,0.07680440015211563
IEN20230103,2023-1,Ingeniería en Energía,2023,Irregular,2.489415220214079,1.5074788954254577,2.173591916521233,2.776120292030551,-0.6124834366417174,0.1440857965239801,-0.8853857673315519,-0.01122404971117141,-0.14558665769096021,-0.08050246321824814,-0.2814312446422474,-0.5801457454744335,1.2940579696326608,-0.14738161841638484
IEN20230103,2023-2,Ingeniería en Energía,2023,Irregular,6.4557463921916245,-1.7495115482702492,-2.1563753449996828,2.973486379068457,-1.7264472725084112,-1.4372400011936033,-0.6394241519722899,-0.4141604241979949,0.7117512288771101,2.584124925709623,0.026009588161228208,0.9166747979545737,-0.7361523709072413,-0.5332252054245179
IEN20230120,2022-2,Ingeniería en Energía,2023,Regular,1.779352366948752,1.9403017865873244,-3.9528964274599447,0.5942318613416977,-1.1733095503653543,-0.2653149668273023,-0.15972217078832626,0.35684449364157017,-0.10688481973306821,0.707703856285077,1.097722817504171,0.20130958776326519,-0.66903957219177,1.1452049909707733
IEN20230120,2023-1,Ingeniería en Energía,2023,Regular,-1.3549763331865305,0.7103702357105472,1.9838503288329397,0.6742752751589668,-0.8093776524349992,-0.7463963938012124,1.2713533156651018,-0.5456378289994608,-1.0964566705430039,-1.0143388072370318,0.9036901554395042,0.013643241664115785,-0.4480259122581804,0.09623776288790195
IEN20230120,2023-2,Ingeniería en Energía,2023,Regular,-1.2328357272199453,-0.31181452443275115,0.9230068753141403,0.889171143385089,0.10551914899055499,-0.34516892987909026,0.08815673426280529,0.09971462753259978,1.3329268257656703,-0.2494982305759421,-0.03919807972111696,0.041393154660373736,-0.21827387000672557,-0.1396649120510969
IEN20230120,2024-1,Ingeniería en Energía,2023,Regular,-1.4844093893412746,-2.1595412749746528,-0.9064897509280738,0.9547844503092033,0.02346152936860495,-0.2047193844565917,0.6406766789428711,1.2950178516915696,0.015358921413040072,-0.3929665899467873,0.2753158324225363,-0.42574017294670097,-0.8676946054646159,-0.09644646774273612
IEN20230120,2024-2,Ingeniería en Energía,2023,Regular,1.8604329277145353,-0.9162549073104129,1.6112939013022698,1.3554066401305815,0.26236174975779536,0.2946437180286862,-1.5953855617733075,1.5019152386094767,1.7034624942449765,-0.8485793483036954,-0.6571986774676202,1.130346042111568,-0.516176732794407,0.06127452998710307
IEN20230123,2022-1,Ingeniería en Energía,2023,Irregular,3.890259265565328,2.15952097594729,0.82147779456288,2.0421691868026435,1.0460256825326715,0.7102896385327483,-0.5529373141163282,-1.754123019916725,1.9238892538292092,-0.8598704988283282,0.3948050272580345,-0.41452225459319797,-0.7032114557234203,0.6996847306805496
IEN20230123,2022-2,Ingeniería en Energía,2023,Irregular,-0.7825404225552183,1.0419389650350828,1.2722391213488338,1.1006716390892641,1.011086640458646,-1.5146658110433064,1.8906894334082158,-0.9053539135150769,-0.20971682386571078,-1.0989070172620363,0.6549966672309734,-0.43660370367611173,-1.4119329983753028,0.13726483346112842
IEN20230123,2023-1,Ingeniería en Energía,2023,Irregular,5.113875563878652,-0.6703217687983294,-0.7491336603697318,2.622105897376646,-1.7934651576373726,-2.0653308458955273,1.7877291835554934,0.29729994905300244,0.2277301524778679,-0.24566343822715975,-1.7756411356324642,0.05116055853943122,1.9850825279715172,0.3480488817544227
IEN20230128,2022-1,Ingeniería en Energía,2023,Regular,-1.4941243378724607,2.627198942877768,-2.6126433697818743,0.8665074256636268,0.3854647722016188,-0.1491628085361945,0.14935213593281688,0.9748481830454891,-1.086127375325016,-0.2516590453175867,0.66315399119923,-0.6179081716332845,-0.4369019166112161,-0.04354081421702204
IEN20230128,2022-2,Ingeniería en Energía,2023,Regular,-2.0053964463290535,2.542136320393233,-1.098998874425612,0.6938492296914174,-0.5642232216463028,-0.7756622188388294,-0.7341392058121657,1.303196147156561,-0.053479605345106526,0.01606593286317274,1.0804383627179854,-0.47389658343355,0.0023295665723963264,-0.8822425055132398
IEN20230153,2023-1,Ingeniería en Energía,2023,Irregular,-2.258192048350177,-0.5181231490737017,-1.4748869721181206,1.6000714185754816,-1.3417043802039232,0.240653098023986,0.11193812941447862,-1.4057386036305184,-0.20692756301065685,0.611587710639227,0.695559664628643,-0.5504232305256771,0.050108696126189865,-0.639595507971037
IEN20230153,2025-1,Ingeniería en Energía,2023,Irregular,-1.169543251780977,-0.5265542336375284,0.6468521935791901,-0.22904110097417285,-1.07599451146397,0.6412720333127722,-0.020635933685730933,-0.2597119307624065,-0.8314417596776633,-1.3547918277531983,-0.41841683267192964,-0.8437323149657779,-0.1581133846571044,-0.20175090557082312
IEN20230212,2022-1,Ingeniería en Energía,2023,Regular,-2.7769732899573194,3.057450388764408,-0.3631840096599901,-0.40463039070083895,-2.033512032363193,-0.442943650129963,-0.21864656114046072,0.5532517982860531,0.2699976714076374,0.28401492569045333,0.13735786714609513,0.927974947696278,0.9708956939296843,-0.14747554527168194
IEN20230212,2022-2,Ingeniería en Energía,2023,Regular,2.0486358176058044,2.686850211205406,-2.372350082038407,1.3509034567782967,0.3196657138557352,1.2599913456504488,-2.4771933867160607,0.9482820404246276,1.0173800488056788,-0.8165391654017301,-1.39752474162617,1.2875093622798024,0.34965632377039135,0.3791872009217044
IEN20230212,2023-1,Ingeniería en Energía,2023,Regular,-1.41843464238508,0.44881806716500633,2.1857182803252226,0.804993955403908,-0.8241227901486087,-0.5878472402807108,0.01639088125827285,-0.2833707536080681,0.2937935095664047,-0.5587325968708433,0.19524459124324786,0.22590155335549142,-0.03656351260906181,-0.7354558710073973
IEN20230212,2023-2,Ingeniería en Energía,2023,Regular,-1.1568991089400793,-0.14801503627081367,1.5690935141228475,1.3604301900655231,0.6396534569894506,0.17205539772178186,-0.8816997162922302,0.8621576948897407,-0.275374514853117,0.3771110868231153,0.785221850446025,-0.2173452524787011,-0.10818341909830034,-0.9769747715439855
IEN20230254,2022-2,Ingeniería en Energía,2023,Regular,-1.6783163448286211,0.06644787626968367,-0.20909939165013366,0.48981448318207854,-2.0518522278411417,1.037148489196038,1.1875172676958028,-0.9336090361266776,-0.20957891051337554,0.6031007065073746,0.26182732283974836,-0.32613367880407984,0.03686582638232411,0.9590235137478618
IEN20230254,2023-1,Ingeniería en Energía,2023,Regular,0.22136734986200515,-1.779282481491864,-2.196843671264104,1.099148868114126,-1.2038507997657064,0.3114532426728241,-0.3283171988785333,-0.5999439297159006,0.8757871921325217,1.4568547351140364,1.1030966685208385,0.7458353125348488,0.15272657730502132,0.3390181756218801
IEN20230259,2022-1,Ingeniería en Energía,2023,Irregular,1.6133359590371874,4.222208413860203,0.21994065848286506,0.5494005541225584,-1.028164556908134,-0.5999093069635842,-0.9712111602150272,0.020399155520924563,0.9164905638473971,-0.8272883725110916,0.28104589207091873,0.4611914969035515,-0.06040295846886446,0.05757198038865556
IEN20230259,2022-2,Ingeniería en Energía,2023,Irregular,-0.8790392885739569,3.412961084434445,-0.2587186209020454,0.20735761296333666,0.5747172503779349,-0.9196265757984476,0.12550618861421825,1.490882934400615,-1.2159732972791983,0.10141633362402422,0.7727879226596852,-0.2528940314740329,-0.6811045746623448,-0.25728828809143683
IEN20230282,2022-1,Ingeniería en Energía,2023,Regular,-2.818277430581501,2.217847662029936,-2.262293877311889,0.24479595804121507,0.28987473020608867,-0.4518772862777528,-0.16239634966867156,0.30699930056184144,0.5287098439232706,-0.19669293926025735,-1.1095442862958766,1.967086931043698,0.5944276003880632,-0.12190451220938199
IEN20230282,2022-2,Ingeniería en Energía,2023,Regular,-1.9722203658393447,2.9740863516594715,-0.3288891832476352,-0.25186728961862437,0.2172065774664958,-0.0009200466150742295,-0.46057758406990823,1.4153272280171723,1.0575868805123558,1.147804765990645,-0.3216264391760619,1.225898236841845,0.4018068216202209,0.20496323908515698
IEN20230293,2024-1,Ingeniería en Energía,2023,Regular,-1.6941302565591367,0.3426522159468448,-0.38155833699096936,0.6018612701161503,1.6006261732418077,0.0672994934118268,-0.17877069201904594,-1.3593840522720175,-0.19068889966926994,-0.016480396117501482,-0.4259594759812116,-0.1689851120369009,-0.027398416864573425,-1.219715627794119
IEN20230293,2025-1,Ingeniería en Energía,2023,Regular,-1.3312414256821645,-0.5472262338447208,-0.38387233140160815,0.29011798612369655,0.29767270719832684,0.41906272904961794,-0.8091575016827922,-0.6824941134367535,0.2237472246328148,-0.3117996919779409,0.10711505467221369,-1.0609284971563107,0.3100461930773592,-0.60269682832525
IEN20230317,2022-1,Ingeniería en Energía,2023,Regular,-1.006116479762387,4.434739188663343,0.7818307185166474,0.18182708368236608,-0.4598340964592707,-0.35769402768991854,-0.38826859435885147,0.3983156109767462,0.9324707054213598,0.09345928612227762,-0.2798562057263368,0.2309860142382602,-0.18196289136183433,-0.1251467702467652
IEN20230317,2022-2,Ingeniería en Energía,2023,Regular,-2.5640188087408697,-1.880980522400812,-2.9242899860741485,1.472751224051084,-0.7358868843408172,0.5665055874503211,0.8824712747369354,-0.6217227924339379,-1.1355684487084965,-1.1713547254746253,0.27049724155081734,-0.01568824049753047,0.3173691324616988,0.10339010624404986
IEN20230317,2023-1,Ingeniería en Energía,2023,Regular,-1.2416710895157321,0.015573309270330142,1.1722064296647967,1.2031242512221252,0.2719387758373794,1.6129314684886527,-0.7910973445786786,0.6004920984584508,1.1570585753091447,0.719848674400942,-0.43127610638800096,0.37583057603587167,0.1613815947099948,0.38872622336185275
IEN20230342,2023-2,Ingeniería en Energía,2023,Regular,-1.6564909016782654,1.278999664441127,1.5787910014679174,0.27118728785655466,-0.853643064639095,0.8721933581685387,0.8978417664882351,-0.7848580465654015,-1.2861550192463747,0.14228966623703718,0.5295973233680142,-0.4285079507577873,0.16747687296035324,0.04582622603571602
IEN20230342,2024-1,Ingeniería en Energía,2023,Regular,-1.0348413219022081,0.4484584528642478,0.6316744230757886,0.6129858122584214,0.1741493496975832,1.1966614145675756,0.6378152918292532,-0.1847858618470276,0.07677628365152772,-0.2241491961425256,-0.8223149530254105,-0.19367050130369884,-0.40796297314464475,0.5173561894671603
IEN20230342,2025-1,Ingeniería en Energía,2023,Regular,-1.1449129089457297,0.031150048098548277,1.948409735349944,-0.494477261134393,-0.6996228049880534,0.7289263539815074,0.13301862564092412,0.6796404667007669,-0.9512406423874564,0.5502319240627798,0.9640515013644337,-0.9696550588488176,-0.15325725991957834,-0.05775430076037622
IEN20240027,2022-1,Ingeniería en Energía,2024,Regular,-1.398680170693763,3.9092457899746593,-0.6592893858093585,0.893144325588256,0.17576948712908305,-0.6886652230991422,-0.6089989734195652,0.2420508498978095,0.010959686842906826,-0.4660038862605669,-0.06395913543651247,0.4521820611106119,-0.16941113750944828,-0.5928149671188759
IEN20240027,2022-2,Ingeniería en Energía,2024,Regular,-1.833829351488175,3.0714651339399563,-0.2404214838050965,0.7715964195730991,-1.9030253522024037,-0.806047125218571,-0.883900205593497,0.8541530638374026,-0.315350951712434,-0.8779614798724341,0.7920116321128159,-0.6973405954240315,0.08435340116652641,-1.0840707046665734
IEN20240027,2024-1,Ingeniería en Energía,2024,Regular,-2.9753803033340165,-0.3424437818652194,0.9497864274894011,0.39489899861685596,0.0687194319458394,-1.3813478220631623,2.3170717964394236,-0.06437917450110928,-0.10340589010671505,-0.5604537823666648,0.4029596182618538,0.9590750935012247,-0.8077583091631088,0.16682079278382272
IEN20240027,2025-1,Ingeniería en Energía,2024,Regular,-1.8900744493958437,-0.2970232021785576,1.4373820875258256,1.3735255388697136,0.2546171536040581,0.36239865980680697,0.3719535361424145,0.8035740353381384,-1.3235655080964492,-0.42537976251594045,0.21929452160855828,0.8600801356420283,-0.6783213765283668,0.023289947143286072
IEN20240054,2022-1,Ingeniería en Energía,2024,Regular,-1.1964636696526556,3.414002433770768,-1.731743694623441,0.20842669987108053,1.4941918823755882,-0.13948887964778808,0.6526267270953549,1.097273400800758,0.10810488447825135,0.14807904733002328,-0.7054700597798982,0.049999601342461335,-0.8219017607922564,-0.01136078330098447
IEN20240054,2022-2,Ingeniería en Energía,2024,Regular,-2.3097972209740476,2.6804868928696575,-0.7911308997241239,0.0033648416216038716,-0.3197256254744228,-0.2746436606425794,-0.4517177312335066,1.0051847949079173,0.43618928312845584,0.9755989412973983,0.4285603740570214,1.2449880977659697,0.6791693726933155,0.48293335649996016
IEN20240054,2023-1,Ingeniería en Energía,2024,Regular,-2.2281761893763594,-1.6116020321195705,-1.4699253851327547,0.8858950949747103,-1.729540330301086,0.6649799618631412,0.8586431789706362,0.13862170314810468,0.13226109890478285,-0.5282097719204137,-1.2788037864962838,-0.24078687237033666,-0.5735176095942598,-0.3267104590165024
IEN20240073,2022-2,Ingeniería en Energía,2024,Regular,-1.620623751172777,1.232672875727135,0.7390935688044246,1.092940343195507,0.6173496351805342,0.6850203197168298,0.1825254409845121,-0.8037936296706975,-0.00334116555849676,1.0834246299974866,1.2453756673078291,-0.7924436910841961,0.350979404165414,-0.5739050129836172
IEN20240073,2023-1,Ingeniería en Energía,2024,Regular,-2.2247232891405906,0.5780343189357889,0.896684353086569,1.5768576647315495,0.2402999779791864,-0.16605007864715024,0.12771370722381137,-0.7298990307126053,-0.37640866094137415,-0.27597228748097635,0.6687561925378269,0.10704928109500288,-0.020048557058396473,-0.8531150726491744
IEN20240073,2024-1,Ingeniería en Energía,2024,Regular,1.6369940960917166,-0.08608209220385135,0.0823884354117484,1.912024173247548,-1.1579190594554911,0.43947049463118665,-1.1828080250060047,-0.5074292919006685,0.7274497548908246,0.6806344094542629,-0.5600439320692431,0.49391200458455903,-1.2102732746973393,-0.6212127230944543
IEN20240094,2022-1,Ingeniería en Energía,2024,Regular,-2.399736544360618,2.682112257206503,-1.2927123840122259,-0.7002717007342397,-0.7077323971183587,0.24010481208894444,0.6850692897220175,0.9642179122289082,-0.5339217827964581,0.8099708065458845,0.05965298455031221,1.5656194064925788,0.6856435107435576,1.2160238189157229
IEN20240094,2022-2,Ingeniería en Energía,2024,Regular,-2.3510686012758497,3.4532951524297557,0.7813029570576416,-0.2994374722093902,-1.04676403028919,-0.0742330024160779,0.2313939382468798,1.4631113499085493,-1.05436719487973,-0.12225001914834364,-0.7420122427938269,1.333028507203428,-0.04557575353299184,0.011378728777575925
IEN20240119,2022-1,Ingeniería en Energía,2024,Irregular,-1.1287483918129424,0.7850792818544999,0.45047299204908003,0.5071314452741031,-0.9115438624268103,1.2562453396310864,1.1252858649911068,-0.6510536609446231,-0.06646644409157842,-0.008818223661879801,0.5651872345535921,-0.9402275491275444,0.21535308220474372,0.7585105378460832
IEN20240119,2023-1,Ingeniería en Energía,2024,Irregular,1.1587357096932296,-0.051256728908707284,-0.07935336812708915,1.087855363712468,-0.9751164584032908,0.5692209018038815,0.4262532354045465,-0.5358427711554469,0.06423808070855695,-0.19956106577592708,-0.4385670056018083,0.5945696707949601,-0.8894193038018322,0.41041272222050273
IEN20240126,2022-2,Ingeniería en Energía,2024,Irregular,-2.5204657948606703,-0.27192511807605935,-0.9642990254593853,0.8527628288464397,-0.6002980496466441,0.7675283836789213,1.2605493970875605,-0.8759246191569143,-0.6601800829813509,-0.8598257854273954,-0.45929756698906965,0.1802280578618297,0.30963989044996065,0.1536244285020595
IEN20240126,2023-1,Ingeniería en Energía,2024,Irregular,-2.219393356374742,0.11456346596268292,0.8424828477465752,1.2161219429947505,-0.05517303960544077,0.484384022454316,-0.08049350249948396,-0.5221182952249286,0.10631312266657375,-0.3789264188991524,-0.24291227103374535,1.0402540690097795,0.3569046831069108,-0.3820719132645511
IEN20240149,2022-1,Ingeniería en Energía,2024,Regular,-1.7709163412088584,-0.401131217291475,-1.256712380877276,0.37155994004049536,-0.8563785012253766,1.0893158347379985,1.450190974097818,-0.7682146970078955,0.4635320384369954,0.702498012918858,-0.46548295243114524,-0.1179721227932228,-0.0809334695523646,0.8390122980837347
IEN20240149,2022-2,Ingeniería en Energía,2024,Regular,0.8265714588239235,1.1462987697864715,-2.889829144367958,0.4879007901898249,-5.606627049015623,-0.8900785195982351,-1.7548803749173219,0.43053172690355485,-0.31884514018067306,1.3971414429407623,1.1329456864038367,0.9488237723385663,-0.34781401728918504,-0.37528634182776194
IEN20240149,2023-2,Ingeniería en Energía,2024,Regular,-1.4454312507321287,-0.6229147705025108,1.1718625815137573,0.6137992778736151,0.10398176542129711,-0.07129321112202001,0.8451889658370259,0.589923711449478,-0.31964846511293565,-0.2439310432440542,0.22596614011800978,0.8959264594572401,-0.48814071698825745,0.7895131042297926
IEN20240149,2025-1,Ingeniería en Energía,2024,Regular,-0.6740184306988606,-0.9887428347794275,1.1350532683233057,1.0590970412685663,-0.18306742552609354,0.9450535159272815,-0.24023175795497004,1.4183656901894155,-0.043887401462299865,-1.0492472673306752,-1.2089539447543334,0.29213520876976945,-0.782627938097827,0.016137309275123572
IEN20240172,2022-1,Ingeniería en Energía,2024,Regular,-2.3762105662992212,-0.45467349357183684,-1.3905510708650979,0.5891629335418644,0.2513543011918609,1.020640845146016,1.3446438458767582,-0.7198566212848814,-0.4987576519579753,-0.060359058386010196,-0.18764164087947824,0.5886920831509785,0.5170762299514707,0.515550092669804
IEN20240172,2022-2,Ingeniería en Energía,2024,Regular,-1.9620959685725723,-0.3868002107787044,0.35725162827460133,0.39554592984538506,-1.7775682104791295,1.4857122225072659,0.6345092670072047,0.3326439296170989,-0.2804457329457392,0.967736893287077,-0.08647602919648889,-0.3438500853772263,-0.04961496337539335,0.38342463343634475
IEN20240172,2023-1,Ingeniería en Energía,2024,Regular,-3.0869870145274874,-3.1692805474781536,-2.687054707221267,1.1063264803850625,-0.9879030495100692,0.24567908002160582,0.9134574005266818,0.7182993366079612,-0.5551945920380801,-0.5912494983871288,0.8318733401034789,0.18309732722887884,0.06141588587302737,0.3921168038044481
IEN20240172,2023-2,Ingeniería en Energía,2024,Regular,-2.531856906770663,-1.1381340419362558,2.3337579253992127,0.5723196541354011,-1.4333950638875477,0.7490614296080641,-0.57616207290635,1.7862934997751563,1.3560098293757656,0.03536997041735848,-0.4876458066963396,0.7332460017813723,0.02256243155758847,-0.26584175372947066
IEN20240172,2024-1,Ingeniería en Energía,2024,Regular,-3.1961888839590564,-2.7280184502853526,0.39970663377149546,1.2602383232062055,0.7184725959316046,0.0029039352483936414,-0.5459415920243679,2.379155551739361,0.44729286212640645,0.9182896579219826,1.2969076148308463,1.3196401530077744,-0.11663831617955132,0.06402252819257252
IEN20240225,2022-1,Ingeniería en Energía,2024,Regular,-1.6596933463321597,1.4359707526434657,1.6472255315566722,0.5093183152309384,-0.8434880999049028,0.6904655135620527,0.4627907454824,-1.1231839880813081,1.0396819018245627,0.17356117634953885,-0.37295844390782035,-0.001605824874045584,0.42153033486600855,-0.20918197589189808
IEN20240225,2022-2,Ingeniería en Energía,2024,Regular,-3.0808240157556153,-3.9557723333093024,-5.696007373012295,1.5908818956914803,-1.73322341056088,0.12390744975762703,1.1761377482261923,-0.316336675434424,-0.011436564192962942,-1.3292450514523482,-0.25857432314727524,-1.1181922433450926,-0.2926791579183739,-0.39352872488263635
IEN20240225,2023-1,Ingeniería en Energía,2024,Regular,-2.6755169252077953,-1.8242244105738503,-0.08101330285445796,1.0809186513002011,-0.5184785295514,0.1647467219590209,-0.08666242773429045,0.9388856850726174,1.314178742585137,-0.7504124301006542,-0.6413244064695054,0.3440234712576734,-0.26490645061315926,-0.8804943208719204
IEN20240235,2022-2,Ingeniería en Energía,2024,Regular,-1.9162440556246179,-0.5376775342724522,-1.8393843976134816,1.1498451972506738,-0.20379382363531978,0.8562963388171246,1.233946880881945,-0.9370949774395613,0.14012860460527668,-1.3560626109528828,-0.9409490754699271,-0.179612228631495,-0.0008913858519404616,0.38848592172760965
IEN20240235,2023-1,Ingeniería en Energía,2024,Regular,6.187186493602565,-0.4270884286841509,-1.1692997160573673,0.967654252048045,-1.8320906215845827,2.511479815963342,0.675065374665077,0.07571570953424792,-0.39633671890490424,-2.229161013880445,-0.5161232181017288,1.61619233444806,-0.4143405862111576,0.30661789614638685
IEN20240235,2023-2,Ingeniería en Energía,2024,Irregular,3.5828031302217314,-0.10802141352901683,1.0579606286442103,1.246515865341947,0.41726530740860673,-0.39945753051952543,0.540130410668119,1.1323799283133764,0.9790636210725832,0.3461865699451007,-0.7276861846595077,-0.3166813260722527,0.8245777848172917,1.6976332497526005
IEN20240235,2024-2,Ingeniería en Energía,2024,Irregular,0.037688374356055605,-1.1883069409489837,1.4406045155084903,1.0818018729392613,0.3391008040339163,-2.1119017909186537,1.333286389988589,1.8002714683698604,-0.18143405693232378,0.6464908306065801,0.11365942324582627,-0.9901816884973584,0.46737897875917656,0.6624671290400257
IEN20240235,2025-1,Ingeniería en Energía,2024,Irregular,3.7617792251296214,-2.4614412669704637,-0.24983587179038572,3.1152207869232424,0.049772073432139505,-2.542014748494687,0.19677987748802814,2.319644700571599,-1.2843089976611215,0.537582362135139,-1.2985681928664248,-0.2703952246998955,1.3842256447185732,0.11231234379388677
IEN20240248,2022-1,Ingeniería en Energía,2024,Irregular,-2.637182849175304,1.0030872147882606,1.632953118040459,-0.2921129286810611,-1.149759855511961,0.8672884870146216,1.6244016405435826,-0.7985015563936739,-0.29109641001889086,-0.12280609902715668,-1.3279689954947942,1.3092407694609056,0.4288623130093069,0.1926582093974849
IEN20240248,2022-2,Ingeniería en Energía,2024,Irregular,-2.072750367476318,-1.6295850441558466,-2.72804210857731,1.848527922019674,-0.3559808988280685,1.9789476272400444,-1.1798746493453138,0.12583277511800775,-0.2562845563961287,-0.28614490622921174,0.3003416665202198,-1.3172566168541817,1.109597928960326,-1.1719085118991202
IEN20240251,2022-1,Ingeniería en Energía,2024,Egresado,-2.500225657461299,0.5975034187679016,0.771577007182657,0.9034892374249096,-2.00366344679926,0.36065159666709035,0.3075389310617608,-1.2666481463119044,0.30067928362098667,-0.823131903234867,0.0045537191589975325,-0.21159100435113745,0.7838021149499824,-0.5034626188623645
IEN20240251,2024-2,Ingeniería en Energía,2024,Egresado,-2.2263833013457077,-0.24769395568921593,-0.4134866860291271,1.8732361279732823,0.9949347941979669,0.9152691862823189,-0.5757663025858656,0.02868847693477225,-0.31586568560801825,0.4783639651186522,0.5016940266144029,-0.26173008049721463,0.1764203284375132,-0.7695090933468275
IEN20240251,2025-1,Ingeniería en Energía,2024,Egresado,-2.4186275188145183,-1.114031730284246,0.11756351517057761,0.4885000011243925,0.09162771053478576,-0.09151871929890351,1.6038620339253085,0.5867781513091612,0.6951789785478762,-0.4178622950378326,-0.20288214816683145,0.7301841887829779,-0.569402321244047,0.8236142146615925
IEN20240275,2023-1,Ingeniería en Energía,2024,Regular,-1.9375327412099668,0.3966424730230899,0.1729331066332137,0.8940054463031324,-1.5295249953525285,0.9050083871522363,0.9780310974875789,-0.8881361232812484,-1.0504098363723173,-0.37202896361731297,0.6949412564430154,-0.50120443467502,0.31531619360023433,0.4921507269757355
IEN20240275,2023-2,Ingeniería en Energía,2024,Regular,-2.131629657957399,-0.90371789849629,-0.24703095855384122,1.1676766963736211,-2.9365407036377618,-0.14663156435871097,0.12326183414510336,-0.8983703034009759,0.456801529174918,1.2838496788866467,-0.06491220674101872,0.018469375740082377,-0.8630429080611393,-0.6466121294130193
IEN20240275,2024-1,Ingeniería en Energía,2024,Regular,-1.594583046334468,-1.5132284365616715,0.050460964089539824,0.9333890474520276,-2.7306053107706054,0.6434238227171597,0.5023577572384575,0.5198549856801462,0.23999812055079625,-0.663998988657896,-1.1122357157587512,-0.12137092611481963,-1.1695596983957197,-0.14074689337387256
IEN20240275,2024-2,Ingeniería en Energía,2024,Regular,1.2146512433350207,-2.347860657049223,-0.883447308460573,2.474484521095306,-0.8521109700837163,-0.23221595160311778,0.2084804311604095,1.5904531257027699,0.20058344777401038,0.2715669228189276,-2.7735162605486234,0.9646863267166882,-0.6321289856947182,-0.06055343465226808
IEN20240299,2022-1,Ingeniería en Energía,2024,Regular,-1.382905101810888,4.31565948481296,0.6141949079980914,-0.06148704901423931,-0.5525079206784456,-0.5162781689028096,-0.34128345637193763,0.6810164810269557,0.3499710320379894,0.3734687195352437,0.3626861033519351,-0.15989898309261819,0.034578394642665176,-0.9275560086586876
IEN20240299,2023-2,Ingeniería en Energía,2024,Regular,-3.158138016833925,-1.0770437172378917,-1.3285973830095896,0.5087199205587633,-0.10250902203086379,0.4653858070327292,0.6377002419834586,-0.7243410557125689,0.9809577922607101,0.5478753774615364,-0.7385970619890588,1.5222423429393417,0.916978193808632,0.10845717154629259
IEN20240299,2024-2,Ingeniería en Energía,2024,Regular,-3.428967584131785,-0.6450667217919954,1.0362894149519133,0.45636295887391737,-0.1415279980277054,0.11606778660256399,0.2602220918939252,0.13276783914823742,-0.330529904626349,0.8497796038780413,0.6629057758544571,2.0113256474965744,0.95742004175807,-0.15955697572343233
IEN20240308,2022-1,Ingeniería en Energía,2024,Regular,-1.2728562129621848,0.5950625968025499,-0.611240377214884,1.1133252741240447,1.2792942705276975,1.0820856117452753,1.1993870030212268,-0.8210035429493988,0.10769023305485154,-0.0780888195449548,-0.7752506739138694,0.11808817422413787,-0.4132364407849162,0.6678372311163978
IEN20240308,2022-2,Ingeniería en Energía,2024,Regular,-3.04764473793293,0.2550392860287582,1.1235293491858827,0.49554179916591207,0.3725347806088883,-0.9901532046008341,1.2454796627219054,-0.853813056702817,0.40052345933400546,0.06851237483538353,0.2466040136736233,1.4848882987043366,0.099010748157891,-0.6057626736350993
IEN20240308,2023-2,Ingeniería en Energía,2024,Regular,-2.07748866754619,0.014045883283430982,1.0870994074166793,1.0994836888352657,0.13010457007146947,1.0831632367108621,0.25030468929602206,0.6838185450614368,-1.5256869383396696,-0.09811203746529384,-0.18386863427955874,0.3183074430459805,-0.25171710095026295,-0.6356545104514312
IEN20240308,2024-1,Ingeniería en Energía,2024,Regular,-2.448701806640126,-1.7657968556141497,-0.44602524142018884,1.3770805584563581,-0.8756683134773274,0.45229086339338403,0.326358277309833,0.9753068920198309,-1.089849242723003,-0.8036824478607787,0.22366951223949694,0.14121454634005134,-0.37270077421572323,-0.22639439736023143
IEN20240308,2024-2,Ingeniería en Energía,2024,Regular,0.7542715746135848,-0.7724495725535001,1.4095380619932536,1.7349294579931804,-0.0027029721020106886,1.0614579615466369,-1.9886537740639791,1.6175116830650715,0.19060899053766853,-0.19391677244734587,0.15870488578780725,1.1622754237042892,0.03484723286934688,-0.4784515631184164
IEN20240308,2025-1,Ingeniería en Energía,2024,Regular,-1.0809643512310214,-3.3343997355331654,-0.5568376732451037,0.8024031093373776,-1.1541484661656498,0.22634193912291162,-0.7976968215041588,2.2071146203245284,2.2775081229790217,-0.1054818841411714,0.8792601839546755,-0.36250521980506617,0.18234862919491168,0.8443798874186104
IEN20240320,2022-1,Ingeniería en Energía,2024,Baja Temporal,4.501020914278809,0.2172372026044417,-1.1569867846014195,-1.2438281144210792,-0.8753385136416976,2.126824908343541,3.120237658769059,-0.12235537590985637,1.402292150202692,0.9828957235475346,0.8617219402021628,1.162538350169222,0.22469769674044018,-2.9769657902781086
IEN20240320,2023-1,Ingeniería en Energía,2024,Baja Temporal,5.821579456729818,-0.7153260890593579,-1.7230559618645305,-0.24325045226197908,0.7537139410867683,1.810638504150149,3.114549725468619,1.227478883605991,2.0692504112927135,0.7248283181174137,-0.06439969903062961,0.5160135299793469,2.1954852611932276,-1.652382873075109
IEN20240320,2023-2,Ingeniería en Energía,2024,Baja Temporal,2.3555113624582606,-0.6657947650942531,0.9006355573881976,-0.8817893602055218,0.8417502663902546,-0.5306892932374357,3.002663971505257,1.5539613051894408,2.6593539505841965,2.0707496567260746,0.7742090601891716,0.2249623798631938,1.9785157828780604,-2.1943355850829933
IEN20240320,2024-2,Ingeniería en Energía,2024,Baja Temporal,2.0286168103368762,-2.578369142250592,-1.2753486719503877,0.412876783684774,0.1031945655836675,-0.3036764781635549,2.797857298650003,2.060846713365188,0.46865445301107284,-0.6670810369683705,-0.09992679115593395,0.1924798522264648,1.4233920604353048,-2.4095146375760303
IEN20240320,2025-1,Ingeniería en Energía,2024,Baja Temporal,2.0507272691381493,-3.328952246418227,-0.47631996355062395,-1.1268986866416821,-0.2753869136643084,-0.23449594864628717,3.3901641325573535,3.532375539014493,2.273205730879614,1.0008774368581799,0.7291400528267004,-0.0953377176684206,1.600556279321551,-1.5639736096127166
IEN20240328,2022-1,Ingeniería en Energía,2024,Regular,-2.7852886377030317,1.4004568080502688,-3.0793866281545856,-0.1190108912850572,-1.5413820795224444,-0.2704404761887906,-0.3068273247621952,0.7578159579129773,0.15109403669510368,0.34943034481717183,1.3224297638525608,0.01616275306143921,1.360972180302975,-0.1894017293057069
IEN20240328,2022-2,Ingeniería en Energía,2024,Regular,-2.66155669660922,0.39503183618823035,1.951369004553015,0.6557817049879783,-1.19993503188834,0.07459969977933956,0.2808803079057905,-0.49080556453530166,0.2052565775283476,-0.2066469683330675,-0.10486919920341214,1.0852438459936327,0.38646946506814106,-0.47284777201170203
IEN20240328,2023-1,Ingeniería en Energía,2024,Regular,-2.970676938516666,-0.6111011166086364,1.037139237167198,0.9428003240958591,-0.20378745301207216,0.3387189315762632,0.7405018524665002,0.7475579855397794,-1.3035653256625004,-0.2163070573511403,0.09205930282779981,0.9780117000681009,-0.2642429941945327,-0.11483723588229784
IEN20240328,2023-2,Ingeniería en Energía,2024,Regular,-2.7225781167243697,-1.300181143318591,0.5023697731559693,1.729180233330356,1.15532421222531,-0.1457990786598933,-0.41309525946542985,0.6642105494767343,-0.4540361673650132,-0.009311630861830001,0.39177322607165455,1.9739199058995878,-0.15076391817323437,-0.38630504443956987
IEN20240328,2024-1,Ingeniería en Energía,2024,Regular,-2.5804522369791596,-2.5650324182924398,-0.1346913693912891,1.0692262731256663,-0.8969195488157067,0.7354428982335794,0.01671897087383057,2.1689060892767165,-0.7922613417177569,0.005597640691612982,0.45158014341160735,0.26661704269818104,-0.4312130090463274,-0.11134675059243741
IEN20240349,2022-1,Ingeniería en Energía,2024,Regular,-1.392864904289136,3.4226109275057643,-1.7524722098422907,0.47729047409315845,1.4543936329769436,-0.5062057535513655,-0.23597011713978505,0.6774601703996231,0.9913988099312222,0.33960939208674407,-0.4064084646806142,0.21821855404127882,-0.25945819512991786,-0.6508964287689849
IEN20240349,2022-2,Ingeniería en Energía,2024,Regular,-1.7318597279678671,-0.6435368770512271,-1.399882703293,1.2444635398130017,0.060523612089423466,0.8936299799832177,0.8448658148270515,-0.4144442720729229,-0.8824369988672287,0.7193100442956327,0.8409739318189646,-0.04877572788689617,-0.10659332649305389,0.8018346858686248
IEN20240349,2023-2,Ingeniería en Energía,2024,Regular,-1.3329284414781408,0.6504407621201526,2.1328685615342193,1.0590573439793431,-0.8928638268706994,1.043856864068271,-0.5065500257795714,0.11958743366473137,1.015583337741455,0.009602372092270703,-0.5454357035445603,0.17793203179312686,0.0713095820066009,0.009609124901216152
IEN20240349,2024-1,Ingeniería en Energía,2024,Regular,-2.4198091152329564,-1.9452774757810731,-0.4958949828958955,0.6800934766018315,-0.8951942234570789,-0.3658459576283416,1.4694935151441368,0.6154446844205738,0.7589195632809126,-0.48652920509526143,-0.17278361206942375,0.8841109662141409,-0.7319385681834686,1.1215721985309315
IEN20240349,2025-1,Ingeniería en Energía,2024,Regular,-3.892956724180289,-2.142145292966901,0.5222783405885459,1.3297130751478465,0.9174267223414363,-1.45977535962038,0.38438815406406307,1.1824470605053012,-0.013209655154789801,0.004259094819689739,0.8666945553265062,2.2065013497045234,-0.37504491776974164,-0.3853844278033011
IEN20240352,2022-1,Ingeniería en Energía,2024,Regular,1.2743492744913345,1.3334289748391863,1.1101798526162998,1.6512488304391406,-1.4212709097526839,-0.048062835087888924,1.130791648591774,-0.5518326106485635,-1.3278120064092582,0.6335025571970185,0.5833488288392489,-0.6333600545703035,1.6200343245597277,0.7650704907444221
IEN20240352,2023-1,Ingeniería en Energía,2024,Regular,-0.489443563716266,1.035388719638594,2.2655761179709457,1.0537066044390524,-0.40630399847886883,-1.067306329974309,1.1947596675444216,-0.26264163221587633,1.12214682805271,1.1517689648885083,-0.46116154716364355,-0.37862343794724934,1.45101458418432,0.47143126841994076
IEN20240352,2023-2,Ingeniería en Energía,2024,Regular,2.5286535146381226,0.25067832478289076,0.36194634156959393,2.5546956155156186,1.7811883884236193,-0.0878172652844366,-0.6061142894866551,0.18520690164623196,0.9620761016925214,0.11074644908642131,-1.8607097250900393,0.5508376923791577,1.147956090968673,0.2501714342613234
IEN20240366,2023-2,Ingeniería en Energía,2024,Irregular,5.739276446686646,1.3991990460442374,-0.18243786329850914,1.4940892679412932,-0.2039588729159432,0.637619743484015,0.546897078449969,-1.7054465592587782,0.6502357368273646,-2.088235784519373,0.2560398404577298,1.3712597734780547,-0.48247993341799816,0.7005420116494444
IEN20240366,2024-1,Ingeniería en Energía,2024,Irregular,10.642359909329485,1.3393678253975785,0.2627548209440026,1.7571611178684412,-2.3768581266935667,2.0225651563409945,-0.4511636286089986,-0.9455607253228329,-0.31525186062892896,-1.9714289672556526,-1.172009244645024,0.3044557443354282,-2.2998323394648574,0.04230877794263731
IEN20240366,2025-1,Ingeniería en Energía,2024,Irregular,8.09601621969133,-0.4039135480435745,-0.33845102088776097,3.454551908161003,1.0885239612090551,-4.145472852415123,0.7760155176918094,-0.40755914260973386,-0.507175040806306,-0.21748946993977444,0.5531805950332256,0.5689567388696856,1.9871235881224356,-1.10418014106785
IEN20240373,2022-1,Ingeniería en Energía,2024,Regular,-1.2837127007581395,3.8884788634442846,-0.48932267920847067,0.13522286476646012,0.5047374730906099,-0.48628505709579,-0.21328787724648396,0.6569548295514788,0.9780646473997974,0.4502981828100213,-0.3855447652411503,0.0919821672976162,-0.29232523245852304,-0.760207119650184
IEN20240373,2022-2,Ingeniería en Energía,2024,Regular,-2.586176985734749,-0.9700964917241761,-1.390594541786363,1.429069191119496,-1.2192611923539376,0.07360167432363499,0.08111023387585936,-0.7477756993937418,-0.16801829940926807,-0.6644467521201105,0.6348532936365273,-0.792729210092786,0.4693050665052715,-1.307020721126167
IEN20240373,2023-1,Ingeniería en Energía,2024,Regular,-2.116218772246443,-0.859072069323101,0.5672951604870815,1.0534322493880757,-1.7487416466599384,0.05179762509350867,0.058768492774699276,-0.02381227060450228,1.2949303004918309,-1.2568256959549338,-0.3655883143805297,0.052826109628878855,0.05926872026971171,-0.2988448102188302
IEN20240373,2023-2,Ingeniería en Energía,2024,Regular,-1.9159355997617442,-1.3201933481152228,1.0034329174466148,1.2672345235357607,-1.4579204808692754,0.8826447675141755,-0.9611502874565199,1.45084256579133,0.4136245607724983,0.1922473309032959,1.3740974249695947,-0.7424210397416263,0.2836058695141708,-0.273407467101591
IEN20240385,2022-1,Ingeniería en Energía,2024,Regular,-2.4041537032707905,-0.45603748019470713,-1.5232741137645633,0.8963739149863235,0.17402674579687918,0.8393729824312723,1.1903006969790753,-0.5677801882013686,-1.033066657935367,0.009837462269718893,0.5294358771215988,-0.303348323143485,0.32193496353768636,-0.07495256680785593
IEN20240385,2022-2,Ingeniería en Energía,2024,Regular,1.3631495418119945,-0.09128338049366902,-0.18888926751985322,1.1154411963693343,-1.2303494514477553,1.184524082690162,-0.15967644408547274,-0.17296337501960893,-0.6611391447357772,1.2959763651361151,0.015537069407397732,0.404277202224604,-0.9565705752474526,0.1049291426359019
