id_estudiante,id_periodo,programa,cohorte,estatus_academico,promedio_general,promedio_periodo,porcentaje_avance,porcentaje_asistencia,retardos,num_asesorias,num_incidencias,recursamientos,rezago_materias,creditos_inscritos_periodo,creditos_aprobados_periodo,periodos_cursados,periodos_sin_inscripcion,materias_reprobadas_periodo,materias_reprobadas_acumuladas,materias_en_curso_periodo,tendencia_promedio,varianza_calificaciones,tutorias_abiertas,tutorias_cerradas,compromisos_pendientes,compromisos_cumplidos,permisos_aprobados,permisos_rechazados,bandera_dato_incompleto
IAG20200007,Mayo-Agosto 2023,Ingeniería Agroindustrial,2020,Irregular,1.0341168418842444,1.469172492537925,0.5008725210370559,-0.4728310443251541,-0.5126252132718706,0.3741132055432285,-0.3767312323191194,-0.6031385995906284,1.5407724037410715,-0.9026480063366383,-0.42246677667793786,0.05086109490004391,1.3301443803153619,-0.4896294208189999,-0.5392441450453458,-0.45715245596448484,1.127591778073692,-0.38184461883787685,0.3666104117817102,-0.15466226432855207,0.2061559502574696,-0.3838001809711627,1.4152324075772,-0.9923822985600096,-0.5065607304015044
IAG20200007,Septiembre-Diciembre 2022,Ingeniería Agroindustrial,2020,Irregular,0.729402973889381,0.6102854058169979,0.06239415328219211,-0.024144950670266035,-0.5126252132718706,-1.097300543817737,-0.3767312323191194,-0.6031385995906284,1.5407724037410715,0.3829069160414252,0.8411389415893074,-1.0302077094647206,1.3301443803153619,-0.4896294208189999,-0.5392441450453458,-0.45715245596448484,-0.02201016680455571,-0.44892456242878465,0.3666104117817102,0.9649580404846618,0.2061559502574696,0.5490863902945103,0.43545612540836925,0.609216919956064,-0.5065607304015044
IAG20200007,Septiembre-Diciembre 2023,Ingeniería Agroindustrial,2020,Irregular,1.0090093321618214,0.8035350003292077,1.028984588277721,0.04743532108012406,0.4253099296925961,-1.097300543817737,-0.3767312323191194,-0.6031385995906284,1.5407724037410715,-0.7598085705168535,-0.28206614131491065,1.1319298992648084,1.3301443803153619,-0.4896294208189999,-0.5392441450453458,-0.45715245596448484,-0.14702937831006516,-0.3479146473703827,0.3666104117817102,0.9649580404846618,0.2061559502574696,0.5490863902945103,0.43545612540836925,-0.9923822985600096,-0.5065607304015044
IAG20200029,Enero-Abril 2023,Ingeniería Agroindustrial,2020,Irregular,0.03780520608081653,0.6854380259050793,0.41366135396979015,-0.024144950670266035,1.3632450726570629,-0.3615936691372542,-0.3767312323191194,0.14257360460620055,1.5407724037410715,0.3829069160414252,0.8411389415893074,0.05086109490004391,1.3301443803153619,-0.4896294208189999,0.3992661352687664,-0.45715245596448484,2.4065239417507422,-0.18060478806515318,0.3666104117817102,2.0845783452978757,0.2061559502574696,2.414859532825856,-1.5240964389292924,0.609216919956064,-0.5065607304015044
IAG20200029,Septiembre-Diciembre 2022,Ingeniería Agroindustrial,2020,Irregular,-1.1194227420345066,-1.1289609447928783,-0.8145625822275359,-1.4819382899770037,2.3011802156215295,1.1098200802237113,2.0592202310258663,0.14257360460620055,1.5407724037410715,0.3829069160414252,-0.5628674120409651,-1.0302077094647206,1.3301443803153619,0.9364341109541224,0.3992661352687664,1.5198834899598457,-0.02201016680455571,0.86147433562616,1.504013521626209,-1.2742825691417659,2.121967990324559,-1.3166867522368357,0.43545612540836925,0.609216919956064,1.974096964064686
IAG20200039,Enero-Abril 2023,Ingeniería Agroindustrial,2020,Irregular,1.2201406639185628,1.0719372149294975,0.7649285546573884,-0.5252068529230017,1.3632450726570629,-0.3615936691372542,-0.3767312323191194,-0.6031385995906284,1.5407724037410715,1.5256224025997038,1.9643440244935253,-1.0302077094647206,1.3301443803153619,-0.4896294208189999,-0.5392441450453458,-0.45715245596448484,-0.02201016680455571,0.08439998908613698,0.3666104117817102,-0.15466226432855207,0.2061559502574696,0.5490863902945103,-0.5443201567604616,0.609216919956064,-0.5065607304015044
IAG20200039,Mayo-Agosto 2023,Ingeniería Agroindustrial,2020,Irregular,1.2372594205474867,1.1363537464335665,1.4674629560325847,0.022993277067795435,-0.5126252132718706,0.3741132055432285,-0.3767312323191194,-0.6031385995906284,1.5407724037410715,-0.4741296988772838,-0.0012648705888561507,0.05086109490004391,1.3301443803153619,-0.4896294208189999,-0.5392441450453458,-0.45715245596448484,0.06420997906131286,-0.33757965606131846,0.3666104117817102,-0.15466226432855207,0.2061559502574696,-0.3838001809711627,-0.5443201567604616,0.609216919956064,-0.5065607304015044
IAG20200039,Septiembre-Diciembre 2023,Ingeniería Agroindustrial,2020,Irregular,1.27606193557305,1.1535314881679846,3.6622773272254396,-0.3226870596779932,-0.5126252132718706,-0.3615936691372542,-0.3767312323191194,-0.6031385995906284,1.5407724037410715,1.9541407100590582,2.385545930582607,1.1319298992648084,1.3301443803153619,-0.4896294208189999,-0.5392441450453458,-0.45715245596448484,0.06564698149241067,-0.2430047355915791,0.3666104117817102,2.0845783452978757,0.2061559502574696,2.414859532825856,0.43545612540836925,0.609216919956064,-0.5065607304015044
IAG20200051,Enero-Abril 2023,Ingeniería Agroindustrial,2020,Irregular,-0.35478494594252913,-0.40964300966410316,-0.6401402480930044,-0.40736128357784557,0.4253099296925961,0.3741132055432285,-0.3767312323191194,-0.6031385995906284,1.5407724037410715,-0.7598085705168535,-0.28206614131491065,0.05086109490004391,1.3301443803153619,-0.4896294208189999,-0.5392441450453458,-0.45715245596448484,-0.02201016680455571,-0.4097295953887484,0.3666104117817102,0.9649580404846618,0.2061559502574696,0.5490863902945103,0.43545612540836925,0.609216919956064,-0.5065607304015044
IAG20200051,Mayo-Agosto 2023,Ingeniería Agroindustrial,2020,Irregular,-0.29201617163646987,-0.29154603523997474,-0.28887304740540615,-0.8743789102419807,-0.5126252132718706,0.3741132055432285,-0.3767312323191194,-0.6031385995906284,1.5407724037410715,-1.045487442156423,-0.5628674120409651,1.1319298992648084,1.3301443803153619,-0.4896294208189999,-0.5392441450453458,-0.45715245596448484,0.13606010061620336,-0.37950462080563585,0.3666104117817102,-1.2742825691417659,0.2061559502574696,-1.3166867522368357,-0.5443201567604616,2.210816138472137,-0.5065607304015044
IAG20200051,Septiembre-Diciembre 2022,Ingeniería Agroindustrial,2020,Irregular,-0.765635105036726,0.0,-1.165829782915134,-1.0018267111634076,0.4253099296925961,-1.097300543817737,-0.3767312323191194,-0.6031385995906284,1.5407724037410715,-0.7598085705168535,-1.124469953493074,-1.0302077094647206,1.3301443803153619,-0.4896294208189999,-0.5392441450453458,1.5198834899598457,0.0,-0.2896096964003785,0.3666104117817102,-1.2742825691417659,0.2061559502574696,-1.3166867522368357,-0.5443201567604616,-0.9923822985600096,1.974096964064686
IAG20200051,Septiembre-Diciembre 2023,Ingeniería Agroindustrial,2020,Irregular,-0.2771799158914022,-0.3269751275672128,0.23923901983525866,-1.9620498687905998,2.3011802156215295,0.3741132055432285,2.0592202310258663,0.8882858088030295,1.5407724037410715,0.9542646593205645,-0.28206614131491065,2.212998703629573,1.3301443803153619,2.3624976427272446,1.3377764155828784,-0.45715245596448484,0.0096038866795961,1.138179102938655,2.6414166314707077,-0.15466226432855207,2.121967990324559,-0.3838001809711627,0.43545612540836925,0.609216919956064,-0.5065607304015044
IAG20200084,Enero-Abril 2023,Ingeniería Agroindustrial,2020,Irregular,0.28089155021154955,-0.32375430099200925,-0.11202818085233957,-0.8307324030771084,-0.5126252132718706,0.3741132055432285,-0.3767312323191194,0.14257360460620055,1.5407724037410715,-0.18845082723771414,-0.28206614131491065,0.05086109490004391,1.3301443803153619,0.9364341109541224,0.3992661352687664,-0.45715245596448484,-2.076923643274424,0.86147433562616,1.504013521626209,0.9649580404846618,1.1640619702910142,0.5490863902945103,1.4152324075772,-0.9923822985600096,-0.5065607304015044
IAG20200084,Septiembre-Diciembre 2022,Ingeniería Agroindustrial,2020,Irregular,1.3685032213692447,1.211506366521648,-0.6401402480930044,-0.49552722805088817,-1.4505603562363374,-0.3615936691372542,-0.3767312323191194,-0.6031385995906284,1.5407724037410715,0.0972280444018555,-0.28206614131491065,-1.0302077094647206,1.3301443803153619,-0.4896294208189999,-0.5392441450453458,1.5198834899598457,-0.02201016680455571,-0.3046246837739247,0.3666104117817102,-1.2742825691417659,0.2061559502574696,-1.3166867522368357,0.43545612540836925,0.609216919956064,1.974096964064686
IAG20200095,Septiembre-Diciembre 2022,Ingeniería Agroindustrial,2020,Irregular,1.4826282655620775,1.3188672523617637,-0.6401402480930044,0.20718153730355682,-1.4505603562363374,-0.3615936691372542,-0.3767312323191194,-0.6031385995906284,1.5407724037410715,0.9542646593205645,-0.28206614131491065,-1.0302077094647206,1.3301443803153619,-0.4896294208189999,-0.5392441450453458,3.496919435884176,-0.02201016680455571,-0.42396458341821436,0.3666104117817102,-1.2742825691417659,0.2061559502574696,-1.3166867522368357,-1.5240964389292924,-0.9923822985600096,1.974096964064686
IAG20200095,Septiembre-Diciembre 2023,Ingeniería Agroindustrial,2020,Irregular,1.5362670363327087,1.3865046104410361,0.8521397217246542,-0.16468670374115504,0.4253099296925961,-1.097300543817737,-0.3767312323191194,-0.6031385995906284,1.5407724037410715,0.8114252235007796,1.262340847678389,0.05086109490004391,1.3301443803153619,-0.4896294208189999,-0.5392441450453458,-0.45715245596448484,0.0685209863546063,-0.4374195721035999,0.3666104117817102,0.9649580404846618,0.2061559502574696,1.4819729615601833,-0.5443201567604616,-0.9923822985600096,-0.5065607304015044
IAG20200097,Enero-Abril 2023,Ingeniería Agroindustrial,2020,Irregular,0.4440903634072994,0.3418831912167081,-0.6401402480930044,-0.6744779074268646,1.3632450726570629,-0.3615936691372542,-0.3767312323191194,-0.6031385995906284,1.5407724037410715,-0.7598085705168535,-0.28206614131491065,0.05086109490004391,1.3301443803153619,-0.4896294208189999,-0.5392441450453458,-0.45715245596448484,-0.02201016680455571,-0.42142958554995325,0.3666104117817102,-0.15466226432855207,0.2061559502574696,-0.3838001809711627,0.43545612540836925,-0.9923822985600096,-0.5065607304015044
IAG20200097,Mayo-Agosto 2023,Ingeniería Agroindustrial,2020,Irregular,0.8435280180822137,1.0934093920975194,-0.28887304740540615,-0.25459850850079224,-0.5126252132718706,-1.097300543817737,-0.3767312323191194,-0.6031385995906284,1.5407724037410715,-1.045487442156423,-0.5628674120409651,1.1319298992648084,1.3301443803153619,-0.4896294208189999,-0.5392441450453458,-0.45715245596448484,0.983891534963911,-0.4356645735794192,0.3666104117817102,0.9649580404846618,0.2061559502574696,0.5490863902945103,0.43545612540836925,0.609216919956064,-0.5065607304015044
IAG20200097,Septiembre-Diciembre 2022,Ingeniería Agroindustrial,2020,Irregular,-0.765635105036726,0.0,-1.165829782915134,-0.8263677523606208,0.4253099296925961,-1.097300543817737,-0.3767312323191194,-0.6031385995906284,1.5407724037410715,-0.7598085705168535,-1.124469953493074,-1.0302077094647206,1.3301443803153619,-0.4896294208189999,-0.5392441450453458,1.5198834899598457,0.0,-0.2882446975482379,0.3666104117817102,0.9649580404846618,0.2061559502574696,0.5490863902945103,0.43545612540836925,-0.9923822985600096,1.974096964064686
IAG20200097,Septiembre-Diciembre 2023,Ingeniería Agroindustrial,2020,Irregular,0.4806103775490067,0.20446125734135964,1.7315189896529175,-0.5409195955023551,1.3632450726570629,0.3741132055432285,-0.3767312323191194,-0.6031385995906284,1.5407724037410715,1.6684618384194887,2.1047446598565527,2.212998703629573,1.3301443803153619,-0.4896294208189999,-0.5392441450453458,-0.45715245596448484,-0.7088973288693089,0.47946965686282117,0.3666104117817102,0.9649580404846618,0.2061559502574696,1.4819729615601833,1.4152324075772,0.609216919956064,-0.5065607304015044
IAG20200098,Enero-Abril 2023,Ingeniería Agroindustrial,2020,Irregular,-0.21783489291112965,-0.28080994665596376,-0.19923934791960518,-0.33141636111096845,0.4253099296925961,0.3741132055432285,-0.3767312323191194,-0.6031385995906284,1.5407724037410715,0.9542646593205645,0.4199370355002256,-1.0302077094647206,1.3301443803153619,-0.4896294208189999,-0.5392441450453458,1.5198834899598457,-0.02201016680455571,-0.36955962916861174,0.3666104117817102,-0.15466226432855207,0.2061559502574696,0.5490863902945103,-0.5443201567604616,-0.9923822985600096,1.974096964064686
IAG20200098,Mayo-Agosto 2023,Ingeniería Agroindustrial,2020,Irregular,-0.08430859120551525,0.09495315378444186,0.41366135396979015,-0.6875718595763269,1.3632450726570629,0.3741132055432285,-0.3767312323191194,-0.6031385995906284,1.5407724037410715,-0.6169691346970686,-0.1416655059518834,0.05086109490004391,1.3301443803153619,-0.4896294208189999,-0.5392441450453458,-0.45715245596448484,0.4809406840796777,-0.3055996829540251,0.3666104117817102,-1.2742825691417659,0.2061559502574696,-1.3166867522368357,0.43545612540836925,-0.9923822985600096,-0.5065607304015044
IAG20200098,Septiembre-Diciembre 2023,Ingeniería Agroindustrial,2020,Irregular,0.11312773524808568,0.14219194355409262,2.8725317587829777,-0.533063224212679,-0.5126252132718706,0.3741132055432285,-0.3767312323191194,-0.6031385995906284,1.5407724037410715,2.382659017518413,2.8067478366716885,1.1319298992648084,1.3301443803153619,-0.4896294208189999,-0.5392441450453458,-0.45715245596448484,0.3760395066095376,0.06275500728790799,0.3666104117817102,-0.15466226432855207,0.2061559502574696,1.4819729615601833,0.43545612540836925,-0.9923822985600096,-0.5065607304015044
IAG20200124,Enero-Abril 2023,Ingeniería Agroindustrial,2020,Irregular,0.044652708732385124,-0.03387990922369752,-0.8145625822275359,-0.3008638060955571,-0.5126252132718706,-1.097300543817737,-0.3767312323191194,-0.6031385995906284,1.5407724037410715,-1.045487442156423,-0.5628674120409651,-1.0302077094647206,1.3301443803153619,-0.4896294208189999,-0.5392441450453458,-0.45715245596448484,-0.02201016680455571,-0.40602459850436684,0.3666104117817102,0.9649580404846618,0.2061559502574696,0.5490863902945103,1.4152324075772,0.609216919956064,-0.5065607304015044
IAG20200124,Mayo-Agosto 2023,Ingeniería Agroindustrial,2020,Irregular,-0.49744125118356997,-1.0538083247047985,-0.8145625822275359,-1.2052194345517133,2.3011802156215295,-0.3615936691372542,2.0592202310258663,0.14257360460620055,1.5407724037410715,-0.9026480063366383,-1.124469953493074,0.05086109490004391,1.3301443803153619,0.9364341109541224,0.3992661352687664,-0.45715245596448484,-1.3871624763474748,-0.3687796298245314,1.504013521626209,-1.2742825691417659,2.121967990324559,-1.3166867522368357,-0.5443201567604616,-0.9923822985600096,-0.5065607304015044
IAG20200124,Septiembre-Diciembre 2023,Ingeniería Agroindustrial,2020,Irregular,-0.043223575296095565,0.09817398035964546,0.8521397217246542,-0.7530416203236354,0.4253099296925961,1.1098200802237113,-0.3767312323191194,0.8882858088030295,1.5407724037410715,2.096980145878843,1.5431421184044436,1.1319298992648084,1.3301443803153619,0.9364341109541224,1.3377764155828784,-0.45715245596448484,0.8373172869919345,0.9950492232999154,1.504013521626209,-1.2742825691417659,1.1640619702910142,-0.3838001809711627,0.43545612540836925,0.609216919956064,-0.5065607304015044
IAG20200127,Mayo-Agosto 2023,Ingeniería Agroindustrial,2020,Irregular,0.9839018224393983,0.8497001812404568,1.028984588277721,-0.18214530660710423,-0.5126252132718706,0.3741132055432285,-0.3767312323191194,0.14257360460620055,0.9039368094765574,1.9541407100590582,2.385545930582607,-1.0302077094647206,1.3301443803153619,-0.4896294208189999,-0.5392441450453458,-0.45715245596448484,-0.02201016680455571,-0.2968246903331215,0.3666104117817102,0.9649580404846618,0.2061559502574696,1.4819729615601833,-0.5443201567604616,0.609216919956064,-0.5065607304015044
IAG20200127,Septiembre-Diciembre 2023,Ingeniería Agroindustrial,2020,Irregular,0.5650629102517023,0.14004472583729072,3.1341652599847745,-0.6561463744176188,0.4253099296925961,0.3741132055432285,-0.3767312323191194,0.14257360460620055,0.9039368094765574,1.8113012742392733,2.24514529521958,0.05086109490004391,1.3301443803153619,-0.4896294208189999,-0.5392441450453458,-0.45715245596448484,-0.9718687737602081,-0.013294928759923594,0.3666104117817102,0.9649580404846618,0.2061559502574696,1.4819729615601833,1.4152324075772,0.609216919956064,-0.5065607304015044
IAG20200157,Enero-Abril 2023,Ingeniería Agroindustrial,2020,Regular,0.06747771757095197,-0.012407732055674038,-0.28887304740540615,-0.188255817610187,-0.5126252132718706,0.3741132055432285,-0.3767312323191194,0.8882858088030295,0.2671012152120434,-0.18845082723771414,0.2795364001371983,0.05086109490004391,1.3301443803153619,-0.4896294208189999,-0.5392441450453458,-0.45715245596448484,-0.02201016680455571,-0.33972465425753934,-0.7707926980627884,-0.15466226432855207,-0.7517500697760751,0.5490863902945103,0.43545612540836925,-0.9923822985600096,-0.5065607304015044
IAG20200157,Mayo-Agosto 2023,Ingeniería Agroindustrial,2020,Regular,-0.13794736197614646,-0.592156515592299,0.06239415328219211,-0.7678814327596916,0.4253099296925961,-0.3615936691372542,-0.3767312323191194,0.8882858088030295,0.2671012152120434,-1.045487442156423,-0.5628674120409651,1.1319298992648084,1.3301443803153619,-0.4896294208189999,-0.5392441450453458,-0.45715245596448484,-0.797991479597373,-0.31710467327920994,-0.7707926980627884,-0.15466226432855207,-0.7517500697760751,-0.3838001809711627,-0.5443201567604616,0.609216919956064,-0.5065607304015044
IAG20200157,Septiembre-Diciembre 2022,Ingeniería Agroindustrial,2020,Irregular,-0.765635105036726,0.0,-1.165829782915134,-0.4405326290231494,-0.5126252132718706,-0.3615936691372542,-0.3767312323191194,-0.6031385995906284,1.5407724037410715,-1.045487442156423,-1.124469953493074,-1.0302077094647206,1.3301443803153619,-0.4896294208189999,-0.5392441450453458,1.5198834899598457,0.0,-0.36175963572780845,0.3666104117817102,-1.2742825691417659,0.2061559502574696,-1.3166867522368357,0.43545612540836925,-0.9923822985600096,1.974096964064686
IAG20200157,Septiembre-Diciembre 2023,Ingeniería Agroindustrial,2020,Regular,-0.22354114512077095,-0.5277399840882301,0.590506220522857,-0.3759357984191375,0.4253099296925961,-0.3615936691372542,-0.3767312323191194,0.8882858088030295,0.2671012152120434,-0.7598085705168535,-0.28206614131491065,2.212998703629573,1.3301443803153619,-0.4896294208189999,-0.5392441450453458,-0.45715245596448484,-0.4531108961338986,-0.3091096800023866,-0.7707926980627884,-0.15466226432855207,-0.7517500697760751,-0.3838001809711627,0.43545612540836925,0.609216919956064,-0.5065607304015044
IAG20200167,Enero-Abril 2023,Ingeniería Agroindustrial,2020,Irregular,2.0909147511098753,1.8911007738895813,0.5008725210370559,-0.3488749639769164,0.4253099296925961,-1.097300543817737,-0.3767312323191194,-0.6031385995906284,1.5407724037410715,1.0971040951403492,1.5431421184044436,-1.0302077094647206,1.3301443803153619,-0.4896294208189999,-0.5392441450453458,-0.45715245596448484,-0.02201016680455571,-0.42142958554995325,0.3666104117817102,-0.15466226432855207,0.2061559502574696,0.5490863902945103,1.4152324075772,0.609216919956064,-0.5065607304015044
IAG20200171,Enero-Abril 2023,Ingeniería Agroindustrial,2020,Regular,-0.11512235313757961,-0.3022821238239873,-0.28887304740540615,0.08409838709861701,-0.5126252132718706,-0.3615936691372542,-0.3767312323191194,0.8882858088030295,0.2671012152120434,-0.9026480063366383,-0.42246677667793786,0.05086109490004391,1.3301443803153619,-0.4896294208189999,-0.5392441450453458,-0.45715245596448484,-0.33815070164607386,-0.38106461949379644,-0.7707926980627884,-0.15466226432855207,-0.7517500697760751,-0.3838001809711627,-0.5443201567604616,0.609216919956064,-0.5065607304015044
IAG20200171,Septiembre-Diciembre 2022,Ingeniería Agroindustrial,2020,Irregular,0.010415195474535652,-0.06608817497573198,-0.7273514151602701,-0.35323961469340465,1.3632450726570629,-1.097300543817737,-0.3767312323191194,0.14257360460620055,0.9039368094765574,-0.9026480063366383,-0.42246677667793786,-1.0302077094647206,1.3301443803153619,-0.4896294208189999,-0.5392441450453458,-0.45715245596448484,-0.02201016680455571,-0.31671467360716976,0.3666104117817102,0.9649580404846618,0.2061559502574696,0.5490863902945103,0.43545612540836925,0.609216919956064,-0.5065607304015044
IAG20200171,Septiembre-Diciembre 2023,Ingeniería Agroindustrial,2020,Irregular,-0.868347644810276,-1.3651548936411337,0.06239415328219211,-1.3309213751865454,1.3632450726570629,1.1098200802237113,2.0592202310258663,2.3797102171966875,0.2671012152120434,0.3829069160414252,-0.5628674120409651,1.1319298992648084,1.3301443803153619,2.3624976427272446,1.3377764155828784,-0.45715245596448484,-1.6027128410121463,4.602351189835395,2.6414166314707077,-1.2742825691417659,2.121967990324559,-1.3166867522368357,0.43545612540836925,0.609216919956064,-0.5065607304015044
IAG20200194,Enero-Abril 2023,Ingeniería Agroindustrial,2020,Irregular,1.2714969338053361,2.0489212760745517,-0.19923934791960518,-0.003194627231127742,0.4253099296925961,0.3741132055432285,-0.3767312323191194,-0.6031385995906284,1.5407724037410715,-0.7598085705168535,-0.28206614131491065,0.05086109490004391,1.3301443803153619,-0.4896294208189999,-0.5392441450453458,-0.45715245596448484,2.464004038994655,-0.4001746034237644,0.3666104117817102,-1.2742825691417659,0.2061559502574696,-1.3166867522368357,0.43545612540836925,-0.9923822985600096,-0.5065607304015044
IAG20200194,Septiembre-Diciembre 2022,Ingeniería Agroindustrial,2020,Irregular,0.28431530153733464,0.19157795104054678,-0.7273514151602701,-0.333162221397563,-0.5126252132718706,-1.097300543817737,-0.3767312323191194,-0.6031385995906284,1.5407724037410715,-0.9026480063366383,-0.42246677667793786,-1.0302077094647206,1.3301443803153619,-0.4896294208189999,-0.5392441450453458,-0.45715245596448484,-0.02201016680455571,-0.2964346906610813,0.3666104117817102,-0.15466226432855207,0.2061559502574696,-0.3838001809711627,1.4152324075772,0.609216919956064,-0.5065607304015044
IAG20200194,Septiembre-Diciembre 2023,Ingeniería Agroindustrial,2020,Irregular,1.5545270434035614,1.920088213066412,0.14960532034945773,0.1792477727180391,0.4253099296925961,-1.097300543817737,-0.3767312323191194,-0.6031385995906284,1.5407724037410715,-1.045487442156423,-0.5628674120409651,1.1319298992648084,1.3301443803153619,-0.4896294208189999,-0.5392441450453458,-0.45715245596448484,1.0485566443633125,-0.34284465163386063,0.3666104117817102,0.9649580404846618,0.2061559502574696,0.5490863902945103,-1.5240964389292924,0.609216919956064,-0.5065607304015044
IAG20200249,Mayo-Agosto 2023,Ingeniería Agroindustrial,2020,Irregular,-2.1921981574471343,-2.1381532716899683,-1.165829782915134,-1.447021084245106,0.4253099296925961,1.845526954904194,2.0592202310258663,0.14257360460620055,1.5407724037410715,-1.045487442156423,-1.124469953493074,0.05086109490004391,1.3301443803153619,0.9364341109541224,0.3992661352687664,-0.45715245596448484,-0.02201016680455571,-0.36585463228423015,1.504013521626209,-0.15466226432855207,2.121967990324559,-0.3838001809711627,-0.5443201567604616,2.210816138472137,-0.5065607304015044
IAG20200249,Septiembre-Diciembre 2022,Ingeniería Agroindustrial,2020,Irregular,-0.765635105036726,0.0,-1.165829782915134,-0.750422829893743,-0.5126252132718706,-0.3615936691372542,-0.3767312323191194,-0.6031385995906284,1.5407724037410715,0.0972280444018555,-1.124469953493074,-1.0302077094647206,1.3301443803153619,-0.4896294208189999,-0.5392441450453458,3.496919435884176,0.0,-0.33835965540539875,0.3666104117817102,-0.15466226432855207,0.2061559502574696,-0.3838001809711627,1.4152324075772,-0.9923822985600096,1.974096964064686
IAG20200267,Enero-Abril 2023,Ingeniería Agroindustrial,2020,Irregular,0.46691537224586627,0.0,-0.8145625822275359,-0.13849879944223187,-0.5126252132718706,-1.097300543817737,-0.3767312323191194,-0.6031385995906284,1.5407724037410715,-0.7598085705168535,-1.124469953493074,0.05086109490004391,1.3301443803153619,-0.4896294208189999,-0.5392441450453458,1.5198834899598457,0.0,-0.4407345693159413,0.3666104117817102,-0.15466226432855207,0.2061559502574696,-0.3838001809711627,-1.5240964389292924,-0.9923822985600096,1.974096964064686
IAG20200267,Mayo-Agosto 2023,Ingeniería Agroindustrial,2020,Irregular,0.18730901397342592,-0.16271297223183537,-0.28887304740540615,-0.4152176548675229,0.4253099296925961,-0.3615936691372542,-0.3767312323191194,-0.6031385995906284,1.5407724037410715,-0.7598085705168535,-0.28206614131491065,1.1319298992648084,1.3301443803153619,-0.4896294208189999,-0.5392441450453458,-0.45715245596448484,-0.7261413580424826,-0.38964461227868,0.3666104117817102,-1.2742825691417659,0.2061559502574696,-1.3166867522368357,1.4152324075772,0.609216919956064,-0.5065607304015044
IAG20200267,Septiembre-Diciembre 2022,Ingeniería Agroindustrial,2020,Irregular,0.46691537224586627,0.3633553683847316,-0.8145625822275359,-0.13937172958552976,-0.5126252132718706,-1.097300543817737,-0.3767312323191194,-0.6031385995906284,1.5407724037410715,-0.4741296988772838,-0.5628674120409651,-1.0302077094647206,1.3301443803153619,-0.4896294208189999,-0.5392441450453458,1.5198834899598457,-0.02201016680455571,-0.3664396317922904,0.3666104117817102,-1.2742825691417659,0.2061559502574696,-1.3166867522368357,0.43545612540836925,-0.9923822985600096,1.974096964064686
IAG20200290,Enero-Abril 2023,Ingeniería Agroindustrial,2020,Irregular,-0.6366738050988257,-0.6748243976891893,-0.11202818085233957,-0.9887327590139459,0.4253099296925961,-0.3615936691372542,-0.3767312323191194,0.8882858088030295,0.9039368094765574,0.6685857876809949,0.5603376708632528,-1.0302077094647206,1.3301443803153619,0.9364341109541224,0.3992661352687664,-0.45715245596448484,-0.02201016680455571,2.651962829962544,1.504013521626209,0.9649580404846618,1.1640619702910142,0.5490863902945103,-0.5443201567604616,-0.9923822985600096,-0.5065607304015044
IAG20200290,Mayo-Agosto 2023,Ingeniería Agroindustrial,2020,Irregular,-1.1673552605954964,-1.6732806360022667,0.32645018690252453,-1.8319832774392806,-0.5126252132718706,2.5812338295846766,2.0592202310258663,3.125422421393516,0.2671012152120434,0.52574635186121,-0.42246677667793786,0.05086109490004391,1.3301443803153619,2.3624976427272446,2.2762866958969905,-0.45715245596448484,-1.3584224277255188,3.7379169167583757,2.6414166314707077,0.9649580404846618,2.121967990324559,0.5490863902945103,0.43545612540836925,2.210816138472137,-0.5065607304015044
IAG20200369,Enero-Abril 2023,Ingeniería Agroindustrial,2020,Irregular,1.174490646241429,1.1685620121856009,-0.376084214472672,0.1792477727180391,-0.5126252132718706,0.3741132055432285,-0.3767312323191194,-0.6031385995906284,1.5407724037410715,-0.9026480063366383,-0.42246677667793786,0.05086109490004391,1.3301443803153619,-0.4896294208189999,-0.5392441450453458,-0.45715245596448484,0.35161046528087486,-0.41850458800965207,0.3666104117817102,0.9649580404846618,0.2061559502574696,0.5490863902945103,0.43545612540836925,0.609216919956064,-0.5065607304015044
IAG20200369,Septiembre-Diciembre 2022,Ingeniería Agroindustrial,2020,Irregular,1.026128088790747,0.8894237090013001,-0.8145625822275359,-0.5496488969353304,0.4253099296925961,-1.097300543817737,-0.3767312323191194,-0.6031385995906284,1.5407724037410715,-1.045487442156423,-0.5628674120409651,-1.0302077094647206,1.3301443803153619,-0.4896294208189999,-0.5392441450453458,-0.45715245596448484,-0.02201016680455571,-0.377554622445435,0.3666104117817102,-1.2742825691417659,0.2061559502574696,-1.3166867522368357,-0.5443201567604616,0.609216919956064,-0.5065607304015044
IAG20200369,Septiembre-Diciembre 2023,Ingeniería Agroindustrial,2020,Irregular,0.7522279827279479,0.43313994418080753,1.7315189896529175,-0.5479030366487345,-0.5126252132718706,-1.097300543817737,-0.3767312323191194,-0.6031385995906284,1.5407724037410715,1.8113012742392733,2.24514529521958,1.1319298992648084,1.3301443803153619,-0.4896294208189999,-0.5392441450453458,-0.45715245596448484,-0.8195465160638401,1.506533793180588,0.3666104117817102,2.0845783452978757,0.2061559502574696,2.414859532825856,0.43545612540836925,-0.9923822985600096,-0.5065607304015044
IAG20200376,Enero-Abril 2023,Ingeniería Agroindustrial,2020,Irregular,-0.1493598663954291,-0.24538085432872572,0.5008725210370559,-1.26108696372275,-0.5126252132718706,0.3741132055432285,2.0592202310258663,0.14257360460620055,1.5407724037410715,1.239943530960134,0.7007383062262801,0.05086109490004391,1.3301443803153619,0.9364341109541224,0.3992661352687664,-0.45715245596448484,-0.17576942693202136,1.8861984739116857,1.504013521626209,0.9649580404846618,2.121967990324559,0.5490863902945103,-0.5443201567604616,-0.9923822985600096,-0.5065607304015044
IAG20200376,Mayo-Agosto 2023,Ingeniería Agroindustrial,2020,Irregular,-0.21555239202727344,-0.5277399840882301,1.1161957553449866,-0.9738929465778892,1.3632450726570629,0.3741132055432285,-0.3767312323191194,0.14257360460620055,1.5407724037410715,-0.6169691346970686,-0.1416655059518834,1.1319298992648084,1.3301443803153619,-0.4896294208189999,0.3992661352687664,-0.45715245596448484,-0.4387408718229205,-0.36409963376004945,0.3666104117817102,-1.2742825691417659,0.2061559502574696,-1.3166867522368357,1.4152324075772,-0.9923822985600096,-0.5065607304015044
IAG20200376,Septiembre-Diciembre 2022,Ingeniería Agroindustrial,2020,Irregular,-0.05805983104116329,-0.13050470647980092,-0.6401402480930044,-1.0227770346025464,1.3632450726570629,-1.097300543817737,-0.3767312323191194,-0.6031385995906284,1.5407724037410715,-0.7598085705168535,-0.28206614131491065,-1.0302077094647206,1.3301443803153619,-0.4896294208189999,-0.5392441450453458,-0.45715245596448484,-0.02201016680455571,-0.4282545798106561,0.3666104117817102,0.9649580404846618,0.2061559502574696,0.5490863902945103,0.43545612540836925,2.210816138472137,-0.5065607304015044
IAG20210043,Enero-Abril 2023,Ingeniería Agroindustrial,2021,Regular,0.5981591730676245,1.3188672523617637,-0.11202818085233957,0.44636439656705823,-0.5126252132718706,0.3741132055432285,-0.3767312323191194,-0.6031385995906284,0.2671012152120434,-0.7598085705168535,-0.28206614131491065,0.05086109490004391,0.40328023062804735,-0.4896294208189999,-0.5392441450453458,-0.45715245596448484,2.2053436013970495,-0.34147965278172004,-0.7707926980627884,-1.2742825691417659,-0.7517500697760751,-1.3166867522368357,-0.5443201567604616,-0.9923822985600096,-0.5065607304015044
IAG20210043,Septiembre-Diciembre 2022,Ingeniería Agroindustrial,2021,Regular,-0.2863099194268286,-0.3452264781600327,-0.6401402480930044,0.28836404063022003,-0.5126252132718706,-0.3615936691372542,-0.3767312323191194,-0.6031385995906284,0.2671012152120434,0.52574635186121,-0.28206614131491065,-1.0302077094647206,0.40328023062804735,-0.4896294208189999,-0.5392441450453458,3.496919435884176,-0.02201016680455571,-0.4360545732514593,-0.7707926980627884,0.9649580404846618,-0.7517500697760751,0.5490863902945103,0.43545612540836925,0.609216919956064,1.974096964064686
IAG20210061,Septiembre-Diciembre 2022,Ingeniería Agroindustrial,2021,Regular,0.5639216598097749,0.454612121348831,-0.28887304740540615,0.1356012655531667,0.4253099296925961,0.3741132055432285,-0.3767312323191194,-0.6031385995906284,0.2671012152120434,0.6685857876809949,0.2795364001371983,-1.0302077094647206,0.40328023062804735,-0.4896294208189999,-0.5392441450453458,1.5198834899598457,-0.02201016680455571,-0.24982972985228194,-0.7707926980627884,0.9649580404846618,-0.7517500697760751,0.5490863902945103,1.4152324075772,-0.9923822985600096,1.974096964064686
IAG20210083,Septiembre-Diciembre 2023,Ingeniería Agroindustrial,2021,Irregular,-2.8404284084624236,-2.7479631032618266,-0.5505065486072034,-3.9121758089170977,2.3011802156215295,4.052647578945642,3.2771959626983587,2.3797102171966875,1.5407724037410715,2.382659017518413,-0.1416655059518834,-1.0302077094647206,1.3301443803153619,5.214624706273489,3.214796976211103,-0.45715245596448484,-0.02201016680455571,5.993870019674693,4.916222851159705,0.9649580404846618,4.995686050425193,0.5490863902945103,1.4152324075772,2.210816138472137,-0.5065607304015044
IAG20210108,Mayo-Agosto 2023,Ingeniería Agroindustrial,2021,Regular,-0.5716225299089102,-0.6136286927603224,-0.6401402480930044,0.008153464631738678,-1.4505603562363374,-1.097300543817737,-0.3767312323191194,0.14257360460620055,0.2671012152120434,-0.7598085705168535,-0.28206614131491065,-1.0302077094647206,1.0211896637529236,-0.4896294208189999,-0.5392441450453458,-0.45715245596448484,-0.02201016680455571,-0.3668296314643306,-0.7707926980627884,-0.15466226432855207,-0.7517500697760751,-0.3838001809711627,0.43545612540836925,0.609216919956064,-0.5065607304015044
IAG20210108,Septiembre-Diciembre 2023,Ingeniería Agroindustrial,2021,Regular,-0.2029986371660603,-0.15197688364782438,1.028984588277721,-0.124531917149473,-1.4505603562363374,0.3741132055432285,-0.3767312323191194,0.8882858088030295,-0.3697343790524706,1.0971040951403492,1.5431421184044436,0.05086109490004391,1.0211896637529236,-0.4896294208189999,-0.5392441450453458,-0.45715245596448484,0.5959008785675024,-0.29896968852934236,-0.7707926980627884,-0.15466226432855207,-0.7517500697760751,0.5490863902945103,-0.5443201567604616,-0.9923822985600096,-0.5065607304015044
IAG20210133,Enero-Abril 2023,Ingeniería Agroindustrial,2021,Regular,-0.04094107441223936,-0.11440057360378444,-0.28887304740540615,0.10068405982126831,0.4253099296925961,-1.097300543817737,-0.3767312323191194,-0.6031385995906284,0.2671012152120434,-0.18845082723771414,0.2795364001371983,0.05086109490004391,0.40328023062804735,-0.4896294208189999,-0.5392441450453458,-0.45715245596448484,-0.02201016680455571,-0.19288977773441826,-0.7707926980627884,0.9649580404846618,-0.7517500697760751,0.5490863902945103,1.4152324075772,-0.9923822985600096,-0.5065607304015044
IAG20210133,Mayo-Agosto 2023,Ingeniería Agroindustrial,2021,Regular,0.8127142561501493,2.2958513135068177,0.23923901983525866,0.46644178986289864,-0.5126252132718706,-1.097300543817737,-0.3767312323191194,-0.6031385995906284,0.2671012152120434,-0.7598085705168535,-0.28206614131491065,1.1319298992648084,0.40328023062804735,-0.4896294208189999,-0.5392441450453458,-0.45715245596448484,3.204060291010027,-0.37969962064165586,-0.7707926980627884,-0.15466226432855207,-0.7517500697760751,-0.3838001809711627,-0.5443201567604616,0.609216919956064,-0.5065607304015044
IAG20210133,Septiembre-Diciembre 2022,Ingeniería Agroindustrial,2021,Regular,-0.765635105036726,0.0,-1.165829782915134,-0.3008638060955571,-0.5126252132718706,-0.3615936691372542,-0.3767312323191194,-0.6031385995906284,0.2671012152120434,-0.18845082723771414,-1.124469953493074,-1.0302077094647206,0.40328023062804735,-0.4896294208189999,-0.5392441450453458,3.496919435884176,0.0,-0.3110596783625874,-0.7707926980627884,-1.2742825691417659,-0.7517500697760751,-1.3166867522368357,-1.5240964389292924,0.609216919956064,1.974096964064686
IAG20210138,Enero-Abril 2023,Ingeniería Agroindustrial,2021,Regular,0.24208903518598607,0.09495315378444186,0.23923901983525866,0.20892739759015136,0.4253099296925961,0.3741132055432285,-0.3767312323191194,-0.6031385995906284,0.2671012152120434,-0.7598085705168535,-0.28206614131491065,0.05086109490004391,0.40328023062804735,-0.4896294208189999,-0.5392441450453458,-0.45715245596448484,-0.1369703612923805,-0.40914459588068813,-0.7707926980627884,-0.15466226432855207,-0.7517500697760751,-0.3838001809711627,0.43545612540836925,-0.9923822985600096,-0.5065607304015044
IAG20210138,Septiembre-Diciembre 2022,Ingeniería Agroindustrial,2021,Regular,0.27290279711805043,0.18084186245653427,-0.28887304740540615,0.5109612271710688,-0.5126252132718706,-0.3615936691372542,-0.3767312323191194,-0.6031385995906284,0.2671012152120434,-0.18845082723771414,0.2795364001371983,-1.0302077094647206,0.40328023062804735,-0.4896294208189999,-0.5392441450453458,-0.45715245596448484,-0.02201016680455571,0.24371485511454322,-0.7707926980627884,-0.15466226432855207,-0.7517500697760751,0.5490863902945103,0.43545612540836925,-0.9923822985600096,-0.5065607304015044
IAG20210176,Enero-Abril 2023,Ingeniería Agroindustrial,2021,Irregular,-2.112310626512151,0.0,-1.165829782915134,-0.30173673623885494,-0.5126252132718706,-0.3615936691372542,-0.3767312323191194,0.14257360460620055,0.2671012152120434,-0.7598085705168535,-1.124469953493074,0.05086109490004391,0.40328023062804735,-0.4896294208189999,0.3992661352687664,1.5198834899598457,0.0,-0.3295846627844951,0.3666104117817102,-1.2742825691417659,0.2061559502574696,-1.3166867522368357,1.4152324075772,0.609216919956064,1.974096964064686
IAG20210176,Mayo-Agosto 2023,Ingeniería Agroindustrial,2021,Irregular,-0.7884601138752929,0.42777189988880204,-0.6401402480930044,0.582541498921459,-0.5126252132718706,0.3741132055432285,-0.3767312323191194,0.14257360460620055,0.2671012152120434,-0.7598085705168535,-0.28206614131491065,1.1319298992648084,0.40328023062804735,-0.4896294208189999,0.3992661352687664,-0.45715245596448484,3.3118354733423625,-0.30793968098626606,-0.7707926980627884,0.9649580404846618,-0.7517500697760751,0.5490863902945103,-0.5443201567604616,0.609216919956064,-0.5065607304015044
IAG20210176,Septiembre-Diciembre 2022,Ingeniería Agroindustrial,2021,Irregular,-2.112310626512151,-2.063000651601887,-1.165829782915134,-0.7556604107535273,0.4253099296925961,1.1098200802237113,-0.3767312323191194,0.14257360460620055,0.2671012152120434,0.24006748022164032,-1.124469953493074,-1.0302077094647206,0.40328023062804735,0.9364341109541224,0.3992661352687664,1.5198834899598457,-0.02201016680455571,-0.3091096800023866,1.504013521626209,0.9649580404846618,1.1640619702910142,0.5490863902945103,-0.5443201567604616,-0.9923822985600096,1.974096964064686
IAG20210176,Septiembre-Diciembre 2023,Ingeniería Agroindustrial,2021,Irregular,-1.6729292063697458,-2.0651478693186895,-0.024817013785073724,-2.3880397787197545,1.3632450726570629,1.845526954904194,2.0592202310258663,2.3797102171966875,0.2671012152120434,1.382782966779919,-0.1416655059518834,2.212998703629573,0.40328023062804735,3.7885611745003667,3.214796976211103,-0.45715245596448484,-1.6932439941713084,1.5287637744868774,3.778819741315206,0.9649580404846618,3.0798740103581035,0.5490863902945103,1.4152324075772,0.609216919956064,-0.5065607304015044
IAG20210196,Enero-Abril 2023,Ingeniería Agroindustrial,2021,Regular,-0.645803808634252,0.24525839396060473,-0.7273514151602701,-0.14460931044531464,-0.5126252132718706,-1.097300543817737,-0.3767312323191194,0.14257360460620055,0.2671012152120434,-0.9026480063366383,-0.42246677667793786,0.05086109490004391,0.40328023062804735,-0.4896294208189999,0.3992661352687664,-0.45715245596448484,2.464004038994655,-0.3190546716394107,-0.7707926980627884,-1.2742825691417659,-0.7517500697760751,-1.3166867522368357,-1.5240964389292924,-0.9923822985600096,-0.5065607304015044
IAG20210196,Mayo-Agosto 2023,Ingeniería Agroindustrial,2021,Regular,-0.05007107794766578,0.996784594841416,-0.19923934791960518,0.6340443773760087,0.4253099296925961,-1.097300543817737,-0.3767312323191194,0.14257360460620055,0.2671012152120434,-0.7598085705168535,-0.28206614131491065,1.1319298992648084,0.40328023062804735,-0.4896294208189999,0.3992661352687664,-0.45715245596448484,2.2268986378635165,-0.4222095848940336,-0.7707926980627884,0.9649580404846618,-0.7517500697760751,0.5490863902945103,-1.5240964389292924,-0.9923822985600096,-0.5065607304015044
IAG20210196,Septiembre-Diciembre 2022,Ingeniería Agroindustrial,2021,Irregular,-1.6329854409022544,-1.6120849310734007,-1.165829782915134,-0.6753508375701626,0.4253099296925961,1.1098200802237113,-0.3767312323191194,0.14257360460620055,0.2671012152120434,-0.7598085705168535,-1.124469953493074,-1.0302077094647206,0.40328023062804735,0.9364341109541224,0.3992661352687664,-0.45715245596448484,-0.02201016680455571,-0.3722896268728928,1.504013521626209,0.9649580404846618,1.1640619702910142,0.5490863902945103,-0.5443201567604616,0.609216919956064,-0.5065607304015044
IAG20210196,Septiembre-Diciembre 2023,Ingeniería Agroindustrial,2021,Regular,0.14280024673822114,0.19372516875734866,1.5546741230998506,0.03957894979044674,1.3632450726570629,-1.097300543817737,-0.3767312323191194,0.8882858088030295,-0.3697343790524706,1.239943530960134,1.6835427537674708,2.212998703629573,0.40328023062804735,-0.4896294208189999,0.3992661352687664,-0.45715245596448484,0.403342552800396,0.13646494530349865,-0.7707926980627884,-0.15466226432855207,-0.7517500697760751,0.5490863902945103,-0.5443201567604616,0.609216919956064,-0.5065607304015044
IAG20210215,Septiembre-Diciembre 2022,Ingeniería Agroindustrial,2021,Irregular,-1.2335477862273392,-1.2363218306329944,-1.165829782915134,-1.0253958250324389,-0.5126252132718706,0.3741132055432285,-0.3767312323191194,0.14257360460620055,0.2671012152120434,0.6685857876809949,-1.124469953493074,-1.0302077094647206,0.40328023062804735,0.9364341109541224,0.3992661352687664,3.496919435884176,-0.02201016680455571,-0.2905846955804789,1.504013521626209,-0.15466226432855207,1.1640619702910142,-0.3838001809711627,1.4152324075772,0.609216919956064,1.974096964064686
IAG20210238,Enero-Abril 2023,Ingeniería Agroindustrial,2021,Regular,0.9724893180201156,1.4369642267858906,0.6777173875901228,0.11639680240062296,0.4253099296925961,0.3741132055432285,-0.3767312323191194,-0.6031385995906284,0.2671012152120434,0.8114252235007796,0.7007383062262801,0.05086109490004391,0.40328023062804735,-0.4896294208189999,-0.5392441450453458,1.5198834899598457,2.377783893128786,-0.38749961408245914,-0.7707926980627884,-0.15466226432855207,-0.7517500697760751,0.5490863902945103,-0.5443201567604616,0.609216919956064,1.974096964064686
IAG20210238,Mayo-Agosto 2023,Ingeniería Agroindustrial,2021,Regular,0.7373917269828801,-0.0446159978077085,1.1161957553449866,0.23598823203237243,-0.5126252132718706,0.3741132055432285,-0.3767312323191194,-0.6031385995906284,0.2671012152120434,-0.9026480063366383,-0.42246677667793786,1.1319298992648084,0.40328023062804735,-0.4896294208189999,-0.5392441450453458,-0.45715245596448484,-1.204663167598053,-0.3447946499940614,-0.7707926980627884,-1.2742825691417659,-0.7517500697760751,-1.3166867522368357,0.43545612540836925,0.609216919956064,-0.5065607304015044
IAG20210238,Septiembre-Diciembre 2022,Ingeniería Agroindustrial,2021,Regular,-0.2977224238461128,-0.3559625667440452,-0.4632953815399377,-0.2834052032296078,1.3632450726570629,-1.097300543817737,-0.3767312323191194,-0.6031385995906284,0.2671012152120434,-0.4741296988772838,-0.0012648705888561507,-1.0302077094647206,0.40328023062804735,-0.4896294208189999,-0.5392441450453458,-0.45715245596448484,-0.02201016680455571,-0.38535461588623826,-0.7707926980627884,-1.2742825691417659,-0.7517500697760751,-1.3166867522368357,-0.5443201567604616,0.609216919956064,-0.5065607304015044
IAG20210238,Septiembre-Diciembre 2023,Ingeniería Agroindustrial,2021,Regular,0.3105640617016866,-0.32053347441680563,2.695686892229911,0.024739137354389984,-0.5126252132718706,0.3741132055432285,-0.3767312323191194,-0.6031385995906284,0.2671012152120434,0.9542646593205645,1.4027414830414162,2.212998703629573,0.40328023062804735,-0.4896294208189999,-0.5392441450453458,-0.45715245596448484,-1.2779502915840413,-0.40621959834038696,-0.7707926980627884,0.9649580404846618,-0.7517500697760751,1.4819729615601833,1.4152324075772,0.609216919956064,-0.5065607304015044
IAG20210315,Enero-Abril 2023,Ingeniería Agroindustrial,2021,Irregular,0.6266904341158326,0.5136606085608945,-0.8145625822275359,-0.03374718224653791,-0.5126252132718706,0.3741132055432285,-0.3767312323191194,-0.6031385995906284,0.9039368094765574,-1.045487442156423,-0.5628674120409651,-1.0302077094647206,0.7122349471904855,-0.4896294208189999,-0.5392441450453458,-0.45715245596448484,-0.02201016680455571,-0.3518146440907843,0.3666104117817102,0.9649580404846618,0.2061559502574696,0.5490863902945103,-1.5240964389292924,-0.9923822985600096,-0.5065607304015044
IAG20210315,Mayo-Agosto 2023,Ingeniería Agroindustrial,2021,Irregular,0.46691537224586627,0.28820274829665016,0.06239415328219211,-0.2188083726255972,0.4253099296925961,-1.097300543817737,-0.3767312323191194,-0.6031385995906284,0.9039368094765574,-0.18845082723771414,0.2795364001371983,0.05086109490004391,0.7122349471904855,-0.4896294208189999,-0.5392441450453458,-0.45715245596448484,-0.32378067733509575,-0.47700453881567634,0.3666104117817102,0.9649580404846618,0.2061559502574696,0.5490863902945103,0.43545612540836925,0.609216919956064,-0.5065607304015044
IAG20210315,Septiembre-Diciembre 2023,Ingeniería Agroindustrial,2021,Irregular,0.6609279473736821,1.0934093920975194,0.41366135396979015,0.02910378807087821,1.3632450726570629,-1.097300543817737,-0.3767312323191194,-0.6031385995906284,0.9039368094765574,-1.045487442156423,-0.5628674120409651,1.1319298992648084,0.7122349471904855,-0.4896294208189999,-0.5392441450453458,-0.45715245596448484,0.9551514863419548,-0.32197966917971194,0.3666104117817102,-1.2742825691417659,0.2061559502574696,-1.3166867522368357,0.43545612540836925,-0.9923822985600096,-0.5065607304015044
IAG20210316,Enero-Abril 2023,Ingeniería Agroindustrial,2021,Regular,0.23866528386020094,0.5673410514809524,0.23923901983525866,0.5345303410400997,-0.5126252132718706,-1.097300543817737,-0.3767312323191194,-0.6031385995906284,0.2671012152120434,-1.045487442156423,-0.5628674120409651,0.05086109490004391,0.40328023062804735,-0.4896294208189999,-0.5392441450453458,-0.45715245596448484,0.8186362553876628,-0.29253469394067966,-0.7707926980627884,-0.15466226432855207,-0.7517500697760751,-0.3838001809711627,-1.5240964389292924,0.609216919956064,-0.5065607304015044
IAG20210316,Septiembre-Diciembre 2022,Ingeniería Agroindustrial,2021,Regular,0.016121447684176962,-0.060720130683726496,-0.11202818085233957,0.38176756596304634,-0.5126252132718706,0.3741132055432285,-0.3767312323191194,-0.6031385995906284,0.2671012152120434,0.0972280444018555,0.5603376708632528,-1.0302077094647206,0.40328023062804735,-0.4896294208189999,-0.5392441450453458,-0.45715245596448484,-0.02201016680455571,-0.4807095357000579,-0.7707926980627884,-1.2742825691417659,-0.7517500697760751,-0.3838001809711627,-1.5240964389292924,0.609216919956064,-0.5065607304015044
IAG20210339,Mayo-Agosto 2023,Ingeniería Agroindustrial,2021,Irregular,-2.565387051957697,-3.4211158574793537,-0.7273514151602701,-2.1270336658738174,1.3632450726570629,4.052647578945642,2.0592202310258663,1.6339980129998586,0.2671012152120434,-0.18845082723771414,-1.124469953493074,0.05086109490004391,0.7122349471904855,2.3624976427272446,1.3377764155828784,-0.45715245596448484,-3.76540149981435,-0.26308971870164743,2.6414166314707077,-1.2742825691417659,2.121967990324559,-1.3166867522368357,0.43545612540836925,0.609216919956064,-0.5065607304015044
IAG20210339,Septiembre-Diciembre 2022,Ingeniería Agroindustrial,2021,Regular,-0.5830350343281945,-0.6243647813443349,-0.7273514151602701,0.2525739047550237,0.4253099296925961,0.3741132055432285,-0.3767312323191194,0.14257360460620055,-0.3697343790524706,-0.045611391417929324,-0.42246677667793786,-1.0302077094647206,0.40328023062804735,-0.4896294208189999,-0.5392441450453458,1.5198834899598457,-0.02201016680455571,-0.35473964163108557,-0.7707926980627884,-0.15466226432855207,-0.7517500697760751,-0.3838001809711627,0.43545612540836925,-0.9923822985600096,1.974096964064686
IAG20210339,Septiembre-Diciembre 2023,Ingeniería Agroindustrial,2021,Irregular,-2.0107393371805298,-1.5777294476045636,-0.19923934791960518,-1.868646343457773,0.4253099296925961,1.845526954904194,2.0592202310258663,4.616846829787174,-0.3697343790524706,1.5256224025997038,-0.28206614131491065,1.1319298992648084,0.7122349471904855,3.7885611745003667,4.153307256525215,-0.45715245596448484,1.1980048971974848,0.7797694043337461,2.6414166314707077,-0.15466226432855207,2.121967990324559,-0.3838001809711627,1.4152324075772,-0.9923822985600096,-0.5065607304015044
IAG20210345,Mayo-Agosto 2023,Ingeniería Agroindustrial,2021,Regular,0.6495154429543994,0.535132785728918,-0.6401402480930044,0.4777898817257663,-0.5126252132718706,-1.097300543817737,-0.3767312323191194,0.14257360460620055,0.2671012152120434,-0.7598085705168535,-0.28206614131491065,0.05086109490004391,0.7122349471904855,-0.4896294208189999,-0.5392441450453458,-0.45715245596448484,-0.02201016680455571,-0.2911696950885391,-0.7707926980627884,-0.15466226432855207,-0.7517500697760751,-0.3838001809711627,-1.5240964389292924,0.609216919956064,-0.5065607304015044
IAG20210345,Septiembre-Diciembre 2022,Ingeniería Agroindustrial,2021,Regular,-0.765635105036726,0.0,-1.165829782915134,-0.12802363772266334,0.4253099296925961,0.3741132055432285,-0.3767312323191194,-0.6031385995906284,0.2671012152120434,-0.4741296988772838,-1.124469953493074,-1.0302077094647206,0.40328023062804735,-0.4896294208189999,-0.5392441450453458,1.5198834899598457,0.0,-0.3964696065393829,-0.7707926980627884,0.9649580404846618,-0.7517500697760751,0.5490863902945103,-1.5240964389292924,-0.9923822985600096,1.974096964064686
IAG20210345,Septiembre-Diciembre 2023,Ingeniería Agroindustrial,2021,Regular,0.7579342349375892,0.7391184688251372,-0.28887304740540615,0.6209504252265478,0.4253099296925961,0.3741132055432285,-0.3767312323191194,0.14257360460620055,0.2671012152120434,-1.045487442156423,-0.5628674120409651,1.1319298992648084,0.7122349471904855,-0.4896294208189999,-0.5392441450453458,-0.45715245596448484,0.2510202951040281,-0.35805463884342686,-0.7707926980627884,0.9649580404846618,-0.7517500697760751,0.5490863902945103,1.4152324075772,0.609216919956064,-0.5065607304015044
IAG20210355,Enero-Abril 2023,Ingeniería Agroindustrial,2021,Irregular,1.6081658141741928,1.4369642267858906,-0.4632953815399377,-0.019780299953779047,-0.5126252132718706,-0.3615936691372542,-0.3767312323191194,-0.6031385995906284,0.9039368094765574,-0.4741296988772838,-0.0012648705888561507,-1.0302077094647206,0.7122349471904855,-0.4896294208189999,-0.5392441450453458,-0.45715245596448484,-0.02201016680455571,-0.3908146112948005,0.3666104117817102,-0.15466226432855207,0.2061559502574696,-0.3838001809711627,0.43545612540836925,0.609216919956064,-0.5065607304015044
IAG20210355,Mayo-Agosto 2023,Ingeniería Agroindustrial,2021,Irregular,0.14394149718015004,-0.6297328256363405,0.14960532034945773,-0.6124998672527464,-0.5126252132718706,0.3741132055432285,-0.3767312323191194,0.14257360460620055,0.9039368094765574,0.24006748022164032,-0.1416655059518834,0.05086109490004391,0.7122349471904855,0.9364341109541224,0.3992661352687664,-0.45715245596448484,-2.7882398466678397,-0.24982972985228194,1.504013521626209,-1.2742825691417659,1.1640619702910142,-1.3166867522368357,-0.5443201567604616,0.609216919956064,-0.5065607304015044
IAG20210355,Septiembre-Diciembre 2023,Ingeniería Agroindustrial,2021,Irregular,0.3562140793788187,0.40844694043758045,1.993152490854714,0.16353503013868442,1.3632450726570629,-1.097300543817737,-0.3767312323191194,0.14257360460620055,0.9039368094765574,1.382782966779919,1.823943389130498,1.1319298992648084,0.7122349471904855,-0.4896294208189999,0.3992661352687664,-0.45715245596448484,0.4464526257333302,-0.01797492482440558,0.3666104117817102,0.9649580404846618,0.2061559502574696,1.4819729615601833,-0.5443201567604616,-0.9923822985600096,-0.5065607304015044
IAG20210361,Enero-Abril 2023,Ingeniería Agroindustrial,2021,Regular,0.8891780357593474,1.0397289491774615,-0.19923934791960518,0.751017016577867,-0.5126252132718706,0.3741132055432285,-0.3767312323191194,-0.6031385995906284,0.2671012152120434,-1.045487442156423,-0.5628674120409651,0.05086109490004391,0.40328023062804735,-0.4896294208189999,-0.5392441450453458,-0.45715245596448484,0.7252310973663053,-0.4358595734154393,-0.7707926980627884,0.9649580404846618,-0.7517500697760751,0.5490863902945103,-0.5443201567604616,-0.9923822985600096,-0.5065607304015044
IAG20210361,Mayo-Agosto 2023,Ingeniería Agroindustrial,2021,Regular,1.3650794700434596,2.1026017189946096,0.32645018690252453,1.0949514930370612,-1.4505603562363374,-1.097300543817737,-0.3767312323191194,-0.6031385995906284,0.2671012152120434,-0.7598085705168535,-0.28206614131491065,1.1319298992648084,0.40328023062804735,-0.4896294208189999,-0.5392441450453458,-0.45715245596448484,1.7742428720677066,-0.3841846168701178,-0.7707926980627884,-0.15466226432855207,-0.7517500697760751,-0.3838001809711627,-1.5240964389292924,0.609216919956064,-0.5065607304015044
IAG20210361,Septiembre-Diciembre 2022,Ingeniería Agroindustrial,2021,Regular,0.5924529208579832,0.48145234280886,-0.5505065486072034,0.6340443773760087,-1.4505603562363374,0.3741132055432285,-0.3767312323191194,-0.6031385995906284,0.2671012152120434,0.3829069160414252,-0.1416655059518834,-1.0302077094647206,0.40328023062804735,-0.4896294208189999,-0.5392441450453458,1.5198834899598457,-0.02201016680455571,-0.39061961145878044,-0.7707926980627884,-1.2742825691417659,-0.7517500697760751,-1.3166867522368357,-1.5240964389292924,-0.9923822985600096,1.974096964064686
IAG20210361,Septiembre-Diciembre 2023,Ingeniería Agroindustrial,2021,Regular,1.5602332956132028,1.6677901313421404,1.2034069224122523,0.823470218471555,0.4253099296925961,-0.3615936691372542,-0.3767312323191194,-0.6031385995906284,0.2671012152120434,-0.18845082723771414,0.2795364001371983,2.212998703629573,0.40328023062804735,-0.4896294208189999,-0.5392441450453458,-0.45715245596448484,0.5930268737053068,0.4872696503036245,-0.7707926980627884,-0.15466226432855207,-0.7517500697760751,0.5490863902945103,-1.5240964389292924,-0.9923822985600096,-0.5065607304015044
IAG20210386,Enero-Abril 2023,Ingeniería Agroindustrial,2021,Regular,0.9154267959236994,0.8572154432492657,0.14960532034945773,0.6375360979491991,0.4253099296925961,-1.097300543817737,-0.3767312323191194,-0.6031385995906284,0.2671012152120434,0.52574635186121,0.2795364001371983,0.05086109490004391,0.40328023062804735,-0.4896294208189999,-0.5392441450453458,1.5198834899598457,0.26539031941500624,1.8776184811268022,-0.7707926980627884,0.9649580404846618,-0.7517500697760751,0.5490863902945103,0.43545612540836925,-0.9923822985600096,1.974096964064686
IAG20210386,Septiembre-Diciembre 2022,Ingeniería Agroindustrial,2021,Regular,0.7636404871472321,0.6424936715690338,-0.7273514151602701,-0.06429973726194932,-0.5126252132718706,0.3741132055432285,-0.3767312323191194,-0.6031385995906284,0.2671012152120434,-0.9026480063366383,-0.42246677667793786,-1.0302077094647206,0.40328023062804735,-0.4896294208189999,-0.5392441450453458,-0.45715245596448484,-0.02201016680455571,-0.3057946827900452,-0.7707926980627884,0.9649580404846618,-0.7517500697760751,0.5490863902945103,-0.5443201567604616,0.609216919956064,-0.5065607304015044
IAG20210386,Septiembre-Diciembre 2023,Ingeniería Agroindustrial,2021,Irregular,0.7567929844956619,0.5243966971449054,1.993152490854714,0.12949075455008394,-0.5126252132718706,-0.3615936691372542,-0.3767312323191194,-0.6031385995906284,0.9039368094765574,1.382782966779919,1.823943389130498,1.1319298992648084,0.7122349471904855,-0.4896294208189999,-0.5392441450453458,-0.45715245596448484,-0.3712017575613235,1.4531038381110861,0.3666104117817102,0.9649580404846618,0.2061559502574696,1.4819729615601833,-0.5443201567604616,-0.9923822985600096,-0.5065607304015044
IAG20220048,Enero-Abril 2023,Ingeniería Agroindustrial,2022,Regular,-0.6058600431667597,-0.6458369585123569,-0.5505065486072034,-0.06255387697535476,0.4253099296925961,-1.097300543817737,-0.3767312323191194,-0.6031385995906284,-0.3697343790524706,-0.6169691346970686,-0.1416655059518834,-1.0302077094647206,-0.21462920249682893,-0.4896294208189999,-0.5392441450453458,-0.45715245596448484,-0.02201016680455571,-0.37482462474115386,-0.7707926980627884,-1.2742825691417659,-0.7517500697760751,-1.3166867522368357,0.43545612540836925,0.609216919956064,-0.5065607304015044
IAG20220048,Septiembre-Diciembre 2023,Ingeniería Agroindustrial,2022,Regular,-0.0146923142478874,0.09495315378444186,0.8521397217246542,0.4987402051649046,0.4253099296925961,-0.3615936691372542,-0.3767312323191194,0.14257360460620055,-0.3697343790524706,0.6685857876809949,1.1219402123153617,0.05086109490004391,0.09432551406560921,-0.4896294208189999,-0.5392441450453458,-0.45715245596448484,0.969521510652933,1.4841088120382786,-0.7707926980627884,0.9649580404846618,-0.7517500697760751,1.4819729615601833,0.43545612540836925,0.609216919956064,-0.5065607304015044
IAG20220062,Enero-Abril 2023,Ingeniería Agroindustrial,2022,Regular,1.1859031506607116,2.027449098906528,-0.024817013785073724,0.9421887179600078,-1.4505603562363374,-1.097300543817737,-0.3767312323191194,-0.6031385995906284,-0.3697343790524706,0.0972280444018555,-0.1416655059518834,0.05086109490004391,-0.523583919059267,-0.4896294208189999,-0.5392441450453458,1.5198834899598457,2.622074306415414,-0.40309960096406566,-0.7707926980627884,0.9649580404846618,-0.7517500697760751,0.5490863902945103,-0.5443201567604616,-0.9923822985600096,1.974096964064686
IAG20220062,Mayo-Agosto 2023,Ingeniería Agroindustrial,2022,Regular,1.0740606073517367,0.8303752217892366,1.1161957553449866,0.6392819582357936,0.4253099296925961,-0.3615936691372542,-0.3767312323191194,-0.6031385995906284,-0.3697343790524706,0.24006748022164032,0.7007383062262801,1.1319298992648084,-0.523583919059267,-0.4896294208189999,-0.5392441450453458,-0.45715245596448484,-0.30222564086862863,-0.3832096176900174,-0.7707926980627884,-1.2742825691417659,-0.7517500697760751,-0.3838001809711627,0.43545612540836925,-0.9923822985600096,-0.5065607304015044
IAG20220062,Septiembre-Diciembre 2022,Ingeniería Agroindustrial,2022,Regular,0.13595274408665253,0.05200879944839642,-0.6401402480930044,0.5956354510709212,-0.5126252132718706,-0.3615936691372542,-0.3767312323191194,-0.6031385995906284,-0.3697343790524706,0.0972280444018555,-0.28206614131491065,-1.0302077094647206,-0.523583919059267,-0.4896294208189999,-0.5392441450453458,1.5198834899598457,-0.02201016680455571,-0.3717046273648326,-0.7707926980627884,-0.15466226432855207,-0.7517500697760751,-0.3838001809711627,-0.5443201567604616,0.609216919956064,1.974096964064686
IAG20220062,Septiembre-Diciembre 2023,Ingeniería Agroindustrial,2022,Regular,1.1037331188418722,1.0719372149294975,1.4674629560325847,1.049559125585594,-0.5126252132718706,-0.3615936691372542,-0.3767312323191194,-0.6031385995906284,-0.3697343790524706,-1.045487442156423,-0.5628674120409651,2.212998703629573,-0.523583919059267,-0.4896294208189999,-0.5392441450453458,-0.45715245596448484,0.16192614437596395,-0.36078463654770804,-0.7707926980627884,-0.15466226432855207,-0.7517500697760751,-0.3838001809711627,-1.5240964389292924,0.609216919956064,-0.5065607304015044
IAG20220072,Enero-Abril 2023,Ingeniería Agroindustrial,2022,Regular,0.8777655313400647,1.0826733035135083,0.41366135396979015,0.4900109037319306,1.3632450726570629,-1.097300543817737,-0.3767312323191194,-0.6031385995906284,-0.3697343790524706,-0.7598085705168535,-0.28206614131491065,0.05086109490004391,-0.523583919059267,-0.4896294208189999,-0.5392441450453458,-0.45715245596448484,0.6461959636559258,-0.3674146309723908,-0.7707926980627884,0.9649580404846618,-0.7517500697760751,0.5490863902945103,0.43545612540836925,-0.9923822985600096,-0.5065607304015044
IAG20220072,Septiembre-Diciembre 2022,Ingeniería Agroindustrial,2022,Regular,0.7008717128411729,0.5834451843569689,-0.11202818085233957,0.4708064405793856,1.3632450726570629,-1.097300543817737,-0.3767312323191194,-0.6031385995906284,-0.3697343790524706,0.0972280444018555,0.5603376708632528,-1.0302077094647206,-0.523583919059267,-0.4896294208189999,-0.5392441450453458,-0.45715245596448484,-0.02201016680455571,-0.4779795379957768,-0.7707926980627884,0.9649580404846618,-0.7517500697760751,0.5490863902945103,-1.5240964389292924,0.609216919956064,-0.5065607304015044
IAG20220087,Enero-Abril 2023,Ingeniería Agroindustrial,2022,Regular,0.6495154429543994,0.535132785728918,-0.6401402480930044,1.0923327026071687,-1.4505603562363374,0.3741132055432285,-0.3767312323191194,-0.6031385995906284,-0.3697343790524706,-0.7598085705168535,-0.28206614131491065,0.05086109490004391,-0.523583919059267,-0.4896294208189999,-0.5392441450453458,-0.45715245596448484,-0.02201016680455571,-0.4333245755471782,-0.7707926980627884,-0.15466226432855207,-0.7517500697760751,-0.3838001809711627,-1.5240964389292924,0.609216919956064,-0.5065607304015044
IAG20220087,Septiembre-Diciembre 2022,Ingeniería Agroindustrial,2022,Regular,-0.765635105036726,0.0,-1.165829782915134,0.4708064405793856,0.4253099296925961,0.3741132055432285,-0.3767312323191194,-0.6031385995906284,-0.3697343790524706,-0.7598085705168535,-1.124469953493074,-1.0302077094647206,-0.523583919059267,-0.4896294208189999,-0.5392441450453458,1.5198834899598457,0.0,-0.3479146473703827,-0.7707926980627884,-0.15466226432855207,-0.7517500697760751,-0.3838001809711627,0.43545612540836925,-0.9923822985600096,1.974096964064686
IAG20220087,Septiembre-Diciembre 2023,Ingeniería Agroindustrial,2022,Regular,0.17817901043799952,0.017653315979558534,1.818730156720183,-0.3794275189923278,0.4253099296925961,-0.3615936691372542,-0.3767312323191194,0.14257360460620055,-0.3697343790524706,3.2396956324371216,2.8067478366716885,1.1319298992648084,-0.21462920249682893,0.9364341109541224,0.3992661352687664,-0.45715245596448484,-0.7146453385937,0.15830492693774767,0.3666104117817102,2.0845783452978757,0.2061559502574696,2.414859532825856,-0.5443201567604616,-0.9923822985600096,-0.5065607304015044
IAG20220113,Enero-Abril 2023,Ingeniería Agroindustrial,2022,Irregular,-2.146548139770001,-2.8252629410667103,-1.165829782915134,-0.3977590520015737,1.3632450726570629,1.1098200802237113,-0.3767312323191194,1.6339980129998586,-0.3697343790524706,-0.7598085705168535,-1.124469953493074,0.05086109490004391,-0.523583919059267,0.9364341109541224,2.2762866958969905,-0.45715245596448484,-1.4877526465243214,-0.32041967049155123,1.504013521626209,-1.2742825691417659,1.1640619702910142,-1.3166867522368357,-0.5443201567604616,-0.9923822985600096,-0.5065607304015044
IAG20220113,Mayo-Agosto 2023,Ingeniería Agroindustrial,2022,Irregular,-1.9662305699453257,-1.6711334182854642,-0.6401402480930044,-0.49552722805088817,-0.5126252132718706,0.3741132055432285,-0.3767312323191194,3.125422421393516,-1.0065699733169846,0.24006748022164032,-0.28206614131491065,1.1319298992648084,-0.523583919059267,0.9364341109541224,3.214796976211103,-0.45715245596448484,0.5456057934790791,0.8452893492364933,0.3666104117817102,0.9649580404846618,0.2061559502574696,0.5490863902945103,-0.5443201567604616,0.609216919956064,-0.5065607304015044
IAG20220113,Septiembre-Diciembre 2022,Ingeniería Agroindustrial,2022,Irregular,-1.7585229895143704,-1.7301819054975285,-1.165829782915134,-0.858666167662626,1.3632450726570629,1.1098200802237113,0.8412444993533734,0.8882858088030295,-0.3697343790524706,-0.18845082723771414,-1.124469953493074,-1.0302077094647206,-0.523583919059267,2.3624976427272446,1.3377764155828784,-0.45715245596448484,-0.02201016680455571,0.005620055334024246,1.504013521626209,-0.15466226432855207,1.1640619702910142,-0.3838001809711627,-0.5443201567604616,2.210816138472137,-0.5065607304015044
IAG20220113,Septiembre-Diciembre 2023,Ingeniería Agroindustrial,2022,Irregular,-2.087203116789728,-2.2272628069372646,-0.6401402480930044,-1.843331369302147,-0.5126252132718706,3.3169407042651597,2.0592202310258663,5.362559033984003,-1.0065699733169846,0.3829069160414252,-1.124469953493074,2.212998703629573,-0.523583919059267,3.7885611745003667,6.03032781715344,-0.45715245596448484,-0.4258078499430402,-0.4639395498023309,2.6414166314707077,0.9649580404846618,2.121967990324559,0.5490863902945103,2.395008689746031,0.609216919956064,-0.5065607304015044
IAG20220116,Enero-Abril 2023,Ingeniería Agroindustrial,2022,Egresado,0.033240204313102505,-0.0446159978077085,-0.7273514151602701,1.2197805035285967,0.4253099296925961,-1.097300543817737,-0.3767312323191194,-0.6031385995906284,-0.3697343790524706,-0.9026480063366383,-0.42246677667793786,-1.0302077094647206,-0.21462920249682893,-0.4896294208189999,-0.5392441450453458,-0.45715245596448484,-0.02201016680455571,-0.302869685249744,-0.7707926980627884,0.9649580404846618,-0.7517500697760751,0.5490863902945103,0.43545612540836925,0.609216919956064,-0.5065607304015044
IAG20220116,Mayo-Agosto 2023,Ingeniería Agroindustrial,2022,Egresado,0.8378217658725724,1.469172492537925,-0.024817013785073724,1.1778798566503188,-0.5126252132718706,-1.097300543817737,-0.3767312323191194,-0.6031385995906284,-0.3697343790524706,-0.4741296988772838,-0.0012648705888561507,0.05086109490004391,-0.21462920249682893,-0.4896294208189999,-0.5392441450453458,-0.45715245596448484,2.004163261043356,-0.4266945811224955,-0.7707926980627884,0.9649580404846618,-0.7517500697760751,0.5490863902945103,-0.5443201567604616,-0.9923822985600096,-0.5065607304015044
IAG20220116,Septiembre-Diciembre 2023,Ingeniería Agroindustrial,2022,Egresado,0.4189828536848763,0.055229626023600015,1.6418852901671164,0.887194118932269,-0.5126252132718706,-0.3615936691372542,-0.3767312323191194,0.14257360460620055,-1.0065699733169846,1.0971040951403492,1.5431421184044436,1.1319298992648084,-0.21462920249682893,-0.4896294208189999,-0.5392441450453458,-0.45715245596448484,-0.9014556546364153,-0.39841960489958367,-0.7707926980627884,0.9649580404846618,-0.7517500697760751,1.4819729615601833,-1.5240964389292924,-0.9923822985600096,-0.5065607304015044
IAG20220135,Enero-Abril 2023,Ingeniería Agroindustrial,2022,Regular,0.2957278059566173,0.7927989117451952,-0.11202818085233957,1.027735872003158,0.4253099296925961,0.3741132055432285,-0.3767312323191194,-0.6031385995906284,-0.3697343790524706,-0.7598085705168535,-0.28206614131491065,0.05086109490004391,-0.523583919059267,-0.4896294208189999,-0.5392441450453458,-0.45715245596448484,1.558692507403035,-0.3139846759028886,-0.7707926980627884,-1.2742825691417659,-0.7517500697760751,-1.3166867522368357,-1.5240964389292924,0.609216919956064,-0.5065607304015044
IAG20220135,Septiembre-Diciembre 2022,Ingeniería Agroindustrial,2022,Regular,-0.33195993710396227,-0.3881708324960797,-0.6401402480930044,0.1574245191356029,1.3632450726570629,-0.3615936691372542,-0.3767312323191194,-0.6031385995906284,-0.3697343790524706,-0.7598085705168535,-0.28206614131491065,-1.0302077094647206,-0.523583919059267,-0.4896294208189999,-0.5392441450453458,-0.45715245596448484,-0.02201016680455571,-0.41557959046935083,-0.7707926980627884,-0.15466226432855207,-0.7517500697760751,-0.3838001809711627,0.43545612540836925,0.609216919956064,-0.5065607304015044
IAG20220135,Septiembre-Diciembre 2023,Ingeniería Agroindustrial,2022,Regular,0.3584965802626749,0.2806874862878428,2.782898059297177,0.7850612921664675,-0.5126252132718706,0.3741132055432285,-0.3767312323191194,-0.6031385995906284,-0.3697343790524706,3.096856196617337,3.5087510134868247,1.1319298992648084,-0.21462920249682893,-0.4896294208189999,-0.5392441450453458,-0.45715245596448484,0.0828910106655844,0.01868504434736971,-0.7707926980627884,3.2041986501110897,-0.7517500697760751,4.280632675357203,0.43545612540836925,0.609216919956064,-0.5065607304015044
IAG20220148,Enero-Abril 2023,Ingeniería Agroindustrial,2022,Regular,1.448390752304228,0.0,-0.6401402480930044,0.9369511371002229,-0.5126252132718706,-1.097300543817737,-0.3767312323191194,-0.6031385995906284,-0.3697343790524706,-0.7598085705168535,-1.124469953493074,0.05086109490004391,-0.523583919059267,-0.4896294208189999,-0.5392441450453458,1.5198834899598457,0.0,-0.35883463818750727,-0.7707926980627884,0.9649580404846618,-0.7517500697760751,0.5490863902945103,-0.5443201567604616,-0.9923822985600096,1.974096964064686
IAG20220148,Mayo-Agosto 2023,Ingeniería Agroindustrial,2022,Regular,1.6481095796416851,1.662422087050135,-0.024817013785073724,0.9325864863837359,-0.5126252132718706,0.3741132055432285,-0.3767312323191194,-0.6031385995906284,-0.3697343790524706,-0.6169691346970686,-0.1416655059518834,1.1319298992648084,-0.523583919059267,-0.4896294208189999,-0.5392441450453458,-0.45715245596448484,0.4809406840796777,-0.34303965146988064,-0.7707926980627884,-0.15466226432855207,-0.7517500697760751,-0.3838001809711627,-0.5443201567604616,-0.9923822985600096,-0.5065607304015044
IAG20220148,Septiembre-Diciembre 2022,Ingeniería Agroindustrial,2022,Regular,1.448390752304228,1.2866589866097293,-0.6401402480930044,0.5895249400678396,0.4253099296925961,-1.097300543817737,-0.3767312323191194,-0.6031385995906284,-0.3697343790524706,-0.7598085705168535,-0.28206614131491065,-1.0302077094647206,-0.523583919059267,-0.4896294208189999,-0.5392441450453458,-0.45715245596448484,-0.02201016680455571,-0.35454464179506545,-0.7707926980627884,0.9649580404846618,-0.7517500697760751,0.5490863902945103,-1.5240964389292924,0.609216919956064,-0.5065607304015044
IAG20220148,Septiembre-Diciembre 2023,Ingeniería Agroindustrial,2022,Regular,1.00330307995218,0.2613625268366212,0.8521397217246542,0.5642099659122132,-0.5126252132718706,-1.097300543817737,-0.3767312323191194,-0.6031385995906284,-0.3697343790524706,-0.18845082723771414,0.2795364001371983,2.212998703629573,-0.523583919059267,-0.4896294208189999,-0.5392441450453458,-0.45715245596448484,-1.6458229139450806,0.3293197831273588,-0.7707926980627884,0.9649580404846618,-0.7517500697760751,0.5490863902945103,0.43545612540836925,-0.9923822985600096,-0.5065607304015044
IAG20220223,Septiembre-Diciembre 2022,Ingeniería Agroindustrial,2022,Regular,-0.3433724415232449,-0.3989069210800906,-0.6401402480930044,0.641900748665686,0.4253099296925961,-0.3615936691372542,-0.3767312323191194,-0.6031385995906284,-0.3697343790524706,0.6685857876809949,-0.28206614131491065,-1.0302077094647206,-0.523583919059267,-0.4896294208189999,-0.5392441450453458,3.496919435884176,-0.02201016680455571,-0.4103145948968086,-0.7707926980627884,-0.15466226432855207,-0.7517500697760751,-0.3838001809711627,-1.5240964389292924,0.609216919956064,1.974096964064686
IAG20220229,Mayo-Agosto 2023,Ingeniería Agroindustrial,2022,Egresado,-1.8726480337072031,-1.8375427913376443,-1.165829782915134,-0.7312183667411992,-0.5126252132718706,1.845526954904194,-0.3767312323191194,0.14257360460620055,0.2671012152120434,-0.6169691346970686,-1.124469953493074,-1.0302077094647206,0.09432551406560921,0.9364341109541224,0.3992661352687664,-0.45715245596448484,-0.02201016680455571,-0.42474458276229465,1.504013521626209,0.9649580404846618,1.1640619702910142,0.5490863902945103,1.4152324075772,0.609216919956064,-0.5065607304015044
IAG20220229,Septiembre-Diciembre 2023,Ingeniería Agroindustrial,2022,Egresado,-0.0067035611543882715,0.5029245199768819,0.32645018690252453,0.8217243581849604,-1.4505603562363374,-0.3615936691372542,-0.3767312323191194,0.14257360460620055,0.2671012152120434,0.8114252235007796,1.262340847678389,0.05086109490004391,0.09432551406560921,-0.4896294208189999,0.3992661352687664,-0.45715245596448484,3.1106551329886694,0.9636542497006824,-0.7707926980627884,-0.15466226432855207,-0.7517500697760751,0.5490863902945103,-0.5443201567604616,-0.9923822985600096,-0.5065607304015044
IAG20220232,Mayo-Agosto 2023,Ingeniería Agroindustrial,2022,Regular,0.4783278766651505,1.1256176578495554,0.23923901983525866,1.1569295332111806,-0.5126252132718706,-0.3615936691372542,-0.3767312323191194,-0.6031385995906284,-0.3697343790524706,-0.7598085705168535,-0.28206614131491065,0.05086109490004391,-0.21462920249682893,-0.4896294208189999,-0.5392441450453458,-0.45715245596448484,1.4868423858481445,-0.3490846463865032,-0.7707926980627884,-1.2742825691417659,-0.7517500697760751,-1.3166867522368357,-0.5443201567604616,0.609216919956064,-0.5065607304015044
IAG20220232,Septiembre-Diciembre 2022,Ingeniería Agroindustrial,2022,Regular,0.07889022199023621,-0.0016716434716615323,-0.28887304740540615,0.6602322816749319,-1.4505603562363374,-1.097300543817737,-0.3767312323191194,-0.6031385995906284,-0.3697343790524706,-0.18845082723771414,0.2795364001371983,-1.0302077094647206,-0.523583919059267,-0.4896294208189999,-0.5392441450453458,-0.45715245596448484,-0.02201016680455571,-0.47700453881567634,-0.7707926980627884,-1.2742825691417659,-0.7517500697760751,-0.3838001809711627,0.43545612540836925,-0.9923822985600096,-0.5065607304015044
IAG20220232,Septiembre-Diciembre 2023,Ingeniería Agroindustrial,2022,Regular,0.42012410412680523,0.2914235748718538,2.9597429258502435,0.12949075455008394,1.3632450726570629,-1.097300543817737,-0.3767312323191194,-0.6031385995906284,-0.3697343790524706,2.811177324977767,3.2279497427607704,1.1319298992648084,-0.21462920249682893,-0.4896294208189999,-0.5392441450453458,-0.45715245596448484,-0.13265935399908707,0.746229432538292,-0.7707926980627884,2.0845783452978757,-0.7517500697760751,3.3477461040915295,0.43545612540836925,0.609216919956064,-0.5065607304015044
IAG20220242,Septiembre-Diciembre 2022,Ingeniería Agroindustrial,2022,Regular,0.5639216598097749,0.454612121348831,-0.28887304740540615,1.1080454451865234,-1.4505603562363374,-1.097300543817737,-0.3767312323191194,-0.6031385995906284,-0.3697343790524706,0.3829069160414252,0.2795364001371983,-1.0302077094647206,-0.523583919059267,-0.4896294208189999,-0.5392441450453458,1.5198834899598457,-0.02201016680455571,-0.3551296413031257,-0.7707926980627884,-1.2742825691417659,-0.7517500697760751,-0.3838001809711627,0.43545612540836925,0.609216919956064,1.974096964064686
IAG20220244,Enero-Abril 2023,Ingeniería Agroindustrial,2022,Regular,0.40186409705595244,0.30215966345586626,0.5008725210370559,0.325027106648713,-0.5126252132718706,-1.097300543817737,-0.3767312323191194,-0.6031385995906284,-0.3697343790524706,1.0971040951403492,1.5431421184044436,-1.0302077094647206,-0.21462920249682893,-0.4896294208189999,-0.5392441450453458,-0.45715245596448484,-0.02201016680455571,0.3398497742724432,-0.7707926980627884,-0.15466226432855207,-0.7517500697760751,0.5490863902945103,0.43545612540836925,-0.9923822985600096,-0.5065607304015044
IAG20220244,Mayo-Agosto 2023,Ingeniería Agroindustrial,2022,Regular,0.3790390882173856,0.21305012820857025,0.9417734212104549,0.3180436655023323,-0.5126252132718706,-1.097300543817737,-0.3767312323191194,-0.6031385995906284,-0.3697343790524706,-0.9026480063366383,-0.42246677667793786,0.05086109490004391,-0.21462920249682893,-0.4896294208189999,-0.5392441450453458,-0.45715245596448484,-0.14128136858567392,-0.3459646490101819,-0.7707926980627884,-0.15466226432855207,-0.7517500697760751,-0.3838001809711627,-0.5443201567604616,-0.9923822985600096,-0.5065607304015044
IAG20220244,Septiembre-Diciembre 2023,Ingeniería Agroindustrial,2022,Regular,0.589029169532198,0.8733195761252821,1.818730156720183,0.9055256519415148,-1.4505603562363374,-0.3615936691372542,-0.3767312323191194,-0.6031385995906284,-0.3697343790524706,-0.18845082723771414,0.2795364001371983,1.1319298992648084,-0.21462920249682893,-0.4896294208189999,-0.5392441450453458,-0.45715245596448484,0.772652177592533,0.18540990414453895,-0.7707926980627884,-1.2742825691417659,-0.7517500697760751,-0.3838001809711627,-1.5240964389292924,-0.9923822985600096,-0.5065607304015044
IAG20220258,Enero-Abril 2023,Ingeniería Agroindustrial,2022,Regular,0.683752956212249,0.5673410514809524,-0.4632953815399377,1.1124100959030103,-1.4505603562363374,-1.097300543817737,-0.3767312323191194,0.14257360460620055,-1.0065699733169846,-0.4741296988772838,-0.0012648705888561507,-1.0302077094647206,-0.21462920249682893,-0.4896294208189999,-0.5392441450453458,-0.45715245596448484,-0.02201016680455571,-0.42103958587791307,-0.7707926980627884,-1.2742825691417659,-0.7517500697760751,-1.3166867522368357,-1.5240964389292924,0.609216919956064,-0.5065607304015044
IAG20220258,Mayo-Agosto 2023,Ingeniería Agroindustrial,2022,Regular,0.7179904694700984,0.6317575829850214,0.06239415328219211,1.2031948308059441,-1.4505603562363374,-0.3615936691372542,-0.3767312323191194,0.14257360460620055,-1.0065699733169846,-0.7598085705168535,-0.28206614131491065,0.05086109490004391,-0.21462920249682893,-0.4896294208189999,-0.5392441450453458,-0.45715245596448484,0.06420997906131286,-0.39295960949102143,-0.7707926980627884,-1.2742825691417659,-0.7517500697760751,-1.3166867522368357,-0.5443201567604616,-0.9923822985600096,-0.5065607304015044
IAG20220258,Septiembre-Diciembre 2023,Ingeniería Agroindustrial,2022,Regular,0.0800314724321635,-0.20028928227587686,2.5212645580953796,-0.16905135445764327,-0.5126252132718706,0.3741132055432285,-0.3767312323191194,0.8882858088030295,-1.0065699733169846,2.954016760797552,2.8067478366716885,1.1319298992648084,-0.21462920249682893,0.9364341109541224,0.3992661352687664,-0.45715245596448484,-1.092576977972424,0.13860994349971953,0.3666104117817102,-0.15466226432855207,0.2061559502574696,0.5490863902945103,0.43545612540836925,0.609216919956064,-0.5065607304015044
IAG20220262,Enero-Abril 2023,Ingeniería Agroindustrial,2022,Regular,1.00330307995218,0.8679515318332767,-0.6401402480930044,0.7370501342851081,-0.5126252132718706,-1.097300543817737,-0.3767312323191194,-0.6031385995906284,-0.3697343790524706,0.9542646593205645,-0.28206614131491065,-1.0302077094647206,-0.21462920249682893,-0.4896294208189999,-0.5392441450453458,3.496919435884176,-0.02201016680455571,-0.38671961473837885,-0.7707926980627884,-0.15466226432855207,-0.7517500697760751,-0.3838001809711627,-0.5443201567604616,-0.9923822985600096,1.974096964064686
IAG20220262,Mayo-Agosto 2023,Ingeniería Agroindustrial,2022,Regular,0.6552216951640407,0.21305012820857025,-0.28887304740540615,0.886321188788971,0.4253099296925961,-0.3615936691372542,-0.3767312323191194,-0.6031385995906284,-0.3697343790524706,-1.045487442156423,-0.5628674120409651,0.05086109490004391,-0.21462920249682893,-0.4896294208189999,-0.5392441450453458,-0.45715245596448484,-0.8985816497742196,-0.34381965081396104,-0.7707926980627884,-1.2742825691417659,-0.7517500697760751,-1.3166867522368357,-0.5443201567604616,-0.9923822985600096,-0.5065607304015044
IAG20220262,Septiembre-Diciembre 2023,Ingeniería Agroindustrial,2022,Regular,1.149383136519006,1.469172492537925,0.590506220522857,1.3009630068552587,-0.5126252132718706,0.3741132055432285,-0.3767312323191194,-0.6031385995906284,-0.3697343790524706,-0.18845082723771414,0.2795364001371983,1.1319298992648084,-0.21462920249682893,-0.4896294208189999,-0.5392441450453458,-0.45715245596448484,1.22099693609505,0.1079949692445668,-0.7707926980627884,-0.15466226432855207,-0.7517500697760751,0.5490863902945103,-0.5443201567604616,0.609216919956064,-0.5065607304015044
IAG20220264,Enero-Abril 2023,Ingeniería Agroindustrial,2022,Regular,0.19301526618306886,0.10568924236845437,-0.5505065486072034,0.742287715144893,-1.4505603562363374,-0.3615936691372542,-0.3767312323191194,-0.6031385995906284,-0.3697343790524706,0.24006748022164032,-0.1416655059518834,0.05086109490004391,-0.523583919059267,-0.4896294208189999,-0.5392441450453458,1.5198834899598457,-0.02201016680455571,-0.3674146309723908,-0.7707926980627884,0.9649580404846618,-0.7517500697760751,0.5490863902945103,-0.5443201567604616,0.609216919956064,1.974096964064686
IAG20220264,Mayo-Agosto 2023,Ingeniería Agroindustrial,2022,Regular,0.6609279473736821,0.6929532879138882,1.028984588277721,0.9989291772743424,-0.5126252132718706,-1.097300543817737,-0.3767312323191194,-0.6031385995906284,-0.3697343790524706,0.9542646593205645,1.4027414830414162,1.1319298992648084,-0.523583919059267,-0.4896294208189999,-0.5392441450453458,-0.45715245596448484,0.7640301630059461,-0.42571958194239506,-0.7707926980627884,0.9649580404846618,-0.7517500697760751,1.4819729615601833,0.43545612540836925,-0.9923822985600096,-0.5065607304015044
IAG20220264,Septiembre-Diciembre 2022,Ingeniería Agroindustrial,2022,Regular,-0.765635105036726,0.0,-1.165829782915134,0.7353042739985123,0.4253099296925961,-0.3615936691372542,-0.3767312323191194,-0.6031385995906284,-0.3697343790524706,-1.045487442156423,-1.124469953493074,-1.0302077094647206,-0.523583919059267,-0.4896294208189999,-0.5392441450453458,1.5198834899598457,0.0,-0.2901946959084387,-0.7707926980627884,0.9649580404846618,-0.7517500697760751,0.5490863902945103,-0.5443201567604616,0.609216919956064,1.974096964064686
IAG20220276,Mayo-Agosto 2023,Ingeniería Agroindustrial,2022,Baja Temporal,0.2500777882794852,0.11642533095246534,0.5008725210370559,-1.7080271970910428,-0.5126252132718706,0.3741132055432285,3.2771959626983587,0.14257360460620055,-1.0065699733169846,0.24006748022164032,0.7007383062262801,0.05086109490004391,-0.21462920249682893,-0.4896294208189999,-0.5392441450453458,-0.45715245596448484,-0.19445045853629286,-0.4801245361919977,-0.7707926980627884,-1.2742825691417659,1.1640619702910142,-0.3838001809711627,-0.5443201567604616,2.210816138472137,-0.5065607304015044
IAG20220276,Septiembre-Diciembre 2022,Ingeniería Agroindustrial,2022,Baja Temporal,0.34137782363375097,0.24525839396060473,-0.6401402480930044,-1.8145246745733314,2.3011802156215295,0.3741132055432285,3.2771959626983587,-0.6031385995906284,-0.3697343790524706,-0.7598085705168535,-0.28206614131491065,-1.0302077094647206,-0.523583919059267,-0.4896294208189999,-0.5392441450453458,-0.45715245596448484,-0.02201016680455571,-0.3305596619645955,-0.7707926980627884,-0.15466226432855207,1.1640619702910142,-0.3838001809711627,2.395008689746031,2.210816138472137,-0.5065607304015044
IAG20220276,Septiembre-Diciembre 2023,Ingeniería Agroindustrial,2022,Baja Temporal,0.47604537578129263,0.6908060701970847,1.5546741230998506,-1.8529336008784187,1.3632450726570629,0.3741132055432285,3.2771959626983587,0.8882858088030295,-1.0065699733169846,0.0972280444018555,0.5603376708632528,1.1319298992648084,-0.21462920249682893,-0.4896294208189999,-0.5392441450453458,-0.45715245596448484,0.68930603658886,1.1151691222882856,-0.7707926980627884,-0.15466226432855207,1.1640619702910142,0.5490863902945103,1.4152324075772,2.210816138472137,-0.5065607304015044
IAG20220279,Septiembre-Diciembre 2022,Ingeniería Agroindustrial,2022,Regular,-0.765635105036726,0.0,-1.165829782915134,0.24297167317875187,-0.5126252132718706,0.3741132055432285,-0.3767312323191194,-0.6031385995906284,-0.3697343790524706,-1.045487442156423,-1.124469953493074,-1.0302077094647206,-0.523583919059267,-0.4896294208189999,-0.5392441450453458,1.5198834899598457,0.0,-0.3683896301524912,-0.7707926980627884,-0.15466226432855207,-0.7517500697760751,-0.3838001809711627,-0.5443201567604616,-0.9923822985600096,1.974096964064686
IAG20220279,Septiembre-Diciembre 2023,Ingeniería Agroindustrial,2022,Regular,0.6529391942801845,0.5383536123041216,0.23923901983525866,0.6279338663729271,-0.5126252132718706,0.3741132055432285,-0.3767312323191194,-0.6031385995906284,0.2671012152120434,0.6685857876809949,1.1219402123153617,0.05086109490004391,0.09432551406560921,-0.4896294208189999,-0.5392441450453458,-0.45715245596448484,-0.02201016680455571,0.3495997660734472,-0.7707926980627884,-0.15466226432855207,-0.7517500697760751,0.5490863902945103,0.43545612540836925,0.609216919956064,-0.5065607304015044
IAG20220280,Enero-Abril 2023,Ingeniería Agroindustrial,2022,Regular,0.32996531921446676,-0.8283504644405543,-0.6401402480930044,-0.36458770655627104,0.4253099296925961,1.1098200802237113,-0.3767312323191194,0.14257360460620055,-0.3697343790524706,-1.045487442156423,-1.124469953493074,0.05086109490004391,-0.523583919059267,0.9364341109541224,0.3992661352687664,-0.45715245596448484,-2.867274980378219,-0.3923746099829612,0.3666104117817102,-1.2742825691417659,0.2061559502574696,-1.3166867522368357,1.4152324075772,0.609216919956064,-0.5065607304015044
IAG20220280,Mayo-Agosto 2023,Ingeniería Agroindustrial,2022,Regular,0.4303953581041606,0.3773122835439477,1.2906180894795183,0.3861322166795333,0.4253099296925961,-0.3615936691372542,-0.3767312323191194,0.14257360460620055,-0.3697343790524706,1.5256224025997038,1.9643440244935253,1.1319298992648084,-0.523583919059267,-0.4896294208189999,0.3992661352687664,-0.45715245596448484,0.169111156531453,0.666279499770059,-0.7707926980627884,0.9649580404846618,-0.7517500697760751,1.4819729615601833,-1.5240964389292924,-0.9923822985600096,-0.5065607304015044
IAG20220280,Septiembre-Diciembre 2022,Ingeniería Agroindustrial,2022,Regular,1.4598032567235106,1.2973950751937402,-0.6401402480930044,0.6759450242542865,-0.5126252132718706,-0.3615936691372542,-0.3767312323191194,-0.6031385995906284,-0.3697343790524706,-0.7598085705168535,-0.28206614131491065,-1.0302077094647206,-0.523583919059267,-0.4896294208189999,-0.5392441450453458,-0.45715245596448484,-0.02201016680455571,-0.36487963310412974,-0.7707926980627884,-0.15466226432855207,-0.7517500697760751,-0.3838001809711627,-1.5240964389292924,-0.9923822985600096,-0.5065607304015044
IAG20220289,Septiembre-Diciembre 2023,Ingeniería Agroindustrial,2022,Regular,0.07090146889673708,-0.009186905480470438,1.7315189896529175,0.2115461880200438,-1.4505603562363374,-1.097300543817737,-0.3767312323191194,-0.6031385995906284,0.2671012152120434,3.096856196617337,3.5087510134868247,-1.0302077094647206,0.40328023062804735,-0.4896294208189999,-0.5392441450453458,-0.45715245596448484,-0.02201016680455571,-0.04800489957149804,-0.7707926980627884,3.2041986501110897,-0.7517500697760751,4.280632675357203,-1.5240964389292924,0.609216919956064,-0.5065607304015044
IAG20220371,Enero-Abril 2023,Ingeniería Agroindustrial,2022,Irregular,-3.17024978617971,-2.9272557826148207,-1.165829782915134,-1.7551654248291049,0.4253099296925961,3.3169407042651597,2.0592202310258663,1.6339980129998586,-0.3697343790524706,-0.045611391417929324,-1.124469953493074,0.05086109490004391,-0.523583919059267,2.3624976427272446,2.2762866958969905,-0.45715245596448484,0.5024957205461448,-0.22213975313743042,2.6414166314707077,-0.15466226432855207,2.121967990324559,-0.3838001809711627,1.4152324075772,2.210816138472137,-0.5065607304015044
IAG20220371,Mayo-Agosto 2023,Ingeniería Agroindustrial,2022,Irregular,-3.3106235905368937,-3.5875252305315333,-1.165829782915134,-0.8019257083482921,1.3632450726570629,2.5812338295846766,-0.3767312323191194,2.3797102171966875,-0.3697343790524706,-1.045487442156423,-1.124469953493074,1.1319298992648084,-0.523583919059267,0.9364341109541224,3.214796976211103,-0.45715245596448484,-0.730452365335776,-0.38905961277061984,1.504013521626209,-1.2742825691417659,1.1640619702910142,-1.3166867522368357,-0.5443201567604616,-0.9923822985600096,-0.5065607304015044
IAG20220371,Septiembre-Diciembre 2022,Ingeniería Agroindustrial,2022,Irregular,-3.447573643568293,-3.3191230159312433,-1.165829782915134,-1.1895066919723591,0.4253099296925961,1.1098200802237113,2.0592202310258663,0.14257360460620055,-0.3697343790524706,-0.18845082723771414,-1.124469953493074,-1.0302077094647206,-0.523583919059267,0.9364341109541224,0.3992661352687664,1.5198834899598457,-0.02201016680455571,-0.391984610310921,1.504013521626209,0.9649580404846618,2.121967990324559,0.5490863902945103,-0.5443201567604616,2.210816138472137,1.974096964064686
IAG20220371,Septiembre-Diciembre 2023,Ingeniería Agroindustrial,2022,Irregular,-3.2353010613696247,-2.8359990296507216,-1.165829782915134,-0.7434393887473636,1.3632450726570629,2.5812338295846766,-0.3767312323191194,3.125422421393516,-0.3697343790524706,-0.7598085705168535,-1.124469953493074,2.212998703629573,-0.523583919059267,0.9364341109541224,4.153307256525215,-0.45715245596448484,0.4522006354577215,-0.3356296577011176,1.504013521626209,-0.15466226432855207,1.1640619702910142,-0.3838001809711627,0.43545612540836925,-0.9923822985600096,-0.5065607304015044
IAG20220382,Enero-Abril 2023,Ingeniería Agroindustrial,2022,Regular,-0.10028609739251189,-0.0016716434716615323,-0.28887304740540615,-0.003194627231127742,1.3632450726570629,1.1098200802237113,-0.3767312323191194,0.14257360460620055,-0.3697343790524706,0.6685857876809949,-0.28206614131491065,0.05086109490004391,-0.523583919059267,0.9364341109541224,0.3992661352687664,1.5198834899598457,0.6533809758114149,1.3152389540448883,0.3666104117817102,0.9649580404846618,0.2061559502574696,0.5490863902945103,-0.5443201567604616,-0.9923822985600096,1.974096964064686
IAG20220382,Mayo-Agosto 2023,Ingeniería Agroindustrial,2022,Regular,0.029816452987317398,0.07348097661641838,1.028984588277721,0.19757930572728494,-0.5126252132718706,0.3741132055432285,-0.3767312323191194,0.14257360460620055,-0.3697343790524706,0.52574635186121,0.9815395769523345,1.1319298992648084,-0.523583919059267,-0.4896294208189999,0.3992661352687664,-0.45715245596448484,0.3041893850546471,-0.327049664916234,-0.7707926980627884,0.9649580404846618,-0.7517500697760751,1.4819729615601833,0.43545612540836925,0.609216919956064,-0.5065607304015044
IAG20220382,Septiembre-Diciembre 2022,Ingeniería Agroindustrial,2022,Regular,-0.45749748571607757,-0.5062678069202066,-0.8145625822275359,0.3660548233836929,-1.4505603562363374,0.3741132055432285,-0.3767312323191194,-0.6031385995906284,-0.3697343790524706,-1.045487442156423,-0.5628674120409651,-1.0302077094647206,-0.523583919059267,-0.4896294208189999,-0.5392441450453458,-0.45715245596448484,-0.02201016680455571,-0.331729660980716,-0.7707926980627884,-0.15466226432855207,-0.7517500697760751,-0.3838001809711627,-0.5443201567604616,0.609216919956064,-0.5065607304015044
IAG20220382,Septiembre-Diciembre 2023,Ingeniería Agroindustrial,2022,Regular,0.07090146889673708,0.22378621679258123,1.5546741230998506,0.46993351043608894,-1.4505603562363374,-0.3615936691372542,-0.3767312323191194,0.14257360460620055,-0.3697343790524706,-0.7598085705168535,-0.28206614131491065,2.212998703629573,-0.523583919059267,-0.4896294208189999,0.3992661352687664,-0.45715245596448484,0.3415514482631901,-0.3912046109668407,-0.7707926980627884,-0.15466226432855207,-0.7517500697760751,-0.3838001809711627,-1.5240964389292924,0.609216919956064,-0.5065607304015044
IAG20220383,Septiembre-Diciembre 2023,Ingeniería Agroindustrial,2022,Egresado,0.28431530153733464,0.19157795104054678,0.41366135396979015,0.8767189572126992,-0.5126252132718706,-0.3615936691372542,-0.3767312323191194,-0.6031385995906284,0.2671012152120434,0.9542646593205645,1.4027414830414162,-1.0302077094647206,0.40328023062804735,-0.4896294208189999,-0.5392441450453458,-0.45715245596448484,-0.02201016680455571,0.40205472196284897,-0.7707926980627884,0.9649580404846618,-0.7517500697760751,1.4819729615601833,-1.5240964389292924,0.609216919956064,-0.5065607304015044
IAG20220384,Mayo-Agosto 2023,Ingeniería Agroindustrial,2022,Regular,0.6038654252772657,0.492188431392871,-0.4632953815399377,-0.006686347804318078,-0.5126252132718706,0.3741132055432285,-0.3767312323191194,-0.6031385995906284,0.2671012152120434,-0.4741296988772838,-0.0012648705888561507,-1.0302077094647206,0.09432551406560921,-0.4896294208189999,-0.5392441450453458,-0.45715245596448484,-0.02201016680455571,-0.34869464671446304,-0.7707926980627884,-1.2742825691417659,-0.7517500697760751,-1.3166867522368357,1.4152324075772,-0.9923822985600096,-0.5065607304015044
IAG20220384,Septiembre-Diciembre 2023,Ingeniería Agroindustrial,2022,Regular,-0.04664732662188067,-0.42574714254011964,0.06239415328219211,-0.28864278408939276,1.3632450726570629,0.3741132055432285,-0.3767312323191194,0.14257360460620055,0.2671012152120434,0.0972280444018555,-0.28206614131491065,0.05086109490004391,0.09432551406560921,0.9364341109541224,0.3992661352687664,-0.45715245596448484,-1.250647245393183,0.25560984511176815,0.3666104117817102,-1.2742825691417659,0.2061559502574696,-1.3166867522368357,0.43545612540836925,-0.9923822985600096,-0.5065607304015044
IAG20230002,Enero-Abril 2023,Ingeniería Agroindustrial,2023,Regular,-0.16077237081471332,0.0,-0.5505065486072034,1.3158028192913154,0.4253099296925961,-0.3615936691372542,-0.3767312323191194,0.14257360460620055,-1.0065699733169846,-0.7598085705168535,-1.124469953493074,0.05086109490004391,-1.1414933521841435,-0.4896294208189999,-0.5392441450453458,1.5198834899598457,0.0,-0.43000957833483683,-0.7707926980627884,0.9649580404846618,-0.7517500697760751,0.5490863902945103,-1.5240964389292924,-0.9923822985600096,1.974096964064686
IAG20230002,Mayo-Agosto 2023,Ingeniería Agroindustrial,2023,Regular,-0.5259725122317781,-0.7424617557684619,-0.024817013785073724,0.41144719083515985,0.4253099296925961,-0.3615936691372542,-0.3767312323191194,1.6339980129998586,-1.0065699733169846,0.24006748022164032,-0.28206614131491065,1.1319298992648084,-1.1414933521841435,0.9364341109541224,0.3992661352687664,-0.45715245596448484,-0.7117713337315044,0.5859395673297855,0.3666104117817102,0.9649580404846618,0.2061559502574696,0.5490863902945103,0.43545612540836925,0.609216919956064,-0.5065607304015044
IAG20230002,Septiembre-Diciembre 2022,Ingeniería Agroindustrial,2023,Regular,-0.16077237081471332,-0.22712950373590582,-0.5505065486072034,0.5266739697504224,-0.5126252132718706,0.3741132055432285,-0.3767312323191194,0.14257360460620055,-1.0065699733169846,-0.6169691346970686,-0.1416655059518834,-1.0302077094647206,-1.1414933521841435,-0.4896294208189999,-0.5392441450453458,-0.45715245596448484,-0.02201016680455571,-0.38808461359051943,-0.7707926980627884,-0.15466226432855207,-0.7517500697760751,-0.3838001809711627,-0.5443201567604616,-0.9923822985600096,-0.5065607304015044
IAG20230002,Septiembre-Diciembre 2023,Ingeniería Agroindustrial,2023,Regular,-0.5739050307927664,-0.6834132685563984,0.5008725210370559,0.4673147200061965,-1.4505603562363374,0.3741132055432285,-0.3767312323191194,3.125422421393516,-1.0065699733169846,-0.18845082723771414,-0.28206614131491065,2.212998703629573,-1.1414933521841435,0.9364341109541224,1.3377764155828784,-0.45715245596448484,-0.17289542206982572,-0.44638956456052364,0.3666104117817102,-0.15466226432855207,0.2061559502574696,-0.3838001809711627,-1.5240964389292924,-0.9923822985600096,-0.5065607304015044
IAG20230024,Enero-Abril 2023,Ingeniería Agroindustrial,2023,Irregular,-0.9254101669066924,-0.9464474388646826,-1.165829782915134,-0.2947532950924755,-0.5126252132718706,1.1098200802237113,-0.3767312323191194,0.14257360460620055,-1.0065699733169846,-0.9026480063366383,-1.124469953493074,0.05086109490004391,-1.1414933521841435,0.9364341109541224,0.3992661352687664,-0.45715245596448484,-0.02201016680455571,-0.4372245722675798,0.3666104117817102,-1.2742825691417659,0.2061559502574696,-1.3166867522368357,0.43545612540836925,-0.9923822985600096,-0.5065607304015044
IAG20230024,Mayo-Agosto 2023,Ingeniería Agroindustrial,2023,Regular,-0.32397118401046315,-0.09829644072776644,-0.11202818085233957,0.95528267010947,-0.5126252132718706,-0.3615936691372542,-0.3767312323191194,0.14257360460620055,-1.0065699733169846,0.0972280444018555,0.5603376708632528,1.1319298992648084,-1.1414933521841435,-0.4896294208189999,0.3992661352687664,-0.45715245596448484,1.113221753762714,-0.43195957669503765,-0.7707926980627884,0.9649580404846618,-0.7517500697760751,0.5490863902945103,-0.5443201567604616,-0.9923822985600096,-0.5065607304015044
IAG20230024,Septiembre-Diciembre 2022,Ingeniería Agroindustrial,2023,Regular,-0.765635105036726,0.0,-1.165829782915134,0.4385080252773809,0.4253099296925961,-1.097300543817737,-0.3767312323191194,-0.6031385995906284,-1.0065699733169846,-0.7598085705168535,-1.124469953493074,-1.0302077094647206,-1.1414933521841435,-0.4896294208189999,-0.5392441450453458,1.5198834899598457,0.0,-0.36156463589178833,-0.7707926980627884,0.9649580404846618,-0.7517500697760751,0.5490863902945103,0.43545612540836925,-0.9923822985600096,1.974096964064686
IAG20230024,Septiembre-Diciembre 2023,Ingeniería Agroindustrial,2023,Regular,0.18160276176378462,0.45139129477362744,1.9059413237874487,1.3227862604376948,0.4253099296925961,0.3741132055432285,-0.3767312323191194,0.14257360460620055,-1.0065699733169846,1.6684618384194887,2.1047446598565527,2.212998703629573,-1.1414933521841435,-0.4896294208189999,0.3992661352687664,-0.45715245596448484,1.0931037197273445,-0.05931489006066271,-0.7707926980627884,0.9649580404846618,-0.7517500697760751,1.4819729615601833,-0.5443201567604616,0.609216919956064,-0.5065607304015044
IAG20230030,Enero-Abril 2023,Ingeniería Agroindustrial,2023,Irregular,-1.176485264130923,-1.1826413877129365,-1.165829782915134,-0.35323961469340465,-0.5126252132718706,1.1098200802237113,-0.3767312323191194,0.14257360460620055,-1.0065699733169846,-0.9026480063366383,-1.124469953493074,-1.0302077094647206,-1.1414933521841435,0.9364341109541224,0.3992661352687664,-0.45715245596448484,-0.02201016680455571,-0.3473296478623225,0.3666104117817102,-0.15466226432855207,0.2061559502574696,-0.3838001809711627,0.43545612540836925,0.609216919956064,-0.5065607304015044
IAG20230030,Septiembre-Diciembre 2023,Ingeniería Agroindustrial,2023,Regular,0.08687897508373373,0.5995493172329869,-0.7273514151602701,0.22725893059939845,0.4253099296925961,1.1098200802237113,-0.3767312323191194,0.8882858088030295,-1.0065699733169846,-0.18845082723771414,-0.42246677667793786,0.05086109490004391,-0.8325386356217053,0.9364341109541224,1.3377764155828784,-0.45715245596448484,2.3634138688178083,3.124837432311241,0.3666104117817102,0.9649580404846618,0.2061559502574696,0.5490863902945103,0.43545612540836925,0.609216919956064,-0.5065607304015044
IAG20230074,Mayo-Agosto 2023,Ingeniería Agroindustrial,2023,Regular,0.36420283247231783,0.2667305711286282,-0.4632953815399377,0.9421887179600078,-0.5126252132718706,-1.097300543817737,-0.3767312323191194,-0.6031385995906284,-1.0065699733169846,-0.4741296988772838,-0.0012648705888561507,-1.0302077094647206,-0.8325386356217053,-0.4896294208189999,-0.5392441450453458,-0.45715245596448484,-0.02201016680455571,-0.3736546257250334,-0.7707926980627884,-1.2742825691417659,-0.7517500697760751,-1.3166867522368357,0.43545612540836925,-0.9923822985600096,-0.5065607304015044
IAG20230074,Septiembre-Diciembre 2023,Ingeniería Agroindustrial,2023,Regular,0.7522279827279479,0.7230143359491208,1.2906180894795183,0.8706084462096176,-0.5126252132718706,0.3741132055432285,-0.3767312323191194,-0.6031385995906284,-1.0065699733169846,1.239943530960134,1.6835427537674708,0.05086109490004391,-0.8325386356217053,-0.4896294208189999,-0.5392441450453458,-0.45715245596448484,0.5887158664120133,1.3731539053428525,-0.7707926980627884,2.0845783452978757,-0.7517500697760751,2.414859532825856,-0.5443201567604616,-0.9923822985600096,-0.5065607304015044
IAG20230105,Enero-Abril 2023,Ingeniería Agroindustrial,2023,Irregular,-1.800749255865718,-2.175729581734009,-1.165829782915134,-1.183396180969277,0.4253099296925961,2.5812338295846766,2.0592202310258663,1.6339980129998586,-1.0065699733169846,-0.045611391417929324,-1.124469953493074,0.05086109490004391,-1.1414933521841435,2.3624976427272446,2.2762866958969905,-0.45715245596448484,-1.6530079261005697,0.9771092383860679,1.504013521626209,0.9649580404846618,2.121967990324559,0.5490863902945103,1.4152324075772,2.210816138472137,-0.5065607304015044
IAG20230105,Septiembre-Diciembre 2022,Ingeniería Agroindustrial,2023,Irregular,-0.936822671325975,-0.9571835274486936,-1.165829782915134,-0.28602399365950026,0.4253099296925961,1.1098200802237113,-0.3767312323191194,0.14257360460620055,-1.0065699733169846,0.24006748022164032,-1.124469953493074,-1.0302077094647206,-1.1414933521841435,0.9364341109541224,0.3992661352687664,1.5198834899598457,-0.02201016680455571,-0.42571958194239506,0.3666104117817102,-1.2742825691417659,0.2061559502574696,-1.3166867522368357,0.43545612540836925,0.609216919956064,1.974096964064686
IAG20230105,Septiembre-Diciembre 2023,Ingeniería Agroindustrial,2023,Irregular,-1.677494208137459,-1.5669933590205518,-0.6401402480930044,-1.2218051072743645,0.4253099296925961,1.845526954904194,2.0592202310258663,3.871134625590345,-1.0065699733169846,1.5256224025997038,-0.28206614131491065,1.1319298992648084,-1.1414933521841435,3.7885611745003667,5.0918175368393275,-0.45715245596448484,0.2495832926729303,2.3699930670775067,2.6414166314707077,0.9649580404846618,2.121967990324559,0.5490863902945103,-0.5443201567604616,-0.9923822985600096,-0.5065607304015044
IAG20230140,Enero-Abril 2023,Ingeniería Agroindustrial,2023,Regular,-0.765635105036726,0.0,-1.165829782915134,0.43676216499078635,-0.5126252132718706,-1.097300543817737,-0.3767312323191194,-0.6031385995906284,-1.0065699733169846,-1.045487442156423,-1.124469953493074,0.05086109490004391,-1.1414933521841435,-0.4896294208189999,-0.5392441450453458,1.5198834899598457,0.0,-0.3130096767227882,-0.7707926980627884,-1.2742825691417659,-0.7517500697760751,-1.3166867522368357,-0.5443201567604616,0.609216919956064,1.974096964064686
IAG20230140,Mayo-Agosto 2023,Ingeniería Agroindustrial,2023,Regular,1.5396907876584938,1.3725476952818216,-0.8145625822275359,0.9081444423714072,-1.4505603562363374,0.3741132055432285,-0.3767312323191194,-0.6031385995906284,-1.0065699733169846,-1.045487442156423,-0.5628674120409651,1.1319298992648084,-1.1414933521841435,-0.4896294208189999,-0.5392441450453458,-0.45715245596448484,-0.02201016680455571,-0.2977996895132219,-0.7707926980627884,0.9649580404846618,-0.7517500697760751,0.5490863902945103,-1.5240964389292924,-0.9923822985600096,-0.5065607304015044
IAG20230140,Septiembre-Diciembre 2022,Ingeniería Agroindustrial,2023,Regular,-0.765635105036726,0.0,-1.165829782915134,0.6244421457997368,-0.5126252132718706,0.3741132055432285,-0.3767312323191194,-0.6031385995906284,-1.0065699733169846,-0.7598085705168535,-1.124469953493074,-1.0302077094647206,-1.1414933521841435,-0.4896294208189999,-0.5392441450453458,1.5198834899598457,0.0,-0.3962746067033628,-0.7707926980627884,-0.15466226432855207,-0.7517500697760751,-0.3838001809711627,-1.5240964389292924,0.609216919956064,1.974096964064686
IAG20230141,Enero-Abril 2023,Ingeniería Agroindustrial,2023,Regular,0.9120030445979143,0.0,-0.11202818085233957,1.1604212537843697,0.4253099296925961,-1.097300543817737,-0.3767312323191194,-0.6031385995906284,-1.0065699733169846,-0.7598085705168535,-1.124469953493074,0.05086109490004391,-1.1414933521841435,-0.4896294208189999,-0.5392441450453458,1.5198834899598457,0.0,-0.36409963376004945,-0.7707926980627884,-0.15466226432855207,-0.7517500697760751,-0.3838001809711627,-0.5443201567604616,-0.9923822985600096,1.974096964064686
IAG20230141,Septiembre-Diciembre 2022,Ingeniería Agroindustrial,2023,Regular,0.9120030445979143,0.7820628231611843,-0.11202818085233957,0.7719673400170053,-0.5126252132718706,-0.3615936691372542,-0.3767312323191194,-0.6031385995906284,-1.0065699733169846,0.0972280444018555,0.5603376708632528,-1.0302077094647206,-1.1414933521841435,-0.4896294208189999,-0.5392441450453458,-0.45715245596448484,-0.02201016680455571,-0.4816845348801583,-0.7707926980627884,0.9649580404846618,-0.7517500697760751,0.5490863902945103,-0.5443201567604616,-0.9923822985600096,-0.5065607304015044
IAG20230155,Enero-Abril 2023,Ingeniería Agroindustrial,2023,Regular,1.4997470221910014,0.9720915910981889,0.590506220522857,1.657991435463915,-1.4505603562363374,0.3741132055432285,-0.3767312323191194,-0.6031385995906284,-1.0065699733169846,0.3829069160414252,0.8411389415893074,0.05086109490004391,-1.1414933521841435,-0.4896294208189999,-0.5392441450453458,-0.45715245596448484,-1.9662744560798922,0.3577897591862907,-0.7707926980627884,0.9649580404846618,-0.7517500697760751,1.4819729615601833,-0.5443201567604616,-0.9923822985600096,-0.5065607304015044
IAG20230155,Septiembre-Diciembre 2022,Ingeniería Agroindustrial,2023,Regular,2.6581162207482536,2.424684376514957,-0.6401402480930044,1.3550846757397008,0.4253099296925961,-0.3615936691372542,-0.3767312323191194,-0.6031385995906284,-1.0065699733169846,-0.7598085705168535,-0.28206614131491065,-1.0302077094647206,-1.1414933521841435,-0.4896294208189999,-0.5392441450453458,-0.45715245596448484,-0.02201016680455571,-0.39588460703132267,-0.7707926980627884,-0.15466226432855207,-0.7517500697760751,-0.3838001809711627,-0.5443201567604616,-0.9923822985600096,-0.5065607304015044
IAG20230179,Enero-Abril 2023,Ingeniería Agroindustrial,2023,Regular,1.767940876044159,1.5872694669620535,-0.4632953815399377,1.0286088021464546,0.4253099296925961,-1.097300543817737,-0.3767312323191194,-0.6031385995906284,-1.0065699733169846,-0.4741296988772838,-0.0012648705888561507,-1.0302077094647206,-1.1414933521841435,-0.4896294208189999,-0.5392441450453458,-0.45715245596448484,-0.02201016680455571,-0.3009196868895432,-0.7707926980627884,-0.15466226432855207,-0.7517500697760751,-0.3838001809711627,-0.5443201567604616,-0.9923822985600096,-0.5065607304015044
IAG20230179,Septiembre-Diciembre 2023,Ingeniería Agroindustrial,2023,Regular,1.225846916128204,0.90767505959412,1.028984588277721,1.140343860488528,0.4253099296925961,0.3741132055432285,-0.3767312323191194,-0.6031385995906284,-1.0065699733169846,0.8114252235007796,1.262340847678389,0.05086109490004391,-0.8325386356217053,-0.4896294208189999,-0.5392441450453458,-0.45715245596448484,-0.9316327056894693,-0.4266945811224955,-0.7707926980627884,0.9649580404846618,-0.7517500697760751,1.4819729615601833,0.43545612540836925,0.609216919956064,-0.5065607304015044
IAG20230188,Enero-Abril 2023,Ingeniería Agroindustrial,2023,Regular,1.4027407346270944,1.2437146322736823,0.23923901983525866,1.031227592576347,0.4253099296925961,0.3741132055432285,-0.3767312323191194,-0.6031385995906284,-1.0065699733169846,0.6685857876809949,1.1219402123153617,-1.0302077094647206,-1.1414933521841435,-0.4896294208189999,-0.5392441450453458,-0.45715245596448484,-0.02201016680455571,-0.013684928431963747,-0.7707926980627884,0.9649580404846618,-0.7517500697760751,0.5490863902945103,-1.5240964389292924,-0.9923822985600096,-0.5065607304015044
IAG20230188,Mayo-Agosto 2023,Ingeniería Agroindustrial,2023,Regular,0.6860354570961051,-0.10366448501977193,1.4674629560325847,0.8933046299353505,-1.4505603562363374,-0.3615936691372542,-0.3767312323191194,0.14257360460620055,-1.0065699733169846,0.3829069160414252,0.8411389415893074,0.05086109490004391,-1.1414933521841435,-0.4896294208189999,-0.5392441450453458,-0.45715245596448484,-1.8254482178323068,-0.23617974133087627,-0.7707926980627884,0.9649580404846618,-0.7517500697760751,0.5490863902945103,-1.5240964389292924,0.609216919956064,-0.5065607304015044
IAG20230188,Septiembre-Diciembre 2023,Ingeniería Agroindustrial,2023,Regular,0.6883179579799613,0.5727090957729579,3.4854324606723726,1.5253060536827032,-1.4505603562363374,-0.3615936691372542,-0.3767312323191194,0.14257360460620055,-1.0065699733169846,1.6684618384194887,2.1047446598565527,1.1319298992648084,-1.1414933521841435,-0.4896294208189999,-0.5392441450453458,-0.45715245596448484,-0.017699159511262285,1.7463835914852879,-0.7707926980627884,-0.15466226432855207,-0.7517500697760751,0.5490863902945103,-0.5443201567604616,0.609216919956064,-0.5065607304015044
IAG20230213,Septiembre-Diciembre 2023,Ingeniería Agroindustrial,2023,Regular,1.1482418860770771,1.0042998568502233,0.23923901983525866,0.7981552443159284,-0.5126252132718706,-1.097300543817737,-0.3767312323191194,-0.6031385995906284,-0.3697343790524706,0.6685857876809949,1.1219402123153617,-1.0302077094647206,-0.523583919059267,-0.4896294208189999,-0.5392441450453458,-0.45715245596448484,-0.02201016680455571,-0.3348496583570373,-0.7707926980627884,0.9649580404846618,-0.7517500697760751,1.4819729615601833,0.43545612540836925,0.609216919956064,-0.5065607304015044
IAG20230219,Enero-Abril 2023,Ingeniería Agroindustrial,2023,Regular,0.8172792579178633,1.1363537464335665,0.06239415328219211,1.2983442164253662,-1.4505603562363374,0.3741132055432285,-0.3767312323191194,-0.6031385995906284,-1.0065699733169846,-0.18845082723771414,0.2795364001371983,0.05086109490004391,-1.1414933521841435,-0.4896294208189999,-0.5392441450453458,-0.45715245596448484,1.7598728477567285,-0.44365956685624247,-0.7707926980627884,-0.15466226432855207,-0.7517500697760751,0.5490863902945103,-1.5240964389292924,-0.9923822985600096,-0.5065607304015044
IAG20230219,Septiembre-Diciembre 2022,Ingeniería Agroindustrial,2023,Regular,-0.12653485755686386,-0.19492123798387137,-0.8145625822275359,0.6384090280924957,-0.5126252132718706,-1.097300543817737,-0.3767312323191194,-0.6031385995906284,-1.0065699733169846,-1.045487442156423,-0.5628674120409651,-1.0302077094647206,-1.1414933521841435,-0.4896294208189999,-0.5392441450453458,-0.45715245596448484,-0.02201016680455571,-0.42259958456607377,-0.7707926980627884,-0.15466226432855207,-0.7517500697760751,-0.3838001809711627,0.43545612540836925,0.609216919956064,-0.5065607304015044
IAG20230219,Septiembre-Diciembre 2023,Ingeniería Agroindustrial,2023,Regular,1.0169980852553204,1.1631939678935954,0.9417734212104549,0.9020339313683258,0.4253099296925961,0.3741132055432285,-0.3767312323191194,-0.6031385995906284,-1.0065699733169846,-0.18845082723771414,0.2795364001371983,1.1319298992648084,-1.1414933521841435,-0.4896294208189999,-0.5392441450453458,-0.45715245596448484,0.6073968980162848,0.18540990414453895,-0.7707926980627884,0.9649580404846618,-0.7517500697760751,0.5490863902945103,-0.5443201567604616,0.609216919956064,-0.5065607304015044
IAG20230236,Enero-Abril 2023,Ingeniería Agroindustrial,2023,Baja Temporal,-1.2985990614172547,-0.13050470647980092,-0.11202818085233957,-2.037994791257478,0.4253099296925961,-0.3615936691372542,3.2771959626983587,0.8882858088030295,-1.0065699733169846,-0.7598085705168535,-0.28206614131491065,0.05086109490004391,-1.1414933521841435,-0.4896294208189999,1.3377764155828784,-0.45715245596448484,2.0616433582872684,-0.3976396055555034,-0.7707926980627884,0.9649580404846618,1.1640619702910142,0.5490863902945103,0.43545612540836925,2.210816138472137,-0.5065607304015044
IAG20230236,Septiembre-Diciembre 2022,Ingeniería Agroindustrial,2023,Baja Temporal,-1.7128729718372366,-1.6872375511614814,-0.6401402480930044,-3.278428524883151,2.3011802156215295,1.1098200802237113,4.4951716943708515,0.8882858088030295,-1.0065699733169846,0.9542646593205645,-0.28206614131491065,-1.0302077094647206,-1.1414933521841435,2.3624976427272446,1.3377764155828784,-0.45715245596448484,-0.02201016680455571,2.103038291566016,1.504013521626209,-1.2742825691417659,3.0798740103581035,-1.3166867522368357,2.395008689746031,2.210816138472137,-0.5065607304015044
IAG20230261,Enero-Abril 2023,Ingeniería Agroindustrial,2023,Regular,0.47033912357165136,0.04127271086438391,0.5008725210370559,0.6611052118182298,-0.5126252132718706,-0.3615936691372542,-0.3767312323191194,-0.6031385995906284,-1.0065699733169846,-0.7598085705168535,-0.28206614131491065,0.05086109490004391,-1.1414933521841435,-0.4896294208189999,-0.5392441450453458,-0.45715245596448484,-0.6758462729540592,-0.2872696983681375,-0.7707926980627884,-1.2742825691417659,-0.7517500697760751,-1.3166867522368357,-1.5240964389292924,-0.9923822985600096,-0.5065607304015044
IAG20230261,Septiembre-Diciembre 2022,Ingeniería Agroindustrial,2023,Regular,0.6438091907447565,0.5297647414369109,-0.024817013785073724,0.7597463180108409,-0.5126252132718706,-1.097300543817737,-0.3767312323191194,-0.6031385995906284,-1.0065699733169846,0.24006748022164032,0.7007383062262801,-1.0302077094647206,-1.1414933521841435,-0.4896294208189999,-0.5392441450453458,-0.45715245596448484,-0.02201016680455571,-0.32353966786787264,-0.7707926980627884,0.9649580404846618,-0.7517500697760751,0.5490863902945103,-1.5240964389292924,-0.9923822985600096,-0.5065607304015044
IAG20230261,Septiembre-Diciembre 2023,Ingeniería Agroindustrial,2023,Regular,0.1199752378996559,-0.12835748876299902,3.046954092917509,0.14520349712943859,1.3632450726570629,1.1098200802237113,-0.3767312323191194,0.14257360460620055,-1.0065699733169846,3.096856196617337,2.947148472034716,1.1319298992648084,-1.1414933521841435,0.9364341109541224,0.3992661352687664,-0.45715245596448484,-0.6859052899717438,0.4981896411207489,0.3666104117817102,0.9649580404846618,0.2061559502574696,1.4819729615601833,0.43545612540836925,-0.9923822985600096,-0.5065607304015044
IAG20230266,Enero-Abril 2023,Ingeniería Agroindustrial,2023,Regular,-0.16077237081471332,-0.22712950373590582,1.028984588277721,0.4891379735886327,-0.5126252132718706,-1.097300543817737,-0.3767312323191194,0.8882858088030295,-1.0065699733169846,0.0972280444018555,0.5603376708632528,0.05086109490004391,-1.1414933521841435,-0.4896294208189999,-0.5392441450453458,-0.45715245596448484,-0.02201016680455571,-0.3787246214615555,-0.7707926980627884,0.9649580404846618,-0.7517500697760751,0.5490863902945103,-0.5443201567604616,-0.9923822985600096,-0.5065607304015044
IAG20230266,Mayo-Agosto 2023,Ingeniería Agroindustrial,2023,Regular,0.053782712267813164,0.7820628231611843,1.4674629560325847,0.9832164346949877,-0.5126252132718706,0.3741132055432285,-0.3767312323191194,0.8882858088030295,-1.0065699733169846,-0.9026480063366383,-0.42246677667793786,1.1319298992648084,-1.1414933521841435,-0.4896294208189999,-0.5392441450453458,-0.45715245596448484,1.3287721184273855,-0.3752146244131941,-0.7707926980627884,0.9649580404846618,-0.7517500697760751,0.5490863902945103,-0.5443201567604616,-0.9923822985600096,-0.5065607304015044
IAG20230266,Septiembre-Diciembre 2022,Ingeniería Agroindustrial,2023,Regular,-0.16077237081471332,-0.22712950373590582,-0.024817013785073724,0.8295807294746377,-1.4505603562363374,-1.097300543817737,-0.3767312323191194,0.14257360460620055,-1.0065699733169846,0.24006748022164032,0.7007383062262801,-1.0302077094647206,-1.1414933521841435,-0.4896294208189999,-0.5392441450453458,-0.45715245596448484,-0.02201016680455571,0.06587500466422928,-0.7707926980627884,0.9649580404846618,-0.7517500697760751,0.5490863902945103,-1.5240964389292924,0.609216919956064,-0.5065607304015044
IAG20230281,Enero-Abril 2023,Ingeniería Agroindustrial,2023,Irregular,-1.6786354585793872,-2.009320208681829,-0.6401402480930044,-0.12278605686287845,-0.5126252132718706,0.3741132055432285,-0.3767312323191194,1.6339980129998586,-1.0065699733169846,0.0972280444018555,-0.28206614131491065,0.05086109490004391,-1.1414933521841435,0.9364341109541224,1.3377764155828784,-0.45715245596448484,-1.4446425735913873,3.4500971587927354,0.3666104117817102,-1.2742825691417659,0.2061559502574696,-1.3166867522368357,-0.5443201567604616,0.609216919956064,-0.5065607304015044
IAG20230281,Septiembre-Diciembre 2022,Ingeniería Agroindustrial,2023,Irregular,-0.9254101669066924,-0.9464474388646826,-1.165829782915134,0.2752700884807578,-0.5126252132718706,1.1098200802237113,-0.3767312323191194,0.14257360460620055,-1.0065699733169846,-0.6169691346970686,-1.124469953493074,-1.0302077094647206,-1.1414933521841435,0.9364341109541224,0.3992661352687664,-0.45715245596448484,-0.02201016680455571,-0.2878546978761978,0.3666104117817102,0.9649580404846618,0.2061559502574696,0.5490863902945103,-1.5240964389292924,-0.9923822985600096,-0.5065607304015044
IAG20230281,Septiembre-Diciembre 2023,Ingeniería Agroindustrial,2023,Irregular,-1.8327042682397114,-2.234778068946073,-0.6401402480930044,-0.3759357984191375,-0.5126252132718706,1.1098200802237113,-0.3767312323191194,2.3797102171966875,-1.0065699733169846,-1.045487442156423,-1.124469953493074,1.1319298992648084,-1.1414933521841435,0.9364341109541224,2.2762866958969905,-0.45715245596448484,-0.797991479597373,-0.3024796855777038,0.3666104117817102,0.9649580404846618,0.2061559502574696,0.5490863902945103,0.43545612540836925,-0.9923822985600096,-0.5065607304015044
IAG20230306,Enero-Abril 2023,Ingeniería Agroindustrial,2023,Irregular,-1.5679341657123396,-2.1649934931499972,-0.6401402480930044,-0.8089091494946722,-0.5126252132718706,1.845526954904194,0.8412444993533734,0.8882858088030295,-1.0065699733169846,-0.045611391417929324,-1.124469953493074,0.05086109490004391,-1.1414933521841435,2.3624976427272446,1.3377764155828784,-0.45715245596448484,-2.4864693361372994,-0.0957798593964179,1.504013521626209,-0.15466226432855207,1.1640619702910142,-0.3838001809711627,1.4152324075772,-0.9923822985600096,-0.5065607304015044
IAG20230306,Septiembre-Diciembre 2022,Ingeniería Agroindustrial,2023,Regular,-0.26348491058826173,-0.32375430099200925,-0.6401402480930044,0.5450055027596694,-0.5126252132718706,0.3741132055432285,-0.3767312323191194,-0.6031385995906284,-1.0065699733169846,-0.7598085705168535,-0.28206614131491065,-1.0302077094647206,-1.1414933521841435,-0.4896294208189999,-0.5392441450453458,-0.45715245596448484,-0.02201016680455571,-0.3732646260529932,-0.7707926980627884,0.9649580404846618,-0.7517500697760751,0.5490863902945103,-1.5240964389292924,-0.9923822985600096,-0.5065607304015044
IAG20230337,Enero-Abril 2023,Ingeniería Agroindustrial,2023,Regular,-0.33195993710396227,-0.3881708324960797,-0.7273514151602701,0.42366821284132417,-0.5126252132718706,-1.097300543817737,-0.3767312323191194,-0.6031385995906284,-1.0065699733169846,-0.9026480063366383,-0.42246677667793786,-1.0302077094647206,-1.1414933521841435,-0.4896294208189999,-0.5392441450453458,-0.45715245596448484,-0.02201016680455571,-0.3276346644242943,-0.7707926980627884,-1.2742825691417659,-0.7517500697760751,-1.3166867522368357,0.43545612540836925,-0.9923822985600096,-0.5065607304015044
IAG20230337,Mayo-Agosto 2023,Ingeniería Agroindustrial,2023,Regular,0.21584027502163408,0.2989388368806627,0.8521397217246542,0.6270609362296292,0.4253099296925961,-0.3615936691372542,-0.3767312323191194,-0.6031385995906284,-1.0065699733169846,0.9542646593205645,1.4027414830414162,0.05086109490004391,-1.1414933521841435,-0.4896294208189999,-0.5392441450453458,-0.45715245596448484,0.8976713890980424,0.15342993103724564,-0.7707926980627884,-0.15466226432855207,-0.7517500697760751,0.5490863902945103,0.43545612540836925,-0.9923822985600096,-0.5065607304015044
IAG20230337,Septiembre-Diciembre 2023,Ingeniería Agroindustrial,2023,Regular,0.20442777060235148,0.10783646008525626,3.1341652599847745,0.7309396232820253,-1.4505603562363374,-0.3615936691372542,-0.3767312323191194,-0.6031385995906284,-1.0065699733169846,2.096980145878843,2.525946565945634,1.1319298992648084,-1.1414933521841435,-0.4896294208189999,-0.5392441450453458,-0.45715245596448484,-0.047876210564316284,-0.04800489957149804,-0.7707926980627884,-0.15466226432855207,-0.7517500697760751,1.4819729615601833,-0.5443201567604616,-0.9923822985600096,-0.5065607304015044
IAG20230363,Septiembre-Diciembre 2022,Ingeniería Agroindustrial,2023,Irregular,-0.9824726890031087,-1.0001278817847405,-1.165829782915134,-0.30173673623885494,0.4253099296925961,0.3741132055432285,-0.3767312323191194,0.14257360460620055,-1.0065699733169846,-0.18845082723771414,-1.124469953493074,-1.0302077094647206,-1.1414933521841435,0.9364341109541224,0.3992661352687664,1.5198834899598457,-0.02201016680455571,-0.42883957931871636,0.3666104117817102,-1.2742825691417659,0.2061559502574696,-1.3166867522368357,-0.5443201567604616,0.609216919956064,1.974096964064686
IAG20230363,Septiembre-Diciembre 2023,Ingeniería Agroindustrial,2023,Regular,-0.39244621052616374,-0.16808101652384239,-0.6401402480930044,0.27090543776427084,0.4253099296925961,1.1098200802237113,-0.3767312323191194,0.8882858088030295,-1.0065699733169846,-0.18845082723771414,-0.28206614131491065,0.05086109490004391,-0.8325386356217053,0.9364341109541224,1.3377764155828784,-0.45715245596448484,1.0916667172962469,0.3043598041167884,0.3666104117817102,-1.2742825691417659,0.2061559502574696,-1.3166867522368357,-0.5443201567604616,-0.9923822985600096,-0.5065607304015044
IAG20230365,Enero-Abril 2023,Ingeniería Agroindustrial,2023,Regular,-0.543091268860702,-1.0752805018728204,-0.8145625822275359,-0.33490808168415753,0.4253099296925961,1.1098200802237113,-0.3767312323191194,0.14257360460620055,-1.0065699733169846,-0.7598085705168535,-1.124469953493074,0.05086109490004391,-1.1414933521841435,0.9364341109541224,0.3992661352687664,-0.45715245596448484,-1.3296823791035624,-0.40485459948824637,0.3666104117817102,0.9649580404846618,0.2061559502574696,0.5490863902945103,0.43545612540836925,0.609216919956064,-0.5065607304015044
IAG20230365,Septiembre-Diciembre 2022,Ingeniería Agroindustrial,2023,Regular,-0.023822317783313816,-0.09829644072776644,-0.8145625822275359,0.6061106127904909,-1.4505603562363374,-0.3615936691372542,-0.3767312323191194,-0.6031385995906284,-1.0065699733169846,0.6685857876809949,-0.5628674120409651,-1.0302077094647206,-1.1414933521841435,-0.4896294208189999,-0.5392441450453458,3.496919435884176,-0.02201016680455571,-0.29311969344873995,-0.7707926980627884,-0.15466226432855207,-0.7517500697760751,-0.3838001809711627,0.43545612540836925,-0.9923822985600096,1.974096964064686
IAG20230387,Mayo-Agosto 2023,Ingeniería Agroindustrial,2023,Regular,-0.08659109208937145,-0.29691407953198024,0.9417734212104549,0.9605202509692549,0.4253099296925961,-0.3615936691372542,-0.3767312323191194,-0.6031385995906284,-1.0065699733169846,0.0972280444018555,0.5603376708632528,0.05086109490004391,-1.1414933521841435,-0.4896294208189999,-0.5392441450453458,-0.45715245596448484,-0.39563079888998626,-0.4779795379957768,-0.7707926980627884,-1.2742825691417659,-0.7517500697760751,-0.3838001809711627,0.43545612540836925,-0.9923822985600096,-0.5065607304015044
IAG20230387,Septiembre-Diciembre 2022,Ingeniería Agroindustrial,2023,Regular,0.061771465361310667,-0.017775776347679528,-0.11202818085233957,0.6069835429337876,-0.5126252132718706,-1.097300543817737,-0.3767312323191194,-0.6031385995906284,-1.0065699733169846,0.8114252235007796,0.5603376708632528,-1.0302077094647206,-1.1414933521841435,-0.4896294208189999,-0.5392441450453458,1.5198834899598457,-0.02201016680455571,-0.112939844966185,-0.7707926980627884,-1.2742825691417659,-0.7517500697760751,-0.3838001809711627,-0.5443201567604616,-0.9923822985600096,1.974096964064686
IAG20230387,Septiembre-Diciembre 2023,Ingeniería Agroindustrial,2023,Regular,-0.03865857352838154,-0.05213125981651588,2.344419691542313,1.0181336404268861,-0.5126252132718706,0.3741132055432285,-0.3767312323191194,-0.6031385995906284,-1.0065699733169846,0.6685857876809949,1.1219402123153617,1.1319298992648084,-1.1414933521841435,-0.4896294208189999,-0.5392441450453458,-0.45715245596448484,0.11881607144302964,-0.40699959768446725,-0.7707926980627884,-0.15466226432855207,-0.7517500697760751,0.5490863902945103,-0.5443201567604616,-0.9923822985600096,-0.5065607304015044
IAG20240031,Mayo-Agosto 2023,Ingeniería Agroindustrial,2024,Irregular,-1.0281227066802407,-1.043072236120786,-1.165829782915134,0.07362322537904724,0.4253099296925961,-0.3615936691372542,-0.3767312323191194,0.14257360460620055,-1.0065699733169846,-0.7598085705168535,-1.124469953493074,-1.0302077094647206,-1.1414933521841435,0.9364341109541224,0.3992661352687664,-0.45715245596448484,-0.02201016680455571,-0.4204545863698529,0.3666104117817102,-1.2742825691417659,0.2061559502574696,-1.3166867522368357,0.43545612540836925,0.609216919956064,-0.5065607304015044
IAG20240031,Septiembre-Diciembre 2023,Ingeniería Agroindustrial,2024,Regular,0.15649525204136158,0.44172881504801664,0.06239415328219211,0.7902988730262523,-1.4505603562363374,-1.097300543817737,-0.3767312323191194,0.14257360460620055,-1.0065699733169846,0.3829069160414252,0.8411389415893074,0.05086109490004391,-1.1414933521841435,-0.4896294208189999,0.3992661352687664,-0.45715245596448484,1.965364195403715,1.6120287044674517,-0.7707926980627884,0.9649580404846618,-0.7517500697760751,1.4819729615601833,-1.5240964389292924,0.609216919956064,-0.5065607304015044
IAG20240106,Mayo-Agosto 2023,Ingeniería Agroindustrial,2024,Regular,0.20442777060235148,0.11642533095246534,-0.6401402480930044,1.309692308288234,0.4253099296925961,-1.097300543817737,-0.3767312323191194,0.14257360460620055,-1.0065699733169846,-0.7598085705168535,-0.28206614131491065,0.05086109490004391,-1.1414933521841435,-0.4896294208189999,-0.5392441450453458,-0.45715245596448484,-0.02201016680455571,-0.32743966458827417,-0.7707926980627884,0.9649580404846618,-0.7517500697760751,0.5490863902945103,-0.5443201567604616,0.609216919956064,-0.5065607304015044
IAG20240106,Septiembre-Diciembre 2022,Ingeniería Agroindustrial,2024,Regular,-0.765635105036726,0.0,-1.165829782915134,0.9945645265578541,-1.4505603562363374,-1.097300543817737,-0.3767312323191194,-0.6031385995906284,-1.0065699733169846,-0.7598085705168535,-1.124469953493074,-1.0302077094647206,-1.1414933521841435,-0.4896294208189999,-0.5392441450453458,1.5198834899598457,0.0,-0.40056460309580455,-0.7707926980627884,-1.2742825691417659,-0.7517500697760751,-1.3166867522368357,0.43545612540836925,-0.9923822985600096,1.974096964064686
IAG20240106,Septiembre-Diciembre 2023,Ingeniería Agroindustrial,2024,Regular,-0.5316787644414194,-1.2685300963850303,-0.6401402480930044,-0.14635517073190918,-0.5126252132718706,1.1098200802237113,-0.3767312323191194,0.8882858088030295,-1.0065699733169846,-0.7598085705168535,-1.124469953493074,1.1319298992648084,-1.1414933521841435,0.9364341109541224,0.3992661352687664,-0.45715245596448484,-1.8757433029207302,-0.3289996632764348,0.3666104117817102,0.9649580404846618,0.2061559502574696,0.5490863902945103,0.43545612540836925,0.609216919956064,-0.5065607304015044
IAG20240170,Enero-Abril 2023,Ingeniería Agroindustrial,2024,Regular,0.7750529915665147,0.2667305711286282,-0.19923934791960518,0.6934036271202357,-1.4505603562363374,0.3741132055432285,-0.3767312323191194,-0.6031385995906284,-1.0065699733169846,-1.045487442156423,-0.5628674120409651,0.05086109490004391,-1.1414933521841435,-0.4896294208189999,-0.5392441450453458,-0.45715245596448484,-1.0566519171949789,-0.4126545929290496,-0.7707926980627884,-1.2742825691417659,-0.7517500697760751,-1.3166867522368357,0.43545612540836925,-0.9923822985600096,-0.5065607304015044
IAG20240170,Mayo-Agosto 2023,Ingeniería Agroindustrial,2024,Regular,0.8971667888528448,0.996784594841416,0.32645018690252453,1.1551836729245848,0.4253099296925961,0.3741132055432285,-0.3767312323191194,-0.6031385995906284,-1.0065699733169846,-0.7598085705168535,-0.28206614131491065,1.1319298992648084,-1.1414933521841435,-0.4896294208189999,-0.5392441450453458,-0.45715245596448484,0.43783061114674343,-0.4027096012920255,-0.7707926980627884,-0.15466226432855207,-0.7517500697760751,-0.3838001809711627,0.43545612540836925,-0.9923822985600096,-0.5065607304015044
IAG20240170,Septiembre-Diciembre 2022,Ingeniería Agroindustrial,2024,Regular,1.1859031506607116,1.0397289491774615,-0.5505065486072034,1.1787527867936167,-0.5126252132718706,-0.3615936691372542,-0.3767312323191194,-0.6031385995906284,-1.0065699733169846,-0.6169691346970686,-0.1416655059518834,-1.0302077094647206,-1.1414933521841435,-0.4896294208189999,-0.5392441450453458,-0.45715245596448484,-0.02201016680455571,-0.336604656881218,-0.7707926980627884,-0.15466226432855207,-0.7517500697760751,-0.3838001809711627,0.43545612540836925,-0.9923822985600096,-0.5065607304015044
IAG20240170,Septiembre-Diciembre 2023,Ingeniería Agroindustrial,2024,Regular,0.6483741925124705,0.3579873240927261,1.993152490854714,0.9823435045516911,-0.5126252132718706,0.3741132055432285,-0.3767312323191194,-0.6031385995906284,-1.0065699733169846,1.0971040951403492,1.5431421184044436,2.212998703629573,-1.1414933521841435,-0.4896294208189999,-0.5392441450453458,-0.45715245596448484,-0.570945095483919,-0.355909640647206,-0.7707926980627884,2.0845783452978757,-0.7517500697760751,2.414859532825856,-1.5240964389292924,-0.9923822985600096,-0.5065607304015044
IAG20240177,Enero-Abril 2023,Ingeniería Agroindustrial,2024,Regular,-0.5373850166510608,-0.581420427008288,-0.4632953815399377,0.9290947658105455,-0.5126252132718706,0.3741132055432285,-0.3767312323191194,0.14257360460620055,-1.0065699733169846,-0.4741296988772838,-0.0012648705888561507,-1.0302077094647206,-1.1414933521841435,-0.4896294208189999,-0.5392441450453458,-0.45715245596448484,-0.02201016680455571,-0.3676096308084109,-0.7707926980627884,-1.2742825691417659,-0.7517500697760751,-1.3166867522368357,-1.5240964389292924,-0.9923822985600096,-0.5065607304015044
IAG20240177,Septiembre-Diciembre 2023,Ingeniería Agroindustrial,2024,Regular,0.2865978024211909,0.4524649036320276,1.1161957553449866,1.068763588738138,-0.5126252132718706,0.3741132055432285,-0.3767312323191194,0.14257360460620055,-1.0065699733169846,0.9542646593205645,1.4027414830414162,0.05086109490004391,-1.1414933521841435,-0.4896294208189999,-0.5392441450453458,-0.45715245596448484,1.3618231743426352,-0.10318985316518095,-0.7707926980627884,0.9649580404846618,-0.7517500697760751,1.4819729615601833,-0.5443201567604616,0.609216919956064,-0.5065607304015044
IAG20240207,Enero-Abril 2023,Ingeniería Agroindustrial,2024,Regular,0.11312773524808568,0.545868874312929,0.23923901983525866,1.0417027542959167,-1.4505603562363374,-1.097300543817737,-0.3767312323191194,-0.6031385995906284,-1.0065699733169846,-0.4741296988772838,-0.0012648705888561507,0.05086109490004391,-1.1414933521841435,-0.4896294208189999,-0.5392441450453458,-0.45715245596448484,1.3575121670493415,-0.435274573907379,-0.7707926980627884,-0.15466226432855207,-0.7517500697760751,-0.3838001809711627,-0.5443201567604616,0.609216919956064,-0.5065607304015044
IAG20240207,Septiembre-Diciembre 2022,Ingeniería Agroindustrial,2024,Regular,-0.4346724768775107,-0.48479562975218304,-0.4632953815399377,1.1246311179091746,-0.5126252132718706,-1.097300543817737,-0.3767312323191194,-0.6031385995906284,-1.0065699733169846,-0.4741296988772838,-0.0012648705888561507,-1.0302077094647206,-1.1414933521841435,-0.4896294208189999,-0.5392441450453458,-0.45715245596448484,-0.02201016680455571,-0.4103145948968086,-0.7707926980627884,-0.15466226432855207,-0.7517500697760751,-0.3838001809711627,-0.5443201567604616,-0.9923822985600096,-0.5065607304015044
IAG20240207,Septiembre-Diciembre 2023,Ingeniería Agroindustrial,2024,Regular,0.1644840051348607,0.12716141953647633,1.1161957553449866,0.8906858395054581,-1.4505603562363374,0.3741132055432285,-0.3767312323191194,-0.6031385995906284,-1.0065699733169846,-0.18845082723771414,0.2795364001371983,1.1319298992648084,-1.1414933521841435,-0.4896294208189999,-0.5392441450453458,-0.45715245596448484,0.10732005199424716,-0.1698797970840487,-0.7707926980627884,0.9649580404846618,-0.7517500697760751,0.5490863902945103,-0.5443201567604616,-0.9923822985600096,-0.5065607304015044
IAG20240211,Enero-Abril 2023,Ingeniería Agroindustrial,2024,Egresado,-1.330554073791248,-2.5353885492983976,-0.7273514151602701,0.20456274687366438,0.4253099296925961,1.845526954904194,-0.3767312323191194,0.14257360460620055,-1.0065699733169846,0.0972280444018555,-1.124469953493074,0.05086109490004391,-1.1414933521841435,0.9364341109541224,0.3992661352687664,-0.45715245596448484,-3.2552656367746278,-0.38886461293459973,1.504013521626209,0.9649580404846618,1.1640619702910142,0.5490863902945103,1.4152324075772,-0.9923822985600096,-0.5065607304015044
IAG20240211,Mayo-Agosto 2023,Ingeniería Agroindustrial,2024,Egresado,-1.4994591391966399,-1.805334525585609,-0.7273514151602701,0.0675127143759657,-1.4505603562363374,0.3741132055432285,-0.3767312323191194,0.8882858088030295,-1.0065699733169846,-0.4741296988772838,-1.124469953493074,1.1319298992648084,-1.1414933521841435,0.9364341109541224,1.3377764155828784,-0.45715245596448484,-0.6614762486430811,-0.36819463031647115,0.3666104117817102,0.9649580404846618,0.2061559502574696,0.5490863902945103,0.43545612540836925,0.609216919956064,-0.5065607304015044
IAG20240211,Septiembre-Diciembre 2022,Ingeniería Agroindustrial,2024,Egresado,-0.04664732662188067,-0.11976861789578994,-0.7273514151602701,0.9395699275301154,-1.4505603562363374,0.3741132055432285,-0.3767312323191194,-0.6031385995906284,-1.0065699733169846,-0.9026480063366383,-0.42246677667793786,-1.0302077094647206,-1.1414933521841435,-0.4896294208189999,-0.5392441450453458,-0.45715245596448484,-0.02201016680455571,-0.3050146834459649,-0.7707926980627884,0.9649580404846618,-0.7517500697760751,0.5490863902945103,0.43545612540836925,-0.9923822985600096,-0.5065607304015044
IAG20240211,Septiembre-Diciembre 2023,Ingeniería Agroindustrial,2024,Egresado,-1.2392540384369821,-0.996907055209537,-0.376084214472672,-0.023272020526969382,0.4253099296925961,0.3741132055432285,0.8412444993533734,3.125422421393516,-1.0065699733169846,0.52574635186121,-0.5628674120409651,2.212998703629573,-1.1414933521841435,2.3624976427272446,3.214796976211103,-0.45715245596448484,0.6346999442071433,0.769629412860702,1.504013521626209,-1.2742825691417659,1.1640619702910142,-1.3166867522368357,1.4152324075772,0.609216919956064,-0.5065607304015044
IAG20240216,Enero-Abril 2023,Ingeniería Agroindustrial,2024,Regular,1.4369782478849438,1.2759228980257167,-0.5505065486072034,1.6187095790155297,-1.4505603562363374,0.3741132055432285,-0.3767312323191194,-0.6031385995906284,-1.0065699733169846,1.0971040951403492,-0.1416655059518834,-1.0302077094647206,-1.1414933521841435,-0.4896294208189999,-0.5392441450453458,3.496919435884176,-0.02201016680455571,-0.2894146965643584,-0.7707926980627884,0.9649580404846618,-0.7517500697760751,0.5490863902945103,0.43545612540836925,-0.9923822985600096,1.974096964064686
IAG20240216,Septiembre-Diciembre 2023,Ingeniería Agroindustrial,2024,Regular,1.4712157611427932,1.3242352966537692,0.5008725210370559,1.3996041130478698,-0.5126252132718706,0.3741132055432285,-0.3767312323191194,-0.6031385995906284,-1.0065699733169846,0.0972280444018555,0.5603376708632528,0.05086109490004391,-1.1414933521841435,-0.4896294208189999,-0.5392441450453458,-0.45715245596448484,0.04265494259484573,0.6003695551952715,-0.7707926980627884,0.9649580404846618,-0.7517500697760751,0.5490863902945103,0.43545612540836925,-0.9923822985600096,-0.5065607304015044
IAG20240230,Enero-Abril 2023,Ingeniería Agroindustrial,2024,Regular,0.5468029031808495,0.438507988472813,-0.11202818085233957,0.9517909495362796,-1.4505603562363374,-1.097300543817737,-0.3767312323191194,-0.6031385995906284,-1.0065699733169846,0.8114252235007796,0.5603376708632528,-1.0302077094647206,-1.1414933521841435,-0.4896294208189999,-0.5392441450453458,1.5198834899598457,-0.02201016680455571,-0.28219970263161537,-0.7707926980627884,-1.2742825691417659,-0.7517500697760751,-0.3838001809711627,0.43545612540836925,-0.9923822985600096,1.974096964064686
IAG20240237,Enero-Abril 2023,Ingeniería Agroindustrial,2024,Regular,-0.48831124764814193,-0.5352552460970375,-0.6401402480930044,-0.5950412643867973,1.3632450726570629,1.845526954904194,0.8412444993533734,0.8882858088030295,-1.0065699733169846,0.52574635186121,-0.28206614131491065,0.05086109490004391,-1.1414933521841435,2.3624976427272446,1.3377764155828784,-0.45715245596448484,-0.02201016680455571,0.12983495087881589,1.504013521626209,0.9649580404846618,1.1640619702910142,0.5490863902945103,1.4152324075772,-0.9923822985600096,-0.5065607304015044
IAG20240237,Mayo-Agosto 2023,Ingeniería Agroindustrial,2024,Irregular,-0.5773287821185515,-0.8712948187766012,-0.6401402480930044,0.1399659162696537,-0.5126252132718706,-0.3615936691372542,-0.3767312323191194,1.6339980129998586,-1.0065699733169846,-1.045487442156423,-1.124469953493074,1.1319298992648084,-1.1414933521841435,0.9364341109541224,2.2762866958969905,-0.45715245596448484,-0.47179192773817014,-0.4422945680041019,0.3666104117817102,-1.2742825691417659,0.2061559502574696,-1.3166867522368357,0.43545612540836925,0.609216919956064,-0.5065607304015044
IAG20240237,Septiembre-Diciembre 2022,Ingeniería Agroindustrial,2024,Regular,-0.765635105036726,0.0,-1.165829782915134,0.7649838988706258,-0.5126252132718706,-0.3615936691372542,-0.3767312323191194,-0.6031385995906284,-1.0065699733169846,-0.7598085705168535,-1.124469953493074,-1.0302077094647206,-1.1414933521841435,-0.4896294208189999,-0.5392441450453458,1.5198834899598457,0.0,-0.32061467032757135,-0.7707926980627884,-0.15466226432855207,-0.7517500697760751,-0.3838001809711627,-0.5443201567604616,0.609216919956064,1.974096964064686
IAG20240237,Septiembre-Diciembre 2023,Ingeniería Agroindustrial,2024,Irregular,-0.5510800219542011,-0.4955317183361956,-0.11202818085233957,0.7257020424222405,-1.4505603562363374,-0.3615936691372542,-0.3767312323191194,1.6339980129998586,-1.0065699733169846,-0.7598085705168535,-0.28206614131491065,2.212998703629573,-1.1414933521841435,-0.4896294208189999,2.2762866958969905,-0.45715245596448484,0.14324511277169238,-0.288439697384258,-0.7707926980627884,-1.2742825691417659,-0.7517500697760751,-1.3166867522368357,0.43545612540836925,0.609216919956064,-0.5065607304015044
IAG20240250,Enero-Abril 2023,Ingeniería Agroindustrial,2024,Regular,-0.326253684894321,-0.3828027882040742,-0.6401402480930044,0.1792477727180391,-1.4505603562363374,1.1098200802237113,-0.3767312323191194,0.14257360460620055,-1.0065699733169846,0.0972280444018555,-0.28206614131491065,-1.0302077094647206,-1.1414933521841435,0.9364341109541224,0.3992661352687664,-0.45715245596448484,-0.02201016680455571,1.0800691518046708,0.3666104117817102,-0.15466226432855207,0.2061559502574696,-0.3838001809711627,0.43545612540836925,-0.9923822985600096,-0.5065607304015044
IAG20240250,Mayo-Agosto 2023,Ingeniería Agroindustrial,2024,Regular,-0.25207240616897914,-0.17344906081584788,-0.28887304740540615,1.273029242269741,-0.5126252132718706,0.3741132055432285,-0.3767312323191194,0.14257360460620055,-1.0065699733169846,-1.045487442156423,-0.5628674120409651,0.05086109490004391,-1.1414933521841435,-0.4896294208189999,0.3992661352687664,-0.45715245596448484,0.2582053072595172,-0.2882446975482379,-0.7707926980627884,-0.15466226432855207,-0.7517500697760751,-0.3838001809711627,-0.5443201567604616,0.609216919956064,-0.5065607304015044
IAG20240250,Septiembre-Diciembre 2023,Ingeniería Agroindustrial,2024,Irregular,-0.5362437662091318,-0.713474316591631,1.1161957553449866,-0.927627648983125,1.3632450726570629,2.5812338295846766,2.0592202310258663,3.125422421393516,-1.0065699733169846,3.096856196617337,1.1219402123153617,1.1319298992648084,-1.1414933521841435,3.7885611745003667,3.214796976211103,-0.45715245596448484,-0.5580120736040387,0.950589260687337,2.6414166314707077,0.9649580404846618,2.121967990324559,0.5490863902945103,-0.5443201567604616,-0.9923822985600096,-0.5065607304015044
IAG20240277,Mayo-Agosto 2023,Ingeniería Agroindustrial,2024,Regular,0.683752956212249,0.5673410514809524,-0.4632953815399377,1.4982452192404823,-0.5126252132718706,-1.097300543817737,-0.3767312323191194,-0.6031385995906284,-1.0065699733169846,-0.4741296988772838,-0.0012648705888561507,-1.0302077094647206,-1.1414933521841435,-0.4896294208189999,-0.5392441450453458,-0.45715245596448484,-0.02201016680455571,-0.3475246476983425,-0.7707926980627884,-1.2742825691417659,-0.7517500697760751,-1.3166867522368357,-1.5240964389292924,-0.9923822985600096,-0.5065607304015044
IAG20240277,Septiembre-Diciembre 2023,Ingeniería Agroindustrial,2024,Regular,0.439525361639587,0.2989388368806627,2.695686892229911,0.863625005063237,-1.4505603562363374,0.3741132055432285,-0.3767312323191194,-0.6031385995906284,-1.0065699733169846,3.5253745040766913,3.9299529195759066,0.05086109490004391,-1.1414933521841435,-0.4896294208189999,-0.5392441450453458,-0.45715245596448484,-0.38126077457900814,0.24663985265484442,-0.7707926980627884,0.9649580404846618,-0.7517500697760751,2.414859532825856,-1.5240964389292924,0.609216919956064,-0.5065607304015044
IAG20240286,Enero-Abril 2023,Ingeniería Agroindustrial,2024,Irregular,-1.2221352818080566,-1.2255857420489833,-0.6401402480930044,-0.20746028076273076,0.4253099296925961,0.3741132055432285,-0.3767312323191194,0.14257360460620055,-1.0065699733169846,0.52574635186121,-0.28206614131491065,-1.0302077094647206,-1.1414933521841435,0.9364341109541224,0.3992661352687664,1.5198834899598457,-0.02201016680455571,0.1296399510427958,0.3666104117817102,-1.2742825691417659,0.2061559502574696,-1.3166867522368357,0.43545612540836925,-0.9923822985600096,1.974096964064686
IAG20240302,Enero-Abril 2023,Ingeniería Agroindustrial,2024,Regular,-0.6948775776371693,0.9216319747533346,0.23923901983525866,1.4642009436518817,-0.5126252132718706,-0.3615936691372542,-0.3767312323191194,0.8882858088030295,-1.0065699733169846,-0.331290263057499,-0.5628674120409651,0.05086109490004391,-1.1414933521841435,-0.4896294208189999,0.3992661352687664,1.5198834899598457,2.923844816945954,-0.324709666883993,-0.7707926980627884,-0.15466226432855207,-0.7517500697760751,-0.3838001809711627,-1.5240964389292924,-0.9923822985600096,1.974096964064686
IAG20240302,Mayo-Agosto 2023,Ingeniería Agroindustrial,2024,Regular,-0.6092837944925448,-0.4901636740441901,0.6777173875901228,0.08759010767180735,1.3632450726570629,-0.3615936691372542,-0.3767312323191194,1.6339980129998586,-1.0065699733169846,0.0972280444018555,-0.42246677667793786,1.1319298992648084,-1.1414933521841435,0.9364341109541224,1.3377764155828784,-0.45715245596448484,0.2970043728991581,6.0127850037686414,0.3666104117817102,0.9649580404846618,0.2061559502574696,0.5490863902945103,-0.5443201567604616,0.609216919956064,-0.5065607304015044
IAG20240302,Septiembre-Diciembre 2022,Ingeniería Agroindustrial,2024,Irregular,-1.279197803904473,-1.2792661849690412,-0.11202818085233957,-0.120167266432986,0.4253099296925961,0.3741132055432285,-0.3767312323191194,0.14257360460620055,-1.0065699733169846,1.6684618384194887,0.5603376708632528,-1.0302077094647206,-1.1414933521841435,0.9364341109541224,0.3992661352687664,1.5198834899598457,-0.02201016680455571,0.8306643615349872,0.3666104117817102,-0.15466226432855207,0.2061559502574696,-0.3838001809711627,0.43545612540836925,0.609216919956064,1.974096964064686
IAG20240302,Septiembre-Diciembre 2023,Ingeniería Agroindustrial,2024,Irregular,-0.7017250802887395,-1.257794007801018,0.6777173875901228,-0.20047683961635132,-0.5126252132718706,1.845526954904194,-0.3767312323191194,2.3797102171966875,-1.0065699733169846,-1.045487442156423,-1.124469953493074,2.212998703629573,-1.1414933521841435,0.9364341109541224,2.2762866958969905,-0.45715245596448484,-0.8367905452370139,-0.32977966262051517,0.3666104117817102,0.9649580404846618,0.2061559502574696,0.5490863902945103,-0.5443201567604616,0.609216919956064,-0.5065607304015044
IAG20240321,Enero-Abril 2023,Ingeniería Agroindustrial,2024,Regular,0.9770543197878281,0.8432585280900495,0.23923901983525866,1.376907929322137,-0.5126252132718706,0.3741132055432285,-0.3767312323191194,0.14257360460620055,-1.0065699733169846,1.382782966779919,1.1219402123153617,-1.0302077094647206,-1.1414933521841435,-0.4896294208189999,-0.5392441450453458,1.5198834899598457,-0.02201016680455571,0.056905012207305546,-0.7707926980627884,-0.15466226432855207,-0.7517500697760751,0.5490863902945103,0.43545612540836925,0.609216919956064,1.974096964064686
IAG20240347,Enero-Abril 2023,Ingeniería Agroindustrial,2024,Irregular,-2.3234419582688917,-1.8697510570896787,-1.165829782915134,-0.25896315921728047,-0.5126252132718706,1.1098200802237113,-0.3767312323191194,0.8882858088030295,-1.0065699733169846,-1.045487442156423,-1.124469953493074,0.05086109490004391,-1.1414933521841435,0.9364341109541224,1.3377764155828784,-0.45715245596448484,1.0270016078968454,-0.3756046240852342,0.3666104117817102,-0.15466226432855207,0.2061559502574696,-0.3838001809711627,-0.5443201567604616,-0.9923822985600096,-0.5065607304015044
IAG20240347,Mayo-Agosto 2023,Ingeniería Agroindustrial,2024,Irregular,-0.9744839359096096,0.2774666597126392,-0.11202818085233957,0.7204644615624568,-1.4505603562363374,0.3741132055432285,-0.3767312323191194,1.6339980129998586,-1.0065699733169846,0.0972280444018555,0.5603376708632528,1.1319298992648084,-1.1414933521841435,-0.4896294208189999,1.3377764155828784,-0.45715245596448484,3.376500582741764,-0.47232454275119445,-0.7707926980627884,-1.2742825691417659,-0.7517500697760751,-0.3838001809711627,-1.5240964389292924,0.609216919956064,-0.5065607304015044
IAG20240347,Septiembre-Diciembre 2022,Ingeniería Agroindustrial,2024,Irregular,-2.7399983695727306,-2.6534855237225243,-1.165829782915134,-0.045968204252702226,0.4253099296925961,2.5812338295846766,-0.3767312323191194,0.14257360460620055,-1.0065699733169846,-0.7598085705168535,-1.124469953493074,-1.0302077094647206,-1.1414933521841435,0.9364341109541224,0.3992661352687664,-0.45715245596448484,-0.02201016680455571,-0.29331469328476,1.504013521626209,-1.2742825691417659,1.1640619702910142,-1.3166867522368357,-0.5443201567604616,-0.9923822985600096,-0.5065607304015044
IAG20240347,Septiembre-Diciembre 2023,Ingeniería Agroindustrial,2024,Irregular,-0.9276926677905486,-0.8605587301925887,0.41366135396979015,-0.19873097932975553,0.4253099296925961,-0.3615936691372542,-0.3767312323191194,3.125422421393516,-1.0065699733169846,-0.18845082723771414,-0.28206614131491065,2.212998703629573,-1.1414933521841435,0.9364341109541224,2.2762866958969905,-0.45715245596448484,0.1547411322204749,-0.1852847841296351,0.3666104117817102,-0.15466226432855207,0.2061559502574696,-0.3838001809711627,1.4152324075772,0.609216919956064,-0.5065607304015044
IBM20200010,Enero-Abril 2023,Ingeniería Biomédica,2020,Irregular,-0.6800413218921015,-0.7961421986885198,-0.2210421396864217,-0.6666215361371873,-0.5126252132718706,0.3741132055432285,-0.3767312323191194,-0.6031385995906284,1.5407724037410715,-0.6169691346970686,-0.1416655059518834,0.05086109490004391,1.3301443803153619,-0.4896294208189999,-0.5392441450453458,-0.45715245596448484,-0.23756053146922715,-0.40212460178396525,0.3666104117817102,-1.2742825691417659,0.2061559502574696,-1.3166867522368357,0.43545612540836925,-0.9923822985600096,-0.5065607304015044
IBM20200010,Septiembre-Diciembre 2022,Ingeniería Biomédica,2020,Irregular,-0.594447538747477,-0.6351008699283459,-0.8218301794831414,-1.1912525522589537,0.4253099296925961,-0.3615936691372542,0.8412444993533734,-0.6031385995906284,1.5407724037410715,-1.045487442156423,-0.5628674120409651,-1.0302077094647206,1.3301443803153619,-0.4896294208189999,-0.5392441450453458,-0.45715245596448484,-0.02201016680455571,-0.3561046404832261,0.3666104117817102,-1.2742825691417659,0.2061559502574696,-1.3166867522368357,1.4152324075772,0.609216919956064,-0.5065607304015044
IBM20200010,Septiembre-Diciembre 2023,Ingeniería Biomédica,2020,Irregular,-0.594447538747477,-0.47405954116817206,0.12295746374557111,-1.0000808508768129,1.3632450726570629,-1.097300543817737,-0.3767312323191194,-0.6031385995906284,1.5407724037410715,-1.045487442156423,-0.5628674120409651,1.1319298992648084,1.3301443803153619,-0.4896294208189999,-0.5392441450453458,-0.45715245596448484,0.30131538019245147,-0.3022846857416837,0.3666104117817102,-0.15466226432855207,0.2061559502574696,-0.3838001809711627,1.4152324075772,0.609216919956064,-0.5065607304015044
IBM20200017,Enero-Abril 2023,Ingeniería Biomédica,2020,Baja Temporal,-0.21783489291112965,-0.15197688364782438,-0.13383097261915597,-3.3386607047706747,1.3632450726570629,-0.3615936691372542,3.2771959626983587,-0.6031385995906284,1.5407724037410715,-0.9026480063366383,-0.42246677667793786,0.05086109490004391,1.3301443803153619,-0.4896294208189999,-0.5392441450453458,-0.45715245596448484,0.32287041665891864,-0.35239964359884457,0.3666104117817102,0.9649580404846618,1.1640619702910142,0.5490863902945103,1.4152324075772,3.8124153569882107,-0.5065607304015044
IBM20200017,Septiembre-Diciembre 2022,Ingeniería Biomédica,2020,Baja Temporal,-0.35478494594252913,-0.40964300966410316,-0.5650417431184144,-3.0052013900310497,2.3011802156215295,-1.097300543817737,3.2771959626983587,-0.6031385995906284,1.5407724037410715,-0.6169691346970686,-0.1416655059518834,-1.0302077094647206,1.3301443803153619,-0.4896294208189999,-0.5392441450453458,-0.45715245596448484,-0.02201016680455571,-0.4149945909612906,0.3666104117817102,0.9649580404846618,1.1640619702910142,0.5490863902945103,1.4152324075772,0.609216919956064,-0.5065607304015044
IBM20200017,Septiembre-Diciembre 2023,Ingeniería Biomédica,2020,Baja Temporal,-0.24294240263355268,-0.32053347441680563,1.4117447104062764,-3.0401185957629475,1.3632450726570629,-0.3615936691372542,3.2771959626983587,0.14257360460620055,0.9039368094765574,0.9542646593205645,1.4027414830414162,1.1319298992648084,1.3301443803153619,-0.4896294208189999,-0.5392441450453458,-0.45715245596448484,-0.07517925675517467,-0.42688958095851554,0.3666104117817102,0.9649580404846618,1.1640619702910142,1.4819729615601833,2.395008689746031,2.210816138472137,-0.5065607304015044
IBM20200042,Enero-Abril 2023,Ingeniería Biomédica,2020,Irregular,-1.2677852994851904,-1.2685300963850303,-0.8218301794831414,-1.1371308833745122,0.4253099296925961,0.3741132055432285,2.0592202310258663,0.8882858088030295,0.9039368094765574,-0.18845082723771414,-0.5628674120409651,0.05086109490004391,1.3301443803153619,0.9364341109541224,0.3992661352687664,-0.45715245596448484,-0.02201016680455571,-0.032599912525911656,1.504013521626209,-0.15466226432855207,2.121967990324559,-0.3838001809711627,1.4152324075772,-0.9923822985600096,-0.5065607304015044
IBM20200042,Septiembre-Diciembre 2022,Ingeniería Biomédica,2020,Irregular,-0.765635105036726,0.0,-1.165829782915134,-0.8735059800986829,1.3632450726570629,-0.3615936691372542,-0.3767312323191194,-0.6031385995906284,1.5407724037410715,-0.9026480063366383,-1.124469953493074,-1.0302077094647206,1.3301443803153619,-0.4896294208189999,-0.5392441450453458,1.5198834899598457,0.0,-0.35376464245098516,0.3666104117817102,0.9649580404846618,0.2061559502574696,0.5490863902945103,0.43545612540836925,0.609216919956064,1.974096964064686
IBM20200042,Septiembre-Diciembre 2023,Ingeniería Biomédica,2020,Irregular,-0.49173499897392703,0.9216319747533346,-0.47783057605114865,-0.20309563004624376,0.4253099296925961,-0.3615936691372542,-0.3767312323191194,0.8882858088030295,0.9039368094765574,-1.045487442156423,-0.5628674120409651,1.1319298992648084,1.3301443803153619,-0.4896294208189999,0.3992661352687664,-0.45715245596448484,2.9094747926349758,-0.42688958095851554,0.3666104117817102,-1.2742825691417659,0.2061559502574696,-1.3166867522368357,-1.5240964389292924,-0.9923822985600096,-0.5065607304015044
IBM20200056,Septiembre-Diciembre 2022,Ingeniería Biomédica,2020,Irregular,-0.765635105036726,0.0,-1.165829782915134,-0.8289865427905132,1.3632450726570629,0.3741132055432285,-0.3767312323191194,-0.6031385995906284,1.5407724037410715,0.3829069160414252,-1.124469953493074,-1.0302077094647206,1.3301443803153619,-0.4896294208189999,-0.5392441450453458,5.473955381808507,0.0,-0.3945196081791821,0.3666104117817102,-1.2742825691417659,0.2061559502574696,-1.3166867522368357,1.4152324075772,-0.9923822985600096,1.974096964064686
IBM20200057,Enero-Abril 2023,Ingeniería Biomédica,2020,Irregular,1.5739283009163432,1.404755961033856,-0.8218301794831414,-0.5662345696579817,-0.5126252132718706,-1.097300543817737,-0.3767312323191194,-0.6031385995906284,1.5407724037410715,-1.045487442156423,-0.5628674120409651,0.05086109490004391,1.3301443803153619,-0.4896294208189999,-0.5392441450453458,-0.45715245596448484,-0.02201016680455571,-0.3104746788545272,0.3666104117817102,-0.15466226432855207,0.2061559502574696,-0.3838001809711627,-0.5443201567604616,-0.9923822985600096,-0.5065607304015044
IBM20200057,Septiembre-Diciembre 2022,Ingeniería Biomédica,2020,Irregular,-0.765635105036726,0.0,-1.165829782915134,-0.5845661026672275,-1.4505603562363374,0.3741132055432285,-0.3767312323191194,-0.6031385995906284,1.5407724037410715,-0.7598085705168535,-1.124469953493074,-1.0302077094647206,1.3301443803153619,-0.4896294208189999,-0.5392441450453458,1.5198834899598457,0.0,-0.34635464868222204,0.3666104117817102,-0.15466226432855207,0.2061559502574696,-0.3838001809711627,0.43545612540836925,0.609216919956064,1.974096964064686
IBM20200057,Septiembre-Diciembre 2023,Ingeniería Biomédica,2020,Irregular,1.4712157611427932,1.211506366521648,-0.3058307743351523,0.060529273229586275,1.3632450726570629,-1.097300543817737,-0.3767312323191194,-0.6031385995906284,1.5407724037410715,-0.7598085705168535,-0.28206614131491065,1.1319298992648084,1.3301443803153619,-0.4896294208189999,-0.5392441450453458,-0.45715245596448484,-0.28067060440216146,-0.29253469394067966,0.3666104117817102,-0.15466226432855207,0.2061559502574696,-0.3838001809711627,-1.5240964389292924,-0.9923822985600096,-0.5065607304015044
IBM20200058,Enero-Abril 2023,Ingeniería Biomédica,2020,Irregular,0.9633593144846893,0.8303752217892366,-0.04904233797042524,-0.5854390328105253,0.4253099296925961,-1.097300543817737,-0.3767312323191194,-0.6031385995906284,1.5407724037410715,0.24006748022164032,0.7007383062262801,-1.0302077094647206,1.3301443803153619,-0.4896294208189999,-0.5392441450453458,-0.45715245596448484,-0.02201016680455571,-0.4795395366839374,0.3666104117817102,-0.15466226432855207,0.2061559502574696,0.5490863902945103,-0.5443201567604616,-0.9923822985600096,-0.5065607304015044
IBM20200058,Septiembre-Diciembre 2023,Ingeniería Biomédica,2020,Irregular,1.252095676292556,1.3725476952818216,1.0677451069742836,-0.40910714386444136,-0.5126252132718706,-0.3615936691372542,-0.3767312323191194,-0.6031385995906284,1.5407724037410715,0.24006748022164032,0.7007383062262801,0.05086109490004391,1.3301443803153619,-0.4896294208189999,-0.5392441450453458,-0.45715245596448484,0.7036760608998381,-0.3289996632764348,0.3666104117817102,-1.2742825691417659,0.2061559502574696,-0.3838001809711627,-0.5443201567604616,-0.9923822985600096,-0.5065607304015044
IBM20200077,Enero-Abril 2023,Ingeniería Biomédica,2020,Irregular,0.16790775646064582,0.0788490209084254,1.1525337416230141,-0.7338371571710911,1.3632450726570629,-0.3615936691372542,-0.3767312323191194,-0.6031385995906284,1.5407724037410715,1.239943530960134,1.6835427537674708,0.05086109490004391,1.3301443803153619,-0.4896294208189999,-0.5392441450453458,-0.45715245596448484,-0.04356520327102286,-0.35902963802352733,0.3666104117817102,-0.15466226432855207,0.2061559502574696,0.5490863902945103,1.4152324075772,0.609216919956064,-0.5065607304015044
IBM20200077,Mayo-Agosto 2023,Ingeniería Biomédica,2020,Irregular,0.3756153368916004,1.2544507208576932,1.496533345055007,-0.4239469563004981,1.3632450726570629,0.3741132055432285,-0.3767312323191194,-0.6031385995906284,1.5407724037410715,-1.045487442156423,-0.5628674120409651,1.1319298992648084,1.3301443803153619,-0.4896294208189999,-0.5392441450453458,-0.45715245596448484,1.5471964879542526,-0.3814546191658367,0.3666104117817102,-1.2742825691417659,0.2061559502574696,-1.3166867522368357,-0.5443201567604616,-0.9923822985600096,-0.5065607304015044
IBM20200077,Septiembre-Diciembre 2022,Ingeniería Biomédica,2020,Irregular,0.18160276176378462,0.09495315378444186,-0.5650417431184144,-0.5156046213467298,-0.5126252132718706,-1.097300543817737,-0.3767312323191194,-0.6031385995906284,1.5407724037410715,-0.6169691346970686,-0.1416655059518834,-1.0302077094647206,1.3301443803153619,-0.4896294208189999,-0.5392441450453458,-0.45715245596448484,-0.02201016680455571,-0.3869146145743989,0.3666104117817102,0.9649580404846618,0.2061559502574696,0.5490863902945103,-0.5443201567604616,0.609216919956064,-0.5065607304015044
IBM20200082,Mayo-Agosto 2023,Ingeniería Biomédica,2020,Irregular,0.6038654252772657,0.41703581130478956,0.4669570671775638,-0.2772946922265263,1.3632450726570629,0.3741132055432285,-0.3767312323191194,-0.6031385995906284,1.5407724037410715,-0.7598085705168535,-0.28206614131491065,0.05086109490004391,1.3301443803153619,-0.4896294208189999,-0.5392441450453458,-0.45715245596448484,-0.17289542206982572,-0.3732646260529932,0.3666104117817102,0.9649580404846618,0.2061559502574696,0.5490863902945103,0.43545612540836925,-0.9923822985600096,-0.5065607304015044
IBM20200082,Septiembre-Diciembre 2022,Ingeniería Biomédica,2020,Irregular,0.6438091907447565,0.5297647414369109,-0.04904233797042524,-0.19000167789678157,-0.5126252132718706,-0.3615936691372542,-0.3767312323191194,-0.6031385995906284,1.5407724037410715,0.24006748022164032,0.7007383062262801,-1.0302077094647206,1.3301443803153619,-0.4896294208189999,-0.5392441450453458,-0.45715245596448484,-0.02201016680455571,-0.3832096176900174,0.3666104117817102,-1.2742825691417659,0.2061559502574696,-0.3838001809711627,0.43545612540836925,-0.9923822985600096,-0.5065607304015044
IBM20200093,Enero-Abril 2023,Ingeniería Biomédica,2020,Irregular,-0.765635105036726,0.0,-1.165829782915134,-0.8962021638244169,0.4253099296925961,0.3741132055432285,-0.3767312323191194,-0.6031385995906284,1.5407724037410715,-0.9026480063366383,-1.124469953493074,-1.0302077094647206,1.3301443803153619,-0.4896294208189999,-0.5392441450453458,1.5198834899598457,0.0,-0.329389662948475,0.3666104117817102,0.9649580404846618,0.2061559502574696,0.5490863902945103,0.43545612540836925,0.609216919956064,1.974096964064686
IBM20200093,Mayo-Agosto 2023,Ingeniería Biomédica,2020,Irregular,0.46691537224586627,0.3633553683847316,-0.649830377767145,-0.8124008700678619,1.3632450726570629,0.3741132055432285,-0.3767312323191194,-0.6031385995906284,1.5407724037410715,-0.7598085705168535,-0.28206614131491065,0.05086109490004391,1.3301443803153619,-0.4896294208189999,-0.5392441450453458,-0.45715245596448484,-0.02201016680455571,-0.2983846890212821,0.3666104117817102,-1.2742825691417659,0.2061559502574696,-1.3166867522368357,0.43545612540836925,0.609216919956064,-0.5065607304015044
IBM20200093,Septiembre-Diciembre 2023,Ingeniería Biomédica,2020,Irregular,0.1667665060187169,-0.012407732055674038,0.7237455035422907,-0.6317043304052902,-0.5126252132718706,0.3741132055432285,-0.3767312323191194,-0.6031385995906284,1.5407724037410715,0.6685857876809949,1.1219402123153617,1.1319298992648084,1.3301443803153619,-0.4896294208189999,-0.5392441450453458,-0.45715245596448484,-0.5249610176887891,0.13704994481155885,0.3666104117817102,2.0845783452978757,0.2061559502574696,2.414859532825856,1.4152324075772,-0.9923822985600096,-0.5065607304015044
IBM20200107,Septiembre-Diciembre 2022,Ingeniería Biomédica,2020,Irregular,-1.5873354232251213,-1.5691405767373545,-0.8218301794831414,-2.151475709886146,0.4253099296925961,1.1098200802237113,2.0592202310258663,0.8882858088030295,1.5407724037410715,0.3829069160414252,-0.5628674120409651,-1.0302077094647206,1.3301443803153619,2.3624976427272446,1.3377764155828784,-0.45715245596448484,-0.02201016680455571,0.5135946281663354,2.6414166314707077,-1.2742825691417659,2.121967990324559,-1.3166867522368357,1.4152324075772,2.210816138472137,-0.5065607304015044
IBM20200150,Enero-Abril 2023,Ingeniería Biomédica,2020,Irregular,1.0717781064678789,0.9323680633373456,-0.649830377767145,-0.5688533600878741,1.3632450726570629,-0.3615936691372542,-0.3767312323191194,-0.6031385995906284,1.5407724037410715,-0.7598085705168535,-0.28206614131491065,0.05086109490004391,1.3301443803153619,-0.4896294208189999,-0.5392441450453458,-0.45715245596448484,-0.02201016680455571,-0.300529687217503,0.3666104117817102,0.9649580404846618,0.2061559502574696,0.5490863902945103,1.4152324075772,0.609216919956064,-0.5065607304015044
IBM20200150,Mayo-Agosto 2023,Ingeniería Biomédica,2020,Irregular,0.9953143268586825,0.8250071774972296,0.03574629667830528,-0.10532745399692925,0.4253099296925961,-0.3615936691372542,-0.3767312323191194,-0.6031385995906284,1.5407724037410715,-0.4741296988772838,-0.0012648705888561507,1.1319298992648084,1.3301443803153619,-0.4896294208189999,-0.5392441450453458,-0.45715245596448484,-0.16571040991433666,1.9207134448872403,0.3666104117817102,0.9649580404846618,0.2061559502574696,0.5490863902945103,1.4152324075772,-0.9923822985600096,-0.5065607304015044
IBM20200150,Septiembre-Diciembre 2022,Ingeniería Biomédica,2020,Irregular,-0.765635105036726,0.0,-1.165829782915134,-0.6308314002619924,-0.5126252132718706,-1.097300543817737,-0.3767312323191194,-0.6031385995906284,1.5407724037410715,-0.7598085705168535,-1.124469953493074,-1.0302077094647206,1.3301443803153619,-0.4896294208189999,-0.5392441450453458,1.5198834899598457,0.0,-0.28765969804017766,0.3666104117817102,0.9649580404846618,0.2061559502574696,0.5490863902945103,1.4152324075772,0.609216919956064,1.974096964064686
IBM20200150,Septiembre-Diciembre 2023,Ingeniería Biomédica,2020,Irregular,0.7522279827279479,-0.05535208639171948,0.5517457018262943,-0.8831082116749547,1.3632450726570629,0.3741132055432285,-0.3767312323191194,-0.6031385995906284,1.5407724037410715,-0.7598085705168535,-0.28206614131491065,2.212998703629573,1.3301443803153619,-0.4896294208189999,-0.5392441450453458,-0.45715245596448484,-1.2477732405309871,-0.33699465655325817,0.3666104117817102,-1.2742825691417659,0.2061559502574696,-1.3166867522368357,-0.5443201567604616,-0.9923822985600096,-0.5065607304015044
IBM20200203,Enero-Abril 2023,Ingeniería Biomédica,2020,Irregular,-1.2027340242952749,-1.086016590456833,-0.649830377767145,-1.4775736392605165,1.3632450726570629,-0.3615936691372542,2.0592202310258663,1.6339980129998586,0.9039368094765574,-0.7598085705168535,-1.124469953493074,0.05086109490004391,1.3301443803153619,0.9364341109541224,1.3377764155828784,-0.45715245596448484,0.22228024648207195,-0.42786458013861595,1.504013521626209,-0.15466226432855207,2.121967990324559,-0.3838001809711627,1.4152324075772,0.609216919956064,-0.5065607304015044
IBM20200203,Mayo-Agosto 2023,Ingeniería Biomédica,2020,Irregular,-1.3077290649526812,-1.4048784214019772,-0.649830377767145,-2.6926923987305638,1.3632450726570629,3.3169407042651597,2.0592202310258663,3.871134625590345,0.9039368094765574,0.8114252235007796,-1.124469953493074,1.1319298992648084,1.3301443803153619,3.7885611745003667,4.153307256525215,-0.45715245596448484,-0.2849816116954549,-0.06886988202564673,3.778819741315206,0.9649580404846618,3.0798740103581035,0.5490863902945103,1.4152324075772,0.609216919956064,-0.5065607304015044
IBM20200203,Septiembre-Diciembre 2022,Ingeniería Biomédica,2020,Irregular,-1.2677852994851904,-1.2685300963850303,-0.649830377767145,-1.7080271970910428,0.4253099296925961,0.3741132055432285,2.0592202310258663,0.8882858088030295,0.9039368094765574,0.6685857876809949,-0.28206614131491065,-1.0302077094647206,1.3301443803153619,0.9364341109541224,0.3992661352687664,1.5198834899598457,-0.02201016680455571,2.23329818202743,1.504013521626209,0.9649580404846618,2.121967990324559,0.5490863902945103,0.43545612540836925,2.210816138472137,1.974096964064686
IBM20200203,Septiembre-Diciembre 2023,Ingeniería Biomédica,2020,Irregular,-1.1011627349636537,-0.5277399840882301,-0.04904233797042524,-0.7975610576318051,1.3632450726570629,-0.3615936691372542,-0.3767312323191194,5.362559033984003,0.2671012152120434,0.24006748022164032,-0.1416655059518834,2.212998703629573,1.3301443803153619,0.9364341109541224,5.0918175368393275,-0.45715245596448484,1.0198165957413563,0.7351144418851474,0.3666104117817102,-1.2742825691417659,0.2061559502574696,-1.3166867522368357,1.4152324075772,0.609216919956064,-0.5065607304015044
IBM20200226,Enero-Abril 2023,Ingeniería Biomédica,2020,Irregular,-0.012409813364031201,0.0,-0.13383097261915597,-0.9869868987273513,0.4253099296925961,-1.097300543817737,-0.3767312323191194,-0.6031385995906284,1.5407724037410715,-0.7598085705168535,-1.124469953493074,0.05086109490004391,1.3301443803153619,-0.4896294208189999,-0.5392441450453458,1.5198834899598457,0.0,-0.3902296117867403,0.3666104117817102,-1.2742825691417659,0.2061559502574696,-1.3166867522368357,0.43545612540836925,0.609216919956064,1.974096964064686
IBM20200226,Septiembre-Diciembre 2022,Ingeniería Biomédica,2020,Irregular,-0.012409813364031201,-0.08756035214375547,-0.13383097261915597,-0.9712741561479973,1.3632450726570629,-1.097300543817737,-0.3767312323191194,-0.6031385995906284,1.5407724037410715,0.9542646593205645,0.5603376708632528,-1.0302077094647206,1.3301443803153619,-0.4896294208189999,-0.5392441450453458,1.5198834899598457,-0.02201016680455571,-0.2430047355915791,0.3666104117817102,0.9649580404846618,0.2061559502574696,0.5490863902945103,-0.5443201567604616,0.609216919956064,1.974096964064686
IBM20200226,Septiembre-Diciembre 2023,Ingeniería Biomédica,2020,Irregular,0.34936657672724847,0.9323680633373456,0.37974590011029796,-0.673604977283568,-0.5126252132718706,-1.097300543817737,-0.3767312323191194,-0.6031385995906284,1.5407724037410715,-0.7598085705168535,-0.28206614131491065,1.1319298992648084,1.3301443803153619,-0.4896294208189999,-0.5392441450453458,-0.45715245596448484,1.3431421427383636,-0.3313396613086758,0.3666104117817102,0.9649580404846618,0.2061559502574696,0.5490863902945103,-0.5443201567604616,-0.9923822985600096,-0.5065607304015044
IBM20200255,Mayo-Agosto 2023,Ingeniería Biomédica,2020,Irregular,1.2087281594992785,1.5604292455020246,0.895745305258287,-0.5636157792280891,-0.5126252132718706,-1.097300543817737,-0.3767312323191194,-0.6031385995906284,1.5407724037410715,-0.18845082723771414,0.2795364001371983,0.05086109490004391,1.3301443803153619,-0.4896294208189999,-0.5392441450453458,-0.45715245596448484,1.3144020941164074,-0.2077097652719444,0.3666104117817102,-0.15466226432855207,0.2061559502574696,0.5490863902945103,-0.5443201567604616,0.609216919956064,-0.5065607304015044
IBM20200255,Septiembre-Diciembre 2022,Ingeniería Biomédica,2020,Irregular,0.6780467040026076,0.5619730071889469,0.03574629667830528,-0.6194833083991259,-0.5126252132718706,0.3741132055432285,-0.3767312323191194,-0.6031385995906284,1.5407724037410715,0.3829069160414252,0.8411389415893074,-1.0302077094647206,1.3301443803153619,-0.4896294208189999,-0.5392441450453458,-0.45715245596448484,-0.02201016680455571,-0.43507957407135894,0.3666104117817102,-1.2742825691417659,0.2061559502574696,-0.3838001809711627,-0.5443201567604616,0.609216919956064,-0.5065607304015044
IBM20200255,Septiembre-Diciembre 2023,Ingeniería Biomédica,2020,Irregular,1.3319832072275375,1.6409499098821114,1.2397449086902796,0.07013150480585814,-0.5126252132718706,0.3741132055432285,-0.3767312323191194,-0.6031385995906284,1.5407724037410715,-1.045487442156423,-0.5628674120409651,1.1319298992648084,1.3301443803153619,-0.4896294208189999,-0.5392441450453458,-0.45715245596448484,0.7539711459882615,-0.37969962064165586,0.3666104117817102,0.9649580404846618,0.2061559502574696,0.5490863902945103,0.43545612540836925,-0.9923822985600096,-0.5065607304015044
IBM20200260,Enero-Abril 2023,Ingeniería Biomédica,2020,Irregular,-0.765635105036726,0.0,-1.165829782915134,-0.6360689811217772,-0.5126252132718706,0.3741132055432285,-0.3767312323191194,-0.6031385995906284,1.5407724037410715,-0.6169691346970686,-1.124469953493074,0.05086109490004391,1.3301443803153619,-0.4896294208189999,-0.5392441450453458,1.5198834899598457,0.0,-0.3525946434348647,0.3666104117817102,-1.2742825691417659,0.2061559502574696,-1.3166867522368357,0.43545612540836925,-0.9923822985600096,1.974096964064686
IBM20200260,Septiembre-Diciembre 2022,Ingeniería Biomédica,2020,Irregular,-0.765635105036726,0.0,-1.165829782915134,-0.9223900681233401,2.3011802156215295,0.3741132055432285,-0.3767312323191194,-0.6031385995906284,1.5407724037410715,-0.18845082723771414,-1.124469953493074,-1.0302077094647206,1.3301443803153619,-0.4896294208189999,-0.5392441450453458,3.496919435884176,0.0,-0.3395296544215192,0.3666104117817102,-1.2742825691417659,0.2061559502574696,-1.3166867522368357,0.43545612540836925,2.210816138472137,1.974096964064686
IBM20200311,Septiembre-Diciembre 2022,Ingeniería Biomédica,2020,Irregular,0.30143405816625857,0.20768208391656323,-0.3058307743351523,-0.2100790711926232,0.4253099296925961,-1.097300543817737,-0.3767312323191194,-0.6031385995906284,1.5407724037410715,0.3829069160414252,0.2795364001371983,-1.0302077094647206,1.3301443803153619,-0.4896294208189999,-0.5392441450453458,1.5198834899598457,-0.02201016680455571,-0.2759597078789728,0.3666104117817102,0.9649580404846618,0.2061559502574696,0.5490863902945103,-0.5443201567604616,-0.9923822985600096,1.974096964064686
IBM20200329,Enero-Abril 2023,Ingeniería Biomédica,2020,Irregular,1.0204218365811055,0.8250071774972296,-0.3058307743351523,-0.04247648367951313,-0.5126252132718706,-1.097300543817737,-0.3767312323191194,-0.6031385995906284,1.5407724037410715,-1.045487442156423,-0.5628674120409651,0.05086109490004391,1.3301443803153619,-0.4896294208189999,-0.5392441450453458,-0.45715245596448484,-0.18008043422531478,-0.3894496124426599,0.3666104117817102,0.9649580404846618,0.2061559502574696,0.5490863902945103,1.4152324075772,-0.9923822985600096,-0.5065607304015044
IBM20200329,Mayo-Agosto 2023,Ingeniería Biomédica,2020,Irregular,0.4361016103138019,-0.21639341515189334,0.5517457018262943,-0.7827212451957484,1.3632450726570629,-1.097300543817737,-0.3767312323191194,-0.6031385995906284,1.5407724037410715,-0.18845082723771414,0.2795364001371983,1.1319298992648084,1.3301443803153619,-0.4896294208189999,-0.5392441450453458,-0.45715245596448484,-1.4949376586798107,-0.38749961408245914,0.3666104117817102,-0.15466226432855207,0.2061559502574696,0.5490863902945103,0.43545612540836925,0.609216919956064,-0.5065607304015044
IBM20200329,Septiembre-Diciembre 2022,Ingeniería Biomédica,2020,Irregular,1.0831906108871632,0.9431041519213581,-0.649830377767145,-0.31919533910480413,1.3632450726570629,0.3741132055432285,-0.3767312323191194,-0.6031385995906284,1.5407724037410715,-0.7598085705168535,-0.28206614131491065,-1.0302077094647206,1.3301443803153619,-0.4896294208189999,-0.5392441450453458,-0.45715245596448484,-0.02201016680455571,-0.32977966262051517,0.3666104117817102,-1.2742825691417659,0.2061559502574696,-1.3166867522368357,0.43545612540836925,0.609216919956064,-0.5065607304015044
IBM20200331,Enero-Abril 2023,Ingeniería Biomédica,2020,Irregular,-2.03812934778681,-1.993216075805812,-1.165829782915134,-1.9594310783607078,1.3632450726570629,2.5812338295846766,2.0592202310258663,0.8882858088030295,1.5407724037410715,0.3829069160414252,-1.124469953493074,-1.0302077094647206,1.3301443803153619,2.3624976427272446,1.3377764155828784,-0.45715245596448484,-0.02201016680455571,-0.4807095357000579,2.6414166314707077,0.9649580404846618,2.121967990324559,0.5490863902945103,2.395008689746031,0.609216919956064,-0.5065607304015044
IBM20200331,Septiembre-Diciembre 2023,Ingeniería Biomédica,2020,Irregular,-1.7299917284661623,-1.5584044881533428,-0.649830377767145,-2.345266201698179,2.3011802156215295,1.845526954904194,2.0592202310258663,3.125422421393516,1.5407724037410715,1.8113012742392733,-0.28206614131491065,0.05086109490004391,1.3301443803153619,3.7885611745003667,4.153307256525215,-0.45715245596448484,0.5599758177900572,0.8341743585833485,3.778819741315206,0.9649580404846618,3.0798740103581035,0.5490863902945103,1.4152324075772,2.210816138472137,-0.5065607304015044
IBM20200333,Enero-Abril 2023,Ingeniería Biomédica,2020,Irregular,0.15535400159943266,0.07026015004121478,0.37974590011029796,-0.034620112389835804,-0.5126252132718706,0.3741132055432285,-0.3767312323191194,0.14257360460620055,0.9039368094765574,0.9542646593205645,1.4027414830414162,-1.0302077094647206,1.3301443803153619,-0.4896294208189999,-0.5392441450453458,-0.45715245596448484,-0.02201016680455571,-0.22408975149763122,0.3666104117817102,0.9649580404846618,0.2061559502574696,1.4819729615601833,-0.5443201567604616,-0.9923822985600096,-0.5065607304015044
IBM20200333,Mayo-Agosto 2023,Ingeniería Biomédica,2020,Irregular,0.28431530153733464,0.55660496289694,0.7237455035422907,0.016882766064713898,-1.4505603562363374,-0.3615936691372542,-0.3767312323191194,0.14257360460620055,0.9039368094765574,-1.045487442156423,-0.5628674120409651,0.05086109490004391,1.3301443803153619,-0.4896294208189999,-0.5392441450453458,-0.45715245596448484,0.6289519344827521,-0.2937046929568002,0.3666104117817102,-0.15466226432855207,0.2061559502574696,-0.3838001809711627,-0.5443201567604616,0.609216919956064,-0.5065607304015044
IBM20200333,Septiembre-Diciembre 2023,Ingeniería Biomédica,2020,Irregular,0.08345522375794862,-0.7531978443524728,1.3245335433390102,-0.9782575972943768,1.3632450726570629,0.3741132055432285,-0.3767312323191194,0.14257360460620055,0.9039368094765574,-0.6169691346970686,-0.1416655059518834,1.1319298992648084,1.3301443803153619,-0.4896294208189999,-0.5392441450453458,-0.45715245596448484,-1.2865723061706282,-0.31612967409910947,0.3666104117817102,-0.15466226432855207,0.2061559502574696,-0.3838001809711627,1.4152324075772,-0.9923822985600096,-0.5065607304015044
IBM20200336,Enero-Abril 2023,Ingeniería Biomédica,2020,Irregular,0.23866528386020094,0.41381498472958594,0.7237455035422907,-0.11492968557320113,-0.5126252132718706,-0.3615936691372542,-0.3767312323191194,-0.6031385995906284,1.5407724037410715,0.52574635186121,0.9815395769523345,0.05086109490004391,1.3301443803153619,-0.4896294208189999,-0.5392441450453458,-0.45715245596448484,1.3963112326889824,0.6276695322380828,0.3666104117817102,0.9649580404846618,0.2061559502574696,1.4819729615601833,1.4152324075772,-0.9923822985600096,-0.5065607304015044
IBM20200336,Septiembre-Diciembre 2022,Ingeniería Biomédica,2020,Irregular,-0.6058600431667597,-0.6458369585123569,-0.5650417431184144,-1.161572927386841,1.3632450726570629,0.3741132055432285,0.8412444993533734,-0.6031385995906284,1.5407724037410715,-0.6169691346970686,-0.1416655059518834,-1.0302077094647206,1.3301443803153619,-0.4896294208189999,-0.5392441450453458,-0.45715245596448484,-0.02201016680455571,-0.3978346053915235,0.3666104117817102,-1.2742825691417659,0.2061559502574696,-1.3166867522368357,0.43545612540836925,0.609216919956064,-0.5065607304015044
IBM20200338,Enero-Abril 2023,Ingeniería Biomédica,2020,Irregular,-0.45179123350643624,-0.500899762628201,-0.8218301794831414,-1.083882144633368,0.4253099296925961,1.1098200802237113,2.0592202310258663,0.14257360460620055,1.5407724037410715,0.8114252235007796,-0.5628674120409651,0.05086109490004391,1.3301443803153619,0.9364341109541224,0.3992661352687664,1.5198834899598457,-0.02201016680455571,1.1151691222882856,1.504013521626209,0.9649580404846618,2.121967990324559,0.5490863902945103,-0.5443201567604616,-0.9923822985600096,1.974096964064686
IBM20200338,Mayo-Agosto 2023,Ingeniería Biomédica,2020,Irregular,-0.23267114865619737,0.11642533095246534,-0.3058307743351523,-0.75478748061023,-0.5126252132718706,-0.3615936691372542,-0.3767312323191194,0.14257360460620055,1.5407724037410715,-0.7598085705168535,-0.28206614131491065,1.1319298992648084,1.3301443803153619,-0.4896294208189999,0.3992661352687664,-0.45715245596448484,0.8042662310766848,-0.32041967049155123,0.3666104117817102,0.9649580404846618,0.2061559502574696,0.5490863902945103,-0.5443201567604616,0.609216919956064,-0.5065607304015044
IBM20200338,Septiembre-Diciembre 2022,Ingeniería Biomédica,2020,Irregular,-0.765635105036726,0.0,-1.165829782915134,-0.6709861868536756,1.3632450726570629,0.3741132055432285,-0.3767312323191194,-0.6031385995906284,1.5407724037410715,-0.7598085705168535,-1.124469953493074,-1.0302077094647206,1.3301443803153619,-0.4896294208189999,-0.5392441450453458,1.5198834899598457,0.0,-0.3471346480263024,0.3666104117817102,-1.2742825691417659,0.2061559502574696,-1.3166867522368357,1.4152324075772,0.609216919956064,1.974096964064686
IBM20200338,Septiembre-Diciembre 2023,Ingeniería Biomédica,2020,Irregular,-0.08088483987973014,0.2774666597126392,0.03574629667830528,-0.8804894212450622,-0.5126252132718706,-1.097300543817737,-0.3767312323191194,0.14257360460620055,1.5407724037410715,-1.045487442156423,-0.5628674120409651,2.212998703629573,1.3301443803153619,-0.4896294208189999,0.3992661352687664,-0.45715245596448484,0.7439121289705768,-0.3670246313003506,0.3666104117817102,0.9649580404846618,0.2061559502574696,0.5490863902945103,-0.5443201567604616,2.210816138472137,-0.5065607304015044
IBM20200343,Enero-Abril 2023,Ingeniería Biomédica,2020,Irregular,0.19301526618306886,0.10568924236845437,-0.649830377767145,-0.7460581791772554,-0.5126252132718706,-0.3615936691372542,-0.3767312323191194,-0.6031385995906284,1.5407724037410715,-0.7598085705168535,-0.28206614131491065,0.05086109490004391,1.3301443803153619,-0.4896294208189999,-0.5392441450453458,-0.45715245596448484,-0.02201016680455571,-0.33601965737315775,0.3666104117817102,-1.2742825691417659,0.2061559502574696,-1.3166867522368357,-0.5443201567604616,0.609216919956064,-0.5065607304015044
IBM20200343,Mayo-Agosto 2023,Ingeniería Biomédica,2020,Irregular,-1.427560361355155,-2.943359915490838,-0.649830377767145,-1.6591431090663855,2.3011802156215295,1.845526954904194,2.0592202310258663,0.14257360460620055,1.5407724037410715,-0.7598085705168535,-1.124469953493074,1.1319298992648084,1.3301443803153619,0.9364341109541224,0.3992661352687664,-0.45715245596448484,-4.103097071122336,-0.33231466048877617,2.6414166314707077,-1.2742825691417659,2.121967990324559,-1.3166867522368357,0.43545612540836925,2.210816138472137,-0.5065607304015044
IBM20200343,Septiembre-Diciembre 2022,Ingeniería Biomédica,2020,Irregular,-0.765635105036726,0.0,-1.165829782915134,-1.1799044603960873,0.4253099296925961,-1.097300543817737,0.8412444993533734,-0.6031385995906284,1.5407724037410715,-0.4741296988772838,-1.124469953493074,-1.0302077094647206,1.3301443803153619,-0.4896294208189999,-0.5392441450453458,1.5198834899598457,0.0,-0.4118745935849693,0.3666104117817102,0.9649580404846618,0.2061559502574696,0.5490863902945103,0.43545612540836925,2.210816138472137,1.974096964064686
IBM20200343,Septiembre-Diciembre 2023,Ingeniería Biomédica,2020,Irregular,-0.5659162776992689,-0.20243649999267874,0.8109566706095566,-0.7608979916133122,1.3632450726570629,-0.3615936691372542,-0.3767312323191194,1.6339980129998586,0.9039368094765574,1.6684618384194887,1.262340847678389,2.212998703629573,1.3301443803153619,0.9364341109541224,1.3377764155828784,-0.45715245596448484,1.6061135876292627,0.2708198323213345,1.504013521626209,-1.2742825691417659,1.1640619702910142,-0.3838001809711627,0.43545612540836925,-0.9923822985600096,-0.5065607304015044
IBM20200375,Septiembre-Diciembre 2022,Ingeniería Biomédica,2020,Irregular,-0.765635105036726,0.0,-1.165829782915134,-0.9328652298429092,0.4253099296925961,-0.3615936691372542,-0.3767312323191194,-0.6031385995906284,1.5407724037410715,-0.7598085705168535,-1.124469953493074,-1.0302077094647206,1.3301443803153619,-0.4896294208189999,-0.5392441450453458,1.5198834899598457,0.0,-0.3311446614726557,0.3666104117817102,0.9649580404846618,0.2061559502574696,0.5490863902945103,1.4152324075772,-0.9923822985600096,1.974096964064686
IBM20200375,Septiembre-Diciembre 2023,Ingeniería Biomédica,2020,Irregular,-0.2577786583786204,-0.31838625670000376,0.4669570671775638,-0.9538155532820481,2.3011802156215295,1.1098200802237113,-0.3767312323191194,0.14257360460620055,1.5407724037410715,1.6684618384194887,1.5431421184044436,0.05086109490004391,1.3301443803153619,0.9364341109541224,0.3992661352687664,-0.45715245596448484,-0.02201016680455571,1.27038899176027,1.504013521626209,0.9649580404846618,1.1640619702910142,0.5490863902945103,0.43545612540836925,-0.9923822985600096,-0.5065607304015044
IBM20210004,Mayo-Agosto 2023,Ingeniería Biomédica,2021,Irregular,1.3913282302078116,1.3510755181137981,-0.3058307743351523,0.46644178986289864,0.4253099296925961,-1.097300543817737,-0.3767312323191194,-0.6031385995906284,0.9039368094765574,-0.9026480063366383,-0.42246677667793786,0.05086109490004391,0.7122349471904855,-0.4896294208189999,-0.5392441450453458,-0.45715245596448484,0.29413036803696246,-0.36331963441596915,0.3666104117817102,0.9649580404846618,0.2061559502574696,0.5490863902945103,0.43545612540836925,0.609216919956064,-0.5065607304015044
IBM20210004,Septiembre-Diciembre 2022,Ingeniería Biomédica,2021,Regular,1.2657906815956947,1.114881569265543,-0.7370415448344108,0.7990281744592264,-0.5126252132718706,-1.097300543817737,-0.3767312323191194,-0.6031385995906284,0.2671012152120434,-0.331290263057499,-0.42246677667793786,-1.0302077094647206,0.40328023062804735,-0.4896294208189999,-0.5392441450453458,1.5198834899598457,-0.02201016680455571,-0.38223461850991697,-0.7707926980627884,-1.2742825691417659,-0.7517500697760751,-1.3166867522368357,-0.5443201567604616,-0.9923822985600096,1.974096964064686
IBM20210004,Septiembre-Diciembre 2023,Ingeniería Biomédica,2021,Irregular,1.305734447063187,1.1256176578495554,2.7005319570669815,0.30844143392606044,0.4253099296925961,0.3741132055432285,-0.3767312323191194,-0.6031385995906284,0.9039368094765574,3.3825350682569066,3.7895522842128795,1.1319298992648084,0.7122349471904855,-0.4896294208189999,-0.5392441450453458,-0.45715245596448484,-0.16571040991433666,-0.10416485234528136,0.3666104117817102,2.0845783452978757,0.2061559502574696,3.3477461040915295,0.43545612540836925,0.609216919956064,-0.5065607304015044
IBM20210044,Septiembre-Diciembre 2022,Ingeniería Biomédica,2021,Regular,-0.4232599724582281,-0.47405954116817206,-0.5650417431184144,-0.16555963388445294,1.3632450726570629,-1.097300543817737,-0.3767312323191194,0.14257360460620055,-0.3697343790524706,0.24006748022164032,-0.1416655059518834,-1.0302077094647206,0.40328023062804735,-0.4896294208189999,-0.5392441450453458,1.5198834899598457,-0.02201016680455571,-0.3262696655721537,-0.7707926980627884,-1.2742825691417659,-0.7517500697760751,-1.3166867522368357,-0.5443201567604616,0.609216919956064,1.974096964064686
IBM20210044,Septiembre-Diciembre 2023,Ingeniería Biomédica,2021,Regular,0.5662041606936312,0.9216319747533346,0.4669570671775638,0.4297787238444057,1.3632450726570629,-0.3615936691372542,-0.3767312323191194,0.14257360460620055,0.2671012152120434,0.0972280444018555,0.5603376708632528,0.05086109490004391,1.0211896637529236,-0.4896294208189999,-0.5392441450453458,-0.45715245596448484,1.846092993622597,-0.31788467262329023,-0.7707926980627884,-0.15466226432855207,-0.7517500697760751,0.5490863902945103,-0.5443201567604616,0.609216919956064,-0.5065607304015044
IBM20210049,Enero-Abril 2023,Ingeniería Biomédica,2021,Irregular,0.033240204313102505,-0.0446159978077085,-0.2210421396864217,-1.1406226039477019,1.3632450726570629,1.1098200802237113,2.0592202310258663,0.14257360460620055,0.9039368094765574,0.8114252235007796,0.4199370355002256,-1.0302077094647206,0.7122349471904855,0.9364341109541224,0.3992661352687664,-0.45715245596448484,-0.02201016680455571,0.3726097467238168,1.504013521626209,-1.2742825691417659,2.121967990324559,-1.3166867522368357,1.4152324075772,-0.9923822985600096,-0.5065607304015044
IBM20210049,Septiembre-Diciembre 2023,Ingeniería Biomédica,2021,Irregular,0.15421275115750538,0.13789750812048882,2.2693211865677223,-0.6954282308660036,1.3632450726570629,0.3741132055432285,-0.3767312323191194,0.14257360460620055,0.9039368094765574,2.5254984533381974,2.947148472034716,0.05086109490004391,1.0211896637529236,-0.4896294208189999,0.3992661352687664,-0.45715245596448484,0.22228024648207195,0.03019003467255449,0.3666104117817102,-0.15466226432855207,0.2061559502574696,1.4819729615601833,1.4152324075772,-0.9923822985600096,-0.5065607304015044
IBM20210070,Septiembre-Diciembre 2022,Ingeniería Biomédica,2021,Regular,-0.41184746803894545,-0.46332345258416113,-0.649830377767145,0.16178916985208988,1.3632450726570629,-0.3615936691372542,-0.3767312323191194,-0.6031385995906284,0.2671012152120434,0.6685857876809949,-0.28206614131491065,-1.0302077094647206,0.40328023062804735,-0.4896294208189999,-0.5392441450453458,3.496919435884176,-0.02201016680455571,-0.32919466311245493,-0.7707926980627884,-0.15466226432855207,-0.7517500697760751,-0.3838001809711627,-0.5443201567604616,-0.9923822985600096,1.974096964064686
IBM20210102,Mayo-Agosto 2023,Ingeniería Biomédica,2021,Egresado,-0.6743350696824603,1.3296033409457746,-0.3058307743351523,0.8531498433436685,-0.5126252132718706,0.3741132055432285,-0.3767312323191194,0.14257360460620055,0.9039368094765574,-0.9026480063366383,-0.42246677667793786,0.05086109490004391,0.7122349471904855,-0.4896294208189999,0.3992661352687664,-0.45715245596448484,4.073446761824202,-0.372679626544933,0.3666104117817102,-1.2742825691417659,0.2061559502574696,-1.3166867522368357,-1.5240964389292924,-0.9923822985600096,-0.5065607304015044
IBM20210102,Septiembre-Diciembre 2022,Ingeniería Biomédica,2021,Egresado,-1.7585229895143704,-1.7301819054975285,-0.7370415448344108,-0.7539145504669327,0.4253099296925961,1.1098200802237113,-0.3767312323191194,0.14257360460620055,0.2671012152120434,-0.331290263057499,-0.42246677667793786,-1.0302077094647206,0.40328023062804735,0.9364341109541224,0.3992661352687664,-0.45715245596448484,-0.02201016680455571,3.34011725127741,1.504013521626209,-1.2742825691417659,1.1640619702910142,-1.3166867522368357,-0.5443201567604616,-0.9923822985600096,-0.5065607304015044
IBM20210102,Septiembre-Diciembre 2023,Ingeniería Biomédica,2021,Egresado,-0.8877489023230561,-1.061323586713606,0.895745305258287,-0.9188983475501503,1.3632450726570629,1.845526954904194,0.8412444993533734,2.3797102171966875,0.2671012152120434,2.096980145878843,0.8411389415893074,1.1319298992648084,0.7122349471904855,2.3624976427272446,2.2762866958969905,-0.45715245596448484,-0.49190996177353946,2.8649026508964726,1.504013521626209,0.9649580404846618,1.1640619702910142,0.5490863902945103,1.4152324075772,2.210816138472137,-0.5065607304015044
IBM20210111,Enero-Abril 2023,Ingeniería Biomédica,2021,Regular,-0.09572109562479787,-0.07682426355974296,-0.04904233797042524,-0.5348090844992736,0.4253099296925961,-0.3615936691372542,-0.3767312323191194,0.14257360460620055,0.2671012152120434,0.0972280444018555,-0.1416655059518834,0.05086109490004391,0.40328023062804735,0.9364341109541224,0.3992661352687664,-0.45715245596448484,0.33724044096989675,1.3908988904206803,0.3666104117817102,-1.2742825691417659,0.2061559502574696,-1.3166867522368357,0.43545612540836925,0.609216919956064,-0.5065607304015044
IBM20210111,Septiembre-Diciembre 2022,Ingeniería Biomédica,2021,Regular,-0.2863099194268286,-0.3452264781600327,-0.649830377767145,0.373911194673369,-0.5126252132718706,-0.3615936691372542,-0.3767312323191194,-0.6031385995906284,0.2671012152120434,-0.7598085705168535,-0.28206614131491065,-1.0302077094647206,0.40328023062804735,-0.4896294208189999,-0.5392441450453458,-0.45715245596448484,-0.02201016680455571,-0.3416746526177401,-0.7707926980627884,-0.15466226432855207,-0.7517500697760751,-0.3838001809711627,0.43545612540836925,0.609216919956064,-0.5065607304015044
IBM20210111,Septiembre-Diciembre 2023,Ingeniería Biomédica,2021,Irregular,0.37219158556581533,0.6049173615249923,2.0997439172702617,-0.1376258692989352,1.3632450726570629,-1.097300543817737,-0.3767312323191194,0.14257360460620055,0.9039368094765574,1.9541407100590582,2.385545930582607,1.1319298992648084,0.7122349471904855,-0.4896294208189999,0.3992661352687664,-0.45715245596448484,1.0097575787236717,0.15459993005336617,0.3666104117817102,-0.15466226432855207,0.2061559502574696,0.5490863902945103,0.43545612540836925,0.609216919956064,-0.5065607304015044
IBM20210147,Septiembre-Diciembre 2022,Ingeniería Biomédica,2021,Irregular,-3.048135988893379,-2.943359915490838,-1.165829782915134,-0.9188983475501503,-0.5126252132718706,2.5812338295846766,-0.3767312323191194,0.14257360460620055,0.2671012152120434,-0.4741296988772838,-1.124469953493074,-1.0302077094647206,0.40328023062804735,0.9364341109541224,0.3992661352687664,-0.45715245596448484,-0.02201016680455571,-0.31417967573890865,1.504013521626209,-0.15466226432855207,1.1640619702910142,-0.3838001809711627,1.4152324075772,-0.9923822985600096,-0.5065607304015044
IBM20210147,Septiembre-Diciembre 2023,Ingeniería Biomédica,2021,Irregular,-1.9582418168518276,-1.5766558387461627,-0.649830377767145,-2.276304720377681,2.3011802156215295,1.845526954904194,2.0592202310258663,1.6339980129998586,0.9039368094765574,1.0971040951403492,-0.28206614131491065,0.05086109490004391,1.0211896637529236,2.3624976427272446,2.2762866958969905,-0.45715245596448484,1.807293927982956,4.861895971578123,2.6414166314707077,-0.15466226432855207,2.121967990324559,-0.3838001809711627,1.4152324075772,2.210816138472137,-0.5065607304015044
IBM20210151,Septiembre-Diciembre 2023,Ingeniería Biomédica,2021,Irregular,0.12796399099315342,0.04449353743958751,1.4117447104062764,-1.4417835033853217,1.3632450726570629,0.3741132055432285,2.0592202310258663,0.14257360460620055,1.5407724037410715,3.2396956324371216,3.0875491073977432,-1.0302077094647206,1.3301443803153619,0.9364341109541224,0.3992661352687664,-0.45715245596448484,-0.02201016680455571,2.075348314851164,1.504013521626209,0.9649580404846618,2.121967990324559,1.4819729615601833,1.4152324075772,2.210816138472137,-0.5065607304015044
IBM20210204,Enero-Abril 2023,Ingeniería Biomédica,2021,Regular,-0.2977224238461128,-0.3559625667440452,-0.7370415448344108,-1.0061913618798952,-0.5126252132718706,1.1098200802237113,-0.3767312323191194,0.14257360460620055,0.2671012152120434,-0.331290263057499,-0.42246677667793786,0.05086109490004391,0.40328023062804735,0.9364341109541224,0.3992661352687664,-0.45715245596448484,-0.02201016680455571,0.34199477246866405,0.3666104117817102,0.9649580404846618,0.2061559502574696,0.5490863902945103,1.4152324075772,-0.9923822985600096,-0.5065607304015044
IBM20210204,Septiembre-Diciembre 2022,Ingeniería Biomédica,2021,Regular,-0.765635105036726,0.0,-1.165829782915134,-0.36982528741605597,1.3632450726570629,0.3741132055432285,-0.3767312323191194,-0.6031385995906284,0.2671012152120434,-0.7598085705168535,-1.124469953493074,-1.0302077094647206,0.40328023062804735,-0.4896294208189999,-0.5392441450453458,1.5198834899598457,0.0,-0.3744346250691138,-0.7707926980627884,-1.2742825691417659,-0.7517500697760751,-1.3166867522368357,-0.5443201567604616,-0.9923822985600096,1.974096964064686
IBM20210204,Septiembre-Diciembre 2023,Ingeniería Biomédica,2021,Irregular,-0.08773234253130036,-0.026364647214888615,0.2949572654615675,-1.0437273580416853,0.4253099296925961,1.1098200802237113,2.0592202310258663,0.8882858088030295,0.9039368094765574,0.6685857876809949,0.5603376708632528,1.1319298992648084,0.7122349471904855,0.9364341109541224,1.3377764155828784,-0.45715245596448484,0.41914957954247184,0.4880496496477048,1.504013521626209,0.9649580404846618,2.121967990324559,0.5490863902945103,0.43545612540836925,0.609216919956064,-0.5065607304015044
IBM20210205,Enero-Abril 2023,Ingeniería Biomédica,2021,Regular,1.400458233743238,0.980680461965398,0.8109566706095566,0.2412258128921573,0.4253099296925961,-1.097300543817737,-0.3767312323191194,-0.6031385995906284,0.2671012152120434,-0.18845082723771414,0.2795364001371983,0.05086109490004391,0.40328023062804735,-0.4896294208189999,-0.5392441450453458,-0.45715245596448484,-0.7189563458869934,-0.41518959079731066,-0.7707926980627884,0.9649580404846618,-0.7517500697760751,0.5490863902945103,0.43545612540836925,0.609216919956064,-0.5065607304015044
IBM20210205,Mayo-Agosto 2023,Ingeniería Biomédica,2021,Regular,1.1151456232611565,0.438507988472813,1.755744313838269,0.42890579370110904,1.3632450726570629,-0.3615936691372542,-0.3767312323191194,-0.6031385995906284,0.2671012152120434,-0.045611391417929324,0.4199370355002256,1.1319298992648084,0.40328023062804735,-0.4896294208189999,-0.5392441450453458,-0.45715245596448484,-1.0968879852657174,-0.21492475920468743,-0.7707926980627884,-0.15466226432855207,-0.7517500697760751,0.5490863902945103,-0.5443201567604616,0.609216919956064,-0.5065607304015044
IBM20210205,Septiembre-Diciembre 2022,Ingeniería Biomédica,2021,Regular,1.6766408406898934,1.501380758289961,-0.04904233797042524,0.7160998108459685,0.4253099296925961,-1.097300543817737,-0.3767312323191194,-0.6031385995906284,0.2671012152120434,0.24006748022164032,0.7007383062262801,-1.0302077094647206,0.40328023062804735,-0.4896294208189999,-0.5392441450453458,-0.45715245596448484,-0.02201016680455571,-0.4623795511141703,-0.7707926980627884,-1.2742825691417659,-0.7517500697760751,-0.3838001809711627,0.43545612540836925,0.609216919956064,-0.5065607304015044
IBM20210263,Enero-Abril 2023,Ingeniería Biomédica,2021,Regular,0.33795407230796587,0.24203756738540114,0.20774609839430164,-0.16468670374115504,1.3632450726570629,-1.097300543817737,-0.3767312323191194,0.14257360460620055,0.2671012152120434,0.6685857876809949,1.1219402123153617,-1.0302077094647206,0.7122349471904855,-0.4896294208189999,-0.5392441450453458,-0.45715245596448484,-0.02201016680455571,-0.4389795707917606,-0.7707926980627884,-0.15466226432855207,-0.7517500697760751,0.5490863902945103,0.43545612540836925,-0.9923822985600096,-0.5065607304015044
IBM20210294,Enero-Abril 2023,Ingeniería Biomédica,2021,Regular,0.27290279711805043,0.18084186245653427,-0.649830377767145,-0.30173673623885494,-0.5126252132718706,-1.097300543817737,-0.3767312323191194,-0.6031385995906284,0.2671012152120434,0.24006748022164032,-0.28206614131491065,0.05086109490004391,0.40328023062804735,-0.4896294208189999,-0.5392441450453458,1.5198834899598457,-0.02201016680455571,-0.3508396449106839,-0.7707926980627884,-0.15466226432855207,-0.7517500697760751,-0.3838001809711627,0.43545612540836925,0.609216919956064,1.974096964064686
IBM20210294,Mayo-Agosto 2023,Ingeniería Biomédica,2021,Regular,0.1644840051348607,-0.023143820639685016,-0.13383097261915597,-0.025890810956861823,1.3632450726570629,-1.097300543817737,-0.3767312323191194,-0.6031385995906284,0.2671012152120434,-0.7598085705168535,-0.28206614131491065,1.1319298992648084,0.40328023062804735,-0.4896294208189999,-0.5392441450453458,-0.45715245596448484,-0.2950406287131395,-0.35707963966332656,-0.7707926980627884,0.9649580404846618,-0.7517500697760751,0.5490863902945103,-0.5443201567604616,-0.9923822985600096,-0.5065607304015044
IBM20210294,Septiembre-Diciembre 2022,Ingeniería Biomédica,2021,Regular,-0.765635105036726,0.0,-1.165829782915134,-0.4885437869045088,0.4253099296925961,-0.3615936691372542,-0.3767312323191194,-0.6031385995906284,0.2671012152120434,-0.7598085705168535,-1.124469953493074,-1.0302077094647206,0.40328023062804735,-0.4896294208189999,-0.5392441450453458,1.5198834899598457,0.0,-0.42747458046657577,-0.7707926980627884,-1.2742825691417659,-0.7517500697760751,-1.3166867522368357,0.43545612540836925,-0.9923822985600096,1.974096964064686
IBM20210294,Septiembre-Diciembre 2023,Ingeniería Biomédica,2021,Regular,0.008132694590679454,-0.16593379880703898,1.1525337416230141,-0.017161509523886606,-1.4505603562363374,0.3741132055432285,-0.3767312323191194,-0.6031385995906284,0.2671012152120434,0.52574635186121,0.9815395769523345,2.212998703629573,0.40328023062804735,-0.4896294208189999,-0.5392441450453458,-0.45715245596448484,-0.3496467210948563,-0.06652988399340573,-0.7707926980627884,0.9649580404846618,-0.7517500697760751,1.4819729615601833,-1.5240964389292924,-0.9923822985600096,-0.5065607304015044
IBM20210298,Enero-Abril 2023,Ingeniería Biomédica,2021,Irregular,-0.2064223884918454,-0.2700738580719513,-0.3058307743351523,-0.9773846671510795,0.4253099296925961,0.3741132055432285,-0.3767312323191194,0.14257360460620055,0.9039368094765574,0.8114252235007796,0.2795364001371983,-1.0302077094647206,0.7122349471904855,0.9364341109541224,0.3992661352687664,-0.45715245596448484,-0.02201016680455571,0.288954817071202,1.504013521626209,-0.15466226432855207,1.1640619702910142,-0.3838001809711627,0.43545612540836925,-0.9923822985600096,-0.5065607304015044
IBM20210310,Mayo-Agosto 2023,Ingeniería Biomédica,2021,Irregular,1.8021783893020085,1.619477732714088,-0.7370415448344108,0.06663978423266781,-1.4505603562363374,0.3741132055432285,-0.3767312323191194,-0.6031385995906284,0.9039368094765574,-0.9026480063366383,-0.42246677667793786,-1.0302077094647206,1.0211896637529236,-0.4896294208189999,-0.5392441450453458,-0.45715245596448484,-0.02201016680455571,-0.3525946434348647,0.3666104117817102,0.9649580404846618,0.2061559502574696,0.5490863902945103,0.43545612540836925,-0.9923822985600096,-0.5065607304015044
IBM20210310,Septiembre-Diciembre 2023,Ingeniería Biomédica,2021,Irregular,0.8149967570340055,0.3816067189775515,0.7237455035422907,-0.03200132195994336,0.4253099296925961,0.3741132055432285,-0.3767312323191194,-0.6031385995906284,0.9039368094765574,0.8114252235007796,1.262340847678389,0.05086109490004391,1.0211896637529236,-0.4896294208189999,-0.5392441450453458,-0.45715245596448484,-1.67887396986033,-0.06106988858484351,0.3666104117817102,2.0845783452978757,0.2061559502574696,2.414859532825856,1.4152324075772,0.609216919956064,-0.5065607304015044
IBM20210325,Enero-Abril 2023,Ingeniería Biomédica,2021,Regular,1.585340805335626,1.6302138212980988,0.03574629667830528,0.9448075083899002,-0.5126252132718706,0.3741132055432285,-0.3767312323191194,-0.6031385995906284,0.2671012152120434,-0.7598085705168535,-0.28206614131491065,0.05086109490004391,0.40328023062804735,-0.4896294208189999,-0.5392441450453458,-0.45715245596448484,0.5527908056345682,-0.4333245755471782,-0.7707926980627884,-1.2742825691417659,-0.7517500697760751,-1.3166867522368357,-0.5443201567604616,-0.9923822985600096,-0.5065607304015044
IBM20210325,Septiembre-Diciembre 2022,Ingeniería Biomédica,2021,Regular,1.3570907169499606,1.2007702779376352,-0.47783057605114865,0.1574245191356029,-1.4505603562363374,0.3741132055432285,-0.3767312323191194,-0.6031385995906284,0.2671012152120434,-0.4741296988772838,-0.0012648705888561507,-1.0302077094647206,0.40328023062804735,-0.4896294208189999,-0.5392441450453458,-0.45715245596448484,-0.02201016680455571,-0.32080967016359146,-0.7707926980627884,-1.2742825691417659,-0.7517500697760751,-1.3166867522368357,1.4152324075772,-0.9923822985600096,-0.5065607304015044
IBM20210325,Septiembre-Diciembre 2023,Ingeniería Biomédica,2021,Irregular,0.9553705613911901,0.42777189988880204,1.4117447104062764,-0.19087460804007944,-1.4505603562363374,0.3741132055432285,-0.3767312323191194,-0.6031385995906284,0.9039368094765574,0.6685857876809949,1.1219402123153617,1.1319298992648084,0.7122349471904855,-0.4896294208189999,-0.5392441450453458,-0.45715245596448484,-1.3440524034145405,-0.40699959768446725,0.3666104117817102,-0.15466226432855207,0.2061559502574696,0.5490863902945103,-0.5443201567604616,-0.9923822985600096,-0.5065607304015044
IBM20210330,Septiembre-Diciembre 2022,Ingeniería Biomédica,2021,Regular,-0.765635105036726,0.0,-1.165829782915134,0.2761430186240557,-0.5126252132718706,0.3741132055432285,-0.3767312323191194,-0.6031385995906284,0.2671012152120434,-0.7598085705168535,-1.124469953493074,-1.0302077094647206,0.40328023062804735,-0.4896294208189999,-0.5392441450453458,1.5198834899598457,0.0,-0.29877468869332224,-0.7707926980627884,-0.15466226432855207,-0.7517500697760751,-0.3838001809711627,0.43545612540836925,-0.9923822985600096,1.974096964064686
IBM20210330,Septiembre-Diciembre 2023,Ingeniería Biomédica,2021,Irregular,-0.5624925263734838,-0.6050398218931133,-0.39304194140241805,-2.58794078153487,0.4253099296925961,1.845526954904194,3.2771959626983587,2.3797102171966875,0.9039368094765574,3.3825350682569066,0.13913576477417108,0.05086109490004391,1.0211896637529236,5.214624706273489,3.214796976211103,-0.45715245596448484,-0.02201016680455571,1.381733898127736,3.778819741315206,-0.15466226432855207,4.037780030391648,-0.3838001809711627,2.395008689746031,0.609216919956064,-0.5065607304015044
IBM20210335,Septiembre-Diciembre 2022,Ingeniería Biomédica,2021,Regular,-0.765635105036726,0.0,-1.165829782915134,-0.5313173639260832,-0.5126252132718706,-1.097300543817737,-0.3767312323191194,-0.6031385995906284,0.2671012152120434,-0.7598085705168535,-1.124469953493074,-1.0302077094647206,0.40328023062804735,-0.4896294208189999,-0.5392441450453458,1.5198834899598457,0.0,-0.3541546421230253,-0.7707926980627884,-0.15466226432855207,-0.7517500697760751,-0.3838001809711627,-0.5443201567604616,0.609216919956064,1.974096964064686
IBM20210335,Septiembre-Diciembre 2023,Ingeniería Biomédica,2021,Irregular,0.36990908468195915,0.2720986154206337,-0.04904233797042524,-0.16992428460093992,-0.5126252132718706,-1.097300543817737,-0.3767312323191194,-0.6031385995906284,0.9039368094765574,0.24006748022164032,0.7007383062262801,0.05086109490004391,1.0211896637529236,-0.4896294208189999,-0.5392441450453458,-0.45715245596448484,-0.02201016680455571,-0.3449896498300815,0.3666104117817102,0.9649580404846618,0.2061559502574696,0.5490863902945103,0.43545612540836925,0.609216919956064,-0.5065607304015044
IBM20220096,Mayo-Agosto 2023,Ingeniería Biomédica,2022,Regular,1.3799157257885275,1.4799085811219375,-0.04904233797042524,0.7239561821356459,0.4253099296925961,-1.097300543817737,-0.3767312323191194,-0.6031385995906284,-0.3697343790524706,-0.7598085705168535,-0.28206614131491065,0.05086109490004391,-0.21462920249682893,-0.4896294208189999,-0.5392441450453458,-0.45715245596448484,0.6677510001223929,-0.4097295953887484,-0.7707926980627884,0.9649580404846618,-0.7517500697760751,0.5490863902945103,-1.5240964389292924,-0.9923822985600096,-0.5065607304015044
IBM20220096,Septiembre-Diciembre 2022,Ingeniería Biomédica,2022,Regular,1.10601561972573,0.9645763290893815,-0.5650417431184144,0.5973813113575157,-1.4505603562363374,-1.097300543817737,-0.3767312323191194,-0.6031385995906284,-0.3697343790524706,-0.6169691346970686,-0.1416655059518834,-1.0302077094647206,-0.523583919059267,-0.4896294208189999,-0.5392441450453458,-0.45715245596448484,-0.02201016680455571,-0.40933959571670825,-0.7707926980627884,-1.2742825691417659,-0.7517500697760751,-1.3166867522368357,0.43545612540836925,0.609216919956064,-0.5065607304015044
IBM20220096,Septiembre-Diciembre 2023,Ingeniería Biomédica,2022,Regular,1.3114406992728285,1.0289928605934504,0.4669570671775638,0.8819565380724841,0.4253099296925961,-0.3615936691372542,-0.3767312323191194,-0.6031385995906284,-0.3697343790524706,-0.7598085705168535,-0.28206614131491065,1.1319298992648084,-0.21462920249682893,-0.4896294208189999,-0.5392441450453458,-0.45715245596448484,-0.28067060440216146,-0.40680459784844714,-0.7707926980627884,-1.2742825691417659,-0.7517500697760751,-1.3166867522368357,0.43545612540836925,0.609216919956064,-0.5065607304015044
IBM20220115,Mayo-Agosto 2023,Ingeniería Biomédica,2022,Regular,-0.1436536141857878,0.9860485062574035,-0.649830377767145,1.1255040480524712,-1.4505603562363374,-1.097300543817737,-0.3767312323191194,0.14257360460620055,-0.3697343790524706,-0.7598085705168535,-0.28206614131491065,0.05086109490004391,-0.21462920249682893,-0.4896294208189999,0.3992661352687664,-0.45715245596448484,3.18250525454356,-0.29994468770944277,-0.7707926980627884,-1.2742825691417659,-0.7517500697760751,-1.3166867522368357,0.43545612540836925,0.609216919956064,-0.5065607304015044
IBM20220115,Septiembre-Diciembre 2022,Ingeniería Biomédica,2022,Irregular,-1.4161478569358725,-1.4080992479771808,-1.165829782915134,-0.41434472472422496,1.3632450726570629,1.845526954904194,-0.3767312323191194,0.14257360460620055,-0.3697343790524706,0.24006748022164032,-1.124469953493074,-1.0302077094647206,-0.523583919059267,0.9364341109541224,0.3992661352687664,1.5198834899598457,-0.02201016680455571,-0.30891468016636653,0.3666104117817102,-1.2742825691417659,0.2061559502574696,-1.3166867522368357,1.4152324075772,-0.9923822985600096,1.974096964064686
IBM20220115,Septiembre-Diciembre 2023,Ingeniería Biomédica,2022,Regular,-0.3661974503618118,-0.8390865530245667,-0.649830377767145,0.002915883771953795,-0.5126252132718706,0.3741132055432285,-0.3767312323191194,0.8882858088030295,-0.3697343790524706,-1.045487442156423,-1.124469953493074,1.1319298992648084,-0.21462920249682893,0.9364341109541224,1.3377764155828784,-0.45715245596448484,-0.8626565889967744,-0.4032946008000857,0.3666104117817102,0.9649580404846618,0.2061559502574696,0.5490863902945103,1.4152324075772,-0.9923822985600096,-0.5065607304015044
IBM20220125,Enero-Abril 2023,Ingeniería Biomédica,2022,Regular,0.3356715714241097,0.23989034966859923,-0.04904233797042524,0.791171803169549,-0.5126252132718706,-0.3615936691372542,-0.3767312323191194,0.14257360460620055,-1.0065699733169846,0.24006748022164032,0.7007383062262801,-1.0302077094647206,-0.21462920249682893,-0.4896294208189999,-0.5392441450453458,-0.45715245596448484,-0.02201016680455571,-0.3122296773787079,-0.7707926980627884,0.9649580404846618,-0.7517500697760751,0.5490863902945103,-0.5443201567604616,0.609216919956064,-0.5065607304015044
IBM20220125,Mayo-Agosto 2023,Ingeniería Biomédica,2022,Regular,0.06747771757095197,-0.5170038955042191,0.5517457018262943,0.9133820232311921,-0.5126252132718706,-1.097300543817737,-0.3767312323191194,0.14257360460620055,-1.0065699733169846,-0.6169691346970686,-0.1416655059518834,0.05086109490004391,-0.21462920249682893,-0.4896294208189999,-0.5392441450453458,-0.45715245596448484,-1.0350968807285117,-0.3330946598328566,-0.7707926980627884,-1.2742825691417659,-0.7517500697760751,-1.3166867522368357,-1.5240964389292924,0.609216919956064,-0.5065607304015044
IBM20220125,Septiembre-Diciembre 2023,Ingeniería Biomédica,2022,Regular,0.45892661915236876,0.7251615536659226,2.184532551918992,0.9875810854114747,-0.5126252132718706,0.3741132055432285,-0.3767312323191194,0.14257360460620055,-1.0065699733169846,1.0971040951403492,1.5431421184044436,1.1319298992648084,-0.21462920249682893,-0.4896294208189999,-0.5392441450453458,-0.45715245596448484,0.9652105033596395,0.39483972803010603,-0.7707926980627884,0.9649580404846618,-0.7517500697760751,1.4819729615601833,-1.5240964389292924,-0.9923822985600096,-0.5065607304015044
IBM20220144,Enero-Abril 2023,Ingeniería Biomédica,2022,Regular,-0.3433724415232449,0.08421706520043087,-0.649830377767145,0.04918118136671861,-0.5126252132718706,1.1098200802237113,-0.3767312323191194,0.8882858088030295,-0.3697343790524706,0.0972280444018555,-0.28206614131491065,0.05086109490004391,-0.523583919059267,0.9364341109541224,1.3377764155828784,-0.45715245596448484,1.9179431151774875,1.4293138581166362,0.3666104117817102,-1.2742825691417659,0.2061559502574696,-1.3166867522368357,0.43545612540836925,0.609216919956064,-0.5065607304015044
IBM20220144,Septiembre-Diciembre 2022,Ingeniería Biomédica,2022,Irregular,-1.3704978392587388,-1.3651548936411337,-1.165829782915134,-0.3157036185316138,-0.5126252132718706,1.845526954904194,-0.3767312323191194,0.14257360460620055,-0.3697343790524706,0.24006748022164032,-1.124469953493074,-1.0302077094647206,-0.523583919059267,0.9364341109541224,0.3992661352687664,1.5198834899598457,-0.02201016680455571,-0.355909640647206,0.3666104117817102,0.9649580404846618,0.2061559502574696,0.5490863902945103,-0.5443201567604616,0.609216919956064,1.974096964064686
IBM20220144,Septiembre-Diciembre 2023,Ingeniería Biomédica,2022,Irregular,-1.0703489730315894,-1.7656109978247665,-0.649830377767145,-1.3771866727813102,1.3632450726570629,3.3169407042651597,2.0592202310258663,3.125422421393516,-0.3697343790524706,0.8114252235007796,-1.124469953493074,1.1319298992648084,-0.21462920249682893,3.7885611745003667,4.153307256525215,-0.45715245596448484,-1.8513142615920675,0.12164495776597246,2.6414166314707077,-0.15466226432855207,2.121967990324559,-0.3838001809711627,1.4152324075772,-0.9923822985600096,-0.5065607304015044
IBM20220185,Mayo-Agosto 2023,Ingeniería Biomédica,2022,Irregular,-1.058936468612305,-0.7048854457244219,-0.5650417431184144,-0.14460931044531464,0.4253099296925961,1.1098200802237113,-0.3767312323191194,0.8882858088030295,-0.3697343790524706,0.24006748022164032,-0.1416655059518834,0.05086109490004391,-0.21462920249682893,0.9364341109541224,1.3377764155828784,-0.45715245596448484,1.4509173250706993,2.444288004601158,0.3666104117817102,0.9649580404846618,0.2061559502574696,0.5490863902945103,1.4152324075772,0.609216919956064,-0.5065607304015044
IBM20220185,Septiembre-Diciembre 2022,Ingeniería Biomédica,2022,Irregular,-1.8384105204493528,-1.805334525585609,-1.165829782915134,-0.2772946922265263,-1.4505603562363374,1.845526954904194,-0.3767312323191194,0.14257360460620055,-0.3697343790524706,-0.6169691346970686,-1.124469953493074,-1.0302077094647206,-0.523583919059267,0.9364341109541224,0.3992661352687664,-0.45715245596448484,-0.02201016680455571,-0.3241246673759328,1.504013521626209,-1.2742825691417659,1.1640619702910142,-1.3166867522368357,1.4152324075772,-0.9923822985600096,-0.5065607304015044
IBM20220185,Septiembre-Diciembre 2023,Ingeniería Biomédica,2022,Irregular,-0.9082914102777668,-0.8455282061749724,0.2949572654615675,-1.3571092794854687,2.3011802156215295,1.845526954904194,2.0592202310258663,3.871134625590345,-1.0065699733169846,2.096980145878843,0.2795364001371983,1.1319298992648084,-0.21462920249682893,3.7885611745003667,4.153307256525215,-0.45715245596448484,0.28119734615708214,0.21407488003949085,2.6414166314707077,0.9649580404846618,2.121967990324559,0.5490863902945103,-0.5443201567604616,0.609216919956064,-0.5065607304015044
IBM20220193,Enero-Abril 2023,Ingeniería Biomédica,2022,Regular,-0.19500988407256278,-0.2593377694879403,-0.47783057605114865,0.31629780521573775,-0.5126252132718706,-0.3615936691372542,-0.3767312323191194,-0.6031385995906284,-0.3697343790524706,-0.4741296988772838,-0.0012648705888561507,-1.0302077094647206,-0.21462920249682893,-0.4896294208189999,-0.5392441450453458,-0.45715245596448484,-0.02201016680455571,-0.3728746263809531,-0.7707926980627884,0.9649580404846618,-0.7517500697760751,0.5490863902945103,1.4152324075772,-0.9923822985600096,-0.5065607304015044
IBM20220193,Septiembre-Diciembre 2023,Ingeniería Biomédica,2022,Irregular,-0.6104250449344737,-0.7156215343084329,1.0677451069742836,-1.1397496738044046,-0.5126252132718706,1.1098200802237113,2.0592202310258663,3.125422421393516,-1.0065699733169846,3.2396956324371216,1.4027414830414162,0.05086109490004391,0.09432551406560921,3.7885611745003667,2.2762866958969905,-0.45715245596448484,-0.6327362000211249,2.7104627807685686,2.6414166314707077,-1.2742825691417659,2.121967990324559,-1.3166867522368357,0.43545612540836925,0.609216919956064,-0.5065607304015044
IBM20220209,Enero-Abril 2023,Ingeniería Biomédica,2022,Regular,1.319429452366326,1.1653411856103972,0.20774609839430164,0.5310386204669105,-0.5126252132718706,0.3741132055432285,-0.3767312323191194,-0.6031385995906284,-0.3697343790524706,0.6685857876809949,1.1219402123153617,-1.0302077094647206,-0.21462920249682893,-0.4896294208189999,-0.5392441450453458,-0.45715245596448484,-0.02201016680455571,-0.05931489006066271,-0.7707926980627884,0.9649580404846618,-0.7517500697760751,1.4819729615601833,-0.5443201567604616,0.609216919956064,-0.5065607304015044
IBM20220218,Mayo-Agosto 2023,Ingeniería Biomédica,2022,Baja Temporal,0.4954466332940744,0.39019558984476055,-0.649830377767145,-2.827996570941668,0.4253099296925961,0.3741132055432285,4.4951716943708515,0.14257360460620055,0.2671012152120434,-0.045611391417929324,-0.28206614131491065,-1.0302077094647206,0.09432551406560921,0.9364341109541224,0.3992661352687664,-0.45715245596448484,-0.02201016680455571,3.818256849198649,0.3666104117817102,-1.2742825691417659,2.121967990324559,-1.3166867522368357,2.395008689746031,2.210816138472137,-0.5065607304015044
IBM20220218,Septiembre-Diciembre 2023,Ingeniería Biomédica,2022,Baja Temporal,0.6255491836739037,0.5608993983305453,1.4117447104062764,-2.496283116488638,0.4253099296925961,-1.097300543817737,3.2771959626983587,0.8882858088030295,-0.3697343790524706,2.811177324977767,2.24514529521958,0.05086109490004391,0.09432551406560921,-0.4896294208189999,0.3992661352687664,-0.45715245596448484,0.20647321973999605,0.26438483773267185,-0.7707926980627884,0.9649580404846618,1.1640619702910142,1.4819729615601833,1.4152324075772,0.609216919956064,1.974096964064686
IBM20220278,Enero-Abril 2023,Ingeniería Biomédica,2022,Regular,-0.18702113097906528,-0.6726771799723859,-0.13383097261915597,-0.24499627692452036,0.4253099296925961,-0.3615936691372542,-0.3767312323191194,0.14257360460620055,-0.3697343790524706,-0.18845082723771414,-0.28206614131491065,0.05086109490004391,-0.523583919059267,0.9364341109541224,0.3992661352687664,-0.45715245596448484,-1.7104880233444821,0.3546697618099693,0.3666104117817102,0.9649580404846618,0.2061559502574696,0.5490863902945103,0.43545612540836925,0.609216919956064,-0.5065607304015044
IBM20220278,Mayo-Agosto 2023,Ingeniería Biomédica,2022,Regular,-0.2577786583786204,-0.5170038955042191,0.37974590011029796,0.8051386854623092,0.4253099296925961,-1.097300543817737,-0.3767312323191194,0.14257360460620055,-0.3697343790524706,-0.7598085705168535,-0.28206614131491065,1.1319298992648084,-0.523583919059267,-0.4896294208189999,0.3992661352687664,-0.45715245596448484,-0.3769497672857147,-0.3962746067033628,-0.7707926980627884,0.9649580404846618,-0.7517500697760751,0.5490863902945103,-0.5443201567604616,-0.9923822985600096,-0.5065607304015044
IBM20220278,Septiembre-Diciembre 2022,Ingeniería Biomédica,2022,Regular,0.7065779650508158,0.5888132286489759,-0.649830377767145,0.6663427926780147,-1.4505603562363374,0.3741132055432285,-0.3767312323191194,-0.6031385995906284,-0.3697343790524706,-0.7598085705168535,-0.28206614131491065,-1.0302077094647206,-0.523583919059267,-0.4896294208189999,-0.5392441450453458,-0.45715245596448484,-0.02201016680455571,-0.3756046240852342,-0.7707926980627884,-1.2742825691417659,-0.7517500697760751,-1.3166867522368357,-1.5240964389292924,0.609216919956064,-0.5065607304015044
IBM20220278,Septiembre-Diciembre 2023,Ingeniería Biomédica,2022,Regular,-0.1596311203727844,-0.10151726730297005,1.755744313838269,0.623569215656439,0.4253099296925961,-0.3615936691372542,-0.3767312323191194,0.14257360460620055,-0.3697343790524706,0.6685857876809949,1.1219402123153617,2.212998703629573,-0.523583919059267,-0.4896294208189999,0.3992661352687664,-0.45715245596448484,0.26826432427720187,-0.38359961736205755,-0.7707926980627884,2.0845783452978757,-0.7517500697760751,2.414859532825856,0.43545612540836925,0.609216919956064,-0.5065607304015044
IBM20220295,Enero-Abril 2023,Ingeniería Biomédica,2022,Regular,0.22725277944091835,0.13789750812048882,-0.8218301794831414,0.27701594876735236,-0.5126252132718706,0.3741132055432285,-0.3767312323191194,-0.6031385995906284,-0.3697343790524706,-0.18845082723771414,-0.5628674120409651,0.05086109490004391,-0.523583919059267,-0.4896294208189999,-0.5392441450453458,1.5198834899598457,-0.02201016680455571,-0.3512296445827241,-0.7707926980627884,0.9649580404846618,-0.7517500697760751,0.5490863902945103,1.4152324075772,0.609216919956064,1.974096964064686
IBM20220295,Septiembre-Diciembre 2022,Ingeniería Biomédica,2022,Regular,-0.765635105036726,0.0,-1.165829782915134,0.6401548883790915,-1.4505603562363374,-1.097300543817737,-0.3767312323191194,-0.6031385995906284,-0.3697343790524706,-1.045487442156423,-1.124469953493074,-1.0302077094647206,-0.523583919059267,-0.4896294208189999,-0.5392441450453458,1.5198834899598457,0.0,-0.42630458145045524,-0.7707926980627884,-1.2742825691417659,-0.7517500697760751,-1.3166867522368357,-1.5240964389292924,0.609216919956064,1.974096964064686
IBM20220359,Enero-Abril 2023,Ingeniería Biomédica,2022,Regular,0.17019025734450202,0.08421706520043087,-0.2210421396864217,0.365181893240395,-0.5126252132718706,-0.3615936691372542,-0.3767312323191194,-0.6031385995906284,-0.3697343790524706,-0.045611391417929324,0.4199370355002256,-1.0302077094647206,-0.21462920249682893,-0.4896294208189999,-0.5392441450453458,-0.45715245596448484,-0.02201016680455571,0.24371485511454322,-0.7707926980627884,-0.15466226432855207,-0.7517500697760751,0.5490863902945103,-1.5240964389292924,0.609216919956064,-0.5065607304015044
IBM20220359,Septiembre-Diciembre 2023,Ingeniería Biomédica,2022,Regular,0.47033912357165136,0.9323680633373456,0.2949572654615675,0.1661538205685769,1.3632450726570629,0.3741132055432285,-0.3767312323191194,-0.6031385995906284,0.2671012152120434,-0.7598085705168535,-0.28206614131491065,0.05086109490004391,0.09432551406560921,-0.4896294208189999,-0.5392441450453458,-0.45715245596448484,1.113221753762714,-0.42259958456607377,-0.7707926980627884,-1.2742825691417659,-0.7517500697760751,-1.3166867522368357,1.4152324075772,0.609216919956064,-0.5065607304015044
IBM20220362,Mayo-Agosto 2023,Ingeniería Biomédica,2022,Irregular,-2.431860750252083,-2.363611131954212,-1.165829782915134,-0.8045444987781846,-0.5126252132718706,1.1098200802237113,-0.3767312323191194,0.14257360460620055,0.2671012152120434,-0.6169691346970686,-1.124469953493074,-1.0302077094647206,0.09432551406560921,0.9364341109541224,0.3992661352687664,-0.45715245596448484,-0.02201016680455571,-0.3135946762308484,1.504013521626209,0.9649580404846618,1.1640619702910142,0.5490863902945103,1.4152324075772,-0.9923822985600096,-0.5065607304015044
IBM20220362,Septiembre-Diciembre 2023,Ingeniería Biomédica,2022,Irregular,-1.058936468612305,-0.42574714254011964,-0.13383097261915597,0.3320105477950924,0.4253099296925961,-0.3615936691372542,-0.3767312323191194,0.8882858088030295,-0.3697343790524706,0.0972280444018555,0.5603376708632528,0.05086109490004391,0.09432551406560921,-0.4896294208189999,0.3992661352687664,-0.45715245596448484,2.5717792213269908,-0.4779795379957768,-0.7707926980627884,-0.15466226432855207,-0.7517500697760751,0.5490863902945103,0.43545612540836925,-0.9923822985600096,-0.5065607304015044
IBM20230006,Enero-Abril 2023,Ingeniería Biomédica,2023,Regular,-0.12082860534722092,0.13252946382848335,0.8109566706095566,1.1796257169369133,0.4253099296925961,-1.097300543817737,-0.3767312323191194,-0.6031385995906284,-1.0065699733169846,0.0972280444018555,0.5603376708632528,0.05086109490004391,-1.1414933521841435,-0.4896294208189999,-0.5392441450453458,-0.45715245596448484,0.8401912918541301,-0.023239920396947757,-0.7707926980627884,-0.15466226432855207,-0.7517500697760751,0.5490863902945103,-0.5443201567604616,-0.9923822985600096,-0.5065607304015044
IBM20230006,Septiembre-Diciembre 2022,Ingeniería Biomédica,2023,Regular,-0.46320373792571884,-0.511635851212212,-0.2210421396864217,0.38525928653623664,-0.5126252132718706,-0.3615936691372542,-0.3767312323191194,-0.6031385995906284,-1.0065699733169846,-0.045611391417929324,0.4199370355002256,-1.0302077094647206,-1.1414933521841435,-0.4896294208189999,-0.5392441450453458,-0.45715245596448484,-0.02201016680455571,-0.44092956915196135,-0.7707926980627884,-1.2742825691417659,-0.7517500697760751,-0.3838001809711627,-1.5240964389292924,0.609216919956064,-0.5065607304015044
IBM20230013,Septiembre-Diciembre 2023,Ingeniería Biomédica,2023,Egresado,0.486316629758648,0.3816067189775515,0.03574629667830528,0.8339453801911247,0.4253099296925961,-1.097300543817737,-0.3767312323191194,-0.6031385995906284,-0.3697343790524706,0.3829069160414252,0.8411389415893074,-1.0302077094647206,-0.523583919059267,-0.4896294208189999,-0.5392441450453458,-0.45715245596448484,-0.02201016680455571,-0.39588460703132267,-0.7707926980627884,-0.15466226432855207,-0.7517500697760751,0.5490863902945103,0.43545612540836925,0.609216919956064,-0.5065607304015044
IBM20230025,Mayo-Agosto 2023,Ingeniería Biomédica,2023,Regular,-0.6058600431667597,-0.6136286927603224,-0.13383097261915597,0.9692495524022289,-1.4505603562363374,-0.3615936691372542,-0.3767312323191194,-0.6031385995906284,-1.0065699733169846,-0.7598085705168535,-0.28206614131491065,0.05086109490004391,-1.1414933521841435,-0.4896294208189999,-0.5392441450453458,-0.45715245596448484,0.06420997906131286,-0.3931546093270415,-0.7707926980627884,-1.2742825691417659,-0.7517500697760751,-1.3166867522368357,-0.5443201567604616,-0.9923822985600096,-0.5065607304015044
IBM20230025,Septiembre-Diciembre 2022,Ingeniería Biomédica,2023,Regular,-0.6400975564246107,-0.6780452242643928,-0.649830377767145,0.5834144290647569,-1.4505603562363374,-1.097300543817737,-0.3767312323191194,-0.6031385995906284,-1.0065699733169846,-0.7598085705168535,-0.28206614131491065,-1.0302077094647206,-1.1414933521841435,-0.4896294208189999,-0.5392441450453458,-0.45715245596448484,-0.02201016680455571,-0.3664396317922904,-0.7707926980627884,-0.15466226432855207,-0.7517500697760751,-0.3838001809711627,0.43545612540836925,0.609216919956064,-0.5065607304015044
IBM20230025,Septiembre-Diciembre 2023,Ingeniería Biomédica,2023,Regular,0.21013402281199278,0.5050717376936854,1.9277441155542652,0.945680438533198,-0.5126252132718706,-1.097300543817737,-0.3767312323191194,-0.6031385995906284,-1.0065699733169846,1.8113012742392733,2.24514529521958,1.1319298992648084,-1.1414933521841435,-0.4896294208189999,-0.5392441450453458,-0.45715245596448484,1.5184564393322966,0.24371485511454322,-0.7707926980627884,2.0845783452978757,-0.7517500697760751,2.414859532825856,-1.5240964389292924,0.609216919956064,-0.5065607304015044
IBM20230064,Enero-Abril 2023,Ingeniería Biomédica,2023,Irregular,-1.2849040561141143,-2.0307923858498524,-0.649830377767145,0.23947995260556276,-0.5126252132718706,1.845526954904194,-0.3767312323191194,0.8882858088030295,-1.0065699733169846,-0.7598085705168535,-1.124469953493074,0.05086109490004391,-1.1414933521841435,0.9364341109541224,0.3992661352687664,-0.45715245596448484,-2.0194435460305113,-0.4202595865338328,0.3666104117817102,0.9649580404846618,0.2061559502574696,0.5490863902945103,-0.5443201567604616,-0.9923822985600096,-0.5065607304015044
IBM20230064,Mayo-Agosto 2023,Ingeniería Biomédica,2023,Irregular,-1.427560361355155,-1.6872375511614814,-0.649830377767145,-0.44664314002623096,1.3632450726570629,0.3741132055432285,-0.3767312323191194,1.6339980129998586,-1.0065699733169846,-1.045487442156423,-1.124469953493074,1.1319298992648084,-1.1414933521841435,0.9364341109541224,1.3377764155828784,-0.45715245596448484,-0.5608860784662344,-0.34869464671446304,0.3666104117817102,0.9649580404846618,0.2061559502574696,0.5490863902945103,1.4152324075772,-0.9923822985600096,-0.5065607304015044
IBM20230064,Septiembre-Diciembre 2022,Ingeniería Biomédica,2023,Regular,-0.49173499897392703,-0.538476072672241,-0.649830377767145,0.8653708653498328,-1.4505603562363374,-1.097300543817737,-0.3767312323191194,0.14257360460620055,-1.0065699733169846,1.0971040951403492,-0.28206614131491065,-1.0302077094647206,-1.1414933521841435,-0.4896294208189999,-0.5392441450453458,3.496919435884176,-0.02201016680455571,-0.4403445696439011,-0.7707926980627884,0.9649580404846618,-0.7517500697760751,0.5490863902945103,-1.5240964389292924,-0.9923822985600096,1.974096964064686
IBM20230091,Enero-Abril 2023,Ingeniería Biomédica,2023,Regular,-0.7313975917788765,-0.7639339329364853,-0.649830377767145,0.6951494874068302,-0.5126252132718706,-0.3615936691372542,-0.3767312323191194,-0.6031385995906284,-1.0065699733169846,-0.7598085705168535,-0.28206614131491065,0.05086109490004391,-1.1414933521841435,-0.4896294208189999,-0.5392441450453458,-0.45715245596448484,-0.02201016680455571,-0.31339967639482835,-0.7707926980627884,-0.15466226432855207,-0.7517500697760751,-0.3838001809711627,0.43545612540836925,-0.9923822985600096,-0.5065607304015044
IBM20230091,Mayo-Agosto 2023,Ingeniería Biomédica,2023,Regular,-0.48032249455464443,-0.29154603523997474,-0.13383097261915597,0.6253150759430347,0.4253099296925961,0.3741132055432285,-0.3767312323191194,-0.6031385995906284,-1.0065699733169846,-0.7598085705168535,-0.28206614131491065,1.1319298992648084,-1.1414933521841435,-0.4896294208189999,-0.5392441450453458,-0.45715245596448484,0.6102709028784805,-0.44190456833206176,-0.7707926980627884,-1.2742825691417659,-0.7517500697760751,-1.3166867522368357,-1.5240964389292924,-0.9923822985600096,-0.5065607304015044
IBM20230091,Septiembre-Diciembre 2022,Ingeniería Biomédica,2023,Regular,-0.765635105036726,0.0,-1.165829782915134,1.1106642356164158,-1.4505603562363374,-1.097300543817737,-0.3767312323191194,-0.6031385995906284,-1.0065699733169846,-1.045487442156423,-1.124469953493074,-1.0302077094647206,-1.1414933521841435,-0.4896294208189999,-0.5392441450453458,1.5198834899598457,0.0,-0.418309588173632,-0.7707926980627884,0.9649580404846618,-0.7517500697760751,0.5490863902945103,0.43545612540836925,0.609216919956064,1.974096964064686
IBM20230091,Septiembre-Diciembre 2023,Ingeniería Biomédica,2023,Regular,-0.04208232485416665,0.1593696852885123,1.496533345055007,0.9020339313683258,-0.5126252132718706,-1.097300543817737,-0.3767312323191194,-0.6031385995906284,-1.0065699733169846,1.0971040951403492,1.5431421184044436,2.212998703629573,-1.1414933521841435,-0.4896294208189999,-0.5392441450453458,-0.45715245596448484,0.8976713890980424,-0.31924967147543076,-0.7707926980627884,0.9649580404846618,-0.7517500697760751,1.4819729615601833,-1.5240964389292924,0.609216919956064,-0.5065607304015044
IBM20230131,Enero-Abril 2023,Ingeniería Biomédica,2023,Irregular,-0.8112851227138598,-0.43111518683212513,0.03574629667830528,1.126376978195769,-1.4505603562363374,0.3741132055432285,-0.3767312323191194,0.8882858088030295,-1.0065699733169846,-0.6169691346970686,-0.1416655059518834,0.05086109490004391,-1.1414933521841435,-0.4896294208189999,0.3992661352687664,-0.45715245596448484,0.7970812189211958,-0.4175295888295516,-0.7707926980627884,-1.2742825691417659,-0.7517500697760751,-1.3166867522368357,-1.5240964389292924,-0.9923822985600096,-0.5065607304015044
IBM20230131,Septiembre-Diciembre 2022,Ingeniería Biomédica,2023,Irregular,-1.0281227066802407,-1.043072236120786,-0.5650417431184144,0.3136790147858453,0.4253099296925961,1.1098200802237113,-0.3767312323191194,0.8882858088030295,-1.0065699733169846,0.24006748022164032,-0.1416655059518834,-1.0302077094647206,-1.1414933521841435,0.9364341109541224,0.3992661352687664,-0.45715245596448484,-0.02201016680455571,0.7661194158123403,0.3666104117817102,-0.15466226432855207,0.2061559502574696,-0.3838001809711627,-0.5443201567604616,0.609216919956064,-0.5065607304015044
IBM20230131,Septiembre-Diciembre 2023,Ingeniería Biomédica,2023,Irregular,-0.7770476094560086,-0.7102534900164273,0.4669570671775638,0.8129950567519851,1.3632450726570629,-1.097300543817737,-0.3767312323191194,0.8882858088030295,-1.0065699733169846,-0.9026480063366383,-0.42246677667793786,1.1319298992648084,-1.1414933521841435,-0.4896294208189999,0.3992661352687664,-0.45715245596448484,0.15043012492718147,-0.3015046863976034,-0.7707926980627884,0.9649580404846618,-0.7517500697760751,0.5490863902945103,-0.5443201567604616,0.609216919956064,-0.5065607304015044
IBM20230228,Enero-Abril 2023,Ingeniería Biomédica,2023,Regular,2.110316008622657,1.9093521244824012,-0.3058307743351523,1.7775828650956658,-1.4505603562363374,-0.3615936691372542,-0.3767312323191194,-0.6031385995906284,-1.0065699733169846,-0.18845082723771414,0.2795364001371983,-1.0302077094647206,-1.1414933521841435,-0.4896294208189999,-0.5392441450453458,-0.45715245596448484,-0.02201016680455571,-0.3787246214615555,-0.7707926980627884,-0.15466226432855207,-0.7517500697760751,0.5490863902945103,-0.5443201567604616,0.609216919956064,-0.5065607304015044
IBM20230228,Mayo-Agosto 2023,Ingeniería Biomédica,2023,Regular,1.96537720249776,1.501380758289961,0.03574629667830528,1.3533388154531063,0.4253099296925961,-1.097300543817737,-0.3767312323191194,-0.6031385995906284,-1.0065699733169846,-1.045487442156423,-0.5628674120409651,0.05086109490004391,-1.1414933521841435,-0.4896294208189999,-0.5392441450453458,-0.45715245596448484,-0.5680710906217233,-0.2997496878734227,-0.7707926980627884,0.9649580404846618,-0.7517500697760751,0.5490863902945103,-0.5443201567604616,0.609216919956064,-0.5065607304015044
IBM20230233,Enero-Abril 2023,Ingeniería Biomédica,2023,Regular,-0.05805983104116329,-0.13050470647980092,-0.649830377767145,0.614839914223465,0.4253099296925961,-1.097300543817737,-0.3767312323191194,-0.6031385995906284,-1.0065699733169846,-0.7598085705168535,-0.28206614131491065,-1.0302077094647206,-1.1414933521841435,-0.4896294208189999,-0.5392441450453458,-0.45715245596448484,-0.02201016680455571,-0.372679626544933,-0.7707926980627884,-0.15466226432855207,-0.7517500697760751,-0.3838001809711627,-0.5443201567604616,-0.9923822985600096,-0.5065607304015044
IBM20230233,Septiembre-Diciembre 2023,Ingeniería Biomédica,2023,Regular,-0.31255867959118055,-0.4901636740441901,-0.13383097261915597,0.0002970933420625936,1.3632450726570629,0.3741132055432285,-0.3767312323191194,0.14257360460620055,-1.0065699733169846,0.0972280444018555,-0.28206614131491065,0.05086109490004391,-0.8325386356217053,0.9364341109541224,0.3992661352687664,-0.45715245596448484,-0.5034059812223219,2.396708044612258,0.3666104117817102,-0.15466226432855207,0.2061559502574696,-0.3838001809711627,0.43545612540836925,-0.9923822985600096,-0.5065607304015044
IBM20230257,Mayo-Agosto 2023,Ingeniería Biomédica,2023,Irregular,-1.6329854409022544,-2.0307923858498524,-0.47783057605114865,-0.40736128357784557,-0.5126252132718706,2.5812338295846766,0.8412444993533734,0.8882858088030295,-1.0065699733169846,0.0972280444018555,-1.124469953493074,0.05086109490004391,-1.1414933521841435,2.3624976427272446,1.3377764155828784,-0.45715245596448484,-1.7033030111889929,0.6149945428967776,1.504013521626209,-0.15466226432855207,1.1640619702910142,-0.3838001809711627,1.4152324075772,-0.9923822985600096,-0.5065607304015044
IBM20230257,Septiembre-Diciembre 2022,Ingeniería Biomédica,2023,Regular,-0.7428100961981592,-0.7746700215204962,-0.47783057605114865,1.130741628912256,-1.4505603562363374,-1.097300543817737,-0.3767312323191194,-0.6031385995906284,-1.0065699733169846,0.24006748022164032,-0.0012648705888561507,-1.0302077094647206,-1.1414933521841435,-0.4896294208189999,-0.5392441450453458,1.5198834899598457,-0.02201016680455571,-0.33738465622529834,-0.7707926980627884,-1.2742825691417659,-0.7517500697760751,-1.3166867522368357,0.43545612540836925,0.609216919956064,1.974096964064686
IBM20230257,Septiembre-Diciembre 2023,Ingeniería Biomédica,2023,Irregular,-1.407017853400446,-1.0806485461648274,0.03574629667830528,0.36169017266720466,-1.4505603562363374,0.3741132055432285,-0.3767312323191194,2.3797102171966875,-1.0065699733169846,-0.18845082723771414,-0.28206614131491065,1.1319298992648084,-1.1414933521841435,0.9364341109541224,2.2762866958969905,-0.45715245596448484,0.68930603658886,7.673013607643611,0.3666104117817102,0.9649580404846618,0.2061559502574696,0.5490863902945103,-1.5240964389292924,0.609216919956064,-0.5065607304015044
IBM20230269,Mayo-Agosto 2023,Ingeniería Biomédica,2023,Regular,-0.18359737965328018,-1.2363218306329944,-0.7370415448344108,0.03434136893066186,-0.5126252132718706,1.1098200802237113,-0.3767312323191194,0.14257360460620055,-1.0065699733169846,-1.045487442156423,-1.124469953493074,0.05086109490004391,-1.1414933521841435,0.9364341109541224,0.3992661352687664,-0.45715245596448484,-2.6660946400245256,-0.33972465425753934,0.3666104117817102,0.9649580404846618,0.2061559502574696,0.5490863902945103,-1.5240964389292924,0.609216919956064,-0.5065607304015044
IBM20230269,Septiembre-Diciembre 2022,Ingeniería Biomédica,2023,Regular,0.8663530269207805,0.7391184688251372,-0.7370415448344108,1.4336483886364704,-0.5126252132718706,-1.097300543817737,-0.3767312323191194,-0.6031385995906284,-1.0065699733169846,-0.9026480063366383,-0.42246677667793786,-1.0302077094647206,-1.1414933521841435,-0.4896294208189999,-0.5392441450453458,-0.45715245596448484,-0.02201016680455571,-0.37404462539707356,-0.7707926980627884,-0.15466226432855207,-0.7517500697760751,-0.3838001809711627,-0.5443201567604616,-0.9923822985600096,-0.5065607304015044
IBM20230269,Septiembre-Diciembre 2023,Ingeniería Biomédica,2023,Regular,0.4555028678265836,1.555061201210019,-0.2210421396864217,1.4825324766611276,-1.4505603562363374,-1.097300543817737,-0.3767312323191194,0.14257360460620055,-1.0065699733169846,-0.7598085705168535,-0.28206614131491065,1.1319298992648084,-1.1414933521841435,-0.4896294208189999,0.3992661352687664,-0.45715245596448484,2.3921539174397646,-0.34089465327365975,-0.7707926980627884,-1.2742825691417659,-0.7517500697760751,-1.3166867522368357,-1.5240964389292924,-0.9923822985600096,-0.5065607304015044
IBM20230288,Enero-Abril 2023,Ingeniería Biomédica,2023,Regular,-0.6515100608438934,0.6961741144890918,-0.649830377767145,0.8496581227704781,-0.5126252132718706,-1.097300543817737,-0.3767312323191194,0.14257360460620055,-1.0065699733169846,-0.7598085705168535,-0.28206614131491065,0.05086109490004391,-1.1414933521841435,-0.4896294208189999,0.3992661352687664,-0.45715245596448484,3.6854561054277934,-0.38652461490235873,-0.7707926980627884,-1.2742825691417659,-0.7517500697760751,-1.3166867522368357,0.43545612540836925,-0.9923822985600096,-0.5065607304015044
IBM20230288,Mayo-Agosto 2023,Ingeniería Biomédica,2023,Regular,-0.6138487962602588,-0.6189967370523279,-0.2210421396864217,0.10417578039445866,-0.5126252132718706,0.3741132055432285,-0.3767312323191194,1.6339980129998586,-1.0065699733169846,-0.045611391417929324,-0.42246677667793786,1.1319298992648084,-1.1414933521841435,0.9364341109541224,1.3377764155828784,-0.45715245596448484,0.07139499121680191,-0.3832096176900174,0.3666104117817102,-1.2742825691417659,0.2061559502574696,-1.3166867522368357,-1.5240964389292924,0.609216919956064,-0.5065607304015044
IBM20230288,Septiembre-Diciembre 2022,Ingeniería Biomédica,2023,Irregular,-2.123723130931434,-2.0737367401858986,-1.165829782915134,-0.5540135476518173,1.3632450726570629,1.845526954904194,-0.3767312323191194,0.14257360460620055,-1.0065699733169846,-0.7598085705168535,-1.124469953493074,-1.0302077094647206,-1.1414933521841435,0.9364341109541224,0.3992661352687664,-0.45715245596448484,-0.02201016680455571,-0.33211966065275617,0.3666104117817102,-0.15466226432855207,0.2061559502574696,-0.3838001809711627,-0.5443201567604616,-0.9923822985600096,-0.5065607304015044
IBM20230288,Septiembre-Diciembre 2023,Ingeniería Biomédica,2023,Irregular,-1.0726314739154457,-1.6582501119846504,-0.2210421396864217,-1.1222910709384555,-0.5126252132718706,3.3169407042651597,2.0592202310258663,3.871134625590345,-1.0065699733169846,0.52574635186121,-1.124469953493074,2.212998703629573,-1.1414933521841435,3.7885611745003667,4.153307256525215,-0.45715245596448484,-1.3670444423121055,-0.15759480741478363,2.6414166314707077,-1.2742825691417659,2.121967990324559,-1.3166867522368357,0.43545612540836925,0.609216919956064,-0.5065607304015044
IBM20230300,Enero-Abril 2023,Ingeniería Biomédica,2023,Regular,-0.4289662246678694,-1.257794007801018,-0.7370415448344108,0.012518115348225669,-1.4505603562363374,1.1098200802237113,-0.3767312323191194,0.14257360460620055,-1.0065699733169846,-1.045487442156423,-1.124469953493074,0.05086109490004391,-1.1414933521841435,0.9364341109541224,0.3992661352687664,-0.45715245596448484,-2.1056636918963796,-0.3855496157222583,0.3666104117817102,0.9649580404846618,0.2061559502574696,0.5490863902945103,-0.5443201567604616,-0.9923822985600096,-0.5065607304015044
IBM20230300,Septiembre-Diciembre 2022,Ingeniería Biomédica,2023,Regular,0.3984403457301673,0.2989388368806627,-0.7370415448344108,1.3245321207242893,-1.4505603562363374,-0.3615936691372542,-0.3767312323191194,-0.6031385995906284,-1.0065699733169846,-0.9026480063366383,-0.42246677667793786,-1.0302077094647206,-1.1414933521841435,-0.4896294208189999,-0.5392441450453458,-0.45715245596448484,-0.02201016680455571,-0.3752146244131941,-0.7707926980627884,0.9649580404846618,-0.7517500697760751,0.5490863902945103,-1.5240964389292924,0.609216919956064,-0.5065607304015044
IBM20230300,Septiembre-Diciembre 2023,Ingeniería Biomédica,2023,Regular,-0.04892982750573687,0.23452230537659222,0.2949572654615675,1.3341343523005613,-0.5126252132718706,-1.097300543817737,-0.3767312323191194,0.14257360460620055,-1.0065699733169846,0.0972280444018555,0.5603376708632528,1.1319298992648084,-1.1414933521841435,-0.4896294208189999,0.3992661352687664,-0.45715245596448484,0.9335964498754877,-0.20029977150318135,-0.7707926980627884,-0.15466226432855207,-0.7517500697760751,0.5490863902945103,0.43545612540836925,0.609216919956064,-0.5065607304015044
IBM20230341,Mayo-Agosto 2023,Ingeniería Biomédica,2023,Regular,0.7864654959857973,0.6639658487370558,0.12295746374557111,1.304454727428449,0.4253099296925961,-0.3615936691372542,-0.3767312323191194,-0.6031385995906284,-1.0065699733169846,0.52574635186121,0.9815395769523345,-1.0302077094647206,-0.8325386356217053,-0.4896294208189999,-0.5392441450453458,-0.45715245596448484,-0.02201016680455571,-0.16500480118354668,-0.7707926980627884,0.9649580404846618,-0.7517500697760751,1.4819729615601833,-1.5240964389292924,0.609216919956064,-0.5065607304015044
IBM20230351,Enero-Abril 2023,Ingeniería Biomédica,2023,Regular,0.22725277944091835,0.0,-0.8218301794831414,1.032100522719645,-1.4505603562363374,-1.097300543817737,-0.3767312323191194,-0.6031385995906284,-1.0065699733169846,-0.7598085705168535,-1.124469953493074,0.05086109490004391,-1.1414933521841435,-0.4896294208189999,-0.5392441450453458,1.5198834899598457,0.0,-0.34420965048600116,-0.7707926980627884,-1.2742825691417659,-0.7517500697760751,-1.3166867522368357,-0.5443201567604616,-0.9923822985600096,1.974096964064686
IBM20230351,Septiembre-Diciembre 2022,Ingeniería Biomédica,2023,Regular,0.22725277944091835,0.13789750812048882,-0.8218301794831414,1.1150288863329028,-0.5126252132718706,0.3741132055432285,-0.3767312323191194,-0.6031385995906284,-1.0065699733169846,-0.18845082723771414,-0.5628674120409651,-1.0302077094647206,-1.1414933521841435,-0.4896294208189999,-0.5392441450453458,1.5198834899598457,-0.02201016680455571,-0.3564946401552663,-0.7707926980627884,-1.2742825691417659,-0.7517500697760751,-1.3166867522368357,0.43545612540836925,0.609216919956064,1.974096964064686
IBM20230372,Septiembre-Diciembre 2023,Ingeniería Biomédica,2023,Regular,-0.13452361065036136,-0.20243649999267874,0.4669570671775638,0.2979662722064919,0.4253099296925961,-1.097300543817737,-0.3767312323191194,-0.6031385995906284,-0.3697343790524706,1.0971040951403492,1.5431421184044436,-1.0302077094647206,-0.523583919059267,-0.4896294208189999,-0.5392441450453458,-0.45715245596448484,-0.02201016680455571,-0.10786984922966293,-0.7707926980627884,0.9649580404846618,-0.7517500697760751,1.4819729615601833,-0.5443201567604616,0.609216919956064,-0.5065607304015044
IBM20240003,Enero-Abril 2023,Ingeniería Biomédica,2024,Regular,1.9505409467526906,1.7590468843062383,-0.649830377767145,1.7627430526596088,-0.5126252132718706,0.3741132055432285,-0.3767312323191194,-0.6031385995906284,-1.0065699733169846,-0.7598085705168535,-0.28206614131491065,0.05086109490004391,-1.1414933521841435,-0.4896294208189999,-0.5392441450453458,-0.45715245596448484,-0.02201016680455571,-0.35629964031924616,-0.7707926980627884,0.9649580404846618,-0.7517500697760751,0.5490863902945103,0.43545612540836925,0.609216919956064,-0.5065607304015044
IBM20240003,Mayo-Agosto 2023,Ingeniería Biomédica,2024,Regular,1.3913282302078116,0.7069102030731028,-0.13383097261915597,0.9901998758413671,-0.5126252132718706,0.3741132055432285,-0.3767312323191194,-0.6031385995906284,-1.0065699733169846,-0.7598085705168535,-0.28206614131491065,1.1319298992648084,-1.1414933521841435,-0.4896294208189999,-0.5392441450453458,-0.45715245596448484,-1.4302725492804091,-0.4120695934209894,-0.7707926980627884,-0.15466226432855207,-0.7517500697760751,-0.3838001809711627,0.43545612540836925,-0.9923822985600096,-0.5065607304015044
IBM20240003,Septiembre-Diciembre 2022,Ingeniería Biomédica,2024,Regular,-0.765635105036726,0.0,-1.165829782915134,1.031227592576347,-1.4505603562363374,-0.3615936691372542,-0.3767312323191194,-0.6031385995906284,-1.0065699733169846,-1.045487442156423,-1.124469953493074,-1.0302077094647206,-1.1414933521841435,-0.4896294208189999,-0.5392441450453458,1.5198834899598457,0.0,-0.37579962392125427,-0.7707926980627884,-0.15466226432855207,-0.7517500697760751,-0.3838001809711627,-1.5240964389292924,0.609216919956064,1.974096964064686
IBM20240037,Enero-Abril 2023,Ingeniería Biomédica,2024,Regular,0.044652708732385124,0.28820274829665016,-0.39304194140241805,1.0259900117165635,-0.5126252132718706,-0.3615936691372542,-0.3767312323191194,0.14257360460620055,-1.0065699733169846,-0.9026480063366383,-0.42246677667793786,0.05086109490004391,-1.1414933521841435,-0.4896294208189999,0.3992661352687664,-0.45715245596448484,0.6246409271894586,-0.42786458013861595,-0.7707926980627884,0.9649580404846618,-0.7517500697760751,0.5490863902945103,-0.5443201567604616,-0.9923822985600096,-0.5065607304015044
IBM20240037,Septiembre-Diciembre 2022,Ingeniería Biomédica,2024,Regular,-0.12653485755686386,-0.19492123798387137,-0.8218301794831414,0.2901099009168146,0.4253099296925961,-0.3615936691372542,-0.3767312323191194,0.14257360460620055,-1.0065699733169846,-0.18845082723771414,-0.5628674120409651,-1.0302077094647206,-1.1414933521841435,0.9364341109541224,0.3992661352687664,-0.45715245596448484,-0.02201016680455571,1.3908988904206803,0.3666104117817102,-0.15466226432855207,0.2061559502574696,-0.3838001809711627,-0.5443201567604616,0.609216919956064,-0.5065607304015044
IBM20240118,Mayo-Agosto 2023,Ingeniería Biomédica,2024,Regular,-0.33195993710396227,-0.3881708324960797,-0.649830377767145,-0.42831160701698506,1.3632450726570629,1.845526954904194,0.8412444993533734,0.8882858088030295,-1.0065699733169846,0.8114252235007796,-0.28206614131491065,-1.0302077094647206,-1.1414933521841435,2.3624976427272446,1.3377764155828784,-0.45715245596448484,-0.02201016680455571,0.9693092449452648,1.504013521626209,0.9649580404846618,1.1640619702910142,0.5490863902945103,-0.5443201567604616,-0.9923822985600096,-0.5065607304015044
IBM20240118,Septiembre-Diciembre 2023,Ingeniería Biomédica,2024,Regular,-0.28402741854297237,-0.20565732656788235,-0.13383097261915597,1.1735152059338319,-1.4505603562363374,-0.3615936691372542,-0.3767312323191194,0.8882858088030295,-1.0065699733169846,-0.7598085705168535,-0.28206614131491065,0.05086109490004391,-1.1414933521841435,-0.4896294208189999,1.3377764155828784,-0.45715245596448484,0.22228024648207195,-0.3738496255610535,-0.7707926980627884,0.9649580404846618,-0.7517500697760751,0.5490863902945103,-1.5240964389292924,0.609216919956064,-0.5065607304015044
IBM20240137,Enero-Abril 2023,Ingeniería Biomédica,2024,Regular,0.9747718189039718,0.8411113103732476,-0.13383097261915597,1.0582884270185682,-0.5126252132718706,-0.3615936691372542,-0.3767312323191194,-0.6031385995906284,-1.0065699733169846,0.0972280444018555,0.5603376708632528,-1.0302077094647206,-1.1414933521841435,-0.4896294208189999,-0.5392441450453458,-0.45715245596448484,-0.02201016680455571,-0.47095954389905387,-0.7707926980627884,0.9649580404846618,-0.7517500697760751,0.5490863902945103,-1.5240964389292924,0.609216919956064,-0.5065607304015044
IBM20240137,Mayo-Agosto 2023,Ingeniería Biomédica,2024,Regular,0.47033912357165136,-0.581420427008288,0.37974590011029796,0.6392819582357936,-0.5126252132718706,-1.097300543817737,-0.3767312323191194,-0.6031385995906284,-1.0065699733169846,-0.7598085705168535,-0.28206614131491065,0.05086109490004391,-1.1414933521841435,-0.4896294208189999,-0.5392441450453458,-0.45715245596448484,-1.9260383880091534,-0.2960446909890412,-0.7707926980627884,-0.15466226432855207,-0.7517500697760751,-0.3838001809711627,-0.5443201567604616,-0.9923822985600096,-0.5065607304015044
IBM20240145,Enero-Abril 2023,Ingeniería Biomédica,2024,Regular,2.1331410174612238,1.9308243016504245,-0.8218301794831414,1.8884449932944412,0.4253099296925961,-1.097300543817737,-0.3767312323191194,-0.6031385995906284,-1.0065699733169846,-1.045487442156423,-0.5628674120409651,0.05086109490004391,-1.1414933521841435,-0.4896294208189999,-0.5392441450453458,-0.45715245596448484,-0.02201016680455571,-0.3256846660640935,-0.7707926980627884,-0.15466226432855207,-0.7517500697760751,-0.3838001809711627,0.43545612540836925,-0.9923822985600096,-0.5065607304015044
IBM20240145,Septiembre-Diciembre 2022,Ingeniería Biomédica,2024,Regular,-0.765635105036726,0.0,-1.165829782915134,1.0102772691372088,-1.4505603562363374,-1.097300543817737,-0.3767312323191194,-0.6031385995906284,-1.0065699733169846,-0.7598085705168535,-1.124469953493074,-1.0302077094647206,-1.1414933521841435,-0.4896294208189999,-0.5392441450453458,1.5198834899598457,0.0,-0.37852962162553544,-0.7707926980627884,-0.15466226432855207,-0.7517500697760751,-0.3838001809711627,-1.5240964389292924,-0.9923822985600096,1.974096964064686
IBM20240145,Septiembre-Diciembre 2023,Ingeniería Biomédica,2024,Regular,0.8127142561501493,0.06811293232441289,0.03574629667830528,0.7876800825963599,0.4253099296925961,-1.097300543817737,-0.3767312323191194,-0.6031385995906284,-1.0065699733169846,-0.18845082723771414,0.2795364001371983,1.1319298992648084,-1.1414933521841435,-0.4896294208189999,-0.5392441450453458,-0.45715245596448484,-2.515209384759256,-0.22213975313743042,-0.7707926980627884,-0.15466226432855207,-0.7517500697760751,0.5490863902945103,-0.5443201567604616,-0.9923822985600096,-0.5065607304015044
IBM20240161,Enero-Abril 2023,Ingeniería Biomédica,2024,Irregular,-1.4332666135647965,-0.570684338424277,-0.8218301794831414,0.9622661112558494,-1.4505603562363374,-0.3615936691372542,-0.3767312323191194,0.14257360460620055,-1.0065699733169846,-0.4741296988772838,-0.5628674120409651,0.05086109490004391,-1.1414933521841435,-0.4896294208189999,0.3992661352687664,1.5198834899598457,2.262823698640962,-0.3459646490101819,-0.7707926980627884,-0.15466226432855207,-0.7517500697760751,-0.3838001809711627,-0.5443201567604616,0.609216919956064,1.974096964064686
IBM20240161,Mayo-Agosto 2023,Ingeniería Biomédica,2024,Irregular,-0.9744839359096096,-0.13050470647980092,-0.3058307743351523,1.1185206069060918,-0.5126252132718706,-1.097300543817737,-0.3767312323191194,0.14257360460620055,-1.0065699733169846,-0.7598085705168535,-0.28206614131491065,1.1319298992648084,-1.1414933521841435,-0.4896294208189999,0.3992661352687664,-0.45715245596448484,1.709577762668305,-0.32295466835981235,-0.7707926980627884,-1.2742825691417659,-0.7517500697760751,-1.3166867522368357,-0.5443201567604616,-0.9923822985600096,-0.5065607304015044
IBM20240161,Septiembre-Diciembre 2022,Ingeniería Biomédica,2024,Irregular,-2.340560714897816,-2.277722423282119,-1.165829782915134,-0.6221020988290183,-0.5126252132718706,0.3741132055432285,-0.3767312323191194,0.14257360460620055,-1.0065699733169846,-0.7598085705168535,-1.124469953493074,-1.0302077094647206,-1.1414933521841435,0.9364341109541224,0.3992661352687664,-0.45715245596448484,-0.02201016680455571,-0.35454464179506545,0.3666104117817102,-0.15466226432855207,0.2061559502574696,-0.3838001809711627,-0.5443201567604616,-0.9923822985600096,-0.5065607304015044
IBM20240169,Mayo-Agosto 2023,Ingeniería Biomédica,2024,Irregular,-1.5873354232251213,-1.5691405767373545,-1.165829782915134,-0.48330620604472385,1.3632450726570629,0.3741132055432285,-0.3767312323191194,0.14257360460620055,-1.0065699733169846,-0.6169691346970686,-1.124469953493074,0.05086109490004391,-1.1414933521841435,0.9364341109541224,0.3992661352687664,-0.45715245596448484,-0.02201016680455571,-0.3995896039157042,0.3666104117817102,-0.15466226432855207,0.2061559502574696,-0.3838001809711627,-0.5443201567604616,-0.9923822985600096,-0.5065607304015044
IBM20240169,Septiembre-Diciembre 2022,Ingeniería Biomédica,2024,Regular,-0.765635105036726,0.0,-1.165829782915134,0.9709954126888234,0.4253099296925961,0.3741132055432285,-0.3767312323191194,-0.6031385995906284,-1.0065699733169846,-0.7598085705168535,-1.124469953493074,-1.0302077094647206,-1.1414933521841435,-0.4896294208189999,-0.5392441450453458,1.5198834899598457,0.0,-0.41362959210915,-0.7707926980627884,0.9649580404846618,-0.7517500697760751,0.5490863902945103,-0.5443201567604616,0.609216919956064,1.974096964064686
IBM20240169,Septiembre-Diciembre 2023,Ingeniería Biomédica,2024,Regular,-0.7336800926627327,-0.56531629413227,0.5517457018262943,0.23336944160248,-0.5126252132718706,-0.3615936691372542,-0.3767312323191194,1.6339980129998586,-1.0065699733169846,1.8113012742392733,1.6835427537674708,1.1319298992648084,-1.1414933521841435,0.9364341109541224,1.3377764155828784,-0.45715245596448484,1.3215871062718965,-0.24651473263994056,0.3666104117817102,0.9649580404846618,0.2061559502574696,0.5490863902945103,1.4152324075772,0.609216919956064,-0.5065607304015044
IBM20240190,Septiembre-Diciembre 2022,Ingeniería Biomédica,2024,Regular,2.498341158878287,2.274379136338794,-0.649830377767145,1.6387869723113713,-1.4505603562363374,-0.3615936691372542,-0.3767312323191194,-0.6031385995906284,-1.0065699733169846,0.3829069160414252,-0.28206614131491065,-1.0302077094647206,-1.1414933521841435,-0.4896294208189999,-0.5392441450453458,3.496919435884176,-0.02201016680455571,-0.3211996698356316,-0.7707926980627884,-1.2742825691417659,-0.7517500697760751,-1.3166867522368357,-0.5443201567604616,0.609216919956064,1.974096964064686
IBM20240198,Mayo-Agosto 2023,Ingeniería Biomédica,2024,Irregular,-1.176485264130923,-0.10366448501977193,-0.2210421396864217,0.8295807294746377,-0.5126252132718706,0.3741132055432285,-0.3767312323191194,0.8882858088030295,-1.0065699733169846,-0.045611391417929324,0.4199370355002256,0.05086109490004391,-1.1414933521841435,-0.4896294208189999,0.3992661352687664,-0.45715245596448484,4.31055216295534,-0.288439697384258,-0.7707926980627884,0.9649580404846618,-0.7517500697760751,0.5490863902945103,-0.5443201567604616,-0.9923822985600096,-0.5065607304015044
IBM20240198,Septiembre-Diciembre 2022,Ingeniería Biomédica,2024,Irregular,-3.47039865240686,-3.340595193099267,-1.165829782915134,-0.3619689161263786,0.4253099296925961,1.1098200802237113,-0.3767312323191194,0.14257360460620055,-1.0065699733169846,-0.7598085705168535,-1.124469953493074,-1.0302077094647206,-1.1414933521841435,0.9364341109541224,0.3992661352687664,-0.45715245596448484,-0.02201016680455571,-0.30345468475780424,1.504013521626209,0.9649580404846618,1.1640619702910142,0.5490863902945103,1.4152324075772,-0.9923822985600096,-0.5065607304015044
IBM20240198,Septiembre-Diciembre 2023,Ingeniería Biomédica,2024,Irregular,-1.4218541091455137,-1.6442931968254353,0.2949572654615675,-0.3462561735470252,-0.5126252132718706,1.845526954904194,0.8412444993533734,3.125422421393516,-1.0065699733169846,1.0971040951403492,-0.28206614131491065,1.1319298992648084,-1.1414933521841435,2.3624976427272446,2.2762866958969905,-0.45715245596448484,-0.6399212121766139,2.6968127922471625,1.504013521626209,-0.15466226432855207,1.1640619702910142,-0.3838001809711627,-0.5443201567604616,0.609216919956064,-0.5065607304015044
IBM20240201,Mayo-Agosto 2023,Ingeniería Biomédica,2024,Regular,0.02411020077767609,0.42240385559679505,0.7237455035422907,1.1691505552173436,-0.5126252132718706,-0.3615936691372542,-0.3767312323191194,0.14257360460620055,-1.0065699733169846,0.0972280444018555,0.5603376708632528,0.05086109490004391,-1.1414933521841435,-0.4896294208189999,0.3992661352687664,-0.45715245596448484,1.038497627345628,-0.06028988924076313,-0.7707926980627884,-0.15466226432855207,-0.7517500697760751,0.5490863902945103,-0.5443201567604616,-0.9923822985600096,-0.5065607304015044
IBM20240201,Septiembre-Diciembre 2022,Ingeniería Biomédica,2024,Regular,-0.31255867959118055,-0.3699194819032598,-0.3058307743351523,0.01775569620801055,-0.5126252132718706,0.3741132055432285,-0.3767312323191194,0.14257360460620055,-1.0065699733169846,0.9542646593205645,0.2795364001371983,-1.0302077094647206,-1.1414933521841435,0.9364341109541224,0.3992661352687664,-0.45715245596448484,-0.02201016680455571,0.4240897034331182,0.3666104117817102,-0.15466226432855207,0.2061559502574696,-0.3838001809711627,1.4152324075772,-0.9923822985600096,-0.5065607304015044
IBM20240201,Septiembre-Diciembre 2023,Ingeniería Biomédica,2024,Regular,0.2512190387214125,0.42777189988880204,2.7005319570669815,1.0355922432928353,-1.4505603562363374,0.3741132055432285,-0.3767312323191194,0.14257360460620055,-1.0065699733169846,1.6684618384194887,2.1047446598565527,1.1319298992648084,-1.1414933521841435,-0.4896294208189999,0.3992661352687664,-0.45715245596448484,0.621766922327263,0.4494396821157287,-0.7707926980627884,-0.15466226432855207,-0.7517500697760751,0.5490863902945103,-1.5240964389292924,0.609216919956064,-0.5065607304015044
IBM20240285,Enero-Abril 2023,Ingeniería Biomédica,2024,Irregular,-1.4161478569358725,-1.4080992479771808,-1.165829782915134,-0.2598360893605771,1.3632450726570629,1.845526954904194,-0.3767312323191194,0.14257360460620055,-1.0065699733169846,-0.6169691346970686,-1.124469953493074,-1.0302077094647206,-1.1414933521841435,0.9364341109541224,0.3992661352687664,-0.45715245596448484,-0.02201016680455571,-0.31749467295125006,0.3666104117817102,0.9649580404846618,0.2061559502574696,0.5490863902945103,1.4152324075772,-0.9923822985600096,-0.5065607304015044
IBM20240285,Septiembre-Diciembre 2023,Ingeniería Biomédica,2024,Regular,-0.49972375206742614,-0.11440057360378444,-0.3058307743351523,0.9334594165270338,-1.4505603562363374,-0.3615936691372542,-0.3767312323191194,0.8882858088030295,-1.0065699733169846,-0.18845082723771414,0.2795364001371983,0.05086109490004391,-1.1414933521841435,-0.4896294208189999,0.3992661352687664,-0.45715245596448484,1.709577762668305,-0.45145956029704576,-0.7707926980627884,-1.2742825691417659,-0.7517500697760751,-0.3838001809711627,-1.5240964389292924,0.609216919956064,-0.5065607304015044
IBM20240296,Enero-Abril 2023,Ingeniería Biomédica,2024,Regular,0.6152779296965484,0.5029245199768819,-0.13383097261915597,1.4973722890971843,-1.4505603562363374,-1.097300543817737,-0.3767312323191194,0.14257360460620055,-1.0065699733169846,0.9542646593205645,0.5603376708632528,0.05086109490004391,-1.1414933521841435,-0.4896294208189999,-0.5392441450453458,1.5198834899598457,-0.02201016680455571,-0.42552458210637495,-0.7707926980627884,0.9649580404846618,-0.7517500697760751,0.5490863902945103,-1.5240964389292924,0.609216919956064,1.974096964064686
IBM20240296,Septiembre-Diciembre 2022,Ingeniería Biomédica,2024,Regular,-0.765635105036726,0.0,-1.165829782915134,1.0582884270185682,-0.5126252132718706,-1.097300543817737,-0.3767312323191194,-0.6031385995906284,-1.0065699733169846,-0.7598085705168535,-1.124469953493074,-1.0302077094647206,-1.1414933521841435,-0.4896294208189999,-0.5392441450453458,1.5198834899598457,0.0,-0.38340461752603744,-0.7707926980627884,-0.15466226432855207,-0.7517500697760751,-0.3838001809711627,-0.5443201567604616,0.609216919956064,1.974096964064686
IBM20240296,Septiembre-Diciembre 2023,Ingeniería Biomédica,2024,Regular,0.3961578448463111,0.19479877761575037,1.2397449086902796,0.4000990989722934,0.4253099296925961,-0.3615936691372542,-0.3767312323191194,0.8882858088030295,-1.0065699733169846,1.6684618384194887,1.1219402123153617,1.1319298992648084,-1.1414933521841435,0.9364341109541224,0.3992661352687664,-0.45715245596448484,-0.4344298645296271,1.1412991003149762,0.3666104117817102,0.9649580404846618,0.2061559502574696,0.5490863902945103,-1.5240964389292924,0.609216919956064,-0.5065607304015044
IBM20240305,Septiembre-Diciembre 2023,Ingeniería Biomédica,2024,Regular,1.7188671070412402,1.5411042860508029,0.20774609839430164,1.766234773232798,-1.4505603562363374,-1.097300543817737,-0.3767312323191194,-0.6031385995906284,-1.0065699733169846,0.6685857876809949,1.1219402123153617,-1.0302077094647206,-1.1414933521841435,-0.4896294208189999,-0.5392441450453458,-0.45715245596448484,-0.02201016680455571,-0.4266945811224955,-0.7707926980627884,-0.15466226432855207,-0.7517500697760751,0.5490863902945103,0.43545612540836925,-0.9923822985600096,-0.5065607304015044
IBM20240307,Septiembre-Diciembre 2023,Ingeniería Biomédica,2024,Regular,0.315129063469399,0.22056539021737764,-0.13383097261915597,0.21067325787674715,0.4253099296925961,0.3741132055432285,-0.3767312323191194,0.14257360460620055,-1.0065699733169846,0.6685857876809949,0.5603376708632528,-1.0302077094647206,-1.1414933521841435,0.9364341109541224,0.3992661352687664,-0.45715245596448484,-0.02201016680455571,0.6810994873075851,0.3666104117817102,0.9649580404846618,0.2061559502574696,0.5490863902945103,-0.5443201567604616,0.609216919956064,-0.5065607304015044
IBM20240364,Enero-Abril 2023,Ingeniería Biomédica,2024,Regular,0.16220150425100288,-0.0446159978077085,1.2397449086902796,0.6392819582357936,-1.4505603562363374,-1.097300543817737,-0.3767312323191194,-0.6031385995906284,-1.0065699733169846,0.6685857876809949,1.1219402123153617,0.05086109490004391,-1.1414933521841435,-0.4896294208189999,-0.5392441450453458,-0.45715245596448484,-0.510590993377811,-0.05112489694781934,-0.7707926980627884,0.9649580404846618,-0.7517500697760751,0.5490863902945103,0.43545612540836925,0.609216919956064,-0.5065607304015044
IBM20240364,Septiembre-Diciembre 2022,Ingeniería Biomédica,2024,Regular,0.42126535456873415,0.32041101404868616,-0.13383097261915597,0.7789507811633847,-0.5126252132718706,-0.3615936691372542,-0.3767312323191194,-0.6031385995906284,-1.0065699733169846,0.0972280444018555,0.5603376708632528,-1.0302077094647206,-1.1414933521841435,-0.4896294208189999,-0.5392441450453458,-0.45715245596448484,-0.02201016680455571,-0.3791146211335957,-0.7707926980627884,-0.15466226432855207,-0.7517500697760751,-0.3838001809711627,-0.5443201567604616,-0.9923822985600096,-0.5065607304015044
IBM20240364,Septiembre-Diciembre 2023,Ingeniería Biomédica,2024,Regular,0.4303953581041606,0.581297966640167,2.8725317587829777,1.230255665248165,0.4253099296925961,-1.097300543817737,-0.3767312323191194,-0.6031385995906284,-1.0065699733169846,1.0971040951403492,1.5431421184044436,1.1319298992648084,-1.1414933521841435,-0.4896294208189999,-0.5392441450453458,-0.45715245596448484,0.6533809758114149,0.3616897559066922,-0.7707926980627884,-0.15466226432855207,-0.7517500697760751,0.5490863902945103,-1.5240964389292924,0.609216919956064,-0.5065607304015044
IBM20240370,Enero-Abril 2023,Ingeniería Biomédica,2024,Irregular,-1.8155855116107866,-2.7286381438106058,-1.165829782915134,-0.023272020526969382,-0.5126252132718706,1.845526954904194,-0.3767312323191194,0.8882858088030295,-1.0065699733169846,-0.7598085705168535,-1.124469953493074,0.05086109490004391,-1.1414933521841435,0.9364341109541224,1.3377764155828784,-0.45715245596448484,-2.551134445536701,-0.3379696557333586,1.504013521626209,-0.15466226432855207,1.1640619702910142,-0.3838001809711627,1.4152324075772,0.609216919956064,-0.5065607304015044
IBM20240370,Mayo-Agosto 2023,Ingeniería Biomédica,2024,Irregular,-2.488923272348499,-3.0507208013309537,-1.165829782915134,-0.7486769696071478,1.3632450726570629,2.5812338295846766,0.8412444993533734,2.3797102171966875,-1.0065699733169846,0.0972280444018555,-1.124469953493074,1.1319298992648084,-1.1414933521841435,2.3624976427272446,3.214796976211103,-0.45715245596448484,-1.7176730354999712,2.915797608097714,2.6414166314707077,-1.2742825691417659,2.121967990324559,-1.3166867522368357,-0.5443201567604616,-0.9923822985600096,-0.5065607304015044
IBM20240370,Septiembre-Diciembre 2022,Ingeniería Biomédica,2024,Irregular,-0.8112851227138598,-0.8390865530245667,-1.165829782915134,-0.2484879974977107,-0.5126252132718706,1.1098200802237113,-0.3767312323191194,0.14257360460620055,-1.0065699733169846,0.3829069160414252,-1.124469953493074,-1.0302077094647206,-1.1414933521841435,0.9364341109541224,0.3992661352687664,1.5198834899598457,-0.02201016680455571,-0.38164961900185673,0.3666104117817102,-1.2742825691417659,0.2061559502574696,-1.3166867522368357,1.4152324075772,-0.9923822985600096,1.974096964064686
IBM20240370,Septiembre-Diciembre 2023,Ingeniería Biomédica,2024,Irregular,-1.968513070829182,0.030536622280372933,-0.8218301794831414,1.204067760949242,-0.5126252132718706,-1.097300543817737,-0.3767312323191194,2.3797102171966875,-1.0065699733169846,-1.045487442156423,-0.5628674120409651,2.212998703629573,-1.1414933521841435,-0.4896294208189999,3.214796976211103,-0.45715245596448484,3.2543553760984505,-0.37735962260941497,-0.7707926980627884,-1.2742825691417659,-0.7517500697760751,-1.3166867522368357,-1.5240964389292924,-0.9923822985600096,-0.5065607304015044
IBM20240380,Mayo-Agosto 2023,Ingeniería Biomédica,2024,Regular,-0.6286850520053265,-0.6673091356803804,-0.7370415448344108,1.0067855485640185,0.4253099296925961,-1.097300543817737,-0.3767312323191194,0.14257360460620055,-1.0065699733169846,-0.9026480063366383,-0.42246677667793786,-1.0302077094647206,-1.1414933521841435,-0.4896294208189999,-0.5392441450453458,-0.45715245596448484,-0.02201016680455571,-0.3457696491741618,-0.7707926980627884,-0.15466226432855207,-0.7517500697760751,-0.3838001809711627,0.43545612540836925,0.609216919956064,-0.5065607304015044
IBM20240380,Septiembre-Diciembre 2023,Ingeniería Biomédica,2024,Irregular,-1.7779242470271512,-2.109165832513137,-0.2210421396864217,-0.8036715686348873,0.4253099296925961,2.5812338295846766,0.8412444993533734,1.6339980129998586,-1.0065699733169846,1.0971040951403492,-0.28206614131491065,0.05086109490004391,-1.1414933521841435,2.3624976427272446,1.3377764155828784,-0.45715245596448484,-1.951904431768914,5.591975357637307,1.504013521626209,-0.15466226432855207,1.1640619702910142,-0.3838001809711627,-0.5443201567604616,0.609216919956064,-0.5065607304015044
IDS20200001,Enero-Abril 2023,Ingeniería en Desarrollo de Software,2020,Irregular,-0.7085725829403097,-0.7854061101045088,-0.0005916895997222116,-0.4117259342943338,0.4253099296925961,-0.3615936691372542,-0.3767312323191194,-0.6031385995906284,1.5407724037410715,-0.9026480063366383,-0.42246677667793786,0.05086109490004391,1.3301443803153619,-0.4896294208189999,-0.5392441450453458,-0.45715245596448484,-0.1369703612923805,-0.3479146473703827,0.3666104117817102,-0.15466226432855207,0.2061559502574696,-0.3838001809711627,-0.5443201567604616,0.609216919956064,-0.5065607304015044
IDS20200001,Mayo-Agosto 2023,Ingeniería en Desarrollo de Software,2020,Irregular,-0.48032249455464443,-0.09829644072776644,0.5396330397336185,-0.43005746730357963,0.4253099296925961,-0.3615936691372542,-0.3767312323191194,-0.6031385995906284,1.5407724037410715,-0.7598085705168535,-0.28206614131491065,1.1319298992648084,1.3301443803153619,-0.4896294208189999,-0.5392441450453458,-0.45715245596448484,0.8401912918541301,-0.3561046404832261,0.3666104117817102,-0.15466226432855207,0.2061559502574696,-0.3838001809711627,0.43545612540836925,0.609216919956064,-0.5065607304015044
IDS20200001,Septiembre-Diciembre 2022,Ingeniería en Desarrollo de Software,2020,Irregular,-0.662922565263176,-0.6995174014324148,-0.4487601870287267,-1.088246795349855,0.4253099296925961,0.3741132055432285,0.8412444993533734,-0.6031385995906284,1.5407724037410715,-0.4741296988772838,-0.0012648705888561507,-1.0302077094647206,1.3301443803153619,-0.4896294208189999,-0.5392441450453458,-0.45715245596448484,-0.02201016680455571,-0.35688463982730645,0.3666104117817102,0.9649580404846618,0.2061559502574696,0.5490863902945103,1.4152324075772,0.609216919956064,-0.5065607304015044
IDS20200001,Septiembre-Diciembre 2023,Ingeniería en Desarrollo de Software,2020,Irregular,-0.16990237435013975,0.20231403962455777,1.6152374335632298,-0.23364818506165394,1.3632450726570629,-1.097300543817737,-0.3767312323191194,-0.6031385995906284,1.5407724037410715,0.0972280444018555,0.5603376708632528,2.212998703629573,1.3301443803153619,-0.4896294208189999,-0.5392441450453458,-0.45715245596448484,0.9551514863419548,-0.4801245361919977,0.3666104117817102,-1.2742825691417659,0.2061559502574696,-0.3838001809711627,1.4152324075772,-0.9923822985600096,-0.5065607304015044
IDS20200012,Enero-Abril 2023,Ingeniería en Desarrollo de Software,2020,Irregular,-0.7371038439885179,-0.538476072672241,-0.7176612854861294,-1.099594887212722,-0.5126252132718706,0.3741132055432285,0.8412444993533734,0.14257360460620055,1.5407724037410715,-0.9026480063366383,-0.42246677667793786,0.05086109490004391,1.3301443803153619,-0.4896294208189999,0.3992661352687664,-0.45715245596448484,0.5959008785675024,-0.4157745903053709,0.3666104117817102,-1.2742825691417659,0.2061559502574696,-1.3166867522368357,1.4152324075772,2.210816138472137,-0.5065607304015044
IDS20200012,Mayo-Agosto 2023,Ingeniería en Desarrollo de Software,2020,Irregular,-0.2098461398176305,0.7176462916571138,-0.17985908857132388,-0.5758368012342535,0.4253099296925961,0.3741132055432285,-0.3767312323191194,0.14257360460620055,1.5407724037410715,-0.7598085705168535,-0.28206614131491065,1.1319298992648084,1.3301443803153619,-0.4896294208189999,0.3992661352687664,-0.45715245596448484,1.9682382002659107,-0.37404462539707356,0.3666104117817102,0.9649580404846618,0.2061559502574696,0.5490863902945103,1.4152324075772,0.609216919956064,-0.5065607304015044
IDS20200012,Septiembre-Diciembre 2022,Ingeniería en Desarrollo de Software,2020,Irregular,-0.9824726890031087,-1.0001278817847405,-1.165829782915134,-1.2436283608568008,1.3632450726570629,1.1098200802237113,2.0592202310258663,0.14257360460620055,1.5407724037410715,0.0972280444018555,-1.124469953493074,-1.0302077094647206,1.3301443803153619,0.9364341109541224,0.3992661352687664,1.5198834899598457,-0.02201016680455571,-0.36799963048045103,1.504013521626209,-0.15466226432855207,2.121967990324559,-0.3838001809711627,-0.5443201567604616,-0.9923822985600096,1.974096964064686
IDS20200012,Septiembre-Diciembre 2023,Ingeniería en Desarrollo de Software,2020,Irregular,0.4931641324102182,0.7842100408779861,2.332307029449637,-0.47108518403855953,0.4253099296925961,0.3741132055432285,-0.3767312323191194,0.14257360460620055,1.5407724037410715,2.382659017518413,2.8067478366716885,2.212998703629573,1.3301443803153619,-0.4896294208189999,0.3992661352687664,-0.45715245596448484,1.3934372278267868,1.001484217888578,0.3666104117817102,-0.15466226432855207,0.2061559502574696,1.4819729615601833,-0.5443201567604616,-0.9923822985600096,-0.5065607304015044
IDS20200026,Enero-Abril 2023,Ingeniería en Desarrollo de Software,2020,Irregular,-1.3248478215816066,-1.3222105393050883,-1.165829782915134,-1.4444022938152135,-0.5126252132718706,0.3741132055432285,2.0592202310258663,0.14257360460620055,1.5407724037410715,-0.4741296988772838,-1.124469953493074,0.05086109490004391,1.3301443803153619,0.9364341109541224,0.3992661352687664,-0.45715245596448484,-0.02201016680455571,-0.423184584074134,1.504013521626209,-1.2742825691417659,2.121967990324559,-1.3166867522368357,0.43545612540836925,0.609216919956064,-0.5065607304015044
IDS20200026,Septiembre-Diciembre 2022,Ingeniería en Desarrollo de Software,2020,Irregular,-0.765635105036726,0.0,-1.165829782915134,-0.7635167820432046,0.4253099296925961,-1.097300543817737,-0.3767312323191194,-0.6031385995906284,1.5407724037410715,0.0972280444018555,-1.124469953493074,-1.0302077094647206,1.3301443803153619,-0.4896294208189999,-0.5392441450453458,1.5198834899598457,0.0,-0.29877468869332224,0.3666104117817102,-0.15466226432855207,0.2061559502574696,-0.3838001809711627,-0.5443201567604616,-0.9923822985600096,1.974096964064686
IDS20200026,Septiembre-Diciembre 2023,Ingeniería en Desarrollo de Software,2020,Regular,-0.43238997599365453,-0.31516543012480014,0.8085341381910214,-1.3195732833236784,-0.5126252132718706,1.1098200802237113,2.0592202310258663,2.3797102171966875,0.2671012152120434,2.096980145878843,1.9643440244935253,1.1319298992648084,1.3301443803153619,0.9364341109541224,1.3377764155828784,-0.45715245596448484,1.32589811356519,0.8883843129969311,0.3666104117817102,0.9649580404846618,1.1640619702910142,1.4819729615601833,-0.5443201567604616,0.609216919956064,-0.5065607304015044
IDS20200055,Enero-Abril 2023,Ingeniería en Desarrollo de Software,2020,Irregular,0.6266904341158326,0.5136606085608945,-0.4487601870287267,-0.13064242815255453,0.4253099296925961,-0.3615936691372542,-0.3767312323191194,-0.6031385995906284,1.5407724037410715,-0.4741296988772838,-0.0012648705888561507,0.05086109490004391,1.3301443803153619,-0.4896294208189999,-0.5392441450453458,-0.45715245596448484,-0.02201016680455571,-0.4582845545577486,0.3666104117817102,0.9649580404846618,0.2061559502574696,0.5490863902945103,0.43545612540836925,0.609216919956064,-0.5065607304015044
IDS20200055,Mayo-Agosto 2023,Ingeniería en Desarrollo de Software,2020,Irregular,0.9953143268586825,1.555061201210019,-0.09022538908552294,-0.550521827078627,0.4253099296925961,-0.3615936691372542,-0.3767312323191194,-0.6031385995906284,1.5407724037410715,-1.045487442156423,-0.5628674120409651,1.1319298992648084,1.3301443803153619,-0.4896294208189999,-0.5392441450453458,-0.45715245596448484,1.3718821913603196,-0.4397595701358409,0.3666104117817102,0.9649580404846618,0.2061559502574696,0.5490863902945103,1.4152324075772,-0.9923822985600096,-0.5065607304015044
IDS20200055,Septiembre-Diciembre 2022,Ingeniería en Desarrollo de Software,2020,Irregular,-0.765635105036726,0.0,-1.165829782915134,-0.6439253524114545,1.3632450726570629,0.3741132055432285,-0.3767312323191194,-0.6031385995906284,1.5407724037410715,-0.6169691346970686,-1.124469953493074,-1.0302077094647206,1.3301443803153619,-0.4896294208189999,-0.5392441450453458,1.5198834899598457,0.0,-0.40446459981620625,0.3666104117817102,0.9649580404846618,0.2061559502574696,0.5490863902945103,0.43545612540836925,-0.9923822985600096,1.974096964064686
IDS20200065,Enero-Abril 2023,Ingeniería en Desarrollo de Software,2020,Baja Temporal,1.467792009817008,1.0665691706374905,0.09146454230461405,-2.4666034916165245,1.3632450726570629,0.3741132055432285,3.2771959626983587,0.14257360460620055,0.9039368094765574,-0.4741296988772838,-0.0012648705888561507,0.05086109490004391,1.3301443803153619,-0.4896294208189999,-0.5392441450453458,-0.45715245596448484,-0.9776167834845992,-0.42883957931871636,0.3666104117817102,0.9649580404846618,1.1640619702910142,0.5490863902945103,2.395008689746031,0.609216919956064,-0.5065607304015044
IDS20200065,Septiembre-Diciembre 2022,Ingeniería en Desarrollo de Software,2020,Baja Temporal,1.9733659555912575,1.7805190614742616,-0.6280275860003285,-2.8445822436643193,2.3011802156215295,0.3741132055432285,3.2771959626983587,0.14257360460620055,0.9039368094765574,0.24006748022164032,-0.28206614131491065,-1.0302077094647206,1.3301443803153619,-0.4896294208189999,-0.5392441450453458,-0.45715245596448484,-0.02201016680455571,-0.43098457751493724,0.3666104117817102,-1.2742825691417659,1.1640619702910142,-1.3166867522368357,1.4152324075772,2.210816138472137,1.974096964064686
IDS20200066,Enero-Abril 2023,Ingeniería en Desarrollo de Software,2020,Irregular,0.4783278766651505,0.37409145696874413,-0.8072949849719304,-0.7635167820432046,0.4253099296925961,0.3741132055432285,-0.3767312323191194,-0.6031385995906284,1.5407724037410715,-1.045487442156423,-0.5628674120409651,0.05086109490004391,1.3301443803153619,-0.4896294208189999,-0.5392441450453458,-0.45715245596448484,-0.02201016680455571,-0.39061961145878044,0.3666104117817102,-0.15466226432855207,0.2061559502574696,-0.3838001809711627,1.4152324075772,0.609216919956064,-0.5065607304015044
IDS20200066,Mayo-Agosto 2023,Ingeniería en Desarrollo de Software,2020,Irregular,-1.0224164544705996,-2.4494998406263044,-0.8072949849719304,-1.8572982515949064,1.3632450726570629,2.5812338295846766,2.0592202310258663,0.14257360460620055,1.5407724037410715,-0.4741296988772838,-1.124469953493074,1.1319298992648084,1.3301443803153619,0.9364341109541224,0.3992661352687664,-0.45715245596448484,-3.8013265605917956,-0.3759946237572744,2.6414166314707077,0.9649580404846618,2.121967990324559,0.5490863902945103,0.43545612540836925,2.210816138472137,-0.5065607304015044
IDS20200066,Septiembre-Diciembre 2022,Ingeniería en Desarrollo de Software,2020,Irregular,-0.765635105036726,0.0,-1.165829782915134,-0.7897046863421278,1.3632450726570629,-0.3615936691372542,-0.3767312323191194,-0.6031385995906284,1.5407724037410715,-0.7598085705168535,-1.124469953493074,-1.0302077094647206,1.3301443803153619,-0.4896294208189999,-0.5392441450453458,1.5198834899598457,0.0,-0.3564946401552663,0.3666104117817102,-1.2742825691417659,0.2061559502574696,-1.3166867522368357,0.43545612540836925,-0.9923822985600096,1.974096964064686
IDS20200066,Septiembre-Diciembre 2023,Ingeniería en Desarrollo de Software,2020,Irregular,-1.3157178180461786,-1.4972087832244767,-0.4487601870287267,-2.079022507992458,0.4253099296925961,2.5812338295846766,2.0592202310258663,1.6339980129998586,1.5407724037410715,0.3829069160414252,-0.5628674120409651,2.212998703629573,1.3301443803153619,2.3624976427272446,2.2762866958969905,-0.45715245596448484,-0.6370472073144183,7.686078596656957,2.6414166314707077,-0.15466226432855207,2.121967990324559,-0.3838001809711627,1.4152324075772,0.609216919956064,-0.5065607304015044
IDS20200078,Enero-Abril 2023,Ingeniería en Desarrollo de Software,2020,Irregular,-0.17789112744363725,0.05200879944839642,0.09146454230461405,-0.3523666845501067,-0.5126252132718706,-1.097300543817737,-0.3767312323191194,-0.6031385995906284,1.5407724037410715,-0.7598085705168535,-0.28206614131491065,0.05086109490004391,1.3301443803153619,-0.4896294208189999,-0.5392441450453458,-0.45715245596448484,0.7683411702992395,-0.39393460867112184,0.3666104117817102,-0.15466226432855207,0.2061559502574696,-0.3838001809711627,0.43545612540836925,-0.9923822985600096,-0.5065607304015044
IDS20200078,Septiembre-Diciembre 2022,Ingeniería en Desarrollo de Software,2020,Irregular,-0.49173499897392703,-0.538476072672241,-0.4487601870287267,-0.6317043304052902,-0.5126252132718706,-0.3615936691372542,-0.3767312323191194,-0.6031385995906284,1.5407724037410715,-0.4741296988772838,-0.0012648705888561507,-1.0302077094647206,1.3301443803153619,-0.4896294208189999,-0.5392441450453458,-0.45715245596448484,-0.02201016680455571,-0.3239296675399127,0.3666104117817102,0.9649580404846618,0.2061559502574696,0.5490863902945103,-0.5443201567604616,0.609216919956064,-0.5065607304015044
IDS20200078,Septiembre-Diciembre 2023,Ingeniería en Desarrollo de Software,2020,Irregular,-0.5624925263734838,-0.9679196160327046,0.6292667392194196,-1.4042475072235308,1.3632450726570629,0.3741132055432285,2.0592202310258663,0.14257360460620055,1.5407724037410715,-0.18845082723771414,-0.28206614131491065,1.1319298992648084,1.3301443803153619,0.9364341109541224,0.3992661352687664,-0.45715245596448484,-0.9919868077955774,-0.2430047355915791,1.504013521626209,0.9649580404846618,2.121967990324559,0.5490863902945103,1.4152324075772,2.210816138472137,-0.5065607304015044
IDS20200099,Enero-Abril 2023,Ingeniería en Desarrollo de Software,2020,Irregular,-2.4147419936231582,-2.347506999078195,-0.8072949849719304,-1.5456621904377177,1.3632450726570629,1.845526954904194,2.0592202310258663,0.8882858088030295,0.9039368094765574,-0.4741296988772838,-0.5628674120409651,0.05086109490004391,1.3301443803153619,0.9364341109541224,0.3992661352687664,-0.45715245596448484,-0.02201016680455571,6.520564576764933,1.504013521626209,0.9649580404846618,2.121967990324559,0.5490863902945103,-0.5443201567604616,0.609216919956064,-0.5065607304015044
IDS20200099,Septiembre-Diciembre 2022,Ingeniería en Desarrollo de Software,2020,Irregular,-0.765635105036726,0.0,-1.165829782915134,-0.8150196604977537,1.3632450726570629,-1.097300543817737,-0.3767312323191194,-0.6031385995906284,1.5407724037410715,0.0972280444018555,-1.124469953493074,-1.0302077094647206,1.3301443803153619,-0.4896294208189999,-0.5392441450453458,3.496919435884176,0.0,-0.42337958391015407,0.3666104117817102,0.9649580404846618,0.2061559502574696,0.5490863902945103,1.4152324075772,0.609216919956064,1.974096964064686
IDS20200101,Enero-Abril 2023,Ingeniería en Desarrollo de Software,2020,Irregular,2.4184536279433053,2.1992265162507145,-0.6280275860003285,0.3782758453898572,-1.4505603562363374,-1.097300543817737,-0.3767312323191194,-0.6031385995906284,1.5407724037410715,-0.7598085705168535,-0.28206614131491065,-1.0302077094647206,1.3301443803153619,-0.4896294208189999,-0.5392441450453458,-0.45715245596448484,-0.02201016680455571,-0.38496461621419814,0.3666104117817102,0.9649580404846618,0.2061559502574696,0.5490863902945103,-1.5240964389292924,0.609216919956064,-0.5065607304015044
IDS20200101,Septiembre-Diciembre 2023,Ingeniería en Desarrollo de Software,2020,Irregular,0.4555028678265836,-0.2625585960631439,0.4499993402478176,-1.5666125138768565,1.3632450726570629,0.3741132055432285,2.0592202310258663,0.14257360460620055,1.5407724037410715,0.8114252235007796,0.5603376708632528,0.05086109490004391,1.3301443803153619,0.9364341109541224,0.3992661352687664,-0.45715245596448484,-3.3170567413118337,1.1563140876885227,1.504013521626209,0.9649580404846618,2.121967990324559,0.5490863902945103,0.43545612540836925,0.609216919956064,-0.5065607304015044
IDS20200114,Enero-Abril 2023,Ingeniería en Desarrollo de Software,2020,Irregular,0.13937649541243766,-0.5062678069202066,0.09146454230461405,-0.2912615745192852,-0.5126252132718706,-0.3615936691372542,-0.3767312323191194,-0.6031385995906284,1.5407724037410715,-1.045487442156423,-0.5628674120409651,0.05086109490004391,1.3301443803153619,-0.4896294208189999,-0.5392441450453458,-0.45715245596448484,-1.1500570752163362,-0.42396458341821436,0.3666104117817102,-1.2742825691417659,0.2061559502574696,-1.3166867522368357,1.4152324075772,0.609216919956064,-0.5065607304015044
IDS20200114,Mayo-Agosto 2023,Ingeniería en Desarrollo de Software,2020,Irregular,-0.2657674114721196,-0.8981350402366302,0.4499993402478176,-1.2209321771310673,1.3632450726570629,-0.3615936691372542,2.0592202310258663,0.14257360460620055,1.5407724037410715,-0.18845082723771414,-0.5628674120409651,1.1319298992648084,1.3301443803153619,0.9364341109541224,0.3992661352687664,-0.45715245596448484,-1.2980683256194108,-0.3344596586849971,1.504013521626209,-0.15466226432855207,2.121967990324559,-0.3838001809711627,1.4152324075772,0.609216919956064,-0.5065607304015044
IDS20200114,Septiembre-Diciembre 2022,Ingeniería en Desarrollo de Software,2020,Irregular,0.4383841111976581,0.33651514692470264,-0.26949278805712484,-0.4623558826055856,0.4253099296925961,-1.097300543817737,-0.3767312323191194,-0.6031385995906284,1.5407724037410715,-0.18845082723771414,0.2795364001371983,-1.0302077094647206,1.3301443803153619,-0.4896294208189999,-0.5392441450453458,-0.45715245596448484,-0.02201016680455571,-0.3449896498300815,0.3666104117817102,-1.2742825691417659,0.2061559502574696,-0.3838001809711627,1.4152324075772,0.609216919956064,-0.5065607304015044
IDS20200114,Septiembre-Diciembre 2023,Ingeniería en Desarrollo de Software,2020,Irregular,-0.3798924556649522,-0.9679196160327046,0.4499993402478176,-1.0306334058922237,1.3632450726570629,-0.3615936691372542,-0.3767312323191194,0.8882858088030295,1.5407724037410715,-1.045487442156423,-1.124469953493074,2.212998703629573,1.3301443803153619,0.9364341109541224,1.3377764155828784,-0.45715245596448484,-0.881337620601046,-0.39354460899908167,1.504013521626209,-1.2742825691417659,1.1640619702910142,-1.3166867522368357,0.43545612540836925,2.210816138472137,-0.5065607304015044
IDS20200117,Enero-Abril 2023,Ingeniería en Desarrollo de Software,2020,Irregular,1.0204218365811055,0.8840556647092946,-0.26949278805712484,-0.6168645179692335,0.4253099296925961,-0.3615936691372542,-0.3767312323191194,-0.6031385995906284,1.5407724037410715,-0.18845082723771414,0.2795364001371983,-1.0302077094647206,1.3301443803153619,-0.4896294208189999,-0.5392441450453458,-0.45715245596448484,-0.02201016680455571,-0.06028988924076313,0.3666104117817102,-0.15466226432855207,0.2061559502574696,0.5490863902945103,-0.5443201567604616,-0.9923822985600096,-0.5065607304015044
IDS20200117,Mayo-Agosto 2023,Ingeniería en Desarrollo de Software,2020,Irregular,1.1322643798900804,1.2007702779376352,0.18109824179041478,-0.324432919964589,0.4253099296925961,0.3741132055432285,-0.3767312323191194,-0.6031385995906284,1.5407724037410715,-0.9026480063366383,-0.42246677667793786,0.05086109490004391,1.3301443803153619,-0.4896294208189999,-0.5392441450453458,-0.45715245596448484,0.4019055503692982,-0.4188945876816922,0.3666104117817102,-1.2742825691417659,0.2061559502574696,-1.3166867522368357,1.4152324075772,-0.9923822985600096,-0.5065607304015044
IDS20200117,Septiembre-Diciembre 2023,Ingeniería en Desarrollo de Software,2020,Irregular,1.0398230940938857,0.7713267345771717,1.3463363351058266,-0.3034825965254495,-1.4505603562363374,0.3741132055432285,-0.3767312323191194,-0.6031385995906284,1.5407724037410715,0.24006748022164032,0.7007383062262801,1.1319298992648084,1.3301443803153619,-0.4896294208189999,-0.5392441450453458,-0.45715245596448484,-0.31372166031741106,0.045400021882120764,0.3666104117817102,0.9649580404846618,0.2061559502574696,0.5490863902945103,-0.5443201567604616,-0.9923822985600096,-0.5065607304015044
IDS20200152,Enero-Abril 2023,Ingeniería en Desarrollo de Software,2020,Irregular,-1.385334095003808,-3.072192978498977,-0.26949278805712484,-1.8826132257505324,1.3632450726570629,1.1098200802237113,2.0592202310258663,1.6339980129998586,0.2671012152120434,-0.6169691346970686,-1.124469953493074,0.05086109490004391,1.3301443803153619,0.9364341109541224,0.3992661352687664,-0.45715245596448484,-3.420520916350876,-0.3980296052275435,1.504013521626209,-1.2742825691417659,2.121967990324559,-1.3166867522368357,2.395008689746031,2.210816138472137,-0.5065607304015044
IDS20200152,Mayo-Agosto 2023,Ingeniería en Desarrollo de Software,2020,Irregular,-2.116875628279865,-2.583700947926449,-0.26949278805712484,-3.50451743199719,2.3011802156215295,4.788354453626125,3.2771959626983587,4.616846829787174,0.2671012152120434,1.8113012742392733,-1.124469953493074,1.1319298992648084,1.3301443803153619,5.214624706273489,4.153307256525215,-0.45715245596448484,-1.6343268944962983,1.2120840407902658,4.916222851159705,-1.2742825691417659,4.995686050425193,-1.3166867522368357,2.395008689746031,2.210816138472137,-0.5065607304015044
IDS20200152,Septiembre-Diciembre 2022,Ingeniería en Desarrollo de Software,2020,Regular,-0.4860287467642857,-0.5331080283802355,-0.26949278805712484,-0.12976949800925788,0.4253099296925961,-0.3615936691372542,-0.3767312323191194,0.8882858088030295,0.2671012152120434,-0.18845082723771414,0.2795364001371983,-1.0302077094647206,1.3301443803153619,-0.4896294208189999,-0.5392441450453458,-0.45715245596448484,-0.02201016680455571,-0.43507957407135894,-0.7707926980627884,0.9649580404846618,-0.7517500697760751,0.5490863902945103,-0.5443201567604616,-0.9923822985600096,-0.5065607304015044
IDS20200152,Septiembre-Diciembre 2023,Ingeniería en Desarrollo de Software,2020,Irregular,-1.869224282381418,-1.016232014660757,0.36036564076201666,-1.308225191460812,0.4253099296925961,-0.3615936691372542,2.0592202310258663,6.108271238180832,-0.3697343790524706,0.24006748022164032,-0.1416655059518834,2.212998703629573,1.3301443803153619,0.9364341109541224,5.0918175368393275,-0.45715245596448484,1.3848152132401998,-0.22213975313743042,0.3666104117817102,0.9649580404846618,1.1640619702910142,0.5490863902945103,1.4152324075772,2.210816138472137,-0.5065607304015044
IDS20200174,Enero-Abril 2023,Ingeniería en Desarrollo de Software,2020,Irregular,0.21013402281199278,0.12179337524447083,-0.35912648754292575,-0.7835941753390456,-0.5126252132718706,-1.097300543817737,-0.3767312323191194,-0.6031385995906284,1.5407724037410715,-0.331290263057499,0.13913576477417108,-1.0302077094647206,1.3301443803153619,-0.4896294208189999,-0.5392441450453458,-0.45715245596448484,-0.02201016680455571,0.0762099959732936,0.3666104117817102,-1.2742825691417659,0.2061559502574696,-0.3838001809711627,-0.5443201567604616,0.609216919956064,-0.5065607304015044
IDS20200174,Mayo-Agosto 2023,Ingeniería en Desarrollo de Software,2020,Irregular,-0.31141742914925163,-0.8605587301925887,0.27073194127621575,-1.25410352257637,0.4253099296925961,-0.3615936691372542,2.0592202310258663,0.14257360460620055,1.5407724037410715,0.3829069160414252,-0.1416655059518834,0.05086109490004391,1.3301443803153619,0.9364341109541224,0.3992661352687664,-0.45715245596448484,-1.3368673912590516,0.1969148944697238,1.504013521626209,-1.2742825691417659,2.121967990324559,-1.3166867522368357,-0.5443201567604616,0.609216919956064,-0.5065607304015044
IDS20200191,Septiembre-Diciembre 2022,Ingeniería en Desarrollo de Software,2020,Egresado,-0.8112851227138598,-0.8390865530245667,-1.165829782915134,-1.1510977656672712,1.3632450726570629,-0.3615936691372542,2.0592202310258663,0.14257360460620055,1.5407724037410715,-1.045487442156423,-1.124469953493074,-1.0302077094647206,1.3301443803153619,0.9364341109541224,0.3992661352687664,-0.45715245596448484,-0.02201016680455571,-0.3266596652441939,1.504013521626209,-0.15466226432855207,2.121967990324559,-0.3838001809711627,-0.5443201567604616,2.210816138472137,-0.5065607304015044
IDS20200191,Septiembre-Diciembre 2023,Ingeniería en Desarrollo de Software,2020,Egresado,0.8891780357593474,1.5604292455020246,-0.09022538908552294,0.17051847128506387,-0.5126252132718706,-0.3615936691372542,-0.3767312323191194,0.14257360460620055,1.5407724037410715,0.0972280444018555,0.5603376708632528,0.05086109490004391,1.3301443803153619,-0.4896294208189999,0.3992661352687664,-0.45715245596448484,3.189690266699049,-0.3742396252330937,0.3666104117817102,-1.2742825691417659,0.2061559502574696,-0.3838001809711627,-0.5443201567604616,-0.9923822985600096,-0.5065607304015044
IDS20200195,Mayo-Agosto 2023,Ingeniería en Desarrollo de Software,2020,Irregular,-1.347672830420172,-1.3436827164731102,-1.165829782915134,-1.265451614439237,1.3632450726570629,1.1098200802237113,2.0592202310258663,0.14257360460620055,1.5407724037410715,-0.7598085705168535,-1.124469953493074,-1.0302077094647206,1.3301443803153619,0.9364341109541224,0.3992661352687664,-0.45715245596448484,-0.02201016680455571,-0.32041967049155123,1.504013521626209,0.9649580404846618,2.121967990324559,0.5490863902945103,1.4152324075772,0.609216919956064,-0.5065607304015044
IDS20200195,Septiembre-Diciembre 2023,Ingeniería en Desarrollo de Software,2020,Irregular,-0.12196985578914983,0.09817398035964546,0.18109824179041478,-1.3562363493421714,-0.5126252132718706,1.1098200802237113,2.0592202310258663,1.6339980129998586,0.9039368094765574,1.382782966779919,0.9815395769523345,0.05086109490004391,1.3301443803153619,0.9364341109541224,1.3377764155828784,-0.45715245596448484,1.906447095728705,0.6001745553592515,1.504013521626209,-1.2742825691417659,2.121967990324559,-0.3838001809711627,0.43545612540836925,0.609216919956064,-0.5065607304015044
IDS20200210,Enero-Abril 2023,Ingeniería en Desarrollo de Software,2020,Irregular,0.3950165944043822,0.9323680633373456,-0.09022538908552294,-0.08699592098768216,-0.5126252132718706,-0.3615936691372542,-0.3767312323191194,0.14257360460620055,1.5407724037410715,-0.7598085705168535,-0.28206614131491065,0.05086109490004391,1.3301443803153619,-0.4896294208189999,0.3992661352687664,-0.45715245596448484,1.256921996872495,-0.28980469623639854,0.3666104117817102,-0.15466226432855207,0.2061559502574696,-0.3838001809711627,0.43545612540836925,-0.9923822985600096,-0.5065607304015044
IDS20200210,Septiembre-Diciembre 2022,Ingeniería en Desarrollo de Software,2020,Irregular,0.05606521315166936,-0.023143820639685016,-0.6280275860003285,-1.3405236067628175,1.3632450726570629,-0.3615936691372542,2.0592202310258663,0.14257360460620055,1.5407724037410715,0.0972280444018555,-0.28206614131491065,-1.0302077094647206,1.3301443803153619,0.9364341109541224,0.3992661352687664,-0.45715245596448484,-0.02201016680455571,0.7044994676299948,1.504013521626209,0.9649580404846618,2.121967990324559,0.5490863902945103,0.43545612540836925,0.609216919956064,-0.5065607304015044
IDS20200309,Enero-Abril 2023,Ingeniería en Desarrollo de Software,2020,Irregular,-0.7428100961981592,-0.7746700215204962,-0.5383938865145277,-1.0716611226272037,0.4253099296925961,-1.097300543817737,0.8412444993533734,-0.6031385995906284,1.5407724037410715,-0.6169691346970686,-0.1416655059518834,0.05086109490004391,1.3301443803153619,-0.4896294208189999,-0.5392441450453458,-0.45715245596448484,-0.02201016680455571,-0.3945196081791821,0.3666104117817102,-1.2742825691417659,0.2061559502574696,-1.3166867522368357,-0.5443201567604616,-0.9923822985600096,-0.5065607304015044
IDS20200309,Septiembre-Diciembre 2022,Ingeniería en Desarrollo de Software,2020,Irregular,-0.765635105036726,0.0,-1.165829782915134,-0.49901894862407853,-0.5126252132718706,-0.3615936691372542,-0.3767312323191194,-0.6031385995906284,1.5407724037410715,-0.18845082723771414,-1.124469953493074,-1.0302077094647206,1.3301443803153619,-0.4896294208189999,-0.5392441450453458,3.496919435884176,0.0,-0.3980296052275435,0.3666104117817102,-0.15466226432855207,0.2061559502574696,-0.3838001809711627,1.4152324075772,-0.9923822985600096,1.974096964064686
IDS20200353,Mayo-Agosto 2023,Ingeniería en Desarrollo de Software,2020,Irregular,0.5239778943422826,0.41703581130478956,-0.8072949849719304,-0.409980074007738,1.3632450726570629,-1.097300543817737,-0.3767312323191194,-0.6031385995906284,1.5407724037410715,-1.045487442156423,-0.5628674120409651,0.05086109490004391,1.3301443803153619,-0.4896294208189999,-0.5392441450453458,-0.45715245596448484,-0.02201016680455571,-0.3736546257250334,0.3666104117817102,-0.15466226432855207,0.2061559502574696,-0.3838001809711627,1.4152324075772,-0.9923822985600096,-0.5065607304015044
IDS20200353,Septiembre-Diciembre 2022,Ingeniería en Desarrollo de Software,2020,Irregular,-0.765635105036726,0.0,-1.165829782915134,-0.7591521313267177,0.4253099296925961,0.3741132055432285,-0.3767312323191194,-0.6031385995906284,1.5407724037410715,-0.7598085705168535,-1.124469953493074,-1.0302077094647206,1.3301443803153619,-0.4896294208189999,-0.5392441450453458,1.5198834899598457,0.0,-0.4181145883376119,0.3666104117817102,0.9649580404846618,0.2061559502574696,0.5490863902945103,-0.5443201567604616,-0.9923822985600096,1.974096964064686
IDS20200353,Septiembre-Diciembre 2023,Ingeniería en Desarrollo de Software,2020,Irregular,0.33338907054025185,0.20768208391656323,1.4359700345916278,-1.328302584756653,1.3632450726570629,1.845526954904194,2.0592202310258663,0.8882858088030295,1.5407724037410715,3.3825350682569066,2.385545930582607,1.1319298992648084,1.3301443803153619,2.3624976427272446,1.3377764155828784,-0.45715245596448484,-0.30222564086862863,1.7491135891895688,2.6414166314707077,0.9649580404846618,2.121967990324559,0.5490863902945103,1.4152324075772,0.609216919956064,-0.5065607304015044
IDS20200377,Enero-Abril 2023,Ingeniería en Desarrollo de Software,2020,Irregular,0.9690655666943305,0.8357432660812422,0.09146454230461405,-0.2092061410493253,1.3632450726570629,-1.097300543817737,-0.3767312323191194,-0.6031385995906284,1.5407724037410715,1.5256224025997038,0.8411389415893074,0.05086109490004391,1.3301443803153619,-0.4896294208189999,-0.5392441450453458,1.5198834899598457,-0.02201016680455571,-0.47232454275119445,0.3666104117817102,0.9649580404846618,0.2061559502574696,0.5490863902945103,-0.5443201567604616,-0.9923822985600096,1.974096964064686
IDS20200377,Mayo-Agosto 2023,Ingeniería en Desarrollo de Software,2020,Irregular,0.780759243776156,0.48145234280886,1.1670689361342252,-0.2484879974977107,-0.5126252132718706,-1.097300543817737,-0.3767312323191194,-0.6031385995906284,1.5407724037410715,0.0972280444018555,0.5603376708632528,1.1319298992648084,1.3301443803153619,-0.4896294208189999,-0.5392441450453458,-0.45715245596448484,-0.4962209690668329,0.8292993626828465,0.3666104117817102,-1.2742825691417659,0.2061559502574696,-0.3838001809711627,-1.5240964389292924,0.609216919956064,-0.5065607304015044
IDS20200377,Septiembre-Diciembre 2022,Ingeniería en Desarrollo de Software,2020,Irregular,-0.765635105036726,0.0,-1.165829782915134,-0.3820463094222203,0.4253099296925961,-1.097300543817737,-0.3767312323191194,-0.6031385995906284,1.5407724037410715,-1.045487442156423,-1.124469953493074,-1.0302077094647206,1.3301443803153619,-0.4896294208189999,-0.5392441450453458,1.5198834899598457,0.0,-0.37716462277339485,0.3666104117817102,0.9649580404846618,0.2061559502574696,0.5490863902945103,0.43545612540836925,0.609216919956064,1.974096964064686
IDS20200377,Septiembre-Diciembre 2023,Ingeniería en Desarrollo de Software,2020,Irregular,0.8549405225014979,0.8679515318332767,1.9737722315064332,-0.5941683342434994,0.4253099296925961,-1.097300543817737,-0.3767312323191194,-0.6031385995906284,1.5407724037410715,-0.331290263057499,0.13913576477417108,2.212998703629573,1.3301443803153619,-0.4896294208189999,-0.5392441450453458,-0.45715245596448484,0.2582053072595172,-0.3500596455666036,0.3666104117817102,0.9649580404846618,0.2061559502574696,0.5490863902945103,0.43545612540836925,0.609216919956064,-0.5065607304015044
IDS20210033,Enero-Abril 2023,Ingeniería en Desarrollo de Software,2021,Regular,0.8435280180822137,0.438507988472813,-0.0005916895997222116,0.5092153668844743,-1.4505603562363374,0.3741132055432285,-0.3767312323191194,-0.6031385995906284,0.2671012152120434,-0.6169691346970686,-0.1416655059518834,0.05086109490004391,0.40328023062804735,-0.4896294208189999,-0.5392441450453458,-0.45715245596448484,-0.7692514309754168,-0.4282545798106561,-0.7707926980627884,-1.2742825691417659,-0.7517500697760751,-1.3166867522368357,-0.5443201567604616,0.609216919956064,-0.5065607304015044
IDS20210033,Mayo-Agosto 2023,Ingeniería en Desarrollo de Software,2021,Regular,0.392734093520526,-0.13050470647980092,0.9878015371626233,0.3581984520940156,-0.5126252132718706,0.3741132055432285,-0.3767312323191194,-0.6031385995906284,0.2671012152120434,-0.045611391417929324,0.4199370355002256,1.1319298992648084,0.40328023062804735,-0.4896294208189999,-0.5392441450453458,-0.45715245596448484,-1.1572420873718254,-0.21492475920468743,-0.7707926980627884,-1.2742825691417659,-0.7517500697760751,-0.3838001809711627,-1.5240964389292924,0.609216919956064,-0.5065607304015044
IDS20210033,Septiembre-Diciembre 2022,Ingeniería en Desarrollo de Software,2021,Regular,1.1402531329835794,0.996784594841416,-0.6280275860003285,0.6314255869461163,-1.4505603562363374,0.3741132055432285,-0.3767312323191194,-0.6031385995906284,0.2671012152120434,0.0972280444018555,-0.28206614131491065,-1.0302077094647206,0.40328023062804735,-0.4896294208189999,-0.5392441450453458,1.5198834899598457,-0.02201016680455571,-0.3912046109668407,-0.7707926980627884,-1.2742825691417659,-0.7517500697760751,-1.3166867522368357,-1.5240964389292924,0.609216919956064,1.974096964064686
IDS20210033,Septiembre-Diciembre 2023,Ingeniería en Desarrollo de Software,2021,Regular,0.4509378660588696,0.5673410514809524,1.6152374335632298,0.31018729421265623,-1.4505603562363374,-1.097300543817737,-0.3767312323191194,-0.6031385995906284,0.2671012152120434,-0.6169691346970686,-0.1416655059518834,2.212998703629573,0.40328023062804735,-0.4896294208189999,-0.5392441450453458,-0.45715245596448484,0.34442545312538575,-0.3713146276927924,-0.7707926980627884,-1.2742825691417659,-0.7517500697760751,-1.3166867522368357,0.43545612540836925,-0.9923822985600096,-0.5065607304015044
IDS20210038,Enero-Abril 2023,Ingeniería en Desarrollo de Software,2021,Regular,0.33338907054025185,0.465348209932842,0.18109824179041478,0.13298247512327427,-0.5126252132718706,-0.3615936691372542,-0.3767312323191194,-0.6031385995906284,0.2671012152120434,-0.4741296988772838,-0.0012648705888561507,0.05086109490004391,0.40328023062804735,-0.4896294208189999,-0.5392441450453458,-0.45715245596448484,0.8904863769425534,-0.004129936466979806,-0.7707926980627884,-0.15466226432855207,-0.7517500697760751,0.5490863902945103,-0.5443201567604616,0.609216919956064,-0.5065607304015044
IDS20210038,Septiembre-Diciembre 2022,Ingeniería en Desarrollo de Software,2021,Regular,-0.1493598663954291,-0.21639341515189334,-0.5383938865145277,0.3180436655023323,-0.5126252132718706,-0.3615936691372542,-0.3767312323191194,-0.6031385995906284,0.2671012152120434,-0.6169691346970686,-0.1416655059518834,-1.0302077094647206,0.40328023062804735,-0.4896294208189999,-0.5392441450453458,-0.45715245596448484,-0.02201016680455571,-0.3085246804943263,-0.7707926980627884,-1.2742825691417659,-0.7517500697760751,-1.3166867522368357,-0.5443201567604616,-0.9923822985600096,-0.5065607304015044
IDS20210041,Enero-Abril 2023,Ingeniería en Desarrollo de Software,2021,Irregular,0.32425906700482543,0.22915426108458672,-0.09022538908552294,0.17139140142836176,-0.5126252132718706,-0.3615936691372542,-0.3767312323191194,-0.6031385995906284,0.9039368094765574,0.0972280444018555,0.5603376708632528,-1.0302077094647206,0.7122349471904855,-0.4896294208189999,-0.5392441450453458,-0.45715245596448484,-0.02201016680455571,-0.45145956029704576,0.3666104117817102,-0.15466226432855207,0.2061559502574696,0.5490863902945103,-1.5240964389292924,0.609216919956064,-0.5065607304015044
IDS20210041,Septiembre-Diciembre 2023,Ingeniería en Desarrollo de Software,2021,Irregular,0.4463728642911572,0.4009316784287731,2.0634059309922343,-0.12976949800925788,-0.5126252132718706,-0.3615936691372542,-0.3767312323191194,-0.6031385995906284,0.9039368094765574,1.8113012742392733,2.24514529521958,0.05086109490004391,1.0211896637529236,-0.4896294208189999,-0.5392441450453458,-0.45715245596448484,0.20791022217109387,-0.004714935975040072,0.3666104117817102,2.0845783452978757,0.2061559502574696,2.414859532825856,0.43545612540836925,0.609216919956064,-0.5065607304015044
IDS20210046,Enero-Abril 2023,Ingeniería en Desarrollo de Software,2021,Regular,0.9462405578557637,0.8142710889132186,-0.6280275860003285,0.7030058586965076,-1.4505603562363374,0.3741132055432285,-0.3767312323191194,0.14257360460620055,-0.3697343790524706,-0.7598085705168535,-0.28206614131491065,0.05086109490004391,0.40328023062804735,-0.4896294208189999,-0.5392441450453458,-0.45715245596448484,-0.02201016680455571,-0.3465496485182421,-0.7707926980627884,-0.15466226432855207,-0.7517500697760751,-0.3838001809711627,-0.5443201567604616,0.609216919956064,-0.5065607304015044
IDS20210046,Mayo-Agosto 2023,Ingeniería en Desarrollo de Software,2021,Regular,0.24437153606984224,-0.5062678069202066,-0.09022538908552294,-0.08088540998460061,-0.5126252132718706,-1.097300543817737,-0.3767312323191194,0.14257360460620055,-0.3697343790524706,-0.7598085705168535,-0.28206614131491065,1.1319298992648084,0.40328023062804735,-0.4896294208189999,-0.5392441450453458,-0.45715245596448484,-1.7895231570548618,-0.3223696688517521,-0.7707926980627884,-1.2742825691417659,-0.7517500697760751,-1.3166867522368357,-0.5443201567604616,-0.9923822985600096,-0.5065607304015044
IDS20210046,Septiembre-Diciembre 2022,Ingeniería en Desarrollo de Software,2021,Regular,-0.765635105036726,0.0,-1.165829782915134,0.021247416781200887,-0.5126252132718706,-0.3615936691372542,-0.3767312323191194,-0.6031385995906284,0.2671012152120434,-0.7598085705168535,-1.124469953493074,-1.0302077094647206,0.40328023062804735,-0.4896294208189999,-0.5392441450453458,1.5198834899598457,0.0,-0.2946796921369006,-0.7707926980627884,-1.2742825691417659,-0.7517500697760751,-1.3166867522368357,0.43545612540836925,-0.9923822985600096,1.974096964064686
IDS20210046,Septiembre-Diciembre 2023,Ingeniería en Desarrollo de Software,2021,Regular,0.4806103775490067,0.5995493172329869,0.9878015371626233,0.8487851926271814,0.4253099296925961,0.3741132055432285,-0.3767312323191194,0.8882858088030295,-1.0065699733169846,0.0972280444018555,0.5603376708632528,2.212998703629573,0.40328023062804735,-0.4896294208189999,-0.5392441450453458,-0.45715245596448484,0.5743458421010353,-0.47700453881567634,-0.7707926980627884,0.9649580404846618,-0.7517500697760751,0.5490863902945103,-0.5443201567604616,0.609216919956064,-0.5065607304015044
IDS20210047,Mayo-Agosto 2023,Ingeniería en Desarrollo de Software,2021,Irregular,1.3342657081113953,1.1792981007696133,-0.09022538908552294,-0.2912615745192852,0.4253099296925961,0.3741132055432285,-0.3767312323191194,-0.6031385995906284,0.9039368094765574,0.0972280444018555,0.5603376708632528,-1.0302077094647206,1.0211896637529236,-0.4896294208189999,-0.5392441450453458,-0.45715245596448484,-0.02201016680455571,-0.4380045716116602,0.3666104117817102,-1.2742825691417659,0.2061559502574696,-0.3838001809711627,-0.5443201567604616,-0.9923822985600096,-0.5065607304015044
IDS20210047,Septiembre-Diciembre 2023,Ingeniería en Desarrollo de Software,2021,Irregular,1.152806887844791,0.9409569342045562,2.421940728935438,0.325027106648713,0.4253099296925961,-0.3615936691372542,-0.3767312323191194,-0.6031385995906284,0.9039368094765574,2.382659017518413,2.8067478366716885,0.05086109490004391,1.0211896637529236,-0.4896294208189999,-0.5392441450453458,-0.45715245596448484,-0.3410247065082695,0.09278498203500045,0.3666104117817102,0.9649580404846618,0.2061559502574696,1.4819729615601833,-0.5443201567604616,-0.9923822985600096,-0.5065607304015044
IDS20210050,Enero-Abril 2023,Ingeniería en Desarrollo de Software,2021,Regular,-0.765635105036726,0.0,-1.165829782915134,-0.05906215640216443,1.3632450726570629,-1.097300543817737,-0.3767312323191194,-0.6031385995906284,0.2671012152120434,-0.7598085705168535,-1.124469953493074,0.05086109490004391,0.40328023062804735,-0.4896294208189999,-0.5392441450453458,1.5198834899598457,0.0,-0.29292469361271983,-0.7707926980627884,0.9649580404846618,-0.7517500697760751,0.5490863902945103,0.43545612540836925,-0.9923822985600096,1.974096964064686
IDS20210050,Septiembre-Diciembre 2022,Ingeniería en Desarrollo de Software,2021,Regular,-0.765635105036726,0.0,-1.165829782915134,-0.18912874775348368,1.3632450726570629,0.3741132055432285,-0.3767312323191194,-0.6031385995906284,0.2671012152120434,-0.18845082723771414,-1.124469953493074,-1.0302077094647206,0.40328023062804735,-0.4896294208189999,-0.5392441450453458,3.496919435884176,0.0,-0.4370295724315597,-0.7707926980627884,-0.15466226432855207,-0.7517500697760751,-0.3838001809711627,1.4152324075772,0.609216919956064,1.974096964064686
IDS20210050,Septiembre-Diciembre 2023,Ingeniería en Desarrollo de Software,2021,Regular,0.4361016103138019,0.33436792920790076,0.7189004387052205,0.16266209999538778,-0.5126252132718706,-0.3615936691372542,-0.3767312323191194,1.6339980129998586,-1.0065699733169846,1.382782966779919,1.823943389130498,1.1319298992648084,0.7122349471904855,-0.4896294208189999,-0.5392441450453458,-0.45715245596448484,-0.02201016680455571,-0.08622486743143394,-0.7707926980627884,2.0845783452978757,-0.7517500697760751,2.414859532825856,0.43545612540836925,0.609216919956064,-0.5065607304015044
IDS20210059,Septiembre-Diciembre 2022,Ingeniería en Desarrollo de Software,2021,Regular,-0.0009973089447469633,-0.07682426355974296,-0.7176612854861294,0.46033127885981706,-1.4505603562363374,-0.3615936691372542,-0.3767312323191194,-0.6031385995906284,0.2671012152120434,-0.9026480063366383,-0.42246677667793786,-1.0302077094647206,0.40328023062804735,-0.4896294208189999,-0.5392441450453458,-0.45715245596448484,-0.02201016680455571,-0.3746296249051338,-0.7707926980627884,-0.15466226432855207,-0.7517500697760751,-0.3838001809711627,-1.5240964389292924,-0.9923822985600096,-0.5065607304015044
IDS20210059,Septiembre-Diciembre 2023,Ingeniería en Desarrollo de Software,2021,Irregular,0.7214142207958835,0.9431041519213581,0.4499993402478176,0.3468503602311492,-0.5126252132718706,-1.097300543817737,-0.3767312323191194,-0.6031385995906284,0.9039368094765574,0.24006748022164032,0.7007383062262801,0.05086109490004391,1.0211896637529236,-0.4896294208189999,-0.5392441450453458,-0.45715245596448484,1.3431421427383636,0.151674932513065,0.3666104117817102,-0.15466226432855207,0.2061559502574696,0.5490863902945103,-0.5443201567604616,0.609216919956064,-0.5065607304015044
IDS20210068,Mayo-Agosto 2023,Ingeniería en Desarrollo de Software,2021,Irregular,-3.002485971216246,-2.9004155611547913,-1.165829782915134,-1.83896671858566,2.3011802156215295,2.5812338295846766,2.0592202310258663,0.14257360460620055,0.9039368094765574,-0.7598085705168535,-1.124469953493074,-1.0302077094647206,1.0211896637529236,0.9364341109541224,0.3992661352687664,-0.45715245596448484,-0.02201016680455571,-0.4335195753831983,1.504013521626209,0.9649580404846618,2.121967990324559,0.5490863902945103,-0.5443201567604616,0.609216919956064,-0.5065607304015044
IDS20210068,Septiembre-Diciembre 2023,Ingeniería en Desarrollo de Software,2021,Irregular,-2.660110838637748,-2.470972017794328,-1.165829782915134,-2.8367258723746422,2.3011802156215295,3.3169407042651597,2.0592202310258663,2.3797102171966875,0.9039368094765574,1.0971040951403492,-1.124469953493074,0.05086109490004391,1.0211896637529236,3.7885611745003667,3.214796976211103,-0.45715245596448484,0.5527908056345682,0.015955046643088566,3.778819741315206,0.9649580404846618,3.0798740103581035,0.5490863902945103,0.43545612540836925,2.210816138472137,-0.5065607304015044
IDS20210085,Enero-Abril 2023,Ingeniería en Desarrollo de Software,2021,Regular,1.1779143975672142,0.9914165505494105,0.4499993402478176,0.3363751985115794,0.4253099296925961,-0.3615936691372542,-0.3767312323191194,-0.6031385995906284,0.2671012152120434,0.0972280444018555,0.5603376708632528,0.05086109490004391,0.40328023062804735,-0.4896294208189999,-0.5392441450453458,-0.45715245596448484,-0.1872654463808038,-0.45145956029704576,-0.7707926980627884,-1.2742825691417659,-0.7517500697760751,-0.3838001809711627,-1.5240964389292924,-0.9923822985600096,-0.5065607304015044
IDS20210085,Septiembre-Diciembre 2022,Ingeniería en Desarrollo de Software,2021,Regular,1.2657906815956947,1.114881569265543,-0.6280275860003285,0.6157128443667629,-0.5126252132718706,-1.097300543817737,-0.3767312323191194,-0.6031385995906284,0.2671012152120434,-0.7598085705168535,-0.28206614131491065,-1.0302077094647206,0.40328023062804735,-0.4896294208189999,-0.5392441450453458,-0.45715245596448484,-0.02201016680455571,-0.29662969049710136,-0.7707926980627884,-1.2742825691417659,-0.7517500697760751,-1.3166867522368357,-1.5240964389292924,-0.9923822985600096,-0.5065607304015044
IDS20210085,Septiembre-Diciembre 2023,Ingeniería en Desarrollo de Software,2021,Regular,0.8127142561501493,0.3451040177919117,1.8841385320206323,0.25344683489832165,0.4253099296925961,0.3741132055432285,-0.3767312323191194,0.14257360460620055,0.2671012152120434,0.6685857876809949,1.1219402123153617,1.1319298992648084,0.7122349471904855,-0.4896294208189999,-0.5392441450453458,-0.45715245596448484,-0.9416917227071541,0.3429697716487644,-0.7707926980627884,2.0845783452978757,-0.7517500697760751,2.414859532825856,-1.5240964389292924,0.609216919956064,-0.5065607304015044
IDS20210130,Mayo-Agosto 2023,Ingeniería en Desarrollo de Software,2021,Irregular,0.392734093520526,0.2935707925886572,-0.5383938865145277,-0.41609058501082075,-0.5126252132718706,-0.3615936691372542,-0.3767312323191194,0.14257360460620055,0.9039368094765574,-0.045611391417929324,-0.1416655059518834,-1.0302077094647206,1.0211896637529236,0.9364341109541224,0.3992661352687664,-0.45715245596448484,-0.02201016680455571,1.9860383899539673,1.504013521626209,0.9649580404846618,1.1640619702910142,0.5490863902945103,0.43545612540836925,0.609216919956064,-0.5065607304015044
IDS20210130,Septiembre-Diciembre 2023,Ingeniería en Desarrollo de Software,2021,Irregular,0.8629292755949954,1.619477732714088,-0.0005916895997222116,0.3826404961063442,-1.4505603562363374,-1.097300543817737,-0.3767312323191194,0.14257360460620055,0.9039368094765574,-0.7598085705168535,-0.28206614131491065,0.05086109490004391,1.0211896637529236,-0.4896294208189999,0.3992661352687664,-0.45715245596448484,1.7526878356012392,-0.36331963441596915,0.3666104117817102,0.9649580404846618,0.2061559502574696,0.5490863902945103,-0.5443201567604616,-0.9923822985600096,-0.5065607304015044
IDS20210142,Enero-Abril 2023,Ingeniería en Desarrollo de Software,2021,Regular,1.273779434689194,1.050465037761474,0.18109824179041478,0.19932516601387948,0.4253099296925961,0.3741132055432285,-0.3767312323191194,-0.6031385995906284,0.2671012152120434,-1.045487442156423,-0.5628674120409651,0.05086109490004391,0.40328023062804735,-0.4896294208189999,-0.5392441450453458,-0.45715245596448484,-0.16571040991433666,-0.35454464179506545,-0.7707926980627884,-1.2742825691417659,-0.7517500697760751,-1.3166867522368357,0.43545612540836925,0.609216919956064,-0.5065607304015044
IDS20210142,Septiembre-Diciembre 2022,Ingeniería en Desarrollo de Software,2021,Regular,1.3114406992728285,1.1578259236015898,-0.17985908857132388,0.5816685687781623,-0.5126252132718706,0.3741132055432285,-0.3767312323191194,-0.6031385995906284,0.2671012152120434,-0.045611391417929324,0.4199370355002256,-1.0302077094647206,0.40328023062804735,-0.4896294208189999,-0.5392441450453458,-0.45715245596448484,-0.02201016680455571,2.23329818202743,-0.7707926980627884,-1.2742825691417659,-0.7517500697760751,-0.3838001809711627,-1.5240964389292924,0.609216919956064,-0.5065607304015044
IDS20210192,Enero-Abril 2023,Ingeniería en Desarrollo de Software,2021,Irregular,1.174490646241429,1.0289928605934504,-0.5383938865145277,-0.13588000901233943,1.3632450726570629,-1.097300543817737,-0.3767312323191194,-0.6031385995906284,0.9039368094765574,1.0971040951403492,-0.1416655059518834,-1.0302077094647206,0.7122349471904855,-0.4896294208189999,-0.5392441450453458,3.496919435884176,-0.02201016680455571,-0.42571958194239506,0.3666104117817102,-1.2742825691417659,0.2061559502574696,-1.3166867522368357,-0.5443201567604616,-0.9923822985600096,1.974096964064686
IDS20210202,Enero-Abril 2023,Ingeniería en Desarrollo de Software,2021,Regular,0.9918905755328974,-0.15197688364782438,0.18109824179041478,0.15480572870571047,0.4253099296925961,-1.097300543817737,-0.3767312323191194,-0.6031385995906284,0.2671012152120434,0.0972280444018555,-0.28206614131491065,0.05086109490004391,0.40328023062804735,-0.4896294208189999,-0.5392441450453458,1.5198834899598457,-2.048183594652467,-0.2937046929568002,-0.7707926980627884,-0.15466226432855207,-0.7517500697760751,-0.3838001809711627,0.43545612540836925,0.609216919956064,1.974096964064686
IDS20210202,Septiembre-Diciembre 2022,Ingeniería en Desarrollo de Software,2021,Regular,1.5282782832392094,1.3618116066978092,-0.35912648754292575,0.6593593515316353,0.4253099296925961,-0.3615936691372542,-0.3767312323191194,-0.6031385995906284,0.2671012152120434,-0.331290263057499,0.13913576477417108,-1.0302077094647206,0.40328023062804735,-0.4896294208189999,-0.5392441450453458,-0.45715245596448484,-0.02201016680455571,-0.47700453881567634,-0.7707926980627884,0.9649580404846618,-0.7517500697760751,0.5490863902945103,-0.5443201567604616,0.609216919956064,-0.5065607304015044
IDS20210202,Septiembre-Diciembre 2023,Ingeniería en Desarrollo de Software,2021,Regular,0.6187016810223335,0.15614885871330872,1.7048711330490305,-0.14024465972882766,0.4253099296925961,-1.097300543817737,-0.3767312323191194,0.14257360460620055,0.2671012152120434,0.8114252235007796,1.262340847678389,1.1319298992648084,0.7122349471904855,-0.4896294208189999,-0.5392441450453458,-0.45715245596448484,-0.9603727543114255,-0.44599956488848347,-0.7707926980627884,-0.15466226432855207,-0.7517500697760751,0.5490863902945103,-0.5443201567604616,-0.9923822985600096,-0.5065607304015044
IDS20210239,Septiembre-Diciembre 2022,Ingeniería en Desarrollo de Software,2021,Regular,-0.16647862302435462,-0.2324975480279113,-0.6280275860003285,-0.7259807858814143,-0.5126252132718706,1.1098200802237113,-0.3767312323191194,0.14257360460620055,0.2671012152120434,0.8114252235007796,-0.28206614131491065,-1.0302077094647206,0.40328023062804735,0.9364341109541224,0.3992661352687664,1.5198834899598457,-0.02201016680455571,3.045667498887088,0.3666104117817102,-1.2742825691417659,0.2061559502574696,-1.3166867522368357,-0.5443201567604616,0.609216919956064,1.974096964064686
IDS20210268,Septiembre-Diciembre 2022,Ingeniería en Desarrollo de Software,2021,Regular,1.638979576106257,1.4659516659627214,0.18109824179041478,0.39748030854240096,-1.4505603562363374,-1.097300543817737,-0.3767312323191194,-0.6031385995906284,0.2671012152120434,0.52574635186121,0.9815395769523345,-1.0302077094647206,0.40328023062804735,-0.4896294208189999,-0.5392441450453458,-0.45715245596448484,-0.02201016680455571,-0.27088971214245067,-0.7707926980627884,0.9649580404846618,-0.7517500697760751,1.4819729615601833,-0.5443201567604616,-0.9923822985600096,-0.5065607304015044
IDS20210284,Enero-Abril 2023,Ingeniería en Desarrollo de Software,2021,Regular,-0.4689099901353618,-0.5170038955042191,-0.5383938865145277,-0.20746028076273076,-0.5126252132718706,-0.3615936691372542,-0.3767312323191194,-0.6031385995906284,0.2671012152120434,-0.6169691346970686,-0.1416655059518834,0.05086109490004391,0.40328023062804735,-0.4896294208189999,-0.5392441450453458,-0.45715245596448484,-0.02201016680455571,-0.2911696950885391,-0.7707926980627884,0.9649580404846618,-0.7517500697760751,0.5490863902945103,1.4152324075772,-0.9923822985600096,-0.5065607304015044
IDS20210284,Mayo-Agosto 2023,Ingeniería en Desarrollo de Software,2021,Regular,-0.5202662600221352,-0.6136286927603224,-0.0005916895997222116,0.16178916985208988,-0.5126252132718706,0.3741132055432285,-0.3767312323191194,-0.6031385995906284,0.2671012152120434,-0.7598085705168535,-0.28206614131491065,1.1319298992648084,0.40328023062804735,-0.4896294208189999,-0.5392441450453458,-0.45715245596448484,-0.1513403856033586,-0.31651967377114965,-0.7707926980627884,-0.15466226432855207,-0.7517500697760751,-0.3838001809711627,1.4152324075772,-0.9923822985600096,-0.5065607304015044
IDS20210284,Septiembre-Diciembre 2022,Ingeniería en Desarrollo de Software,2021,Regular,-0.765635105036726,0.0,-1.165829782915134,-0.08786885113098006,-1.4505603562363374,-0.3615936691372542,-0.3767312323191194,-0.6031385995906284,0.2671012152120434,-0.4741296988772838,-1.124469953493074,-1.0302077094647206,0.40328023062804735,-0.4896294208189999,-0.5392441450453458,1.5198834899598457,0.0,-0.30618468246208536,-0.7707926980627884,-1.2742825691417659,-0.7517500697760751,-1.3166867522368357,0.43545612540836925,0.609216919956064,1.974096964064686
IDS20210284,Septiembre-Diciembre 2023,Ingeniería en Desarrollo de Software,2021,Regular,-0.07517858767008884,0.2720986154206337,0.7189004387052205,0.03259550864406731,0.4253099296925961,0.3741132055432285,-0.3767312323191194,-0.6031385995906284,0.2671012152120434,-0.4741296988772838,-0.0012648705888561507,2.212998703629573,0.40328023062804735,-0.4896294208189999,-0.5392441450453458,-0.45715245596448484,1.0988517294517357,-0.112939844966185,-0.7707926980627884,0.9649580404846618,-0.7517500697760751,0.5490863902945103,0.43545612540836925,0.609216919956064,-0.5065607304015044
IDS20210326,Septiembre-Diciembre 2022,Ingeniería en Desarrollo de Software,2021,Regular,0.08231397331602132,0.0015491831035420666,-0.4487601870287267,0.02823085792758032,-0.5126252132718706,-0.3615936691372542,-0.3767312323191194,0.8882858088030295,-0.3697343790524706,0.0972280444018555,-0.0012648705888561507,-1.0302077094647206,0.40328023062804735,0.9364341109541224,0.3992661352687664,-0.45715245596448484,-0.02201016680455571,0.37299974639585703,0.3666104117817102,0.9649580404846618,0.2061559502574696,0.5490863902945103,-0.5443201567604616,0.609216919956064,-0.5065607304015044
IDS20210327,Enero-Abril 2023,Ingeniería en Desarrollo de Software,2021,Irregular,-2.2093169140760587,-3.3244910602232487,-0.5383938865145277,-1.542170469864528,1.3632450726570629,1.845526954904194,2.0592202310258663,2.3797102171966875,-0.3697343790524706,0.24006748022164032,-0.1416655059518834,0.05086109490004391,0.40328023062804735,0.9364341109541224,2.2762866958969905,-0.45715245596448484,-3.154675466597781,12.75080933760652,1.504013521626209,0.9649580404846618,2.121967990324559,0.5490863902945103,-0.5443201567604616,-0.9923822985600096,-0.5065607304015044
IDS20210327,Septiembre-Diciembre 2022,Ingeniería en Desarrollo de Software,2021,Irregular,-0.9653539323741832,-0.9840237489087226,-1.165829782915134,-1.6722370612158473,2.3011802156215295,0.3741132055432285,2.0592202310258663,0.8882858088030295,0.2671012152120434,0.8114252235007796,-1.124469953493074,-1.0302077094647206,0.40328023062804735,2.3624976427272446,1.3377764155828784,1.5198834899598457,-0.02201016680455571,-0.4807095357000579,1.504013521626209,0.9649580404846618,2.121967990324559,0.5490863902945103,0.43545612540836925,2.210816138472137,1.974096964064686
IDS20210327,Septiembre-Diciembre 2023,Ingeniería en Desarrollo de Software,2021,Irregular,-2.082638115022015,-1.5584044881533428,-0.5383938865145277,-1.1432413943775943,2.3011802156215295,1.1098200802237113,2.0592202310258663,3.125422421393516,0.2671012152120434,-1.045487442156423,-1.124469953493074,1.1319298992648084,0.7122349471904855,0.9364341109541224,3.214796976211103,-0.45715245596448484,0.7755261824547286,-0.4001746034237644,1.504013521626209,-1.2742825691417659,2.121967990324559,-1.3166867522368357,0.43545612540836925,-0.9923822985600096,-0.5065607304015044
IDS20210346,Enero-Abril 2023,Ingeniería en Desarrollo de Software,2021,Regular,0.8492342702918566,1.2222424551056588,-0.26949278805712484,0.755381667294354,-0.5126252132718706,-0.3615936691372542,-0.3767312323191194,-0.6031385995906284,0.2671012152120434,-1.045487442156423,-0.5628674120409651,0.05086109490004391,0.40328023062804735,-0.4896294208189999,-0.5392441450453458,-0.45715245596448484,1.3144020941164074,-0.3484996468784429,-0.7707926980627884,-1.2742825691417659,-0.7517500697760751,-1.3166867522368357,-1.5240964389292924,-0.9923822985600096,-0.5065607304015044
IDS20210346,Septiembre-Diciembre 2022,Ingeniería en Desarrollo de Software,2021,Regular,0.3185528147951841,0.22378621679258123,-0.6280275860003285,-0.21444372190911018,-1.4505603562363374,-0.3615936691372542,-0.3767312323191194,-0.6031385995906284,0.2671012152120434,-0.18845082723771414,-0.28206614131491065,-1.0302077094647206,0.40328023062804735,-0.4896294208189999,-0.5392441450453458,1.5198834899598457,-0.02201016680455571,-0.42415958325423436,-0.7707926980627884,-0.15466226432855207,-0.7517500697760751,-0.3838001809711627,-0.5443201567604616,-0.9923822985600096,1.974096964064686
IDS20210346,Septiembre-Diciembre 2023,Ingeniería en Desarrollo de Software,2021,Irregular,0.5867466686483402,0.22915426108458672,0.4499993402478176,-0.04684113439600012,0.4253099296925961,-0.3615936691372542,-0.3767312323191194,-0.6031385995906284,0.9039368094765574,-0.4741296988772838,-0.0012648705888561507,1.1319298992648084,0.7122349471904855,-0.4896294208189999,-0.5392441450453458,-0.45715245596448484,-0.6830312851095481,0.4872696503036245,0.3666104117817102,0.9649580404846618,0.2061559502574696,0.5490863902945103,-0.5443201567604616,0.609216919956064,-0.5065607304015044
IDS20210356,Enero-Abril 2023,Ingeniería en Desarrollo de Software,2021,Regular,-0.012409813364031201,-0.08756035214375547,-0.6280275860003285,0.04132481007704253,1.3632450726570629,-0.3615936691372542,-0.3767312323191194,-0.6031385995906284,0.2671012152120434,-0.7598085705168535,-0.28206614131491065,0.05086109490004391,0.40328023062804735,-0.4896294208189999,-0.5392441450453458,-0.45715245596448484,-0.02201016680455571,-0.3974446057194833,-0.7707926980627884,-0.15466226432855207,-0.7517500697760751,-0.3838001809711627,-0.5443201567604616,-0.9923822985600096,-0.5065607304015044
IDS20210356,Mayo-Agosto 2023,Ingeniería en Desarrollo de Software,2021,Regular,0.14165899629629386,0.20231403962455777,-0.26949278805712484,0.21765669902312657,-1.4505603562363374,-1.097300543817737,-0.3767312323191194,-0.6031385995906284,0.2671012152120434,-1.045487442156423,-0.5628674120409651,1.1319298992648084,0.40328023062804735,-0.4896294208189999,-0.5392441450453458,-0.45715245596448484,0.3659804895918529,-0.35239964359884457,-0.7707926980627884,-1.2742825691417659,-0.7517500697760751,-1.3166867522368357,0.43545612540836925,-0.9923822985600096,-0.5065607304015044
IDS20210356,Septiembre-Diciembre 2022,Ingeniería en Desarrollo de Software,2021,Regular,-0.765635105036726,0.0,-1.165829782915134,0.11377801197073052,0.4253099296925961,0.3741132055432285,-0.3767312323191194,-0.6031385995906284,0.2671012152120434,-0.6169691346970686,-1.124469953493074,-1.0302077094647206,0.40328023062804735,-0.4896294208189999,-0.5392441450453458,1.5198834899598457,0.0,-0.40699959768446725,-0.7707926980627884,-0.15466226432855207,-0.7517500697760751,-0.3838001809711627,-1.5240964389292924,0.609216919956064,1.974096964064686
IDS20210356,Septiembre-Diciembre 2023,Ingeniería en Desarrollo de Software,2021,Regular,-0.18359737965328018,-0.554580205548259,0.5396330397336185,-0.4623558826055856,-0.5126252132718706,0.3741132055432285,-0.3767312323191194,-0.6031385995906284,0.2671012152120434,-0.331290263057499,0.13913576477417108,2.212998703629573,0.40328023062804735,-0.4896294208189999,-0.5392441450453458,-0.45715245596448484,-0.8411015525303073,-0.4643295494743711,-0.7707926980627884,-1.2742825691417659,-0.7517500697760751,-0.3838001809711627,0.43545612540836925,0.609216919956064,-0.5065607304015044
IDS20210360,Enero-Abril 2023,Ingeniería en Desarrollo de Software,2021,Regular,1.0523768489550989,1.3618116066978092,0.4499993402478176,0.13909298612635582,0.4253099296925961,0.3741132055432285,-0.3767312323191194,-0.6031385995906284,0.2671012152120434,-0.7598085705168535,-0.28206614131491065,0.05086109490004391,0.40328023062804735,-0.4896294208189999,-0.5392441450453458,-0.45715245596448484,0.8761163526315753,-0.35766463917138674,-0.7707926980627884,-1.2742825691417659,-0.7517500697760751,-1.3166867522368357,0.43545612540836925,-0.9923822985600096,-0.5065607304015044
IDS20210360,Septiembre-Diciembre 2022,Ingeniería en Desarrollo de Software,2021,Regular,0.8149967570340055,0.6908060701970847,-0.09022538908552294,0.07362322537904724,0.4253099296925961,-1.097300543817737,-0.3767312323191194,-0.6031385995906284,0.2671012152120434,0.9542646593205645,0.5603376708632528,-1.0302077094647206,0.40328023062804735,-0.4896294208189999,-0.5392441450453458,1.5198834899598457,-0.02201016680455571,-0.4561395563615277,-0.7707926980627884,0.9649580404846618,-0.7517500697760751,0.5490863902945103,0.43545612540836925,-0.9923822985600096,1.974096964064686
IDS20210360,Septiembre-Diciembre 2023,Ingeniería en Desarrollo de Software,2021,Irregular,1.0341168418842444,0.8464793546652531,0.8981678376768222,-0.28864278408939276,0.4253099296925961,-0.3615936691372542,-0.3767312323191194,-0.6031385995906284,0.9039368094765574,-0.9026480063366383,-0.42246677667793786,1.1319298992648084,0.7122349471904855,-0.4896294208189999,-0.5392441450453458,-0.45715245596448484,-0.11254131996371773,-0.33192466081673605,0.3666104117817102,0.9649580404846618,0.2061559502574696,0.5490863902945103,-0.5443201567604616,0.609216919956064,-0.5065607304015044
IDS20220005,Enero-Abril 2023,Ingeniería en Desarrollo de Software,2022,Irregular,-4.565999076658053,-4.371259697164379,-1.165829782915134,-1.6600160392096834,1.3632450726570629,2.5812338295846766,2.0592202310258663,0.14257360460620055,-0.3697343790524706,-0.7598085705168535,-1.124469953493074,-1.0302077094647206,-0.21462920249682893,0.9364341109541224,0.3992661352687664,-0.45715245596448484,-0.02201016680455571,-0.35551964097516586,1.504013521626209,-0.15466226432855207,2.121967990324559,-0.3838001809711627,1.4152324075772,2.210816138472137,-0.5065607304015044
IDS20220005,Mayo-Agosto 2023,Ingeniería en Desarrollo de Software,2022,Irregular,-2.7628233784112974,-0.9786557046167171,-1.165829782915134,-0.3899026807118976,-0.5126252132718706,0.3741132055432285,-0.3767312323191194,0.8882858088030295,-0.3697343790524706,-0.7598085705168535,-1.124469953493074,0.05086109490004391,-0.21462920249682893,0.9364341109541224,1.3377764155828784,-0.45715245596448484,4.518917515464523,-0.43098457751493724,0.3666104117817102,-1.2742825691417659,0.2061559502574696,-1.3166867522368357,-0.5443201567604616,-0.9923822985600096,-0.5065607304015044
IDS20220005,Septiembre-Diciembre 2023,Ingeniería en Desarrollo de Software,2022,Irregular,-2.237848175124267,-2.016835470690637,-0.26949278805712484,-1.8485689501619318,1.3632450726570629,4.052647578945642,3.2771959626983587,4.616846829787174,-1.0065699733169846,3.096856196617337,0.2795364001371983,1.1319298992648084,-0.21462920249682893,5.214624706273489,5.0918175368393275,-0.45715245596448484,0.8588723234584016,4.606446186391817,3.778819741315206,-1.2742825691417659,4.037780030391648,-1.3166867522368357,2.395008689746031,2.210816138472137,-0.5065607304015044
IDS20220014,Mayo-Agosto 2023,Ingeniería en Desarrollo de Software,2022,Regular,-0.6092837944925448,-1.5369323109853192,-0.4487601870287267,-0.9241359284099346,0.4253099296925961,1.845526954904194,-0.3767312323191194,0.14257360460620055,-0.3697343790524706,-0.9026480063366383,-1.124469953493074,0.05086109490004391,-0.21462920249682893,0.9364341109541224,0.3992661352687664,-0.45715245596448484,-1.8038931813658396,-0.2927296937766998,0.3666104117817102,0.9649580404846618,0.2061559502574696,0.5490863902945103,-0.5443201567604616,0.609216919956064,-0.5065607304015044
IDS20220014,Septiembre-Diciembre 2022,Ingeniería en Desarrollo de Software,2022,Regular,-0.13794736197614646,-0.20565732656788235,-0.4487601870287267,0.3320105477950924,-1.4505603562363374,-0.3615936691372542,-0.3767312323191194,-0.6031385995906284,-0.3697343790524706,-0.4741296988772838,-0.0012648705888561507,-1.0302077094647206,-0.523583919059267,-0.4896294208189999,-0.5392441450453458,-0.45715245596448484,-0.02201016680455571,-0.21492475920468743,-0.7707926980627884,-0.15466226432855207,-0.7517500697760751,0.5490863902945103,-1.5240964389292924,0.609216919956064,-0.5065607304015044
IDS20220014,Septiembre-Diciembre 2023,Ingeniería en Desarrollo de Software,2022,Regular,-0.5465150201864871,-0.40964300966410316,-0.09022538908552294,0.4000990989722934,-1.4505603562363374,-0.3615936691372542,-0.3767312323191194,0.8882858088030295,-1.0065699733169846,-1.045487442156423,-0.5628674120409651,1.1319298992648084,-0.21462920249682893,-0.4896294208189999,0.3992661352687664,-0.45715245596448484,0.2984413753302559,-0.3711196278567723,-0.7707926980627884,0.9649580404846618,-0.7517500697760751,0.5490863902945103,1.4152324075772,-0.9923822985600096,-0.5065607304015044
IDS20220028,Enero-Abril 2023,Ingeniería en Desarrollo de Software,2022,Regular,1.619578318593477,1.447700315369903,-0.26949278805712484,0.9753600634053103,-1.4505603562363374,-0.3615936691372542,-0.3767312323191194,-0.6031385995906284,-0.3697343790524706,-0.18845082723771414,0.2795364001371983,-1.0302077094647206,-0.21462920249682893,-0.4896294208189999,-0.5392441450453458,-0.45715245596448484,-0.02201016680455571,-0.05112489694781934,-0.7707926980627884,-1.2742825691417659,-0.7517500697760751,-0.3838001809711627,-0.5443201567604616,0.609216919956064,-0.5065607304015044
IDS20220028,Septiembre-Diciembre 2023,Ingeniería en Desarrollo de Software,2022,Regular,1.5305607841230673,1.2812909423177221,0.6292667392194196,0.5135800176009614,-0.5126252132718706,-1.097300543817737,-0.3767312323191194,-0.6031385995906284,0.2671012152120434,-0.18845082723771414,0.2795364001371983,0.05086109490004391,0.09432551406560921,-0.4896294208189999,-0.5392441450453458,-0.45715245596448484,-0.2447455436247162,-0.45145956029704576,-0.7707926980627884,0.9649580404846618,-0.7517500697760751,0.5490863902945103,0.43545612540836925,0.609216919956064,-0.5065607304015044
IDS20220034,Mayo-Agosto 2023,Ingeniería en Desarrollo de Software,2022,Regular,0.6323966863254739,0.5190286528529,-0.0005916895997222116,0.44898318699694945,1.3632450726570629,-0.3615936691372542,-0.3767312323191194,-0.6031385995906284,0.2671012152120434,0.24006748022164032,0.7007383062262801,-1.0302077094647206,0.09432551406560921,-0.4896294208189999,-0.5392441450453458,-0.45715245596448484,-0.02201016680455571,-0.4561395563615277,-0.7707926980627884,0.9649580404846618,-0.7517500697760751,0.5490863902945103,0.43545612540836925,-0.9923822985600096,-0.5065607304015044
IDS20220034,Septiembre-Diciembre 2023,Ingeniería en Desarrollo de Software,2022,Regular,0.27290279711805043,-0.4955317183361956,0.36036564076201666,0.26043027604470104,-1.4505603562363374,-1.097300543817737,-0.3767312323191194,-0.6031385995906284,0.2671012152120434,-1.045487442156423,-0.5628674120409651,0.05086109490004391,0.09432551406560921,-0.4896294208189999,-0.5392441450453458,-0.45715245596448484,-1.3799774641919857,-0.3970546060474431,-0.7707926980627884,0.9649580404846618,-0.7517500697760751,0.5490863902945103,0.43545612540836925,0.609216919956064,-0.5065607304015044
IDS20220053,Mayo-Agosto 2023,Ingeniería en Desarrollo de Software,2022,Regular,0.5958766721837683,0.6156534501090049,0.18109824179041478,0.823470218471555,-1.4505603562363374,-1.097300543817737,-0.3767312323191194,-0.6031385995906284,-0.3697343790524706,-0.4741296988772838,-0.0012648705888561507,0.05086109490004391,-0.21462920249682893,-0.4896294208189999,-0.5392441450453458,-0.45715245596448484,0.5024957205461448,1.5667887425107931,-0.7707926980627884,-1.2742825691417659,-0.7517500697760751,-0.3838001809711627,-0.5443201567604616,0.609216919956064,-0.5065607304015044
IDS20220053,Septiembre-Diciembre 2022,Ingeniería en Desarrollo de Software,2022,Regular,0.3185528147951841,0.22378621679258123,-0.5383938865145277,0.6078564730770856,-1.4505603562363374,-0.3615936691372542,-0.3767312323191194,-0.6031385995906284,-0.3697343790524706,0.24006748022164032,-0.1416655059518834,-1.0302077094647206,-0.523583919059267,-0.4896294208189999,-0.5392441450453458,1.5198834899598457,-0.02201016680455571,-0.38847461326255955,-0.7707926980627884,-0.15466226432855207,-0.7517500697760751,-0.3838001809711627,0.43545612540836925,-0.9923822985600096,1.974096964064686
IDS20220069,Septiembre-Diciembre 2023,Ingeniería en Desarrollo de Software,2022,Regular,1.0398230940938857,0.902307015302113,1.4359700345916278,0.29883920234978856,0.4253099296925961,0.3741132055432285,-0.3767312323191194,-0.6031385995906284,0.2671012152120434,2.5254984533381974,2.947148472034716,-1.0302077094647206,0.40328023062804735,-0.4896294208189999,-0.5392441450453458,-0.45715245596448484,-0.02201016680455571,-0.4656945483265117,-0.7707926980627884,-0.15466226432855207,-0.7517500697760751,1.4819729615601833,0.43545612540836925,0.609216919956064,-0.5065607304015044
IDS20220088,Enero-Abril 2023,Ingeniería en Desarrollo de Software,2022,Regular,1.7279971105766667,1.8986160358983886,-0.09022538908552294,1.1831174375101037,-1.4505603562363374,0.3741132055432285,-0.3767312323191194,-0.6031385995906284,-0.3697343790524706,-0.7598085705168535,-0.28206614131491065,0.05086109490004391,-0.523583919059267,-0.4896294208189999,-0.5392441450453458,-0.45715245596448484,0.9120414134090206,-0.38749961408245914,-0.7707926980627884,-1.2742825691417659,-0.7517500697760751,-1.3166867522368357,-1.5240964389292924,0.609216919956064,-0.5065607304015044
IDS20220088,Mayo-Agosto 2023,Ingeniería en Desarrollo de Software,2022,Regular,1.326276955017896,0.41703581130478956,0.5396330397336185,0.9736142031187158,0.4253099296925961,0.3741132055432285,-0.3767312323191194,-0.6031385995906284,-0.3697343790524706,-0.6169691346970686,-0.1416655059518834,1.1319298992648084,-0.523583919059267,-0.4896294208189999,-0.5392441450453458,-0.45715245596448484,-1.538047731612745,-0.4362495730874794,-0.7707926980627884,-1.2742825691417659,-0.7517500697760751,-1.3166867522368357,-0.5443201567604616,-0.9923822985600096,-0.5065607304015044
IDS20220088,Septiembre-Diciembre 2022,Ingeniería en Desarrollo de Software,2022,Regular,1.3570907169499606,1.2007702779376352,-0.6280275860003285,1.209305341809027,-0.5126252132718706,0.3741132055432285,-0.3767312323191194,-0.6031385995906284,-0.3697343790524706,-0.7598085705168535,-0.28206614131491065,-1.0302077094647206,-0.523583919059267,-0.4896294208189999,-0.5392441450453458,-0.45715245596448484,-0.02201016680455571,-0.29623969082506124,-0.7707926980627884,0.9649580404846618,-0.7517500697760751,0.5490863902945103,-1.5240964389292924,-0.9923822985600096,-0.5065607304015044
IDS20220089,Septiembre-Diciembre 2022,Ingeniería en Desarrollo de Software,2022,Regular,1.6960420982026734,1.5196321088827793,0.18109824179041478,0.6951494874068302,0.4253099296925961,-1.097300543817737,-0.3767312323191194,-0.6031385995906284,-0.3697343790524706,0.52574635186121,0.9815395769523345,-1.0302077094647206,-0.523583919059267,-0.4896294208189999,-0.5392441450453458,-0.45715245596448484,-0.02201016680455571,0.015565046971048411,-0.7707926980627884,-0.15466226432855207,-0.7517500697760751,0.5490863902945103,0.43545612540836925,0.609216919956064,-0.5065607304015044
IDS20220090,Septiembre-Diciembre 2022,Ingeniería en Desarrollo de Software,2022,Regular,1.2429656727571279,1.0934093920975194,-0.6280275860003285,0.7667297591572204,-1.4505603562363374,-1.097300543817737,-0.3767312323191194,-0.6031385995906284,-0.3697343790524706,0.24006748022164032,-0.28206614131491065,-1.0302077094647206,-0.523583919059267,-0.4896294208189999,-0.5392441450453458,1.5198834899598457,-0.02201016680455571,-0.30111468672556324,-0.7707926980627884,-1.2742825691417659,-0.7517500697760751,-1.3166867522368357,-0.5443201567604616,0.609216919956064,1.974096964064686
IDS20220090,Septiembre-Diciembre 2023,Ingeniería en Desarrollo de Software,2022,Regular,0.4920228819682893,0.15185442327970342,0.8085341381910214,-0.0555704358289741,0.4253099296925961,-1.097300543817737,-0.3767312323191194,-0.6031385995906284,0.2671012152120434,0.6685857876809949,1.1219402123153617,0.05086109490004391,0.09432551406560921,-0.4896294208189999,-0.5392441450453458,-0.45715245596448484,-1.2822612988773348,-0.4452195655444032,-0.7707926980627884,-0.15466226432855207,-0.7517500697760751,0.5490863902945103,1.4152324075772,-0.9923822985600096,-0.5065607304015044
IDS20220110,Enero-Abril 2023,Ingeniería en Desarrollo de Software,2022,Regular,0.09030272640951884,0.48145234280886,0.8085341381910214,0.8706084462096176,-0.5126252132718706,0.3741132055432285,-0.3767312323191194,0.14257360460620055,-1.0065699733169846,-0.18845082723771414,0.2795364001371983,0.05086109490004391,-0.523583919059267,-0.4896294208189999,-0.5392441450453458,-0.45715245596448484,1.242551972561517,-0.33972465425753934,-0.7707926980627884,-1.2742825691417659,-0.7517500697760751,-0.3838001809711627,-1.5240964389292924,-0.9923822985600096,-0.5065607304015044
IDS20220110,Mayo-Agosto 2023,Ingeniería en Desarrollo de Software,2022,Regular,0.0766077211063784,-0.05535208639171948,1.3463363351058266,0.514452947744258,0.4253099296925961,-1.097300543817737,-0.3767312323191194,0.14257360460620055,-1.0065699733169846,-0.7598085705168535,-0.28206614131491065,1.1319298992648084,-0.523583919059267,-0.4896294208189999,-0.5392441450453458,-0.45715245596448484,-0.1082303126704243,-0.408949596044668,-0.7707926980627884,-0.15466226432855207,-0.7517500697760751,-0.3838001809711627,-0.5443201567604616,0.609216919956064,-0.5065607304015044
IDS20220110,Septiembre-Diciembre 2022,Ingeniería en Desarrollo de Software,2022,Regular,-0.41184746803894545,-0.46332345258416113,-0.09022538908552294,0.20194395644377192,0.4253099296925961,-1.097300543817737,-0.3767312323191194,-0.6031385995906284,-0.3697343790524706,0.0972280444018555,0.5603376708632528,-1.0302077094647206,-0.523583919059267,-0.4896294208189999,-0.5392441450453458,-0.45715245596448484,-0.02201016680455571,-0.4787595373398571,-0.7707926980627884,0.9649580404846618,-0.7517500697760751,0.5490863902945103,-1.5240964389292924,-0.9923822985600096,-0.5065607304015044
IDS20220110,Septiembre-Diciembre 2023,Ingeniería en Desarrollo de Software,2022,Regular,-0.09457984518287058,-0.4343360134073287,2.962165458268778,0.2752700884807578,0.4253099296925961,-1.097300543817737,-0.3767312323191194,0.14257360460620055,-1.0065699733169846,0.9542646593205645,1.4027414830414162,2.212998703629573,-0.523583919059267,-0.4896294208189999,-0.5392441450453458,-0.45715245596448484,-0.5982481416747775,-0.2868796986960973,-0.7707926980627884,2.0845783452978757,-0.7517500697760751,2.414859532825856,-0.5443201567604616,-0.9923822985600096,-0.5065607304015044
IDS20220164,Enero-Abril 2023,Ingeniería en Desarrollo de Software,2022,Regular,-0.2577786583786204,-0.3881708324960797,0.09146454230461405,0.6296797266595217,-1.4505603562363374,-0.3615936691372542,-0.3767312323191194,0.14257360460620055,-1.0065699733169846,-0.6169691346970686,-0.1416655059518834,0.05086109490004391,-0.523583919059267,-0.4896294208189999,-0.5392441450453458,-0.45715245596448484,-0.20882048284727098,-0.2915596947605793,-0.7707926980627884,-1.2742825691417659,-0.7517500697760751,-1.3166867522368357,-1.5240964389292924,-0.9923822985600096,-0.5065607304015044
IDS20220164,Mayo-Agosto 2023,Ingeniería en Desarrollo de Software,2022,Regular,0.10970398392230057,0.37409145696874413,1.1670689361342252,1.022498291143373,-1.4505603562363374,0.3741132055432285,-0.3767312323191194,0.14257360460620055,-1.0065699733169846,0.0972280444018555,0.5603376708632528,1.1319298992648084,-0.523583919059267,-0.4896294208189999,-0.5392441450453458,-0.45715245596448484,0.9048564012535315,-0.4582845545577486,-0.7707926980627884,0.9649580404846618,-0.7517500697760751,0.5490863902945103,-0.5443201567604616,0.609216919956064,-0.5065607304015044
IDS20220164,Septiembre-Diciembre 2022,Ingeniería en Desarrollo de Software,2022,Regular,-0.18359737965328018,-0.2486016809039293,-0.5383938865145277,0.7798237113066826,0.4253099296925961,-0.3615936691372542,-0.3767312323191194,-0.6031385995906284,-0.3697343790524706,0.24006748022164032,-0.1416655059518834,-1.0302077094647206,-0.523583919059267,-0.4896294208189999,-0.5392441450453458,1.5198834899598457,-0.02201016680455571,-0.43098457751493724,-0.7707926980627884,-1.2742825691417659,-0.7517500697760751,-1.3166867522368357,0.43545612540836925,-0.9923822985600096,1.974096964064686
IDS20220164,Septiembre-Diciembre 2023,Ingeniería en Desarrollo de Software,2022,Regular,-0.14251236374386048,-0.4472193197081431,2.513996960839774,0.18797707415101306,1.3632450726570629,-0.3615936691372542,-0.3767312323191194,0.8882858088030295,-1.0065699733169846,1.382782966779919,0.9815395769523345,2.212998703629573,-0.523583919059267,0.9364341109541224,0.3992661352687664,-0.45715245596448484,-0.6571652413497876,-0.3416746526177401,0.3666104117817102,-0.15466226432855207,0.2061559502574696,0.5490863902945103,-1.5240964389292924,0.609216919956064,-0.5065607304015044
IDS20220181,Enero-Abril 2023,Ingeniería en Desarrollo de Software,2022,Regular,0.6232666827900475,0.08958510949243637,0.36036564076201666,0.4358892348474885,0.4253099296925961,0.3741132055432285,-0.3767312323191194,-0.6031385995906284,-0.3697343790524706,-0.045611391417929324,0.4199370355002256,0.05086109490004391,-0.523583919059267,-0.4896294208189999,-0.5392441450453458,-0.45715245596448484,-1.7104880233444821,-0.4818795347161784,-0.7707926980627884,-0.15466226432855207,-0.7517500697760751,0.5490863902945103,-0.5443201567604616,0.609216919956064,-0.5065607304015044
IDS20220181,Mayo-Agosto 2023,Ingeniería en Desarrollo de Software,2022,Regular,0.45892661915236876,0.20231403962455777,1.8841385320206323,0.4777898817257663,0.4253099296925961,-1.097300543817737,-0.3767312323191194,-0.6031385995906284,-0.3697343790524706,0.8114252235007796,1.262340847678389,1.1319298992648084,-0.523583919059267,-0.4896294208189999,-0.5392441450453458,-0.45715245596448484,-0.4344298645296271,0.1561599287415268,-0.7707926980627884,-0.15466226432855207,-0.7517500697760751,0.5490863902945103,0.43545612540836925,-0.9923822985600096,-0.5065607304015044
IDS20220181,Septiembre-Diciembre 2022,Ingeniería en Desarrollo de Software,2022,Regular,1.516865778819927,1.3510755181137981,-0.6280275860003285,0.9299676959538434,-1.4505603562363374,-0.3615936691372542,-0.3767312323191194,-0.6031385995906284,-0.3697343790524706,-0.7598085705168535,-0.28206614131491065,-1.0302077094647206,-0.523583919059267,-0.4896294208189999,-0.5392441450453458,-0.45715245596448484,-0.02201016680455571,-0.33913965474947905,-0.7707926980627884,-0.15466226432855207,-0.7517500697760751,-0.3838001809711627,-0.5443201567604616,-0.9923822985600096,-0.5065607304015044
IDS20220181,Septiembre-Diciembre 2023,Ingeniería en Desarrollo de Software,2022,Regular,0.5125653899229999,0.7069102030731028,2.2426733299638357,0.6715803735377995,0.4253099296925961,0.3741132055432285,-0.3767312323191194,-0.6031385995906284,-0.3697343790524706,-1.045487442156423,-0.5628674120409651,2.212998703629573,-0.523583919059267,-0.4896294208189999,-0.5392441450453458,-0.45715245596448484,0.44788962816442807,-0.40621959834038696,-0.7707926980627884,-0.15466226432855207,-0.7517500697760751,-0.3838001809711627,-1.5240964389292924,-0.9923822985600096,-0.5065607304015044
IDS20220206,Septiembre-Diciembre 2022,Ingeniería en Desarrollo de Software,2022,Regular,-0.2029986371660603,-0.26685303149674766,0.18109824179041478,0.4219223525547296,0.4253099296925961,-0.3615936691372542,-0.3767312323191194,-0.6031385995906284,-0.3697343790524706,0.52574635186121,0.9815395769523345,-1.0302077094647206,-0.523583919059267,-0.4896294208189999,-0.5392441450453458,-0.45715245596448484,-0.02201016680455571,-0.19269477789839817,-0.7707926980627884,-0.15466226432855207,-0.7517500697760751,0.5490863902945103,-0.5443201567604616,0.609216919956064,-0.5065607304015044
IDS20220208,Enero-Abril 2023,Ingeniería en Desarrollo de Software,2022,Irregular,-1.4047353525165882,-1.3973631593931681,-0.8072949849719304,-1.1318933025147273,1.3632450726570629,2.5812338295846766,2.0592202310258663,0.8882858088030295,-0.3697343790524706,0.8114252235007796,-0.5628674120409651,0.05086109490004391,-0.523583919059267,2.3624976427272446,1.3377764155828784,-0.45715245596448484,-0.02201016680455571,3.270112310146201,1.504013521626209,-1.2742825691417659,2.121967990324559,-1.3166867522368357,-0.5443201567604616,0.609216919956064,-0.5065607304015044
IDS20220208,Septiembre-Diciembre 2022,Ingeniería en Desarrollo de Software,2022,Regular,-0.765635105036726,0.0,-1.165829782915134,0.7475252960046767,0.4253099296925961,-0.3615936691372542,-0.3767312323191194,-0.6031385995906284,-0.3697343790524706,-1.045487442156423,-1.124469953493074,-1.0302077094647206,-0.523583919059267,-0.4896294208189999,-0.5392441450453458,1.5198834899598457,0.0,-0.33679965671723805,-0.7707926980627884,-1.2742825691417659,-0.7517500697760751,-1.3166867522368357,0.43545612540836925,0.609216919956064,1.974096964064686
IDS20220208,Septiembre-Diciembre 2023,Ingeniería en Desarrollo de Software,2022,Irregular,-1.3659328374910262,-1.3061064064290704,-0.8072949849719304,-1.1903796221156564,-0.5126252132718706,2.5812338295846766,2.0592202310258663,2.3797102171966875,-0.3697343790524706,-0.4741296988772838,-1.124469953493074,1.1319298992648084,-0.21462920249682893,2.3624976427272446,3.214796976211103,-0.45715245596448484,0.1001350398387581,-0.3449896498300815,1.504013521626209,-1.2742825691417659,2.121967990324559,-1.3166867522368357,0.43545612540836925,0.609216919956064,-0.5065607304015044
IDS20220217,Enero-Abril 2023,Ingeniería en Desarrollo de Software,2022,Regular,0.18502651308956974,-0.0446159978077085,0.36036564076201666,0.5790497783482699,-0.5126252132718706,-1.097300543817737,-0.3767312323191194,-0.6031385995906284,-0.3697343790524706,0.6685857876809949,0.2795364001371983,0.05086109490004391,-0.523583919059267,-0.4896294208189999,-0.5392441450453458,1.5198834899598457,-0.5968111392436797,-0.38749961408245914,-0.7707926980627884,-1.2742825691417659,-0.7517500697760751,-0.3838001809711627,-1.5240964389292924,-0.9923822985600096,1.974096964064686
IDS20220217,Mayo-Agosto 2023,Ingeniería en Desarrollo de Software,2022,Regular,0.13595274408665253,-0.08756035214375547,0.7189004387052205,0.2639219966178914,-0.5126252132718706,-0.3615936691372542,-0.3767312323191194,-0.6031385995906284,-0.3697343790524706,-1.045487442156423,-0.5628674120409651,1.1319298992648084,-0.523583919059267,-0.4896294208189999,-0.5392441450453458,-0.45715245596448484,-0.27061158738447677,-0.2964346906610813,-0.7707926980627884,-1.2742825691417659,-0.7517500697760751,-1.3166867522368357,1.4152324075772,-0.9923822985600096,-0.5065607304015044
IDS20220217,Septiembre-Diciembre 2022,Ingeniería en Desarrollo de Software,2022,Regular,0.4897403810844331,0.38482754555275506,-0.5383938865145277,1.005039688277424,-1.4505603562363374,-1.097300543817737,-0.3767312323191194,-0.6031385995906284,-0.3697343790524706,-0.6169691346970686,-0.1416655059518834,-1.0302077094647206,-0.523583919059267,-0.4896294208189999,-0.5392441450453458,-0.45715245596448484,-0.02201016680455571,-0.3539596422870052,-0.7707926980627884,0.9649580404846618,-0.7517500697760751,0.5490863902945103,-0.5443201567604616,0.609216919956064,-0.5065607304015044
IDS20220222,Enero-Abril 2023,Ingeniería en Desarrollo de Software,2022,Regular,0.6152779296965484,0.5029245199768819,-0.6280275860003285,0.34161277937136425,1.3632450726570629,-1.097300543817737,-0.3767312323191194,-0.6031385995906284,-0.3697343790524706,-0.7598085705168535,-0.28206614131491065,0.05086109490004391,-0.523583919059267,-0.4896294208189999,-0.5392441450453458,-0.45715245596448484,-0.02201016680455571,-0.3217846693436918,-0.7707926980627884,-1.2742825691417659,-0.7517500697760751,-1.3166867522368357,0.43545612540836925,0.609216919956064,-0.5065607304015044
IDS20220222,Mayo-Agosto 2023,Ingeniería en Desarrollo de Software,2022,Regular,0.3037165590501164,0.0627448880324074,0.36036564076201666,0.6811826051140714,-0.5126252132718706,-1.097300543817737,-0.3767312323191194,-0.6031385995906284,-0.3697343790524706,-0.045611391417929324,0.4199370355002256,1.1319298992648084,-0.523583919059267,-0.4896294208189999,-0.5392441450453458,-0.45715245596448484,-0.6111811635546577,-0.4787595373398571,-0.7707926980627884,0.9649580404846618,-0.7517500697760751,0.5490863902945103,-1.5240964389292924,-0.9923822985600096,-0.5065607304015044
IDS20220222,Septiembre-Diciembre 2022,Ingeniería en Desarrollo de Software,2022,Regular,-0.765635105036726,0.0,-1.165829782915134,0.510088297027771,-1.4505603562363374,-0.3615936691372542,-0.3767312323191194,-0.6031385995906284,-0.3697343790524706,-0.4741296988772838,-1.124469953493074,-1.0302077094647206,-0.523583919059267,-0.4896294208189999,-0.5392441450453458,1.5198834899598457,0.0,-0.40914459588068813,-0.7707926980627884,-0.15466226432855207,-0.7517500697760751,-0.3838001809711627,0.43545612540836925,0.609216919956064,1.974096964064686
IDS20220222,Septiembre-Diciembre 2023,Ingeniería en Desarrollo de Software,2022,Regular,0.6107129279288359,0.9323680633373456,1.256702635620026,0.7562545974376519,0.4253099296925961,-0.3615936691372542,-0.3767312323191194,-0.6031385995906284,-0.3697343790524706,-0.18845082723771414,0.2795364001371983,2.212998703629573,-0.523583919059267,-0.4896294208189999,-0.5392441450453458,-0.45715245596448484,0.9450924693242703,-0.4380045716116602,-0.7707926980627884,-1.2742825691417659,-0.7517500697760751,-0.3838001809711627,0.43545612540836925,0.609216919956064,-0.5065607304015044
IDS20220240,Enero-Abril 2023,Ingeniería en Desarrollo de Software,2022,Regular,-0.7542226006174434,-0.7854061101045088,-0.6280275860003285,0.20980032773344925,1.3632450726570629,0.3741132055432285,-0.3767312323191194,-0.6031385995906284,-0.3697343790524706,-0.7598085705168535,-0.28206614131491065,-1.0302077094647206,-0.21462920249682893,-0.4896294208189999,-0.5392441450453458,-0.45715245596448484,-0.02201016680455571,-0.3137896760668686,-0.7707926980627884,-0.15466226432855207,-0.7517500697760751,-0.3838001809711627,-1.5240964389292924,-0.9923822985600096,-0.5065607304015044
IDS20220240,Mayo-Agosto 2023,Ingeniería en Desarrollo de Software,2022,Regular,-0.1436536141857878,-0.019922994064481416,0.8981678376768222,0.8025198950324166,0.4253099296925961,-1.097300543817737,-0.3767312323191194,-0.6031385995906284,-0.3697343790524706,0.8114252235007796,1.262340847678389,0.05086109490004391,-0.21462920249682893,-0.4896294208189999,-0.5392441450453458,-0.45715245596448484,1.0025725665681826,-0.3933496091630616,-0.7707926980627884,-0.15466226432855207,-0.7517500697760751,0.5490863902945103,0.43545612540836925,0.609216919956064,-0.5065607304015044
IDS20220240,Septiembre-Diciembre 2023,Ingeniería en Desarrollo de Software,2022,Regular,0.21812277590549192,0.4020052872871733,3.410333955697783,0.3983532386856976,-1.4505603562363374,-1.097300543817737,-0.3767312323191194,-0.6031385995906284,-0.3697343790524706,2.382659017518413,2.8067478366716885,1.1319298992648084,-0.21462920249682893,-0.4896294208189999,-0.5392441450453458,-0.45715245596448484,0.7985182213522936,-0.02674991744530921,-0.7707926980627884,-0.15466226432855207,-0.7517500697760751,1.4819729615601833,-1.5240964389292924,-0.9923822985600096,-0.5065607304015044
IDS20220283,Enero-Abril 2023,Ingeniería en Desarrollo de Software,2022,Irregular,-1.621572936482971,-1.9234315000097366,-1.165829782915134,-0.48330620604472385,0.4253099296925961,1.1098200802237113,-0.3767312323191194,0.8882858088030295,-0.3697343790524706,-0.6169691346970686,-1.124469953493074,0.05086109490004391,-0.523583919059267,0.9364341109541224,1.3377764155828784,-0.45715245596448484,-0.8842116254632416,-0.4118745935849693,1.504013521626209,-1.2742825691417659,1.1640619702910142,-1.3166867522368357,1.4152324075772,0.609216919956064,-0.5065607304015044
IDS20220283,Mayo-Agosto 2023,Ingeniería en Desarrollo de Software,2022,Regular,-0.762211353710941,0.014432489404354936,-0.17985908857132388,1.063526007878353,0.4253099296925961,0.3741132055432285,-0.3767312323191194,1.6339980129998586,-1.0065699733169846,-0.045611391417929324,0.4199370355002256,1.1319298992648084,-0.523583919059267,-0.4896294208189999,1.3377764155828784,-0.45715245596448484,2.1406784919976483,-0.4561395563615277,-0.7707926980627884,0.9649580404846618,-0.7517500697760751,0.5490863902945103,-1.5240964389292924,0.609216919956064,-0.5065607304015044
IDS20220283,Septiembre-Diciembre 2022,Ingeniería en Desarrollo de Software,2022,Irregular,-1.279197803904473,-1.2792661849690412,-1.165829782915134,-0.3706982175593526,-1.4505603562363374,0.3741132055432285,-0.3767312323191194,0.14257360460620055,-0.3697343790524706,-0.7598085705168535,-1.124469953493074,-1.0302077094647206,-0.523583919059267,0.9364341109541224,0.3992661352687664,-0.45715245596448484,-0.02201016680455571,-0.4405395694799212,0.3666104117817102,-0.15466226432855207,0.2061559502574696,-0.3838001809711627,1.4152324075772,0.609216919956064,-0.5065607304015044
IDS20220283,Septiembre-Diciembre 2023,Ingeniería en Desarrollo de Software,2022,Irregular,-1.4389728657744394,-2.277722423282119,0.36036564076201666,-1.021031174315952,1.3632450726570629,3.3169407042651597,0.8412444993533734,3.125422421393516,-1.0065699733169846,0.3829069160414252,-0.28206614131491065,2.212998703629573,-0.523583919059267,2.3624976427272446,3.214796976211103,-0.45715245596448484,-2.0079475265817286,1.7007536298565888,1.504013521626209,-1.2742825691417659,1.1640619702910142,-1.3166867522368357,0.43545612540836925,-0.9923822985600096,-0.5065607304015044
IDS20220303,Enero-Abril 2023,Ingeniería en Desarrollo de Software,2022,Regular,0.013838946800320762,-0.06286734840052839,-0.09022538908552294,0.13822005598305914,-0.5126252132718706,0.3741132055432285,-0.3767312323191194,1.6339980129998586,-1.0065699733169846,0.6685857876809949,0.5603376708632528,0.05086109490004391,-0.523583919059267,0.9364341109541224,0.3992661352687664,-0.45715245596448484,-0.02201016680455571,0.7583194223715372,0.3666104117817102,-1.2742825691417659,0.2061559502574696,-1.3166867522368357,0.43545612540836925,0.609216919956064,-0.5065607304015044
IDS20220303,Septiembre-Diciembre 2022,Ingeniería en Desarrollo de Software,2022,Regular,-0.765635105036726,0.0,-1.165829782915134,0.3197895257889281,1.3632450726570629,-1.097300543817737,-0.3767312323191194,-0.6031385995906284,-0.3697343790524706,0.3829069160414252,-1.124469953493074,-1.0302077094647206,-0.523583919059267,-0.4896294208189999,-0.5392441450453458,3.496919435884176,0.0,-0.4354695737433991,-0.7707926980627884,-1.2742825691417659,-0.7517500697760751,-1.3166867522368357,0.43545612540836925,-0.9923822985600096,1.974096964064686
IDS20220303,Septiembre-Diciembre 2023,Ingeniería en Desarrollo de Software,2022,Regular,-0.28402741854297237,-1.1826413877129365,-0.09022538908552294,-0.5636157792280891,0.4253099296925961,-0.3615936691372542,-0.3767312323191194,2.3797102171966875,-1.0065699733169846,-1.045487442156423,-1.124469953493074,1.1319298992648084,-0.21462920249682893,0.9364341109541224,1.3377764155828784,-0.45715245596448484,-1.520803702439571,-0.358249638679447,0.3666104117817102,-1.2742825691417659,0.2061559502574696,-1.3166867522368357,0.43545612540836925,-0.9923822985600096,-0.5065607304015044
IDS20220314,Enero-Abril 2023,Ingeniería en Desarrollo de Software,2022,Baja Temporal,0.24437153606984224,0.5888132286489759,-0.26949278805712484,-1.7333421712466688,0.4253099296925961,-1.097300543817737,3.2771959626983587,0.14257360460620055,-1.0065699733169846,-1.045487442156423,-0.5628674120409651,0.05086109490004391,-0.523583919059267,-0.4896294208189999,-0.5392441450453458,-0.45715245596448484,1.14196180238467,-0.3551296413031257,-0.7707926980627884,-1.2742825691417659,1.1640619702910142,-1.3166867522368357,0.43545612540836925,2.210816138472137,-0.5065607304015044
IDS20220314,Septiembre-Diciembre 2022,Ingeniería en Desarrollo de Software,2022,Baja Temporal,-0.21783489291112965,-0.28080994665596376,-0.6280275860003285,-2.151475709886146,0.4253099296925961,-1.097300543817737,3.2771959626983587,0.14257360460620055,-1.0065699733169846,-0.18845082723771414,-0.28206614131491065,-1.0302077094647206,-0.523583919059267,-0.4896294208189999,-0.5392441450453458,-0.45715245596448484,-0.02201016680455571,-0.353374642778945,-0.7707926980627884,-1.2742825691417659,1.1640619702910142,-1.3166867522368357,0.43545612540836925,0.609216919956064,1.974096964064686
IDS20220322,Enero-Abril 2023,Ingeniería en Desarrollo de Software,2022,Regular,2.0418409821069563,1.8449355929783307,-0.6280275860003285,1.2223992939584891,-1.4505603562363374,-0.3615936691372542,-0.3767312323191194,-0.6031385995906284,-0.3697343790524706,-0.7598085705168535,-0.28206614131491065,0.05086109490004391,-0.523583919059267,-0.4896294208189999,-0.5392441450453458,-0.45715245596448484,-0.02201016680455571,-0.40504959932426643,-0.7707926980627884,-0.15466226432855207,-0.7517500697760751,-0.3838001809711627,0.43545612540836925,-0.9923822985600096,-0.5065607304015044
IDS20220322,Septiembre-Diciembre 2022,Ingeniería en Desarrollo de Software,2022,Regular,-0.765635105036726,0.0,-1.165829782915134,0.3686736138135853,0.4253099296925961,0.3741132055432285,-0.3767312323191194,-0.6031385995906284,-0.3697343790524706,-0.7598085705168535,-1.124469953493074,-1.0302077094647206,-0.523583919059267,-0.4896294208189999,-0.5392441450453458,1.5198834899598457,0.0,-0.4001746034237644,-0.7707926980627884,-0.15466226432855207,-0.7517500697760751,-0.3838001809711627,0.43545612540836925,0.609216919956064,1.974096964064686
IDS20220322,Septiembre-Diciembre 2023,Ingeniería en Desarrollo de Software,2022,Regular,0.7488042314021628,0.019800533696360426,0.36036564076201666,0.7152268807026719,-1.4505603562363374,0.3741132055432285,-0.3767312323191194,-0.6031385995906284,-0.3697343790524706,-0.045611391417929324,0.4199370355002256,1.1319298992648084,-0.21462920249682893,-0.4896294208189999,-0.5392441450453458,-0.45715245596448484,-2.4649142996708324,-0.4623795511141703,-0.7707926980627884,0.9649580404846618,-0.7517500697760751,0.5490863902945103,-1.5240964389292924,0.609216919956064,-0.5065607304015044
IDS20220368,Enero-Abril 2023,Ingeniería en Desarrollo de Software,2022,Regular,-0.08430859120551525,-0.09829644072776644,0.18109824179041478,0.16353503013868442,0.4253099296925961,-1.097300543817737,-0.3767312323191194,-0.6031385995906284,-0.3697343790524706,-1.045487442156423,-0.5628674120409651,0.05086109490004391,-0.523583919059267,-0.4896294208189999,-0.5392441450453458,-0.45715245596448484,0.09295002768326907,-0.34771964753436263,-0.7707926980627884,-1.2742825691417659,-0.7517500697760751,-1.3166867522368357,-0.5443201567604616,0.609216919956064,-0.5065607304015044
IDS20220368,Septiembre-Diciembre 2022,Ingeniería en Desarrollo de Software,2022,Regular,-0.11512235313757961,-0.18418514939985886,-0.17985908857132388,0.6523759103852558,0.4253099296925961,-0.3615936691372542,-0.3767312323191194,-0.6031385995906284,-0.3697343790524706,-0.045611391417929324,0.4199370355002256,-1.0302077094647206,-0.523583919059267,-0.4896294208189999,-0.5392441450453458,-0.45715245596448484,-0.02201016680455571,0.005620055334024246,-0.7707926980627884,-0.15466226432855207,-0.7517500697760751,0.5490863902945103,-1.5240964389292924,0.609216919956064,-0.5065607304015044
IDS20220378,Enero-Abril 2023,Ingeniería en Desarrollo de Software,2022,Baja Temporal,0.5810404164386989,0.4707162542248475,-0.5383938865145277,-2.0388677214007753,1.3632450726570629,0.3741132055432285,3.2771959626983587,0.14257360460620055,-1.0065699733169846,0.3829069160414252,-0.1416655059518834,-1.0302077094647206,-0.21462920249682893,-0.4896294208189999,-0.5392441450453458,-0.45715245596448484,-0.02201016680455571,-0.3543496419590454,-0.7707926980627884,0.9649580404846618,1.1640619702910142,0.5490863902945103,2.395008689746031,2.210816138472137,1.974096964064686
IDS20220378,Mayo-Agosto 2023,Ingeniería en Desarrollo de Software,2022,Baja Temporal,0.4840341288747918,0.28820274829665016,-0.0005916895997222116,-1.886104946323722,1.3632450726570629,-0.3615936691372542,3.2771959626983587,0.14257360460620055,-1.0065699733169846,-0.7598085705168535,-0.28206614131491065,0.05086109490004391,-0.21462920249682893,-0.4896294208189999,-0.5392441450453458,-0.45715245596448484,-0.26630058009118335,-0.3668296314643306,-0.7707926980627884,-0.15466226432855207,1.1640619702910142,-0.3838001809711627,0.43545612540836925,-0.9923822985600096,-0.5065607304015044
IDS20220378,Septiembre-Diciembre 2023,Ingeniería en Desarrollo de Software,2022,Baja Temporal,0.34137782363375097,-0.023143820639685016,0.5396330397336185,-2.327807598832231,2.3011802156215295,-0.3615936691372542,3.2771959626983587,0.14257360460620055,-1.0065699733169846,-0.7598085705168535,-0.28206614131491065,1.1319298992648084,-0.21462920249682893,-0.4896294208189999,-0.5392441450453458,-0.45715245596448484,-0.5608860784662344,-0.439954569971861,-0.7707926980627884,-1.2742825691417659,1.1640619702910142,-1.3166867522368357,2.395008689746031,0.609216919956064,-0.5065607304015044
IDS20230018,Septiembre-Diciembre 2022,Ingeniería en Desarrollo de Software,2023,Regular,0.19301526618306886,0.10568924236845437,-0.5383938865145277,1.4153168556272244,-0.5126252132718706,-1.097300543817737,-0.3767312323191194,-0.6031385995906284,-1.0065699733169846,0.52574635186121,-0.1416655059518834,-1.0302077094647206,-1.1414933521841435,-0.4896294208189999,-0.5392441450453458,3.496919435884176,-0.02201016680455571,-0.288439697384258,-0.7707926980627884,-1.2742825691417659,-0.7517500697760751,-1.3166867522368357,0.43545612540836925,0.609216919956064,1.974096964064686
IDS20230022,Enero-Abril 2023,Ingeniería en Desarrollo de Software,2023,Regular,-0.765635105036726,0.0,-1.165829782915134,0.5528618740493467,-0.5126252132718706,-0.3615936691372542,-0.3767312323191194,-0.6031385995906284,-1.0065699733169846,-0.7598085705168535,-1.124469953493074,0.05086109490004391,-1.1414933521841435,-0.4896294208189999,-0.5392441450453458,1.5198834899598457,0.0,-0.2913646949245592,-0.7707926980627884,-1.2742825691417659,-0.7517500697760751,-1.3166867522368357,1.4152324075772,-0.9923822985600096,1.974096964064686
IDS20230022,Mayo-Agosto 2023,Ingeniería en Desarrollo de Software,2023,Regular,0.9405343056461224,0.8089030446212132,-0.0005916895997222116,1.4100792747674395,-1.4505603562363374,0.3741132055432285,-0.3767312323191194,-0.6031385995906284,-1.0065699733169846,0.24006748022164032,0.7007383062262801,1.1319298992648084,-1.1414933521841435,-0.4896294208189999,-0.5392441450453458,-0.45715245596448484,-0.02201016680455571,-0.45145956029704576,-0.7707926980627884,-0.15466226432855207,-0.7517500697760751,0.5490863902945103,0.43545612540836925,-0.9923822985600096,-0.5065607304015044
IDS20230022,Septiembre-Diciembre 2022,Ingeniería en Desarrollo de Software,2023,Regular,-0.765635105036726,0.0,-1.165829782915134,0.6209504252265478,0.4253099296925961,-0.3615936691372542,-0.3767312323191194,-0.6031385995906284,-1.0065699733169846,-0.7598085705168535,-1.124469953493074,-1.0302077094647206,-1.1414933521841435,-0.4896294208189999,-0.5392441450453458,1.5198834899598457,0.0,-0.34284465163386063,-0.7707926980627884,-1.2742825691417659,-0.7517500697760751,-1.3166867522368357,-0.5443201567604616,-0.9923822985600096,1.974096964064686
IDS20230022,Septiembre-Diciembre 2023,Ingeniería en Desarrollo de Software,2023,Regular,0.6609279473736821,0.019800533696360426,0.4499993402478176,0.9168737438043825,-0.5126252132718706,-0.3615936691372542,-0.3767312323191194,-0.6031385995906284,-1.0065699733169846,-0.9026480063366383,-0.42246677667793786,2.212998703629573,-1.1414933521841435,-0.4896294208189999,-0.5392441450453458,-0.45715245596448484,-1.0782069536614458,-0.3670246313003506,-0.7707926980627884,-0.15466226432855207,-0.7517500697760751,-0.3838001809711627,-1.5240964389292924,0.609216919956064,-0.5065607304015044
IDS20230079,Septiembre-Diciembre 2022,Ingeniería en Desarrollo de Software,2023,Regular,0.8229855101275046,0.6983213322058937,1.077435236648424,0.751017016577867,-0.5126252132718706,-1.097300543817737,-0.3767312323191194,-0.6031385995906284,-1.0065699733169846,1.9541407100590582,2.385545930582607,-1.0302077094647206,-1.1414933521841435,-0.4896294208189999,-0.5392441450453458,-0.45715245596448484,-0.02201016680455571,-0.3096946795104468,-0.7707926980627884,2.0845783452978757,-0.7517500697760751,2.414859532825856,-0.5443201567604616,-0.9923822985600096,-0.5065607304015044
IDS20230158,Enero-Abril 2023,Ingeniería en Desarrollo de Software,2023,Regular,1.1516656374028622,0.996784594841416,0.8085341381910214,1.630930601021694,-1.4505603562363374,-0.3615936691372542,-0.3767312323191194,-0.6031385995906284,-1.0065699733169846,-0.18845082723771414,0.2795364001371983,0.05086109490004391,-1.1414933521841435,-0.4896294208189999,-0.5392441450453458,-0.45715245596448484,-0.050750215426511903,-0.4801245361919977,-0.7707926980627884,0.9649580404846618,-0.7517500697760751,0.5490863902945103,0.43545612540836925,-0.9923822985600096,-0.5065607304015044
IDS20230158,Septiembre-Diciembre 2022,Ingeniería en Desarrollo de Software,2023,Regular,1.1630781418221463,1.0182567720094395,-0.09022538908552294,1.0801116806010043,-1.4505603562363374,-1.097300543817737,-0.3767312323191194,-0.6031385995906284,-1.0065699733169846,0.0972280444018555,0.5603376708632528,-1.0302077094647206,-1.1414933521841435,-0.4896294208189999,-0.5392441450453458,-0.45715245596448484,-0.02201016680455571,0.02531503877205246,-0.7707926980627884,-0.15466226432855207,-0.7517500697760751,0.5490863902945103,-0.5443201567604616,0.609216919956064,-0.5065607304015044
IDS20230168,Enero-Abril 2023,Ingeniería en Desarrollo de Software,2023,Irregular,-1.37620409146838,-1.3705229379331392,-1.165829782915134,-0.655273444274321,-0.5126252132718706,1.845526954904194,0.8412444993533734,0.8882858088030295,-1.0065699733169846,1.0971040951403492,-1.124469953493074,0.05086109490004391,-1.1414933521841435,2.3624976427272446,1.3377764155828784,1.5198834899598457,-0.02201016680455571,-0.36487963310412974,1.504013521626209,0.9649580404846618,1.1640619702910142,0.5490863902945103,0.43545612540836925,-0.9923822985600096,1.974096964064686
IDS20230168,Mayo-Agosto 2023,Ingeniería en Desarrollo de Software,2023,Regular,-0.3947287114100199,0.47608429851685297,-0.0005916895997222116,1.127249908339067,0.4253099296925961,0.3741132055432285,-0.3767312323191194,1.6339980129998586,-1.0065699733169846,0.24006748022164032,0.7007383062262801,1.1319298992648084,-1.1414933521841435,-0.4896294208189999,1.3377764155828784,-0.45715245596448484,2.4496340146836766,0.8452893492364933,-0.7707926980627884,0.9649580404846618,-0.7517500697760751,0.5490863902945103,0.43545612540836925,-0.9923822985600096,-0.5065607304015044
IDS20230168,Septiembre-Diciembre 2022,Ingeniería en Desarrollo de Software,2023,Regular,-0.765635105036726,0.0,-1.165829782915134,0.44636439656705823,-1.4505603562363374,-1.097300543817737,-0.3767312323191194,-0.6031385995906284,-1.0065699733169846,-0.9026480063366383,-1.124469953493074,-1.0302077094647206,-1.1414933521841435,-0.4896294208189999,-0.5392441450453458,1.5198834899598457,0.0,-0.3139846759028886,-0.7707926980627884,0.9649580404846618,-0.7517500697760751,0.5490863902945103,0.43545612540836925,0.609216919956064,1.974096964064686
IDS20230168,Septiembre-Diciembre 2023,Ingeniería en Desarrollo de Software,2023,Irregular,-0.6400975564246107,-1.601348842489389,-0.0005916895997222116,-0.43005746730357963,0.4253099296925961,1.845526954904194,-0.3767312323191194,2.3797102171966875,-1.0065699733169846,-0.6169691346970686,-1.124469953493074,2.212998703629573,-1.1414933521841435,0.9364341109541224,2.2762866958969905,-0.45715245596448484,-1.566787780234701,-0.3032596849217841,0.3666104117817102,-1.2742825691417659,0.2061559502574696,-1.3166867522368357,0.43545612540836925,-0.9923822985600096,-0.5065607304015044
IDS20230180,Mayo-Agosto 2023,Ingeniería en Desarrollo de Software,2023,Regular,0.8035842526147229,0.7820628231611843,-0.4487601870287267,1.3341343523005613,-0.5126252132718706,0.3741132055432285,-0.3767312323191194,-0.6031385995906284,-1.0065699733169846,-1.045487442156423,-0.5628674120409651,0.05086109490004391,-1.1414933521841435,-0.4896294208189999,-0.5392441450453458,-0.45715245596448484,0.2510202951040281,-0.31651967377114965,-0.7707926980627884,-0.15466226432855207,-0.7517500697760751,-0.3838001809711627,0.43545612540836925,0.609216919956064,-0.5065607304015044
IDS20230180,Septiembre-Diciembre 2022,Ingeniería en Desarrollo de Software,2023,Regular,0.6951654606315315,0.5780771400649634,-0.8072949849719304,0.8121221266086885,-0.5126252132718706,0.3741132055432285,-0.3767312323191194,-0.6031385995906284,-1.0065699733169846,-1.045487442156423,-0.5628674120409651,-1.0302077094647206,-1.1414933521841435,-0.4896294208189999,-0.5392441450453458,-0.45715245596448484,-0.02201016680455571,-0.29584969115302107,-0.7707926980627884,-1.2742825691417659,-0.7517500697760751,-1.3166867522368357,-1.5240964389292924,0.609216919956064,-0.5065607304015044
IDS20230180,Septiembre-Diciembre 2023,Ingeniería en Desarrollo de Software,2023,Regular,0.9234155490171968,1.0182567720094395,0.09146454230461405,0.9194925342342737,0.4253099296925961,0.3741132055432285,-0.3767312323191194,-0.6031385995906284,-1.0065699733169846,-0.7598085705168535,-0.28206614131491065,1.1319298992648084,-1.1414933521841435,-0.4896294208189999,-0.5392441450453458,-0.45715245596448484,0.4306455989912543,-0.4181145883376119,-0.7707926980627884,0.9649580404846618,-0.7517500697760751,0.5490863902945103,-0.5443201567604616,-0.9923822985600096,-0.5065607304015044
IDS20230183,Enero-Abril 2023,Ingeniería en Desarrollo de Software,2023,Regular,-0.6286850520053265,-0.6673091356803804,-0.6280275860003285,0.40097202911559005,1.3632450726570629,-0.3615936691372542,-0.3767312323191194,0.14257360460620055,-1.0065699733169846,-0.18845082723771414,-0.28206614131491065,-1.0302077094647206,-1.1414933521841435,0.9364341109541224,0.3992661352687664,-0.45715245596448484,-0.02201016680455571,0.31683979362207365,0.3666104117817102,-0.15466226432855207,0.2061559502574696,-0.3838001809711627,0.43545612540836925,0.609216919956064,-0.5065607304015044
IDS20230183,Septiembre-Diciembre 2023,Ingeniería en Desarrollo de Software,2023,Irregular,-0.8147088740396449,-1.016232014660757,-0.6280275860003285,-0.23364818506165394,0.4253099296925961,1.1098200802237113,0.8412444993533734,1.6339980129998586,-1.0065699733169846,-0.18845082723771414,-1.124469953493074,0.05086109490004391,-0.8325386356217053,2.3624976427272446,2.2762866958969905,-0.45715245596448484,-0.4890359569113439,-0.42883957931871636,1.504013521626209,-0.15466226432855207,1.1640619702910142,-0.3838001809711627,1.4152324075772,0.609216919956064,-0.5065607304015044
IDS20230189,Enero-Abril 2023,Ingeniería en Desarrollo de Software,2023,Regular,0.683752956212249,0.9001597975853111,-0.09022538908552294,1.2354932461079502,-1.4505603562363374,-0.3615936691372542,-0.3767312323191194,-0.6031385995906284,-1.0065699733169846,-0.7598085705168535,-0.28206614131491065,0.05086109490004391,-1.1414933521841435,-0.4896294208189999,-0.5392441450453458,-0.45715245596448484,0.8689313404760863,-0.36078463654770804,-0.7707926980627884,-0.15466226432855207,-0.7517500697760751,-0.3838001809711627,0.43545612540836925,0.609216919956064,-0.5065607304015044
IDS20230189,Septiembre-Diciembre 2022,Ingeniería en Desarrollo de Software,2023,Regular,0.32996531921446676,0.23452230537659222,-0.6280275860003285,0.7108622299861836,-0.5126252132718706,0.3741132055432285,-0.3767312323191194,-0.6031385995906284,-1.0065699733169846,-0.7598085705168535,-0.28206614131491065,-1.0302077094647206,-1.1414933521841435,-0.4896294208189999,-0.5392441450453458,-0.45715245596448484,-0.02201016680455571,-0.40524459916028654,-0.7707926980627884,-1.2742825691417659,-0.7517500697760751,-1.3166867522368357,-1.5240964389292924,-0.9923822985600096,-0.5065607304015044
IDS20230189,Septiembre-Diciembre 2023,Ingeniería en Desarrollo de Software,2023,Regular,0.7590754853795181,0.6575241955866501,3.5896013546693846,1.145581441348313,-0.5126252132718706,-1.097300543817737,-0.3767312323191194,-0.6031385995906284,-1.0065699733169846,4.239571683175615,4.631956096391043,1.1319298992648084,-1.1414933521841435,-0.4896294208189999,-0.5392441450453458,-0.45715245596448484,0.0986980374076603,0.09356498137908083,-0.7707926980627884,3.2041986501110897,-0.7517500697760751,4.280632675357203,-1.5240964389292924,-0.9923822985600096,-0.5065607304015044
IDS20230199,Enero-Abril 2023,Ingeniería en Desarrollo de Software,2023,Regular,1.6081658141741928,1.5088960202987685,1.077435236648424,0.9535368098228741,0.4253099296925961,-0.3615936691372542,-0.3767312323191194,-0.6031385995906284,-1.0065699733169846,0.9542646593205645,1.4027414830414162,0.05086109490004391,-1.1414933521841435,-0.4896294208189999,-0.5392441450453458,-0.45715245596448484,0.3616694822985595,-0.4633545502942707,-0.7707926980627884,0.9649580404846618,-0.7517500697760751,1.4819729615601833,0.43545612540836925,0.609216919956064,-0.5065607304015044
IDS20230199,Mayo-Agosto 2023,Ingeniería en Desarrollo de Software,2023,Regular,1.5339845354488524,1.2276104993976642,2.2426733299638357,1.0478132652989995,-1.4505603562363374,-1.097300543817737,-0.3767312323191194,-0.6031385995906284,-1.0065699733169846,0.24006748022164032,0.7007383062262801,1.1319298992648084,-1.1414933521841435,-0.4896294208189999,-0.5392441450453458,-0.45715245596448484,-0.30222564086862863,-0.24982972985228194,-0.7707926980627884,-1.2742825691417659,-0.7517500697760751,-0.3838001809711627,-0.5443201567604616,0.609216919956064,-0.5065607304015044
IDS20230199,Septiembre-Diciembre 2022,Ingeniería en Desarrollo de Software,2023,Regular,1.3799157257885275,1.2222424551056588,-0.5383938865145277,1.3777808594654337,-0.5126252132718706,0.3741132055432285,-0.3767312323191194,-0.6031385995906284,-1.0065699733169846,-0.6169691346970686,-0.1416655059518834,-1.0302077094647206,-1.1414933521841435,-0.4896294208189999,-0.5392441450453458,-0.45715245596448484,-0.02201016680455571,-0.42493958259831466,-0.7707926980627884,-0.15466226432855207,-0.7517500697760751,-0.3838001809711627,0.43545612540836925,-0.9923822985600096,-0.5065607304015044
IDS20230199,Septiembre-Diciembre 2023,Ingeniería en Desarrollo de Software,2023,Regular,1.2920394417600467,0.6854380259050793,3.948136152612588,0.8618791447766424,0.4253099296925961,-1.097300543817737,-0.3767312323191194,-0.6031385995906284,-1.0065699733169846,1.0971040951403492,1.5431421184044436,2.212998703629573,-1.1414933521841435,-0.4896294208189999,-0.5392441450453458,-0.45715245596448484,-0.9345067105516649,-0.46218455127815017,-0.7707926980627884,-0.15466226432855207,-0.7517500697760751,0.5490863902945103,-1.5240964389292924,0.609216919956064,-0.5065607304015044
IDS20230252,Enero-Abril 2023,Ingeniería en Desarrollo de Software,2023,Regular,-0.103709848718297,-0.17344906081584788,-0.6280275860003285,0.9160008136610845,-0.5126252132718706,-0.3615936691372542,-0.3767312323191194,-0.6031385995906284,-1.0065699733169846,-0.7598085705168535,-0.28206614131491065,0.05086109490004391,-1.1414933521841435,-0.4896294208189999,-0.5392441450453458,-0.45715245596448484,-0.02201016680455571,-0.42610958161443524,-0.7707926980627884,0.9649580404846618,-0.7517500697760751,0.5490863902945103,-1.5240964389292924,0.609216919956064,-0.5065607304015044
IDS20230252,Septiembre-Diciembre 2022,Ingeniería en Desarrollo de Software,2023,Regular,-0.765635105036726,0.0,-1.165829782915134,1.091459772463872,-1.4505603562363374,-1.097300543817737,-0.3767312323191194,-0.6031385995906284,-1.0065699733169846,-0.7598085705168535,-1.124469953493074,-1.0302077094647206,-1.1414933521841435,-0.4896294208189999,-0.5392441450453458,1.5198834899598457,0.0,-0.42747458046657577,-0.7707926980627884,0.9649580404846618,-0.7517500697760751,0.5490863902945103,0.43545612540836925,0.609216919956064,1.974096964064686
IDS20230252,Septiembre-Diciembre 2023,Ingeniería en Desarrollo de Software,2023,Regular,0.1610602538090756,0.1593696852885123,1.077435236648424,0.7379230644284047,0.4253099296925961,-0.3615936691372542,-0.3767312323191194,-0.6031385995906284,-1.0065699733169846,1.0971040951403492,1.5431421184044436,1.1319298992648084,-1.1414933521841435,-0.4896294208189999,-0.5392441450453458,-0.45715245596448484,0.4234605868357653,-0.18294478609739412,-0.7707926980627884,2.0845783452978757,-0.7517500697760751,2.414859532825856,-1.5240964389292924,-0.9923822985600096,-0.5065607304015044
IDS20230291,Enero-Abril 2023,Ingeniería en Desarrollo de Software,2023,Regular,0.3527903280530336,0.5888132286489759,-0.17985908857132388,1.0146419198536958,-0.5126252132718706,0.3741132055432285,-0.3767312323191194,-0.6031385995906284,-1.0065699733169846,-0.6169691346970686,-0.1416655059518834,0.05086109490004391,-1.1414933521841435,-0.4896294208189999,-0.5392441450453458,-0.45715245596448484,0.8689313404760863,-0.3541546421230253,-0.7707926980627884,0.9649580404846618,-0.7517500697760751,0.5490863902945103,-0.5443201567604616,0.609216919956064,-0.5065607304015044
IDS20230291,Septiembre-Diciembre 2022,Ingeniería en Desarrollo de Software,2023,Regular,-0.0009973089447469633,-0.07682426355974296,-0.8072949849719304,0.8121221266086885,-1.4505603562363374,-0.3615936691372542,-0.3767312323191194,-0.6031385995906284,-1.0065699733169846,-0.4741296988772838,-0.5628674120409651,-1.0302077094647206,-1.1414933521841435,-0.4896294208189999,-0.5392441450453458,1.5198834899598457,-0.02201016680455571,-0.31495967508298894,-0.7707926980627884,-0.15466226432855207,-0.7517500697760751,-0.3838001809711627,0.43545612540836925,0.609216919956064,1.974096964064686
IDS20230297,Septiembre-Diciembre 2022,Ingeniería en Desarrollo de Software,2023,Regular,1.8478284069791422,1.662422087050135,-0.5383938865145277,1.6108532077258522,-0.5126252132718706,-1.097300543817737,-0.3767312323191194,-0.6031385995906284,-1.0065699733169846,0.52574635186121,-0.1416655059518834,-1.0302077094647206,-1.1414933521841435,-0.4896294208189999,-0.5392441450453458,3.496919435884176,-0.02201016680455571,-0.324709666883993,-0.7707926980627884,0.9649580404846618,-0.7517500697760751,0.5490863902945103,-0.5443201567604616,-0.9923822985600096,1.974096964064686
IDS20230304,Mayo-Agosto 2023,Ingeniería en Desarrollo de Software,2023,Regular,-0.46320373792571884,-0.511635851212212,-0.6280275860003285,-0.08350420041449307,-1.4505603562363374,1.1098200802237113,-0.3767312323191194,0.14257360460620055,-1.0065699733169846,0.0972280444018555,-0.28206614131491065,0.05086109490004391,-1.1414933521841435,0.9364341109541224,0.3992661352687664,-0.45715245596448484,-0.02201016680455571,0.6892894804204285,0.3666104117817102,-0.15466226432855207,0.2061559502574696,-0.3838001809711627,1.4152324075772,0.609216919956064,-0.5065607304015044
IDS20230304,Septiembre-Diciembre 2022,Ingeniería en Desarrollo de Software,2023,Regular,-0.765635105036726,0.0,-1.165829782915134,0.4673147200061965,-0.5126252132718706,-0.3615936691372542,-0.3767312323191194,-0.6031385995906284,-1.0065699733169846,-0.7598085705168535,-1.124469953493074,-1.0302077094647206,-1.1414933521841435,-0.4896294208189999,-0.5392441450453458,1.5198834899598457,0.0,-0.4108995944048689,-0.7707926980627884,-1.2742825691417659,-0.7517500697760751,-1.3166867522368357,-0.5443201567604616,-0.9923822985600096,1.974096964064686
IDS20230304,Septiembre-Diciembre 2023,Ingeniería en Desarrollo de Software,2023,Regular,0.2706202962341942,0.6392728449938302,0.6292667392194196,1.516576752249728,0.4253099296925961,-1.097300543817737,-0.3767312323191194,0.14257360460620055,-1.0065699733169846,0.3829069160414252,0.8411389415893074,1.1319298992648084,-1.1414933521841435,-0.4896294208189999,0.3992661352687664,-0.45715245596448484,1.5184564393322966,-0.32041967049155123,-0.7707926980627884,-0.15466226432855207,-0.7517500697760751,0.5490863902945103,0.43545612540836925,-0.9923822985600096,-0.5065607304015044
IDS20230323,Mayo-Agosto 2023,Ingeniería en Desarrollo de Software,2023,Regular,1.3114406992728285,1.1578259236015898,-0.5383938865145277,1.1167747466194973,-1.4505603562363374,-1.097300543817737,-0.3767312323191194,-0.6031385995906284,-1.0065699733169846,-0.6169691346970686,-0.1416655059518834,0.05086109490004391,-1.1414933521841435,-0.4896294208189999,-0.5392441450453458,-0.45715245596448484,-0.02201016680455571,-0.31261967705074806,-0.7707926980627884,0.9649580404846618,-0.7517500697760751,0.5490863902945103,-0.5443201567604616,0.609216919956064,-0.5065607304015044
IDS20230323,Septiembre-Diciembre 2022,Ingeniería en Desarrollo de Software,2023,Regular,-0.765635105036726,0.0,-1.165829782915134,0.823470218471555,-1.4505603562363374,0.3741132055432285,-0.3767312323191194,-0.6031385995906284,-1.0065699733169846,-0.045611391417929324,-1.124469953493074,-1.0302077094647206,-1.1414933521841435,-0.4896294208189999,-0.5392441450453458,3.496919435884176,0.0,-0.4202595865338328,-0.7707926980627884,0.9649580404846618,-0.7517500697760751,0.5490863902945103,-0.5443201567604616,-0.9923822985600096,1.974096964064686
IDS20230323,Septiembre-Diciembre 2023,Ingeniería en Desarrollo de Software,2023,Regular,0.8286917623371459,0.47608429851685297,0.27073194127621575,1.5008640096703747,-1.4505603562363374,-1.097300543817737,-0.3767312323191194,-0.6031385995906284,-1.0065699733169846,-0.331290263057499,0.13913576477417108,1.1319298992648084,-1.1414933521841435,-0.4896294208189999,-0.5392441450453458,-0.45715245596448484,-0.9345067105516649,-0.44638956456052364,-0.7707926980627884,0.9649580404846618,-0.7517500697760751,0.5490863902945103,-1.5240964389292924,-0.9923822985600096,-0.5065607304015044
IDS20230334,Enero-Abril 2023,Ingeniería en Desarrollo de Software,2023,Regular,0.6152779296965484,0.42777189988880204,-0.17985908857132388,1.2285098049615706,-0.5126252132718706,-1.097300543817737,-0.3767312323191194,-0.6031385995906284,-1.0065699733169846,-0.18845082723771414,-0.5628674120409651,0.05086109490004391,-1.1414933521841435,-0.4896294208189999,-0.5392441450453458,1.5198834899598457,-0.22319050715824904,-0.3988096045716239,-0.7707926980627884,-0.15466226432855207,-0.7517500697760751,-0.3838001809711627,0.43545612540836925,0.609216919956064,1.974096964064686
IDS20230334,Septiembre-Diciembre 2022,Ingeniería en Desarrollo de Software,2023,Regular,0.6951654606315315,0.5780771400649634,-0.5383938865145277,1.2739021724130375,-0.5126252132718706,0.3741132055432285,-0.3767312323191194,-0.6031385995906284,-1.0065699733169846,-0.6169691346970686,-0.1416655059518834,-1.0302077094647206,-1.1414933521841435,-0.4896294208189999,-0.5392441450453458,-0.45715245596448484,-0.02201016680455571,-0.33913965474947905,-0.7707926980627884,-1.2742825691417659,-0.7517500697760751,-1.3166867522368357,-0.5443201567604616,0.609216919956064,-0.5065607304015044
IDS20230334,Septiembre-Diciembre 2023,Ingeniería en Desarrollo de Software,2023,Regular,0.9234155490171968,1.3725476952818216,0.18109824179041478,1.2424766872543296,-0.5126252132718706,-0.3615936691372542,-0.3767312323191194,-0.6031385995906284,-1.0065699733169846,-1.045487442156423,-0.5628674120409651,1.1319298992648084,-1.1414933521841435,-0.4896294208189999,-0.5392441450453458,-0.45715245596448484,1.14196180238467,-0.4142145916172103,-0.7707926980627884,-1.2742825691417659,-0.7517500697760751,-1.3166867522368357,-1.5240964389292924,-0.9923822985600096,-0.5065607304015044
IDS20230357,Enero-Abril 2023,Ingeniería en Desarrollo de Software,2023,Baja Temporal,-1.5188603967094216,0.0,-1.165829782915134,-1.9079281999061581,1.3632450726570629,0.3741132055432285,3.2771959626983587,1.6339980129998586,-1.0065699733169846,-0.7598085705168535,-1.124469953493074,0.05086109490004391,-1.1414933521841435,-0.4896294208189999,1.3377764155828784,-0.45715245596448484,0.0,-0.3756046240852342,-0.7707926980627884,-1.2742825691417659,1.1640619702910142,-1.3166867522368357,2.395008689746031,2.210816138472137,1.974096964064686
IDS20230357,Septiembre-Diciembre 2022,Ingeniería en Desarrollo de Software,2023,Baja Temporal,-1.5188603967094216,-1.5047240452332848,-1.165829782915134,-3.095113194790687,1.3632450726570629,1.845526954904194,4.4951716943708515,0.8882858088030295,-1.0065699733169846,0.0972280444018555,-1.124469953493074,-1.0302077094647206,-1.1414933521841435,2.3624976427272446,1.3377764155828784,-0.45715245596448484,-0.02201016680455571,-0.31788467262329023,1.504013521626209,-0.15466226432855207,3.0798740103581035,-0.3838001809711627,0.43545612540836925,0.609216919956064,-0.5065607304015044
IDS20240036,Enero-Abril 2023,Ingeniería en Desarrollo de Software,2024,Irregular,-0.8226976271331423,-0.8498226416085777,-0.8072949849719304,0.2997121324930864,-0.5126252132718706,0.3741132055432285,-0.3767312323191194,0.14257360460620055,-1.0065699733169846,-0.4741296988772838,-0.5628674120409651,-1.0302077094647206,-1.1414933521841435,0.9364341109541224,0.3992661352687664,-0.45715245596448484,-0.02201016680455571,-0.12132483791504856,0.3666104117817102,-0.15466226432855207,0.2061559502574696,-0.3838001809711627,-1.5240964389292924,-0.9923822985600096,-0.5065607304015044
IDS20240036,Mayo-Agosto 2023,Ingeniería en Desarrollo de Software,2024,Regular,-0.762211353710941,-0.6780452242643928,-0.4487601870287267,1.0626530777350551,-0.5126252132718706,-1.097300543817737,-0.3767312323191194,0.14257360460620055,-1.0065699733169846,-1.045487442156423,-0.5628674120409651,0.05086109490004391,-1.1414933521841435,-0.4896294208189999,0.3992661352687664,-0.45715245596448484,0.20791022217109387,-0.40426959998018613,-0.7707926980627884,0.9649580404846618,-0.7517500697760751,0.5490863902945103,-1.5240964389292924,0.609216919956064,-0.5065607304015044
IDS20240076,Mayo-Agosto 2023,Ingeniería en Desarrollo de Software,2024,Regular,2.270091070492622,2.0596573646585625,-0.6280275860003285,1.5017369398136713,0.4253099296925961,-1.097300543817737,-0.3767312323191194,-0.6031385995906284,-1.0065699733169846,-0.7598085705168535,-0.28206614131491065,-1.0302077094647206,-1.1414933521841435,-0.4896294208189999,-0.5392441450453458,-0.45715245596448484,-0.02201016680455571,-0.3046246837739247,-0.7707926980627884,-0.15466226432855207,-0.7517500697760751,-0.3838001809711627,-0.5443201567604616,-0.9923822985600096,-0.5065607304015044
IDS20240076,Septiembre-Diciembre 2023,Ingeniería en Desarrollo de Software,2024,Regular,0.4041465979398086,-0.28080994665596376,1.077435236648424,0.8688625859230219,-1.4505603562363374,0.3741132055432285,-0.3767312323191194,-0.6031385995906284,-1.0065699733169846,1.0971040951403492,1.5431421184044436,0.05086109490004391,-1.1414933521841435,-0.4896294208189999,-0.5392441450453458,-0.45715245596448484,-3.154675466597781,-0.21804475658100875,-0.7707926980627884,0.9649580404846618,-0.7517500697760751,1.4819729615601833,-1.5240964389292924,0.609216919956064,-0.5065607304015044
IDS20240104,Enero-Abril 2023,Ingeniería en Desarrollo de Software,2024,Regular,-0.1493598663954291,-0.21639341515189334,-0.6280275860003285,0.7745861304468977,0.4253099296925961,-0.3615936691372542,-0.3767312323191194,-0.6031385995906284,-1.0065699733169846,-0.7598085705168535,-0.28206614131491065,-1.0302077094647206,-1.1414933521841435,-0.4896294208189999,-0.5392441450453458,-0.45715245596448484,-0.02201016680455571,-0.3777496222814551,-0.7707926980627884,0.9649580404846618,-0.7517500697760751,0.5490863902945103,-1.5240964389292924,-0.9923822985600096,-0.5065607304015044
IDS20240104,Mayo-Agosto 2023,Ingeniería en Desarrollo de Software,2024,Regular,-0.5031475033932112,-0.8820309073606122,-0.6280275860003285,0.31629780521573775,0.4253099296925961,0.3741132055432285,-0.3767312323191194,0.14257360460620055,-1.0065699733169846,-0.4741296988772838,-1.124469953493074,0.05086109490004391,-1.1414933521841435,0.9364341109541224,0.3992661352687664,-0.45715245596448484,-0.9129516740851978,-0.3551296413031257,0.3666104117817102,-1.2742825691417659,0.2061559502574696,-1.3166867522368357,-0.5443201567604616,0.609216919956064,-0.5065607304015044
IDS20240104,Septiembre-Diciembre 2023,Ingeniería en Desarrollo de Software,2024,Regular,0.051500211383955344,0.14648637898769792,2.332307029449637,1.103680794470035,0.4253099296925961,-0.3615936691372542,-0.3767312323191194,0.14257360460620055,-1.0065699733169846,3.096856196617337,3.5087510134868247,1.1319298992648084,-1.1414933521841435,-0.4896294208189999,0.3992661352687664,-0.45715245596448484,0.909167408546825,-0.05619489268434148,-0.7707926980627884,2.0845783452978757,-0.7517500697760751,3.3477461040915295,-1.5240964389292924,0.609216919956064,-0.5065607304015044
IDS20240134,Enero-Abril 2023,Ingeniería en Desarrollo de Software,2024,Egresado,-1.427560361355155,-1.4188353365611917,-1.165829782915134,0.8409288213375041,0.4253099296925961,0.3741132055432285,-0.3767312323191194,0.14257360460620055,-1.0065699733169846,-0.7598085705168535,-1.124469953493074,-1.0302077094647206,-1.1414933521841435,0.9364341109541224,0.3992661352687664,-0.45715245596448484,-0.02201016680455571,-0.30891468016636653,0.3666104117817102,0.9649580404846618,0.2061559502574696,0.5490863902945103,-1.5240964389292924,0.609216919956064,-0.5065607304015044
IDS20240134,Septiembre-Diciembre 2023,Ingeniería en Desarrollo de Software,2024,Egresado,-0.3661974503618118,-0.2775891200807602,0.7189004387052205,-0.3122118979584247,-0.5126252132718706,2.5812338295846766,2.0592202310258663,2.3797102171966875,-1.0065699733169846,4.09673224735583,1.823943389130498,0.05086109490004391,-1.1414933521841435,3.7885611745003667,3.214796976211103,-0.45715245596448484,1.5055234174524161,1.1822490658791933,2.6414166314707077,-0.15466226432855207,2.121967990324559,-0.3838001809711627,-0.5443201567604616,-0.9923822985600096,-0.5065607304015044
IDS20240154,Mayo-Agosto 2023,Ingeniería en Desarrollo de Software,2024,Regular,1.3342657081113953,1.1792981007696133,-0.6280275860003285,1.2616811504068732,-1.4505603562363374,-0.3615936691372542,-0.3767312323191194,-0.6031385995906284,-1.0065699733169846,-0.7598085705168535,-0.28206614131491065,0.05086109490004391,-1.1414933521841435,-0.4896294208189999,-0.5392441450453458,-0.45715245596448484,-0.02201016680455571,-0.3239296675399127,-0.7707926980627884,-1.2742825691417659,-0.7517500697760751,-1.3166867522368357,-0.5443201567604616,-0.9923822985600096,-0.5065607304015044
IDS20240154,Septiembre-Diciembre 2022,Ingeniería en Desarrollo de Software,2024,Regular,-0.765635105036726,0.0,-1.165829782915134,0.4760440214391705,-1.4505603562363374,-0.3615936691372542,-0.3767312323191194,-0.6031385995906284,-1.0065699733169846,-0.7598085705168535,-1.124469953493074,-1.0302077094647206,-1.1414933521841435,-0.4896294208189999,-0.5392441450453458,1.5198834899598457,0.0,-0.3869146145743989,-0.7707926980627884,-1.2742825691417659,-0.7517500697760751,-1.3166867522368357,-0.5443201567604616,0.609216919956064,1.974096964064686
IDS20240154,Septiembre-Diciembre 2023,Ingeniería en Desarrollo de Software,2024,Regular,1.203021907289637,0.9323680633373456,-0.09022538908552294,1.5401458661187588,-1.4505603562363374,0.3741132055432285,-0.3767312323191194,-0.6031385995906284,-1.0065699733169846,-0.7598085705168535,-0.28206614131491065,1.1319298992648084,-1.1414933521841435,-0.4896294208189999,-0.5392441450453458,-0.45715245596448484,-0.3525207259570519,-0.36039463687566786,-0.7707926980627884,0.9649580404846618,-0.7517500697760751,0.5490863902945103,-0.5443201567604616,0.609216919956064,-0.5065607304015044
IDS20240182,Septiembre-Diciembre 2023,Ingeniería en Desarrollo de Software,2024,Regular,0.4030053474978797,0.30323327231426644,1.077435236648424,1.1962113896595647,-1.4505603562363374,-1.097300543817737,-0.3767312323191194,-0.6031385995906284,-1.0065699733169846,1.9541407100590582,2.385545930582607,-1.0302077094647206,-1.1414933521841435,-0.4896294208189999,-0.5392441450453458,-0.45715245596448484,-0.02201016680455571,-0.14218982036919717,-0.7707926980627884,0.9649580404846618,-0.7517500697760751,1.4819729615601833,0.43545612540836925,-0.9923822985600096,-0.5065607304015044
IDS20240187,Mayo-Agosto 2023,Ingeniería en Desarrollo de Software,2024,Regular,0.6118541783707633,0.9484721962133635,0.4499993402478176,1.0207524308567786,-0.5126252132718706,-1.097300543817737,-0.3767312323191194,-0.6031385995906284,-1.0065699733169846,-0.18845082723771414,0.2795364001371983,0.05086109490004391,-1.1414933521841435,-0.4896294208189999,-0.5392441450453458,-0.45715245596448484,1.7814278842231956,0.11871996022567127,-0.7707926980627884,-1.2742825691417659,-0.7517500697760751,-0.3838001809711627,-0.5443201567604616,0.609216919956064,-0.5065607304015044
IDS20240187,Septiembre-Diciembre 2022,Ingeniería en Desarrollo de Software,2024,Regular,-0.3433724415232449,-0.3989069210800906,-0.4487601870287267,0.5031048558813915,-0.5126252132718706,0.3741132055432285,-0.3767312323191194,-0.6031385995906284,-1.0065699733169846,-0.4741296988772838,-0.0012648705888561507,-1.0302077094647206,-1.1414933521841435,-0.4896294208189999,-0.5392441450453458,-0.45715245596448484,-0.02201016680455571,-0.38106461949379644,-0.7707926980627884,0.9649580404846618,-0.7517500697760751,0.5490863902945103,-1.5240964389292924,-0.9923822985600096,-0.5065607304015044
IDS20240187,Septiembre-Diciembre 2023,Ingeniería en Desarrollo de Software,2024,Regular,0.19872151839271018,-0.2775891200807602,1.7048711330490305,0.2778888789106503,-0.5126252132718706,1.1098200802237113,-0.3767312323191194,0.14257360460620055,-1.0065699733169846,1.239943530960134,0.8411389415893074,1.1319298992648084,-1.1414933521841435,0.9364341109541224,0.3992661352687664,-0.45715245596448484,-1.0609629244882723,-0.017779924988385466,0.3666104117817102,0.9649580404846618,0.2061559502574696,0.5490863902945103,-1.5240964389292924,-0.9923822985600096,-0.5065607304015044
IDS20240246,Septiembre-Diciembre 2022,Ingeniería en Desarrollo de Software,2024,Regular,0.40985285014944994,0.3096749254646737,-0.8072949849719304,1.0513049858721888,0.4253099296925961,-1.097300543817737,-0.3767312323191194,-0.6031385995906284,-1.0065699733169846,0.8114252235007796,-0.5628674120409651,-1.0302077094647206,-1.1414933521841435,-0.4896294208189999,-0.5392441450453458,3.496919435884176,-0.02201016680455571,-0.3481096472064028,-0.7707926980627884,0.9649580404846618,-0.7517500697760751,0.5490863902945103,-1.5240964389292924,0.609216919956064,1.974096964064686
IDS20240253,Enero-Abril 2023,Ingeniería en Desarrollo de Software,2024,Regular,0.5525091553904907,0.12716141953647633,-0.09022538908552294,0.9308406260971414,-1.4505603562363374,-1.097300543817737,-0.3767312323191194,-0.6031385995906284,-1.0065699733169846,-0.7598085705168535,-0.28206614131491065,0.05086109490004391,-1.1414933521841435,-0.4896294208189999,-0.5392441450453458,-0.45715245596448484,-0.8698416011522635,-0.42415958325423436,-0.7707926980627884,-1.2742825691417659,-0.7517500697760751,-1.3166867522368357,-0.5443201567604616,-0.9923822985600096,-0.5065607304015044
IDS20240253,Mayo-Agosto 2023,Ingeniería en Desarrollo de Software,2024,Regular,0.4007228466140235,0.20553486619976136,0.8981678376768222,0.14956814784592556,1.3632450726570629,-0.3615936691372542,-0.3767312323191194,0.14257360460620055,-1.0065699733169846,0.8114252235007796,0.4199370355002256,1.1319298992648084,-1.1414933521841435,0.9364341109541224,0.3992661352687664,-0.45715245596448484,-0.3410247065082695,0.6362495250229664,0.3666104117817102,-1.2742825691417659,0.2061559502574696,-1.3166867522368357,0.43545612540836925,-0.9923822985600096,-0.5065607304015044
IDS20240253,Septiembre-Diciembre 2022,Ingeniería en Desarrollo de Software,2024,Regular,0.8891780357593474,0.7605906459931607,-0.6280275860003285,1.1543107427812882,-1.4505603562363374,-1.097300543817737,-0.3767312323191194,-0.6031385995906284,-1.0065699733169846,-0.7598085705168535,-0.28206614131491065,-1.0302077094647206,-1.1414933521841435,-0.4896294208189999,-0.5392441450453458,-0.45715245596448484,-0.02201016680455571,-0.3814546191658367,-0.7707926980627884,-1.2742825691417659,-0.7517500697760751,-1.3166867522368357,-0.5443201567604616,0.609216919956064,-0.5065607304015044
IDS20240253,Septiembre-Diciembre 2023,Ingeniería en Desarrollo de Software,2024,Regular,0.2797502997696206,-0.09829644072776644,1.6152374335632298,1.1735152059338319,-1.4505603562363374,-1.097300543817737,-0.3767312323191194,0.14257360460620055,-1.0065699733169846,-0.4741296988772838,-0.0012648705888561507,2.212998703629573,-1.1414933521841435,-0.4896294208189999,0.3992661352687664,-0.45715245596448484,-0.5565750711729409,-0.3063796822981054,-0.7707926980627884,0.9649580404846618,-0.7517500697760751,0.5490863902945103,0.43545612540836925,0.609216919956064,-0.5065607304015044
IDS20240256,Mayo-Agosto 2023,Ingeniería en Desarrollo de Software,2024,Regular,0.09829147950301634,-0.012407732055674038,1.256702635620026,1.181371577223508,0.4253099296925961,-0.3615936691372542,-0.3767312323191194,0.14257360460620055,-1.0065699733169846,-0.045611391417929324,0.4199370355002256,0.05086109490004391,-1.1414933521841435,-0.4896294208189999,0.3992661352687664,-0.45715245596448484,-0.07949026404846811,-0.4801245361919977,-0.7707926980627884,-0.15466226432855207,-0.7517500697760751,0.5490863902945103,-1.5240964389292924,-0.9923822985600096,-0.5065607304015044
IDS20240256,Septiembre-Diciembre 2022,Ingeniería en Desarrollo de Software,2024,Regular,0.11312773524808568,0.030536622280372933,0.27073194127621575,0.7894259428829544,-1.4505603562363374,-0.3615936691372542,-0.3767312323191194,0.14257360460620055,-1.0065699733169846,1.5256224025997038,1.1219402123153617,-1.0302077094647206,-1.1414933521841435,0.9364341109541224,0.3992661352687664,-0.45715245596448484,-0.02201016680455571,0.8565993397256579,0.3666104117817102,0.9649580404846618,0.2061559502574696,0.5490863902945103,-0.5443201567604616,0.609216919956064,-0.5065607304015044
IDS20240256,Septiembre-Diciembre 2023,Ingeniería en Desarrollo de Software,2024,Regular,-0.2406599017496965,-1.257794007801018,1.6152374335632298,-0.30173673623885494,0.4253099296925961,1.1098200802237113,-0.3767312323191194,0.8882858088030295,-1.0065699733169846,-0.045611391417929324,-0.5628674120409651,1.1319298992648084,-1.1414933521841435,0.9364341109541224,1.3377764155828784,-0.45715245596448484,-1.7277320525176556,0.005620055334024246,0.3666104117817102,-1.2742825691417659,0.2061559502574696,-1.3166867522368357,1.4152324075772,0.609216919956064,-0.5065607304015044
IDS20240272,Enero-Abril 2023,Ingeniería en Desarrollo de Software,2024,Regular,-0.2064223884918454,-0.2700738580719513,-0.6280275860003285,0.5074695065978786,-0.5126252132718706,0.3741132055432285,-0.3767312323191194,-0.6031385995906284,-1.0065699733169846,-0.7598085705168535,-0.28206614131491065,0.05086109490004391,-1.1414933521841435,-0.4896294208189999,-0.5392441450453458,-0.45715245596448484,-0.02201016680455571,-0.3962746067033628,-0.7707926980627884,-0.15466226432855207,-0.7517500697760751,-0.3838001809711627,0.43545612540836925,0.609216919956064,-0.5065607304015044
IDS20240272,Septiembre-Diciembre 2022,Ingeniería en Desarrollo de Software,2024,Regular,-0.765635105036726,0.0,-1.165829782915134,1.0059126184207219,-0.5126252132718706,-0.3615936691372542,-0.3767312323191194,-0.6031385995906284,-1.0065699733169846,-0.4741296988772838,-1.124469953493074,-1.0302077094647206,-1.1414933521841435,-0.4896294208189999,-0.5392441450453458,3.496919435884176,0.0,-0.3970546060474431,-0.7707926980627884,-0.15466226432855207,-0.7517500697760751,-0.3838001809711627,-1.5240964389292924,0.609216919956064,1.974096964064686
IEN20200008,Mayo-Agosto 2023,Ingeniería en Energía,2020,Irregular,0.10742148303844437,0.02516857798836744,-0.3397462281946445,-0.6264667495455053,-0.5126252132718706,0.3741132055432285,-0.3767312323191194,-0.6031385995906284,1.5407724037410715,-0.331290263057499,0.13913576477417108,0.05086109490004391,1.3301443803153619,-0.4896294208189999,-0.5392441450453458,-0.45715245596448484,-0.02201016680455571,-0.0957798593964179,0.3666104117817102,-1.2742825691417659,0.2061559502574696,-0.3838001809711627,1.4152324075772,-0.9923822985600096,-0.5065607304015044
IEN20200008,Septiembre-Diciembre 2022,Ingeniería en Energía,2020,Irregular,-0.765635105036726,0.0,-1.165829782915134,-0.9258817886965298,0.4253099296925961,-1.097300543817737,-0.3767312323191194,-0.6031385995906284,1.5407724037410715,-0.6169691346970686,-1.124469953493074,-1.0302077094647206,1.3301443803153619,-0.4896294208189999,-0.5392441450453458,1.5198834899598457,0.0,-0.2915596947605793,0.3666104117817102,0.9649580404846618,0.2061559502574696,0.5490863902945103,0.43545612540836925,0.609216919956064,1.974096964064686
IEN20200019,Enero-Abril 2023,Ingeniería en Energía,2020,Regular,-0.03181107087681132,-0.10366448501977193,0.39428109462150907,-0.6081352165362595,-0.5126252132718706,0.3741132055432285,-0.3767312323191194,0.8882858088030295,0.2671012152120434,-0.045611391417929324,0.4199370355002256,0.05086109490004391,1.3301443803153619,-0.4896294208189999,-0.5392441450453458,-0.45715245596448484,-0.014825154649066663,-0.41518959079731066,-0.7707926980627884,-1.2742825691417659,-0.7517500697760751,-0.3838001809711627,0.43545612540836925,-0.9923822985600096,-0.5065607304015044
IEN20200019,Mayo-Agosto 2023,Ingeniería en Energía,2020,Regular,-0.23267114865619737,-0.8605587301925887,0.39428109462150907,-0.8158925906410516,0.4253099296925961,1.1098200802237113,-0.3767312323191194,1.6339980129998586,0.2671012152120434,-0.7598085705168535,-1.124469953493074,1.1319298992648084,1.3301443803153619,0.9364341109541224,0.3992661352687664,-0.45715245596448484,-1.0322228758663161,-0.3104746788545272,0.3666104117817102,-0.15466226432855207,0.2061559502574696,-0.3838001809711627,-0.5443201567604616,-0.9923822985600096,-0.5065607304015044
IEN20200019,Septiembre-Diciembre 2022,Ingeniería en Energía,2020,Irregular,-0.03523482220259643,-0.10903252931177743,-0.6159149239076528,-0.9511967628521557,2.3011802156215295,-1.097300543817737,-0.3767312323191194,-0.6031385995906284,1.5407724037410715,-0.18845082723771414,-0.28206614131491065,-1.0302077094647206,1.3301443803153619,-0.4896294208189999,-0.5392441450453458,1.5198834899598457,-0.02201016680455571,-0.319834670983491,0.3666104117817102,0.9649580404846618,0.2061559502574696,0.5490863902945103,-0.5443201567604616,0.609216919956064,1.974096964064686
IEN20200019,Septiembre-Diciembre 2023,Ingeniería en Energía,2020,Regular,0.053782712267813164,1.050465037761474,0.7600834898203181,0.07013150480585814,1.3632450726570629,0.3741132055432285,-0.3767312323191194,2.3797102171966875,-0.3697343790524706,-1.045487442156423,-0.5628674120409651,2.212998703629573,1.3301443803153619,-0.4896294208189999,0.3992661352687664,-0.45715245596448484,1.7785538793609998,-0.4243545830902545,-0.7707926980627884,-1.2742825691417659,-0.7517500697760751,-1.3166867522368357,-0.5443201567604616,0.609216919956064,-0.5065607304015044
IEN20200032,Septiembre-Diciembre 2023,Ingeniería en Energía,2020,Irregular,1.4061644859528795,1.246935458848886,0.39428109462150907,-0.36982528741605597,-0.5126252132718706,0.3741132055432285,-0.3767312323191194,-0.6031385995906284,1.5407724037410715,0.8114252235007796,1.262340847678389,-1.0302077094647206,1.3301443803153619,-0.4896294208189999,-0.5392441450453458,-0.45715245596448484,-0.02201016680455571,-0.46920454537487316,0.3666104117817102,-0.15466226432855207,0.2061559502574696,0.5490863902945103,-0.5443201567604616,-0.9923822985600096,-0.5065607304015044
IEN20200052,Enero-Abril 2023,Ingeniería en Energía,2020,Irregular,0.5981591730676245,1.97376865598647,-0.7079711558119889,0.2621761363312968,-0.5126252132718706,0.3741132055432285,-0.3767312323191194,0.14257360460620055,1.5407724037410715,-0.9026480063366383,-0.42246677667793786,0.05086109490004391,1.3301443803153619,-0.4896294208189999,0.3992661352687664,-0.45715245596448484,3.9584865673363767,-0.3806746198217563,0.3666104117817102,-1.2742825691417659,0.2061559502574696,-1.3166867522368357,0.43545612540836925,-0.9923822985600096,-0.5065607304015044
IEN20200052,Mayo-Agosto 2023,Ingeniería en Energía,2020,Irregular,0.2865978024211909,-0.09829644072776644,0.4863373265258451,-0.9258817886965298,1.3632450726570629,-1.097300543817737,-0.3767312323191194,0.14257360460620055,1.5407724037410715,0.24006748022164032,0.7007383062262801,1.1319298992648084,1.3301443803153619,-0.4896294208189999,0.3992661352687664,-0.45715245596448484,-0.8051764917528621,-0.36955962916861174,0.3666104117817102,-0.15466226432855207,0.2061559502574696,0.5490863902945103,-0.5443201567604616,-0.9923822985600096,-0.5065607304015044
IEN20200052,Septiembre-Diciembre 2022,Ingeniería en Energía,2020,Irregular,-0.9824726890031087,-1.0001278817847405,-1.165829782915134,-1.610259021041729,1.3632450726570629,1.1098200802237113,2.0592202310258663,0.14257360460620055,1.5407724037410715,0.0972280444018555,-1.124469953493074,-1.0302077094647206,1.3301443803153619,0.9364341109541224,0.3992661352687664,1.5198834899598457,-0.02201016680455571,-0.31593467426308947,1.504013521626209,-0.15466226432855207,2.121967990324559,-0.3838001809711627,0.43545612540836925,-0.9923822985600096,1.974096964064686
IEN20200052,Septiembre-Diciembre 2023,Ingeniería en Energía,2020,Irregular,0.6038654252772657,0.7906516940283933,1.9543919721581524,-0.4841791361880218,0.4253099296925961,1.1098200802237113,-0.3767312323191194,1.6339980129998586,0.9039368094765574,1.5256224025997038,1.1219402123153617,2.212998703629573,1.3301443803153619,0.9364341109541224,1.3377764155828784,-0.45715245596448484,0.7755261824547286,1.8692334881779387,1.504013521626209,-1.2742825691417659,1.1640619702910142,-0.3838001809711627,1.4152324075772,0.609216919956064,-0.5065607304015044
IEN20200086,Enero-Abril 2023,Ingeniería en Energía,2020,Irregular,0.8207030092436485,0.39019558984476055,1.1283084174376625,-0.473703974468452,-0.5126252132718706,-1.097300543817737,-0.3767312323191194,-0.6031385995906284,1.5407724037410715,0.24006748022164032,0.7007383062262801,0.05086109490004391,1.3301443803153619,-0.4896294208189999,-0.5392441450453458,-0.45715245596448484,-0.8411015525303073,-0.3122296773787079,0.3666104117817102,-1.2742825691417659,0.2061559502574696,-0.3838001809711627,-0.5443201567604616,0.609216919956064,-0.5065607304015044
IEN20200086,Septiembre-Diciembre 2022,Ingeniería en Energía,2020,Irregular,1.1459593851932208,1.0021526391334215,-0.06357753248163632,-0.33578101182745546,0.4253099296925961,0.3741132055432285,-0.3767312323191194,-0.6031385995906284,1.5407724037410715,0.9542646593205645,0.5603376708632528,-1.0302077094647206,1.3301443803153619,-0.4896294208189999,-0.5392441450453458,1.5198834899598457,-0.02201016680455571,0.38040974016462,0.3666104117817102,-1.2742825691417659,0.2061559502574696,-0.3838001809711627,1.4152324075772,0.609216919956064,1.974096964064686
IEN20200086,Septiembre-Diciembre 2023,Ingeniería en Energía,2020,Irregular,0.5958766721837683,0.2720986154206337,3.146277922077451,-0.31395775824501926,0.4253099296925961,0.3741132055432285,-0.3767312323191194,-0.6031385995906284,1.5407724037410715,1.5256224025997038,1.9643440244935253,1.1319298992648084,1.3301443803153619,-0.4896294208189999,-0.5392441450453458,-0.45715245596448484,-0.5896261270881906,0.04676502073426134,0.3666104117817102,0.9649580404846618,0.2061559502574696,1.4819729615601833,1.4152324075772,0.609216919956064,-0.5065607304015044
IEN20200100,Mayo-Agosto 2023,Ingeniería en Energía,2020,Irregular,2.235853557234772,2.027449098906528,-0.7079711558119889,0.16178916985208988,0.4253099296925961,-0.3615936691372542,-0.3767312323191194,-0.6031385995906284,1.5407724037410715,-0.9026480063366383,-0.42246677667793786,-1.0302077094647206,1.3301443803153619,-0.4896294208189999,-0.5392441450453458,-0.45715245596448484,-0.02201016680455571,-0.39061961145878044,0.3666104117817102,-0.15466226432855207,0.2061559502574696,-0.3838001809711627,1.4152324075772,0.609216919956064,-0.5065607304015044
IEN20200100,Septiembre-Diciembre 2023,Ingeniería en Energía,2020,Irregular,0.5696279120194163,-0.32375430099200925,-0.15563376438597237,-1.3422694670494126,2.3011802156215295,1.1098200802237113,2.0592202310258663,0.14257360460620055,1.5407724037410715,-0.18845082723771414,-0.28206614131491065,0.05086109490004391,1.3301443803153619,0.9364341109541224,0.3992661352687664,-0.45715245596448484,-3.169045490908759,0.2201198749561134,1.504013521626209,0.9649580404846618,2.121967990324559,0.5490863902945103,0.43545612540836925,2.210816138472137,-0.5065607304015044
IEN20200109,Enero-Abril 2023,Ingeniería en Energía,2020,Irregular,1.2315531683378453,1.0826733035135083,-0.15563376438597237,0.0011700234853592472,0.4253099296925961,-1.097300543817737,-0.3767312323191194,-0.6031385995906284,1.5407724037410715,-0.045611391417929324,0.4199370355002256,-1.0302077094647206,1.3301443803153619,-0.4896294208189999,-0.5392441450453458,-0.45715245596448484,-0.02201016680455571,0.34199477246866405,0.3666104117817102,-1.2742825691417659,0.2061559502574696,-0.3838001809711627,1.4152324075772,-0.9923822985600096,-0.5065607304015044
IEN20200109,Septiembre-Diciembre 2023,Ingeniería en Energía,2020,Irregular,0.33224782009832454,-0.608260648468317,0.21016863081283674,-1.6783475722189294,0.4253099296925961,1.1098200802237113,2.0592202310258663,0.14257360460620055,1.5407724037410715,-0.18845082723771414,-0.5628674120409651,0.05086109490004391,1.3301443803153619,0.9364341109541224,0.3992661352687664,-0.45715245596448484,-2.285288995783606,-0.3742396252330937,1.504013521626209,-0.15466226432855207,2.121967990324559,-0.3838001809711627,1.4152324075772,0.609216919956064,-0.5065607304015044
IEN20200112,Enero-Abril 2023,Ingeniería en Energía,2020,Irregular,-1.008721449167459,-2.0468965187258696,-0.6159149239076528,-2.566990458095731,1.3632450726570629,1.845526954904194,2.0592202310258663,0.8882858088030295,1.5407724037410715,-0.18845082723771414,-1.124469953493074,0.05086109490004391,1.3301443803153619,2.3624976427272446,1.3377764155828784,-0.45715245596448484,-4.124652107588803,0.5149596270184759,2.6414166314707077,0.9649580404846618,2.121967990324559,0.5490863902945103,0.43545612540836925,0.609216919956064,-0.5065607304015044
IEN20200112,Mayo-Agosto 2023,Ingeniería en Energía,2020,Irregular,-1.3956053489811617,-1.7516540826655511,-0.2476899962903084,-1.6233529731911904,-0.5126252132718706,1.1098200802237113,2.0592202310258663,3.125422421393516,0.9039368094765574,0.6685857876809949,-0.5628674120409651,1.1319298992648084,1.3301443803153619,2.3624976427272446,3.214796976211103,-0.45715245596448484,-0.9948608126577729,7.599303669628021,2.6414166314707077,-1.2742825691417659,2.121967990324559,-1.3166867522368357,0.43545612540836925,0.609216919956064,-0.5065607304015044
IEN20200112,Septiembre-Diciembre 2022,Ingeniería en Energía,2020,Irregular,1.1630781418221463,1.0182567720094395,-0.6159149239076528,-0.10096280328044226,1.3632450726570629,-0.3615936691372542,-0.3767312323191194,-0.6031385995906284,1.5407724037410715,-0.7598085705168535,-0.28206614131491065,-1.0302077094647206,1.3301443803153619,-0.4896294208189999,-0.5392441450453458,-0.45715245596448484,-0.02201016680455571,-0.3941296085071419,0.3666104117817102,0.9649580404846618,0.2061559502574696,0.5490863902945103,0.43545612540836925,-0.9923822985600096,-0.5065607304015044
IEN20200121,Enero-Abril 2023,Ingeniería en Energía,2020,Irregular,0.05606521315166936,-0.10903252931177743,-0.15563376438597237,-0.4370409084499591,-0.5126252132718706,0.3741132055432285,-0.3767312323191194,-0.6031385995906284,1.5407724037410715,-0.7598085705168535,-0.28206614131491065,0.05086109490004391,1.3301443803153619,-0.4896294208189999,-0.5392441450453458,-0.45715245596448484,-0.2519305557802053,-0.32919466311245493,0.3666104117817102,0.9649580404846618,0.2061559502574696,0.5490863902945103,-0.5443201567604616,-0.9923822985600096,-0.5065607304015044
IEN20200121,Septiembre-Diciembre 2022,Ingeniería en Energía,2020,Irregular,0.14736524850593516,0.0627448880324074,-0.7079711558119889,-0.9005668145409039,1.3632450726570629,0.3741132055432285,-0.3767312323191194,-0.6031385995906284,1.5407724037410715,-0.9026480063366383,-0.42246677667793786,-1.0302077094647206,1.3301443803153619,-0.4896294208189999,-0.5392441450453458,-0.45715245596448484,-0.02201016680455571,-0.3769696229373748,0.3666104117817102,0.9649580404846618,0.2061559502574696,0.5490863902945103,0.43545612540836925,-0.9923822985600096,-0.5065607304015044
IEN20200121,Septiembre-Diciembre 2023,Ingeniería en Energía,2020,Irregular,0.17361400867028712,0.3096749254646737,0.39428109462150907,-0.4003778424314661,0.4253099296925961,0.3741132055432285,-0.3767312323191194,-0.6031385995906284,1.5407724037410715,-0.7598085705168535,-0.28206614131491065,1.1319298992648084,1.3301443803153619,-0.4896294208189999,-0.5392441450453458,-0.45715245596448484,0.4234605868357653,-0.38847461326255955,0.3666104117817102,0.9649580404846618,0.2061559502574696,0.5490863902945103,-0.5443201567604616,0.609216919956064,-0.5065607304015044
IEN20200122,Septiembre-Diciembre 2022,Ingeniería en Energía,2020,Irregular,-0.6594988139373908,-0.6962965748572113,-0.6159149239076528,-2.1453651988830638,0.4253099296925961,1.1098200802237113,2.0592202310258663,0.8882858088030295,1.5407724037410715,0.9542646593205645,-0.28206614131491065,-1.0302077094647206,1.3301443803153619,2.3624976427272446,1.3377764155828784,-0.45715245596448484,-0.02201016680455571,0.6873394820602277,2.6414166314707077,-1.2742825691417659,2.121967990324559,-1.3166867522368357,1.4152324075772,2.210816138472137,-0.5065607304015044
IEN20200129,Mayo-Agosto 2023,Ingeniería en Energía,2020,Irregular,0.7864654959857973,0.6639658487370558,-0.15563376438597237,-0.4213281658706057,0.4253099296925961,-0.3615936691372542,-0.3767312323191194,-0.6031385995906284,1.5407724037410715,-0.045611391417929324,0.4199370355002256,-1.0302077094647206,1.3301443803153619,-0.4896294208189999,-0.5392441450453458,-0.45715245596448484,-0.02201016680455571,1.3908988904206803,0.3666104117817102,0.9649580404846618,0.2061559502574696,0.5490863902945103,0.43545612540836925,-0.9923822985600096,-0.5065607304015044
IEN20200129,Septiembre-Diciembre 2023,Ingeniería en Energía,2020,Irregular,0.6061479261611219,0.3816067189775515,1.3124208812463347,-0.11667554585979567,0.4253099296925961,-1.097300543817737,-0.3767312323191194,-0.6031385995906284,1.5407724037410715,0.6685857876809949,1.1219402123153617,0.05086109490004391,1.3301443803153619,-0.4896294208189999,-0.5392441450453458,-0.45715245596448484,-0.3999418061832796,0.09921997662366316,0.3666104117817102,-0.15466226432855207,0.2061559502574696,0.5490863902945103,0.43545612540836925,-0.9923822985600096,-0.5065607304015044
IEN20200132,Enero-Abril 2023,Ingeniería en Energía,2020,Irregular,-0.5373850166510608,-0.581420427008288,-0.06357753248163632,-0.707649252872168,1.3632450726570629,-0.3615936691372542,-0.3767312323191194,-0.6031385995906284,1.5407724037410715,0.9542646593205645,0.5603376708632528,0.05086109490004391,1.3301443803153619,-0.4896294208189999,-0.5392441450453458,1.5198834899598457,-0.02201016680455571,-0.4801245361919977,0.3666104117817102,-0.15466226432855207,0.2061559502574696,0.5490863902945103,-0.5443201567604616,-0.9923822985600096,1.974096964064686
IEN20200132,Mayo-Agosto 2023,Ingeniería en Energía,2020,Irregular,0.1245402396673683,0.6639658487370558,0.9441959536289904,-0.5749638710909556,0.4253099296925961,-0.3615936691372542,-0.3767312323191194,-0.6031385995906284,1.5407724037410715,-0.045611391417929324,0.4199370355002256,1.1319298992648084,1.3301443803153619,-0.4896294208189999,-0.5392441450453458,-0.45715245596448484,1.6449126532689036,0.36753975098729474,0.3666104117817102,-1.2742825691417659,0.2061559502574696,-0.3838001809711627,0.43545612540836925,0.609216919956064,-0.5065607304015044
IEN20200132,Septiembre-Diciembre 2022,Ingeniería en Energía,2020,Irregular,-0.765635105036726,0.0,-1.165829782915134,-0.8350970537935953,-0.5126252132718706,-0.3615936691372542,-0.3767312323191194,-0.6031385995906284,1.5407724037410715,-1.045487442156423,-1.124469953493074,-1.0302077094647206,1.3301443803153619,-0.4896294208189999,-0.5392441450453458,1.5198834899598457,0.0,-0.3252946663920533,0.3666104117817102,0.9649580404846618,0.2061559502574696,0.5490863902945103,-0.5443201567604616,-0.9923822985600096,1.974096964064686
IEN20200132,Septiembre-Diciembre 2023,Ingeniería en Energía,2020,Irregular,0.18388526264764082,0.32041101404868616,1.3124208812463347,-0.196985119043161,1.3632450726570629,-0.3615936691372542,-0.3767312323191194,-0.6031385995906284,1.5407724037410715,-1.045487442156423,-0.5628674120409651,2.212998703629573,1.3301443803153619,-0.4896294208189999,-0.5392441450453458,-0.45715245596448484,0.35161046528087486,-0.36312463457994903,0.3666104117817102,-0.15466226432855207,0.2061559502574696,-0.3838001809711627,-0.5443201567604616,-0.9923822985600096,-0.5065607304015044
IEN20200136,Enero-Abril 2023,Ingeniería en Energía,2020,Irregular,-0.06718983457658971,0.05200879944839642,0.8521397217246542,-0.5243339227797038,-0.5126252132718706,0.3741132055432285,-0.3767312323191194,-0.6031385995906284,1.5407724037410715,0.9542646593205645,1.4027414830414162,0.05086109490004391,1.3301443803153619,-0.4896294208189999,-0.5392441450453458,-0.45715245596448484,0.9982615592748891,-0.18898978101401664,0.3666104117817102,0.9649580404846618,0.2061559502574696,1.4819729615601833,-0.5443201567604616,0.609216919956064,-0.5065607304015044
IEN20200136,Mayo-Agosto 2023,Ingeniería en Energía,2020,Irregular,-0.01811606557367251,-0.0016716434716615323,1.8623357402538159,-0.6491629332712394,-1.4505603562363374,-1.097300543817737,-0.3767312323191194,-0.6031385995906284,1.5407724037410715,-0.045611391417929324,0.4199370355002256,1.1319298992648084,1.3301443803153619,-0.4896294208189999,-0.5392441450453458,-0.45715245596448484,0.16192614437596395,-0.4810995353720981,0.3666104117817102,-0.15466226432855207,0.2061559502574696,0.5490863902945103,0.43545612540836925,-0.9923822985600096,-0.5065607304015044
IEN20200136,Septiembre-Diciembre 2022,Ingeniería en Energía,2020,Irregular,-0.6743350696824603,-0.7102534900164273,-0.7976048552977898,-0.5985329849599876,0.4253099296925961,-1.097300543817737,-0.3767312323191194,-0.6031385995906284,1.5407724037410715,-1.045487442156423,-0.5628674120409651,-1.0302077094647206,1.3301443803153619,-0.4896294208189999,-0.5392441450453458,-0.45715245596448484,-0.02201016680455571,-0.3280246640963344,0.3666104117817102,-1.2742825691417659,0.2061559502574696,-1.3166867522368357,0.43545612540836925,-0.9923822985600096,-0.5065607304015044
IEN20200136,Septiembre-Diciembre 2023,Ingeniería en Energía,2020,Irregular,0.2991515572824024,1.9952408331544935,2.23056066787116,0.12163438326040661,0.4253099296925961,-0.3615936691372542,-0.3767312323191194,-0.6031385995906284,1.5407724037410715,-1.045487442156423,-0.5628674120409651,2.212998703629573,1.3301443803153619,-0.4896294208189999,-0.5392441450453458,-0.45715245596448484,2.772959561680684,-0.2937046929568002,0.3666104117817102,-1.2742825691417659,0.2061559502574696,-1.3166867522368357,0.43545612540836925,-0.9923822985600096,-0.5065607304015044
IEN20200143,Enero-Abril 2023,Ingeniería en Energía,2020,Irregular,-0.594447538747477,-0.6351008699283459,-0.6159149239076528,-1.04198149775509,-0.5126252132718706,-1.097300543817737,0.8412444993533734,-0.6031385995906284,1.5407724037410715,-0.7598085705168535,-0.28206614131491065,0.05086109490004391,1.3301443803153619,-0.4896294208189999,-0.5392441450453458,-0.45715245596448484,-0.02201016680455571,-0.42747458046657577,0.3666104117817102,-1.2742825691417659,0.2061559502574696,-1.3166867522368357,1.4152324075772,-0.9923822985600096,-0.5065607304015044
IEN20200143,Mayo-Agosto 2023,Ingeniería en Energía,2020,Irregular,-0.2406599017496965,0.030536622280372933,-0.15563376438597237,-0.8621578882358164,1.3632450726570629,-1.097300543817737,-0.3767312323191194,-0.6031385995906284,1.5407724037410715,-0.9026480063366383,-0.42246677667793786,1.1319298992648084,1.3301443803153619,-0.4896294208189999,-0.5392441450453458,-0.45715245596448484,0.8689313404760863,-0.3289996632764348,0.3666104117817102,-0.15466226432855207,0.2061559502574696,-0.3838001809711627,-0.5443201567604616,2.210816138472137,-0.5065607304015044
IEN20200143,Septiembre-Diciembre 2022,Ingeniería en Energía,2020,Irregular,-0.765635105036726,0.0,-1.165829782915134,-1.0777716336302858,0.4253099296925961,-0.3615936691372542,0.8412444993533734,-0.6031385995906284,1.5407724037410715,0.24006748022164032,-1.124469953493074,-1.0302077094647206,1.3301443803153619,-0.4896294208189999,-0.5392441450453458,3.496919435884176,0.0,-0.3184696721313504,0.3666104117817102,-0.15466226432855207,0.2061559502574696,-0.3838001809711627,1.4152324075772,0.609216919956064,1.974096964064686
IEN20200143,Septiembre-Diciembre 2023,Ingeniería en Energía,2020,Irregular,0.6632104482575383,1.114881569265543,1.1283084174376625,-0.2319023247750594,-0.5126252132718706,-0.3615936691372542,-0.3767312323191194,-0.6031385995906284,1.5407724037410715,0.3829069160414252,0.8411389415893074,2.212998703629573,1.3301443803153619,-0.4896294208189999,-0.5392441450453458,-0.45715245596448484,1.8748330422445532,0.04169502499773927,0.3666104117817102,-0.15466226432855207,0.2061559502574696,0.5490863902945103,-1.5240964389292924,-0.9923822985600096,-0.5065607304015044
IEN20200160,Enero-Abril 2023,Ingeniería en Energía,2020,Irregular,-1.0965977331959413,-1.1074887676248564,-1.165829782915134,-1.083882144633368,-0.5126252132718706,1.1098200802237113,2.0592202310258663,0.14257360460620055,1.5407724037410715,-0.7598085705168535,-1.124469953493074,-1.0302077094647206,1.3301443803153619,0.9364341109541224,0.3992661352687664,-0.45715245596448484,-0.02201016680455571,-0.3289996632764348,1.504013521626209,-1.2742825691417659,2.121967990324559,-1.3166867522368357,-0.5443201567604616,-0.9923822985600096,-0.5065607304015044
IEN20200160,Mayo-Agosto 2023,Ingeniería en Energía,2020,Irregular,-0.4175537202485868,0.1701057738725233,-0.6159149239076528,-0.8735059800986829,1.3632450726570629,-0.3615936691372542,-0.3767312323191194,0.14257360460620055,1.5407724037410715,-0.7598085705168535,-0.28206614131491065,0.05086109490004391,1.3301443803153619,-0.4896294208189999,0.3992661352687664,-0.45715245596448484,1.688022726201838,-0.35961463753158757,0.3666104117817102,0.9649580404846618,0.2061559502574696,0.5490863902945103,-0.5443201567604616,-0.9923822985600096,-0.5065607304015044
IEN20200160,Septiembre-Diciembre 2023,Ingeniería en Energía,2020,Irregular,0.2991515572824024,1.555061201210019,-0.06357753248163632,-0.19960390947305343,-1.4505603562363374,-1.097300543817737,-0.3767312323191194,0.14257360460620055,1.5407724037410715,-0.7598085705168535,-0.28206614131491065,1.1319298992648084,1.3301443803153619,-0.4896294208189999,0.3992661352687664,-0.45715245596448484,2.6867394158148157,-0.334069659012957,0.3666104117817102,-0.15466226432855207,0.2061559502574696,-0.3838001809711627,-0.5443201567604616,0.609216919956064,-0.5065607304015044
IEN20200162,Mayo-Agosto 2023,Ingeniería en Energía,2020,Irregular,1.199598155963852,1.592637511254059,0.6704497903345172,-0.16032205302466804,-0.5126252132718706,-1.097300543817737,-0.3767312323191194,-0.6031385995906284,1.5407724037410715,-0.18845082723771414,0.2795364001371983,0.05086109490004391,1.3301443803153619,-0.4896294208189999,-0.5392441450453458,-0.45715245596448484,1.4221772764487433,0.18540990414453895,0.3666104117817102,0.9649580404846618,0.2061559502574696,0.5490863902945103,-0.5443201567604616,0.609216919956064,-0.5065607304015044
IEN20200162,Septiembre-Diciembre 2022,Ingeniería en Energía,2020,Irregular,0.6266904341158326,0.5136606085608945,-0.2476899962903084,-0.6683673964237832,0.4253099296925961,-1.097300543817737,-0.3767312323191194,-0.6031385995906284,1.5407724037410715,1.6684618384194887,0.2795364001371983,-1.0302077094647206,1.3301443803153619,-0.4896294208189999,-0.5392441450453458,3.496919435884176,-0.02201016680455571,-0.46939954521089317,0.3666104117817102,-1.2742825691417659,0.2061559502574696,-0.3838001809711627,-0.5443201567604616,0.609216919956064,1.974096964064686
IEN20200163,Enero-Abril 2023,Ingeniería en Energía,2020,Irregular,0.7864654959857973,0.6639658487370558,-0.43180246009898066,-0.6578922347042134,1.3632450726570629,0.3741132055432285,-0.3767312323191194,-0.6031385995906284,1.5407724037410715,-0.4741296988772838,-0.0012648705888561507,0.05086109490004391,1.3301443803153619,-0.4896294208189999,-0.5392441450453458,-0.45715245596448484,-0.02201016680455571,-0.33913965474947905,0.3666104117817102,-0.15466226432855207,0.2061559502574696,-0.3838001809711627,-0.5443201567604616,0.609216919956064,-0.5065607304015044
IEN20200163,Septiembre-Diciembre 2022,Ingeniería en Energía,2020,Irregular,-0.765635105036726,0.0,-1.165829782915134,-1.2060923646950106,2.3011802156215295,0.3741132055432285,0.8412444993533734,-0.6031385995906284,1.5407724037410715,-0.9026480063366383,-1.124469953493074,-1.0302077094647206,1.3301443803153619,-0.4896294208189999,-0.5392441450453458,1.5198834899598457,0.0,-0.3007246870535231,0.3666104117817102,0.9649580404846618,0.2061559502574696,0.5490863902945103,-0.5443201567604616,2.210816138472137,1.974096964064686
IEN20200163,Septiembre-Diciembre 2023,Ingeniería en Energía,2020,Irregular,1.0603656020485963,0.9645763290893815,2.504306831165634,-0.27205711136674143,1.3632450726570629,-0.3615936691372542,-0.3767312323191194,-0.6031385995906284,1.5407724037410715,2.954016760797552,3.3683503781237976,1.1319298992648084,1.3301443803153619,-0.4896294208189999,-0.5392441450453458,-0.45715245596448484,0.380350513902831,0.29343981329966384,0.3666104117817102,2.0845783452978757,0.2061559502574696,3.3477461040915295,-0.5443201567604616,-0.9923822985600096,-0.5065607304015044
IEN20200165,Enero-Abril 2023,Ingeniería en Energía,2020,Baja Temporal,-1.304305313626896,-0.2593377694879403,0.11811239890850068,-3.089002683787605,1.3632450726570629,-1.097300543817737,3.2771959626983587,3.871134625590345,-0.3697343790524706,-0.18845082723771414,0.2795364001371983,0.05086109490004391,1.3301443803153619,-0.4896294208189999,2.2762866958969905,-0.45715245596448484,2.0731393777360507,-0.28219970263161537,-0.7707926980627884,-0.15466226432855207,1.1640619702910142,0.5490863902945103,0.43545612540836925,2.210816138472137,-0.5065607304015044
IEN20200165,Septiembre-Diciembre 2022,Ingeniería en Energía,2020,Baja Temporal,-1.8589530284040625,-1.8246594850368298,-0.7976048552977898,-5.231173255439541,3.2391153585859964,3.3169407042651597,4.4951716943708515,2.3797102171966875,0.9039368094765574,1.6684618384194887,-0.5628674120409651,-1.0302077094647206,1.3301443803153619,3.7885611745003667,2.2762866958969905,-0.45715245596448484,-0.02201016680455571,2.6650278189758896,3.778819741315206,0.9649580404846618,4.037780030391648,0.5490863902945103,3.374784971914862,3.8124153569882107,-0.5065607304015044
IEN20200165,Septiembre-Diciembre 2023,Ingeniería en Energía,2020,Baja Temporal,-1.6603754515085343,-2.6427494351385135,0.11811239890850068,-4.313723674833923,2.3011802156215295,1.845526954904194,4.4951716943708515,5.362559033984003,-0.3697343790524706,-0.18845082723771414,-1.124469953493074,1.1319298992648084,1.3301443803153619,2.3624976427272446,4.153307256525215,-0.45715245596448484,-1.8153892008146222,2.613937861938628,2.6414166314707077,0.9649580404846618,3.0798740103581035,0.5490863902945103,2.395008689746031,3.8124153569882107,-0.5065607304015044
IEN20200166,Enero-Abril 2023,Ingeniería en Energía,2020,Irregular,0.23638278297634474,0.4707162542248475,0.7600834898203181,-0.7251078557381171,1.3632450726570629,-1.097300543817737,-0.3767312323191194,-0.6031385995906284,1.5407724037410715,0.0972280444018555,0.5603376708632528,0.05086109490004391,1.3301443803153619,-0.4896294208189999,-0.5392441450453458,-0.45715245596448484,0.847376304009619,-0.4380045716116602,0.3666104117817102,-0.15466226432855207,0.2061559502574696,0.5490863902945103,0.43545612540836925,0.609216919956064,-0.5065607304015044
IEN20200166,Septiembre-Diciembre 2022,Ingeniería en Energía,2020,Irregular,-0.1094161009279383,-0.17881710510785337,-0.3397462281946445,-0.6997928815824912,0.4253099296925961,-1.097300543817737,-0.3767312323191194,-0.6031385995906284,1.5407724037410715,-0.331290263057499,0.13913576477417108,-1.0302077094647206,1.3301443803153619,-0.4896294208189999,-0.5392441450453458,-0.45715245596448484,-0.02201016680455571,-0.40777959702854755,0.3666104117817102,-0.15466226432855207,0.2061559502574696,0.5490863902945103,1.4152324075772,-0.9923822985600096,-0.5065607304015044
IEN20200178,Mayo-Agosto 2023,Ingeniería en Energía,2020,Irregular,0.6038654252772657,0.492188431392871,-0.06357753248163632,-0.506002389770458,-0.5126252132718706,-1.097300543817737,-0.3767312323191194,-0.6031385995906284,1.5407724037410715,0.0972280444018555,0.5603376708632528,0.05086109490004391,1.3301443803153619,-0.4896294208189999,-0.5392441450453458,-0.45715245596448484,-0.02201016680455571,-0.4810995353720981,0.3666104117817102,-0.15466226432855207,0.2061559502574696,0.5490863902945103,0.43545612540836925,-0.9923822985600096,-0.5065607304015044
IEN20200178,Septiembre-Diciembre 2022,Ingeniería en Energía,2020,Irregular,-0.765635105036726,0.0,-1.165829782915134,-0.8621578882358164,0.4253099296925961,0.3741132055432285,-0.3767312323191194,-0.6031385995906284,1.5407724037410715,-0.4741296988772838,-1.124469953493074,-1.0302077094647206,1.3301443803153619,-0.4896294208189999,-0.5392441450453458,1.5198834899598457,0.0,-0.3498646457305835,0.3666104117817102,0.9649580404846618,0.2061559502574696,0.5490863902945103,1.4152324075772,0.609216919956064,1.974096964064686
IEN20200178,Septiembre-Diciembre 2023,Ingeniería en Energía,2020,Irregular,0.32654156788868166,0.12716141953647633,1.8623357402538159,-0.8717601198120882,1.3632450726570629,1.1098200802237113,-0.3767312323191194,0.14257360460620055,1.5407724037410715,2.096980145878843,1.823943389130498,1.1319298992648084,1.3301443803153619,0.9364341109541224,0.3992661352687664,-0.45715245596448484,-0.510590993377811,0.34862476689334687,1.504013521626209,2.0845783452978757,1.1640619702910142,2.414859532825856,0.43545612540836925,-0.9923822985600096,-0.5065607304015044
IEN20200184,Mayo-Agosto 2023,Ingeniería en Energía,2020,Irregular,-0.4346724768775107,-0.05535208639171948,-0.6159149239076528,-0.47719569504164233,0.4253099296925961,-1.097300543817737,-0.3767312323191194,0.14257360460620055,1.5407724037410715,-0.7598085705168535,-0.28206614131491065,0.05086109490004391,1.3301443803153619,-0.4896294208189999,0.3992661352687664,-0.45715245596448484,1.127591778073692,-0.3330946598328566,0.3666104117817102,0.9649580404846618,0.2061559502574696,0.5490863902945103,0.43545612540836925,-0.9923822985600096,-0.5065607304015044
IEN20200184,Septiembre-Diciembre 2022,Ingeniería en Energía,2020,Irregular,-0.8911726536488412,-0.9142391731126467,-1.165829782915134,-1.6635077597828731,0.4253099296925961,1.1098200802237113,2.0592202310258663,0.14257360460620055,1.5407724037410715,-0.9026480063366383,-1.124469953493074,-1.0302077094647206,1.3301443803153619,0.9364341109541224,0.3992661352687664,-0.45715245596448484,-0.02201016680455571,-0.3440146506499811,1.504013521626209,-1.2742825691417659,2.121967990324559,-1.3166867522368357,0.43545612540836925,2.210816138472137,-0.5065607304015044
IEN20200184,Septiembre-Diciembre 2023,Ingeniería en Energía,2020,Irregular,-0.5328200148833467,-0.6383216965035495,0.4863373265258451,-1.3719490919215254,0.4253099296925961,0.3741132055432285,2.0592202310258663,1.6339980129998586,0.9039368094765574,0.9542646593205645,0.5603376708632528,1.1319298992648084,1.3301443803153619,0.9364341109541224,1.3377764155828784,-0.45715245596448484,-0.22750151445154249,-0.2685497141102097,1.504013521626209,-1.2742825691417659,2.121967990324559,-1.3166867522368357,-0.5443201567604616,2.210816138472137,-0.5065607304015044
IEN20200186,Septiembre-Diciembre 2022,Ingeniería en Energía,2020,Irregular,2.1445535218805065,1.9415603902344356,-0.6159149239076528,0.062275133516180824,1.3632450726570629,0.3741132055432285,-0.3767312323191194,-0.6031385995906284,1.5407724037410715,0.6685857876809949,-0.28206614131491065,-1.0302077094647206,1.3301443803153619,-0.4896294208189999,-0.5392441450453458,3.496919435884176,-0.02201016680455571,-0.4017346021119251,0.3666104117817102,-0.15466226432855207,0.2061559502574696,-0.3838001809711627,0.43545612540836925,0.609216919956064,1.974096964064686
IEN20200224,Enero-Abril 2023,Ingeniería en Energía,2020,Baja Temporal,-1.7779242470271512,-1.230953786340989,-0.6159149239076528,-4.045734120841607,1.3632450726570629,1.1098200802237113,4.4951716943708515,1.6339980129998586,0.9039368094765574,0.6685857876809949,-0.28206614131491065,0.05086109490004391,1.3301443803153619,0.9364341109541224,1.3377764155828784,-0.45715245596448484,2.054458346131779,-0.16207980364324548,1.504013521626209,-0.15466226432855207,3.0798740103581035,-0.3838001809711627,2.395008689746031,2.210816138472137,1.974096964064686
IEN20200224,Mayo-Agosto 2023,Ingeniería en Energía,2020,Baja Temporal,-1.2495252924143359,-0.5062678069202066,0.3022248627171728,-3.1186823086597175,1.3632450726570629,-1.097300543817737,3.2771959626983587,2.3797102171966875,0.2671012152120434,-0.18845082723771414,0.2795364001371983,1.1319298992648084,1.3301443803153619,-0.4896294208189999,1.3377764155828784,-0.45715245596448484,1.6406016459756103,-0.44892456242878465,-0.7707926980627884,-1.2742825691417659,1.1640619702910142,-0.3838001809711627,2.395008689746031,2.210816138472137,-0.5065607304015044
IEN20200224,Septiembre-Diciembre 2022,Ingeniería en Energía,2020,Baja Temporal,-2.87694842260413,-2.7823185867306637,-1.165829782915134,-4.782487161784653,2.3011802156215295,1.845526954904194,4.4951716943708515,0.14257360460620055,1.5407724037410715,-0.7598085705168535,-1.124469953493074,-1.0302077094647206,1.3301443803153619,0.9364341109541224,0.3992661352687664,-0.45715245596448484,-0.02201016680455571,-0.327049664916234,2.6414166314707077,-1.2742825691417659,3.0798740103581035,-1.3166867522368357,1.4152324075772,3.8124153569882107,-0.5065607304015044
IEN20200231,Enero-Abril 2023,Ingeniería en Energía,2020,Irregular,1.6024595619645514,1.431596182493885,-0.15563376438597237,0.1356012655531667,-1.4505603562363374,-1.097300543817737,-0.3767312323191194,-0.6031385995906284,1.5407724037410715,-0.045611391417929324,0.4199370355002256,-1.0302077094647206,1.3301443803153619,-0.4896294208189999,-0.5392441450453458,-0.45715245596448484,-0.02201016680455571,-0.39997960358774437,0.3666104117817102,0.9649580404846618,0.2061559502574696,0.5490863902945103,0.43545612540836925,-0.9923822985600096,-0.5065607304015044
IEN20200231,Mayo-Agosto 2023,Ingeniería en Energía,2020,Irregular,1.5533857929616326,1.3618116066978092,2.046448204062488,0.027357927784282424,-0.5126252132718706,0.3741132055432285,-0.3767312323191194,-0.6031385995906284,1.5407724037410715,1.8113012742392733,2.24514529521958,0.05086109490004391,1.3301443803153619,-0.4896294208189999,-0.5392441450453458,-0.45715245596448484,-0.11541532482591335,0.19320989758534218,0.3666104117817102,0.9649580404846618,0.2061559502574696,1.4819729615601833,0.43545612540836925,-0.9923822985600096,-0.5065607304015044
IEN20200243,Enero-Abril 2023,Ingeniería en Energía,2020,Irregular,1.448390752304228,1.2866589866097293,-0.43180246009898066,-0.13849879944223187,1.3632450726570629,-0.3615936691372542,-0.3767312323191194,-0.6031385995906284,1.5407724037410715,-0.4741296988772838,-0.0012648705888561507,-1.0302077094647206,1.3301443803153619,-0.4896294208189999,-0.5392441450453458,-0.45715245596448484,-0.02201016680455571,-0.32197966917971194,0.3666104117817102,-1.2742825691417659,0.2061559502574696,-1.3166867522368357,0.43545612540836925,-0.9923822985600096,-0.5065607304015044
IEN20200243,Septiembre-Diciembre 2023,Ingeniería en Energía,2020,Irregular,1.8934784246562744,1.9147201687744067,0.5783935584301811,0.2892369707735167,0.4253099296925961,-1.097300543817737,-0.3767312323191194,-0.6031385995906284,1.5407724037410715,-0.045611391417929324,0.4199370355002256,0.05086109490004391,1.3301443803153619,-0.4896294208189999,-0.5392441450453458,-0.45715245596448484,0.8186362553876628,-0.041959904654875556,0.3666104117817102,-1.2742825691417659,0.2061559502574696,-0.3838001809711627,0.43545612540836925,0.609216919956064,-0.5065607304015044
IEN20200287,Enero-Abril 2023,Ingeniería en Energía,2020,Irregular,0.23866528386020094,0.1486335967044998,-0.6159149239076528,-0.6299584701186957,-0.5126252132718706,0.3741132055432285,-0.3767312323191194,-0.6031385995906284,1.5407724037410715,-0.7598085705168535,-0.28206614131491065,-1.0302077094647206,1.3301443803153619,-0.4896294208189999,-0.5392441450453458,-0.45715245596448484,-0.02201016680455571,-0.3527896432708847,0.3666104117817102,-1.2742825691417659,0.2061559502574696,-1.3166867522368357,-0.5443201567604616,0.609216919956064,-0.5065607304015044
IEN20200287,Mayo-Agosto 2023,Ingeniería en Energía,2020,Irregular,0.12111648834158319,-0.017775776347679528,0.4863373265258451,-1.0079372221664897,0.4253099296925961,0.3741132055432285,-0.3767312323191194,-0.6031385995906284,1.5407724037410715,0.0972280444018555,0.5603376708632528,0.05086109490004391,1.3301443803153619,-0.4896294208189999,-0.5392441450453458,-0.45715245596448484,-0.2447455436247162,0.45996967326081306,0.3666104117817102,-0.15466226432855207,0.2061559502574696,0.5490863902945103,-0.5443201567604616,-0.9923822985600096,-0.5065607304015044
IEN20200287,Septiembre-Diciembre 2023,Ingeniería en Energía,2020,Irregular,0.34023657319182204,0.3676498038183369,2.780475526878641,-1.0690423321973113,1.3632450726570629,1.1098200802237113,2.0592202310258663,0.8882858088030295,0.9039368094765574,2.811177324977767,2.385545930582607,1.1319298992648084,1.3301443803153619,0.9364341109541224,0.3992661352687664,-0.45715245596448484,0.41914957954247184,0.7821094023659869,1.504013521626209,2.0845783452978757,2.121967990324559,2.414859532825856,0.43545612540836925,-0.9923822985600096,-0.5065607304015044
IEN20200292,Enero-Abril 2023,Ingeniería en Energía,2020,Irregular,1.9790722078008989,1.4262281382018795,-0.2476899962903084,-0.23626697549154638,0.4253099296925961,0.3741132055432285,-0.3767312323191194,-0.6031385995906284,1.5407724037410715,-1.045487442156423,-0.5628674120409651,0.05086109490004391,1.3301443803153619,-0.4896294208189999,-0.5392441450453458,-0.45715245596448484,-0.9848017956400883,-0.40933959571670825,0.3666104117817102,-1.2742825691417659,0.2061559502574696,-1.3166867522368357,-0.5443201567604616,-0.9923822985600096,-0.5065607304015044
IEN20200292,Mayo-Agosto 2023,Ingeniería en Energía,2020,Irregular,2.163954779393288,2.3065874020908304,0.3022248627171728,-0.2092061410493253,-1.4505603562363374,-1.097300543817737,-0.3767312323191194,-0.6031385995906284,1.5407724037410715,-0.7598085705168535,-0.28206614131491065,1.1319298992648084,1.3301443803153619,-0.4896294208189999,-0.5392441450453458,-0.45715245596448484,0.6749360122778819,-0.42376958358219424,0.3666104117817102,-0.15466226432855207,0.2061559502574696,-0.3838001809711627,1.4152324075772,-0.9923822985600096,-0.5065607304015044
IEN20200292,Septiembre-Diciembre 2022,Ingeniería en Energía,2020,Irregular,2.3613911058468893,2.145546073330656,-0.6159149239076528,0.020374486637902995,1.3632450726570629,-1.097300543817737,-0.3767312323191194,-0.6031385995906284,1.5407724037410715,0.24006748022164032,-0.28206614131491065,-1.0302077094647206,1.3301443803153619,-0.4896294208189999,-0.5392441450453458,1.5198834899598457,-0.02201016680455571,-0.3561046404832261,0.3666104117817102,-0.15466226432855207,0.2061559502574696,-0.3838001809711627,1.4152324075772,-0.9923822985600096,1.974096964064686
IEN20200292,Septiembre-Diciembre 2023,Ingeniería en Energía,2020,Irregular,1.7622346238345177,0.449244077056824,0.6704497903345172,-0.7757378040493689,0.4253099296925961,-1.097300543817737,-0.3767312323191194,-0.6031385995906284,1.5407724037410715,-1.045487442156423,-0.5628674120409651,2.212998703629573,1.3301443803153619,-0.4896294208189999,-0.5392441450453458,-0.45715245596448484,-2.043872587359174,-0.43410457489125853,0.3666104117817102,-1.2742825691417659,0.2061559502574696,-1.3166867522368357,-0.5443201567604616,0.609216919956064,-0.5065607304015044
IEN20200312,Enero-Abril 2023,Ingeniería en Energía,2020,Irregular,-1.056653967728449,-1.7731262598335746,-0.06357753248163632,-1.4828112201203014,1.3632450726570629,0.3741132055432285,2.0592202310258663,0.8882858088030295,0.9039368094765574,-0.4741296988772838,-1.124469953493074,0.05086109490004391,1.3301443803153619,0.9364341109541224,0.3992661352687664,-0.45715245596448484,-1.9044833515426862,-0.31495967508298894,1.504013521626209,-0.15466226432855207,2.121967990324559,-0.3838001809711627,1.4152324075772,-0.9923822985600096,-0.5065607304015044
IEN20200312,Septiembre-Diciembre 2022,Ingeniería en Energía,2020,Irregular,-0.30913492826539546,-0.3666986553280562,-0.06357753248163632,-0.6928094404361111,0.4253099296925961,0.3741132055432285,-0.3767312323191194,0.14257360460620055,0.9039368094765574,0.8114252235007796,0.5603376708632528,-1.0302077094647206,1.3301443803153619,-0.4896294208189999,-0.5392441450453458,1.5198834899598457,-0.02201016680455571,-0.3488896465504831,0.3666104117817102,-0.15466226432855207,0.2061559502574696,-0.3838001809711627,-0.5443201567604616,0.609216919956064,1.974096964064686
IEN20200312,Septiembre-Diciembre 2023,Ingeniería en Energía,2020,Irregular,-0.1573486194889282,0.6210214944010104,0.8521397217246542,-0.5906766136703102,1.3632450726570629,0.3741132055432285,-0.3767312323191194,0.8882858088030295,0.9039368094765574,-0.18845082723771414,0.2795364001371983,1.1319298992648084,1.3301443803153619,-0.4896294208189999,0.3992661352687664,-0.45715245596448484,2.2412686621744946,-0.4623795511141703,0.3666104117817102,-0.15466226432855207,0.2061559502574696,0.5490863902945103,1.4152324075772,-0.9923822985600096,-0.5065607304015044
IEN20200313,Enero-Abril 2023,Ingeniería en Energía,2020,Irregular,0.6723404517929646,0.0,-0.6159149239076528,-0.25459850850079224,1.3632450726570629,-0.3615936691372542,-0.3767312323191194,-0.6031385995906284,1.5407724037410715,-0.7598085705168535,-1.124469953493074,0.05086109490004391,1.3301443803153619,-0.4896294208189999,-0.5392441450453458,1.5198834899598457,0.0,-0.4259145817784151,0.3666104117817102,-1.2742825691417659,0.2061559502574696,-1.3166867522368357,1.4152324075772,0.609216919956064,1.974096964064686
IEN20200313,Mayo-Agosto 2023,Ingeniería en Energía,2020,Irregular,0.018403948568034782,-0.3666986553280562,-0.06357753248163632,-1.63033641433757,0.4253099296925961,0.3741132055432285,2.0592202310258663,0.14257360460620055,1.5407724037410715,0.0972280444018555,-0.28206614131491065,1.1319298992648084,1.3301443803153619,0.9364341109541224,0.3992661352687664,-0.45715245596448484,-1.257832257548672,1.3908988904206803,1.504013521626209,-1.2742825691417659,2.121967990324559,-1.3166867522368357,1.4152324075772,2.210816138472137,-0.5065607304015044
IEN20200313,Septiembre-Diciembre 2022,Ingeniería en Energía,2020,Irregular,0.6723404517929646,0.55660496289694,-0.6159149239076528,-0.5705992203744686,1.3632450726570629,-0.3615936691372542,-0.3767312323191194,-0.6031385995906284,1.5407724037410715,1.0971040951403492,-0.28206614131491065,-1.0302077094647206,1.3301443803153619,-0.4896294208189999,-0.5392441450453458,3.496919435884176,-0.02201016680455571,-0.42747458046657577,0.3666104117817102,0.9649580404846618,0.2061559502574696,0.5490863902945103,1.4152324075772,0.609216919956064,1.974096964064686
IEN20200319,Septiembre-Diciembre 2022,Ingeniería en Energía,2020,Irregular,0.3527903280530336,0.2559944825446157,-0.7079711558119889,-0.27467590179663387,0.4253099296925961,0.3741132055432285,-0.3767312323191194,-0.6031385995906284,1.5407724037410715,-0.9026480063366383,-0.42246677667793786,-1.0302077094647206,1.3301443803153619,-0.4896294208189999,-0.5392441450453458,-0.45715245596448484,-0.02201016680455571,-0.3516196442547643,0.3666104117817102,-0.15466226432855207,0.2061559502574696,-0.3838001809711627,-1.5240964389292924,0.609216919956064,-0.5065607304015044
IEN20200319,Septiembre-Diciembre 2023,Ingeniería en Energía,2020,Irregular,0.0069914441487505434,-0.2324975480279113,0.39428109462150907,-0.7530416203236354,-0.5126252132718706,-1.097300543817737,-0.3767312323191194,-0.6031385995906284,1.5407724037410715,0.0972280444018555,0.5603376708632528,0.05086109490004391,1.3301443803153619,-0.4896294208189999,-0.5392441450453458,-0.45715245596448484,-0.6758462729540592,-0.112939844966185,0.3666104117817102,0.9649580404846618,0.2061559502574696,0.5490863902945103,0.43545612540836925,0.609216919956064,-0.5065607304015044
IEN20200324,Enero-Abril 2023,Ingeniería en Energía,2020,Irregular,0.9884668242071123,0.8539946166740621,0.3022248627171728,-0.5182234117766222,1.3632450726570629,0.3741132055432285,-0.3767312323191194,-0.6031385995906284,1.5407724037410715,0.6685857876809949,1.1219402123153617,0.05086109490004391,1.3301443803153619,-0.4896294208189999,-0.5392441450453458,-0.45715245596448484,-0.02201016680455571,-0.3022846857416837,0.3666104117817102,2.0845783452978757,0.2061559502574696,2.414859532825856,-0.5443201567604616,0.609216919956064,-0.5065607304015044
IEN20200324,Septiembre-Diciembre 2022,Ingeniería en Energía,2020,Irregular,-0.765635105036726,0.0,-1.165829782915134,-0.7085221830154652,-0.5126252132718706,-1.097300543817737,-0.3767312323191194,-0.6031385995906284,1.5407724037410715,-0.6169691346970686,-1.124469953493074,-1.0302077094647206,1.3301443803153619,-0.4896294208189999,-0.5392441450453458,1.5198834899598457,0.0,-0.3642946335960695,0.3666104117817102,-1.2742825691417659,0.2061559502574696,-1.3166867522368357,0.43545612540836925,-0.9923822985600096,1.974096964064686
IEN20200324,Septiembre-Diciembre 2023,Ingeniería en Energía,2020,Irregular,1.2247056656862751,1.2437146322736823,2.320194367356961,-0.10969210471341624,0.4253099296925961,0.3741132055432285,-0.3767312323191194,-0.6031385995906284,1.5407724037410715,1.5256224025997038,1.9643440244935253,1.1319298992648084,1.3301443803153619,-0.4896294208189999,-0.5392441450453458,-0.45715245596448484,0.4996217156839492,-0.34420965048600116,0.3666104117817102,-0.15466226432855207,0.2061559502574696,0.5490863902945103,1.4152324075772,-0.9923822985600096,-0.5065607304015044
IEN20200358,Enero-Abril 2023,Ingeniería en Energía,2020,Irregular,-0.594447538747477,-0.6351008699283459,-0.7079711558119889,-0.43442211802006664,1.3632450726570629,0.3741132055432285,-0.3767312323191194,-0.6031385995906284,1.5407724037410715,-0.045611391417929324,-0.42246677667793786,-1.0302077094647206,1.3301443803153619,-0.4896294208189999,-0.5392441450453458,1.5198834899598457,-0.02201016680455571,-0.3976396055555034,0.3666104117817102,-0.15466226432855207,0.2061559502574696,-0.3838001809711627,0.43545612540836925,-0.9923822985600096,1.974096964064686
IEN20200358,Mayo-Agosto 2023,Ingeniería en Energía,2020,Irregular,-0.0614835823669484,0.11642533095246534,0.39428109462150907,-0.43791383859325694,1.3632450726570629,0.3741132055432285,-0.3767312323191194,-0.6031385995906284,1.5407724037410715,0.0972280444018555,0.5603376708632528,0.05086109490004391,1.3301443803153619,-0.4896294208189999,-0.5392441450453458,-0.45715245596448484,0.983891534963911,-0.47232454275119445,0.3666104117817102,0.9649580404846618,0.2061559502574696,0.5490863902945103,1.4152324075772,0.609216919956064,-0.5065607304015044
IEN20200374,Enero-Abril 2023,Ingeniería en Energía,2020,Irregular,0.9462405578557637,0.8142710889132186,-0.7079711558119889,-0.003194627231127742,-0.5126252132718706,0.3741132055432285,-0.3767312323191194,-0.6031385995906284,1.5407724037410715,-0.9026480063366383,-0.42246677667793786,-1.0302077094647206,1.3301443803153619,-0.4896294208189999,-0.5392441450453458,-0.45715245596448484,-0.02201016680455571,-0.30696468180616565,0.3666104117817102,-1.2742825691417659,0.2061559502574696,-1.3166867522368357,-0.5443201567604616,-0.9923822985600096,-0.5065607304015044
IEN20200374,Mayo-Agosto 2023,Ingeniería en Energía,2020,Irregular,0.061771465361310667,-0.8498226416085777,-0.7079711558119889,-1.1982359934053333,1.3632450726570629,1.1098200802237113,2.0592202310258663,0.14257360460620055,1.5407724037410715,-0.6169691346970686,-1.124469953493074,0.05086109490004391,1.3301443803153619,0.9364341109541224,0.3992661352687664,-0.45715245596448484,-2.2493639350061607,-0.4073895973565074,1.504013521626209,-0.15466226432855207,2.121967990324559,-0.3838001809711627,0.43545612540836925,0.609216919956064,-0.5065607304015044
IEN20200374,Septiembre-Diciembre 2023,Ingeniería en Energía,2020,Irregular,0.11541023613194189,0.065965714607611,0.7600834898203181,-0.4946542979075903,1.3632450726570629,0.3741132055432285,-0.3767312323191194,0.14257360460620055,1.5407724037410715,0.6685857876809949,1.1219402123153617,1.1319298992648084,1.3301443803153619,-0.4896294208189999,0.3992661352687664,-0.45715245596448484,0.09007602282107345,0.43422969490616237,0.3666104117817102,0.9649580404846618,0.2061559502574696,1.4819729615601833,-0.5443201567604616,-0.9923822985600096,-0.5065607304015044
IEN20200379,Enero-Abril 2023,Ingeniería en Energía,2020,Irregular,0.8207030092436485,0.0,-0.6159149239076528,-0.4431514194530418,1.3632450726570629,-0.3615936691372542,-0.3767312323191194,-0.6031385995906284,1.5407724037410715,-0.7598085705168535,-1.124469953493074,0.05086109490004391,1.3301443803153619,-0.4896294208189999,-0.5392441450453458,1.5198834899598457,0.0,-0.3951046076872423,0.3666104117817102,-0.15466226432855207,0.2061559502574696,-0.3838001809711627,1.4152324075772,0.609216919956064,1.974096964064686
IEN20200379,Septiembre-Diciembre 2022,Ingeniería en Energía,2020,Irregular,0.8207030092436485,0.6961741144890918,-0.6159149239076528,-0.5156046213467298,-0.5126252132718706,-0.3615936691372542,-0.3767312323191194,-0.6031385995906284,1.5407724037410715,-0.18845082723771414,-0.28206614131491065,-1.0302077094647206,1.3301443803153619,-0.4896294208189999,-0.5392441450453458,1.5198834899598457,-0.02201016680455571,-0.3325096603247963,0.3666104117817102,-1.2742825691417659,0.2061559502574696,-1.3166867522368357,1.4152324075772,-0.9923822985600096,1.974096964064686
IEN20200381,Enero-Abril 2023,Ingeniería en Energía,2020,Irregular,0.9747718189039718,1.2329785436896712,-0.06357753248163632,-0.4448972797396364,1.3632450726570629,-0.3615936691372542,-0.3767312323191194,-0.6031385995906284,1.5407724037410715,-0.7598085705168535,-0.28206614131491065,0.05086109490004391,1.3301443803153619,-0.4896294208189999,-0.5392441450453458,-0.45715245596448484,1.0270016078968454,-0.4348845742353388,0.3666104117817102,-0.15466226432855207,0.2061559502574696,-0.3838001809711627,-0.5443201567604616,0.609216919956064,-0.5065607304015044
IEN20200381,Septiembre-Diciembre 2022,Ingeniería en Energía,2020,Irregular,0.558215407600132,0.449244077056824,-0.6159149239076528,-0.5391737352157606,1.3632450726570629,-1.097300543817737,-0.3767312323191194,-0.6031385995906284,1.5407724037410715,-0.7598085705168535,-0.28206614131491065,-1.0302077094647206,1.3301443803153619,-0.4896294208189999,-0.5392441450453458,-0.45715245596448484,-0.02201016680455571,-0.31261967705074806,0.3666104117817102,0.9649580404846618,0.2061559502574696,0.5490863902945103,1.4152324075772,0.609216919956064,-0.5065607304015044
IEN20200381,Septiembre-Diciembre 2023,Ingeniería en Energía,2020,Irregular,0.8754830304562069,0.6532297601530448,0.8521397217246542,-0.04684113439600012,0.4253099296925961,-1.097300543817737,-0.3767312323191194,-0.6031385995906284,1.5407724037410715,-0.18845082723771414,0.2795364001371983,1.1319298992648084,1.3301443803153619,-0.4896294208189999,-0.5392441450453458,-0.45715245596448484,-0.2734855922466724,0.31683979362207365,0.3666104117817102,-1.2742825691417659,0.2061559502574696,-0.3838001809711627,-1.5240964389292924,0.609216919956064,-0.5065607304015044
IEN20210011,Enero-Abril 2023,Ingeniería en Energía,2021,Regular,-0.6229787997956853,-0.7317256671844509,-0.06357753248163632,-0.13849879944223187,0.4253099296925961,-1.097300543817737,-0.3767312323191194,-0.6031385995906284,0.2671012152120434,-0.7598085705168535,-0.28206614131491065,0.05086109490004391,0.40328023062804735,-0.4896294208189999,-0.5392441450453458,-0.45715245596448484,-0.20882048284727098,-0.33621465720917787,-0.7707926980627884,0.9649580404846618,-0.7517500697760751,0.5490863902945103,1.4152324075772,-0.9923822985600096,-0.5065607304015044
IEN20210011,Septiembre-Diciembre 2022,Ingeniería en Energía,2021,Regular,-0.5487975210703433,-0.592156515592299,-0.6159149239076528,0.26654078704778383,-1.4505603562363374,0.3741132055432285,-0.3767312323191194,-0.6031385995906284,0.2671012152120434,-0.7598085705168535,-0.28206614131491065,-1.0302077094647206,0.40328023062804735,-0.4896294208189999,-0.5392441450453458,-0.45715245596448484,-0.02201016680455571,-0.41323959243710984,-0.7707926980627884,0.9649580404846618,-0.7517500697760751,0.5490863902945103,-0.5443201567604616,-0.9923822985600096,-0.5065607304015044
IEN20210011,Septiembre-Diciembre 2023,Ingeniería en Energía,2021,Regular,0.26491404402455293,0.41274137587118576,3.2383341539817865,0.3407398492280664,-1.4505603562363374,-0.3615936691372542,-0.3767312323191194,0.14257360460620055,0.2671012152120434,3.5253745040766913,3.9299529195759066,1.1319298992648084,0.7122349471904855,-0.4896294208189999,-0.5392441450453458,-0.45715245596448484,1.4164292667243519,0.41141471409181296,-0.7707926980627884,3.2041986501110897,-0.7517500697760751,4.280632675357203,0.43545612540836925,0.609216919956064,-0.5065607304015044
IEN20210035,Enero-Abril 2023,Ingeniería en Energía,2021,Regular,0.18730901397342592,0.10032119807644735,-0.06357753248163632,0.13385540526657091,1.3632450726570629,-0.3615936691372542,-0.3767312323191194,-0.6031385995906284,0.2671012152120434,0.0972280444018555,0.5603376708632528,0.05086109490004391,0.40328023062804735,-0.4896294208189999,-0.5392441450453458,-0.45715245596448484,-0.02201016680455571,-0.023239920396947757,-0.7707926980627884,-1.2742825691417659,-0.7517500697760751,-0.3838001809711627,-0.5443201567604616,0.609216919956064,-0.5065607304015044
IEN20210035,Mayo-Agosto 2023,Ingeniería en Energía,2021,Regular,0.2135577741377779,0.1486335967044998,0.6704497903345172,0.4315245841310015,-1.4505603562363374,-0.3615936691372542,-0.3767312323191194,-0.6031385995906284,0.2671012152120434,-0.4741296988772838,-0.0012648705888561507,1.1319298992648084,0.40328023062804735,-0.4896294208189999,-0.5392441450453458,-0.45715245596448484,0.04265494259484573,-0.41148459391292913,-0.7707926980627884,-1.2742825691417659,-0.7517500697760751,-0.3838001809711627,1.4152324075772,0.609216919956064,-0.5065607304015044
IEN20210035,Septiembre-Diciembre 2022,Ingeniería en Energía,2021,Regular,-0.765635105036726,0.0,-1.165829782915134,-0.5688533600878741,0.4253099296925961,-1.097300543817737,-0.3767312323191194,-0.6031385995906284,0.2671012152120434,-1.045487442156423,-1.124469953493074,-1.0302077094647206,0.40328023062804735,-0.4896294208189999,-0.5392441450453458,1.5198834899598457,0.0,-0.3258796659001135,-0.7707926980627884,-1.2742825691417659,-0.7517500697760751,-1.3166867522368357,0.43545612540836925,0.609216919956064,1.974096964064686
IEN20210035,Septiembre-Diciembre 2023,Ingeniería en Energía,2021,Regular,0.27746779888576445,0.42777189988880204,1.2203646493419984,0.42366821284132417,0.4253099296925961,-0.3615936691372542,-0.3767312323191194,-0.6031385995906284,0.2671012152120434,-0.7598085705168535,-0.28206614131491065,2.212998703629573,0.40328023062804735,-0.4896294208189999,-0.5392441450453458,-0.45715245596448484,0.38466152119612446,-0.33523965802907746,-0.7707926980627884,0.9649580404846618,-0.7517500697760751,0.5490863902945103,-1.5240964389292924,0.609216919956064,-0.5065607304015044
IEN20210040,Enero-Abril 2023,Ingeniería en Energía,2021,Irregular,-1.256372795065906,-1.257794007801018,-0.6159149239076528,-0.9162795571202579,1.3632450726570629,0.3741132055432285,-0.3767312323191194,0.14257360460620055,0.9039368094765574,0.9542646593205645,-0.28206614131491065,-1.0302077094647206,0.7122349471904855,0.9364341109541224,0.3992661352687664,1.5198834899598457,-0.02201016680455571,1.667993657405215,1.504013521626209,-0.15466226432855207,1.1640619702910142,-0.3838001809711627,1.4152324075772,-0.9923822985600096,1.974096964064686
IEN20210045,Enero-Abril 2023,Ingeniería en Energía,2021,Regular,0.6951654606315315,0.37409145696874413,0.3022248627171728,-0.04945992482589256,-1.4505603562363374,-0.3615936691372542,-0.3767312323191194,-0.6031385995906284,0.2671012152120434,-1.045487442156423,-0.5628674120409651,0.05086109490004391,0.40328023062804735,-0.4896294208189999,-0.5392441450453458,-0.45715245596448484,-0.5680710906217233,-0.4190895875177123,-0.7707926980627884,0.9649580404846618,-0.7517500697760751,0.5490863902945103,1.4152324075772,0.609216919956064,-0.5065607304015044
IEN20210045,Mayo-Agosto 2023,Ingeniería en Energía,2021,Regular,0.6346791872093301,0.4062997227207786,0.8521397217246542,0.2700325076209729,1.3632450726570629,-1.097300543817737,-0.3767312323191194,-0.6031385995906284,0.2671012152120434,-0.7598085705168535,-0.28206614131491065,1.1319298992648084,0.40328023062804735,-0.4896294208189999,-0.5392441450453458,-0.45715245596448484,-0.2519305557802053,-0.418309588173632,-0.7707926980627884,-0.15466226432855207,-0.7517500697760751,-0.3838001809711627,-1.5240964389292924,0.609216919956064,-0.5065607304015044
IEN20210045,Septiembre-Diciembre 2022,Ingeniería en Energía,2021,Regular,0.9120030445979143,0.7820628231611843,-0.06357753248163632,0.6820555352573681,-1.4505603562363374,0.3741132055432285,-0.3767312323191194,-0.6031385995906284,0.2671012152120434,0.0972280444018555,0.5603376708632528,-1.0302077094647206,0.40328023062804735,-0.4896294208189999,-0.5392441450453458,-0.45715245596448484,-0.02201016680455571,-0.3223696688517521,-0.7707926980627884,-0.15466226432855207,-0.7517500697760751,-0.3838001809711627,0.43545612540836925,-0.9923822985600096,-0.5065607304015044
IEN20210045,Septiembre-Diciembre 2023,Ingeniería en Energía,2021,Regular,0.22839402988284563,-0.08970756986055736,3.330390385886122,-0.1716701448875357,0.4253099296925961,0.3741132055432285,-0.3767312323191194,-0.6031385995906284,0.2671012152120434,2.2398195816986277,2.6663472013086613,2.212998703629573,0.40328023062804735,-0.4896294208189999,-0.5392441450453458,-0.45715245596448484,-0.8396645500992096,-0.17572979216465115,-0.7707926980627884,0.9649580404846618,-0.7517500697760751,1.4819729615601833,-0.5443201567604616,0.609216919956064,-0.5065607304015044
IEN20210139,Enero-Abril 2023,Ingeniería en Energía,2021,Irregular,1.585340805335626,1.4154920496178671,-0.7079711558119889,-0.1254048472927709,0.4253099296925961,0.3741132055432285,-0.3767312323191194,-0.6031385995906284,0.9039368094765574,-0.9026480063366383,-0.42246677667793786,-1.0302077094647206,0.7122349471904855,-0.4896294208189999,-0.5392441450453458,-0.45715245596448484,-0.02201016680455571,-0.33913965474947905,0.3666104117817102,-1.2742825691417659,0.2061559502574696,-1.3166867522368357,0.43545612540836925,0.609216919956064,-0.5065607304015044
IEN20210139,Mayo-Agosto 2023,Ingeniería en Energía,2021,Irregular,1.2486719249667708,0.7820628231611843,-0.2476899962903084,0.10941336125424353,-0.5126252132718706,-0.3615936691372542,-0.3767312323191194,-0.6031385995906284,0.9039368094765574,-0.9026480063366383,-0.42246677667793786,0.05086109490004391,0.7122349471904855,-0.4896294208189999,-0.5392441450453458,-0.45715245596448484,-0.8698416011522635,-0.3744346250691138,0.3666104117817102,-0.15466226432855207,0.2061559502574696,-0.3838001809711627,0.43545612540836925,0.609216919956064,-0.5065607304015044
IEN20210139,Septiembre-Diciembre 2023,Ingeniería en Energía,2021,Regular,0.268337795350338,-0.19277402026706794,2.412250599261297,-0.124531917149473,0.4253099296925961,-1.097300543817737,-0.3767312323191194,0.14257360460620055,0.2671012152120434,2.5254984533381974,2.947148472034716,1.1319298992648084,0.7122349471904855,-0.4896294208189999,-0.5392441450453458,-0.45715245596448484,-1.7507240914152207,-0.3970546060474431,-0.7707926980627884,2.0845783452978757,-0.7517500697760751,2.414859532825856,1.4152324075772,-0.9923822985600096,-0.5065607304015044
IEN20210146,Enero-Abril 2023,Ingeniería en Energía,2021,Regular,0.683752956212249,0.5673410514809524,-0.43180246009898066,0.08060666652542667,0.4253099296925961,0.3741132055432285,-0.3767312323191194,-0.6031385995906284,0.2671012152120434,-0.4741296988772838,-0.0012648705888561507,0.05086109490004391,0.40328023062804735,-0.4896294208189999,-0.5392441450453458,-0.45715245596448484,-0.02201016680455571,-0.4036846004721259,-0.7707926980627884,0.9649580404846618,-0.7517500697760751,0.5490863902945103,-0.5443201567604616,-0.9923822985600096,-0.5065607304015044
IEN20210146,Septiembre-Diciembre 2022,Ingeniería en Energía,2021,Regular,-0.765635105036726,0.0,-1.165829782915134,0.051799971796611055,-0.5126252132718706,-1.097300543817737,-0.3767312323191194,-0.6031385995906284,0.2671012152120434,-0.9026480063366383,-1.124469953493074,-1.0302077094647206,0.40328023062804735,-0.4896294208189999,-0.5392441450453458,1.5198834899598457,0.0,-0.29584969115302107,-0.7707926980627884,-0.15466226432855207,-0.7517500697760751,-0.3838001809711627,0.43545612540836925,0.609216919956064,1.974096964064686
IEN20210146,Septiembre-Diciembre 2023,Ingeniería en Energía,2021,Irregular,0.27290279711805043,-0.20565732656788235,0.11811239890850068,-0.6578922347042134,1.3632450726570629,-0.3615936691372542,-0.3767312323191194,-0.6031385995906284,0.9039368094765574,-0.7598085705168535,-0.28206614131491065,1.1319298992648084,0.7122349471904855,-0.4896294208189999,-0.5392441450453458,-0.45715245596448484,-1.0566519171949789,-0.38671961473837885,0.3666104117817102,0.9649580404846618,0.2061559502574696,0.5490863902945103,-0.5443201567604616,-0.9923822985600096,-0.5065607304015044
IEN20210159,Enero-Abril 2023,Ingeniería en Energía,2021,Irregular,-2.1979044096567755,-2.105945005937934,-1.165829782915134,-0.7512957600370402,0.4253099296925961,1.845526954904194,-0.3767312323191194,0.8882858088030295,0.2671012152120434,-0.6169691346970686,-1.124469953493074,0.05086109490004391,0.40328023062804735,0.9364341109541224,1.3377764155828784,-0.45715245596448484,0.07858000337229096,-0.38905961277061984,1.504013521626209,0.9649580404846618,1.1640619702910142,0.5490863902945103,0.43545612540836925,-0.9923822985600096,-0.5065607304015044
IEN20210159,Mayo-Agosto 2023,Ingeniería en Energía,2021,Irregular,-1.2734915516948315,-0.4042749653720961,-0.06357753248163632,0.18710414400771516,-0.5126252132718706,-0.3615936691372542,-0.3767312323191194,0.8882858088030295,0.2671012152120434,0.0972280444018555,0.5603376708632528,1.1319298992648084,0.40328023062804735,-0.4896294208189999,1.3377764155828784,-0.45715245596448484,2.305933771573896,-0.300529687217503,-0.7707926980627884,-0.15466226432855207,-0.7517500697760751,0.5490863902945103,0.43545612540836925,0.609216919956064,-0.5065607304015044
IEN20210159,Septiembre-Diciembre 2022,Ingeniería en Energía,2021,Irregular,-2.237848175124267,-2.181097626026015,-1.165829782915134,-1.4138497387998032,0.4253099296925961,1.845526954904194,2.0592202310258663,0.14257360460620055,0.2671012152120434,-0.7598085705168535,-1.124469953493074,-1.0302077094647206,0.40328023062804735,0.9364341109541224,0.3992661352687664,-0.45715245596448484,-0.02201016680455571,-0.32685466508021394,1.504013521626209,-0.15466226432855207,2.121967990324559,-0.3838001809711627,1.4152324075772,2.210816138472137,-0.5065607304015044
IEN20210175,Enero-Abril 2023,Ingeniería en Energía,2021,Regular,-0.22924739733041227,-0.29154603523997474,-0.6159149239076528,0.051799971796611055,0.4253099296925961,0.3741132055432285,-0.3767312323191194,-0.6031385995906284,0.2671012152120434,-0.7598085705168535,-0.28206614131491065,0.05086109490004391,0.40328023062804735,-0.4896294208189999,-0.5392441450453458,-0.45715245596448484,-0.02201016680455571,-0.41148459391292913,-0.7707926980627884,0.9649580404846618,-0.7517500697760751,0.5490863902945103,0.43545612540836925,-0.9923822985600096,-0.5065607304015044
IEN20210175,Septiembre-Diciembre 2022,Ingeniería en Energía,2021,Regular,-0.765635105036726,0.0,-1.165829782915134,-0.3549854749799992,-0.5126252132718706,-1.097300543817737,-0.3767312323191194,-0.6031385995906284,0.2671012152120434,-0.18845082723771414,-1.124469953493074,-1.0302077094647206,0.40328023062804735,-0.4896294208189999,-0.5392441450453458,3.496919435884176,0.0,-0.3481096472064028,-0.7707926980627884,-0.15466226432855207,-0.7517500697760751,-0.3838001809711627,1.4152324075772,0.609216919956064,1.974096964064686
IEN20210221,Enero-Abril 2023,Ingeniería en Energía,2021,Regular,0.03894645652274382,0.6532297601530448,0.026056167004164625,0.08147959666872456,-0.5126252132718706,0.3741132055432285,-0.3767312323191194,-0.6031385995906284,0.2671012152120434,-0.7598085705168535,-0.28206614131491065,0.05086109490004391,0.40328023062804735,-0.4896294208189999,-0.5392441450453458,-0.45715245596448484,1.831722969311619,-0.42240458473005366,-0.7707926980627884,-0.15466226432855207,-0.7517500697760751,-0.3838001809711627,0.43545612540836925,0.609216919956064,-0.5065607304015044
IEN20210221,Mayo-Agosto 2023,Ingeniería en Energía,2021,Irregular,-1.1707790119212815,-2.3152987333261597,0.026056167004164625,-1.3972640660771514,0.4253099296925961,1.845526954904194,2.0592202310258663,0.8882858088030295,0.2671012152120434,0.0972280444018555,-1.124469953493074,1.1319298992648084,0.40328023062804735,2.3624976427272446,1.3377764155828784,-0.45715245596448484,-3.0684553207319123,-0.32353966786787264,2.6414166314707077,-1.2742825691417659,2.121967990324559,-1.3166867522368357,1.4152324075772,2.210816138472137,-0.5065607304015044
IEN20210221,Septiembre-Diciembre 2022,Ingeniería en Energía,2021,Regular,-0.6971600785210271,-0.7317256671844509,-0.5238586920033167,-0.2711841812234448,-0.5126252132718706,-1.097300543817737,-0.3767312323191194,-0.6031385995906284,0.2671012152120434,-0.6169691346970686,-0.1416655059518834,-1.0302077094647206,0.40328023062804735,-0.4896294208189999,-0.5392441450453458,-0.45715245596448484,-0.02201016680455571,-0.3325096603247963,-0.7707926980627884,-1.2742825691417659,-0.7517500697760751,-1.3166867522368357,0.43545612540836925,0.609216919956064,-0.5065607304015044
IEN20210221,Septiembre-Diciembre 2023,Ingeniería en Energía,2021,Irregular,-1.4583741232872203,-1.9878480315138063,0.026056167004164625,-1.2392637101403137,2.3011802156215295,1.845526954904194,2.0592202310258663,2.3797102171966875,0.2671012152120434,-0.18845082723771414,-1.124469953493074,2.212998703629573,0.40328023062804735,2.3624976427272446,3.214796976211103,-0.45715245596448484,-1.106947002283402,-0.44892456242878465,2.6414166314707077,-0.15466226432855207,2.121967990324559,-0.3838001809711627,-0.5443201567604616,0.609216919956064,-0.5065607304015044
IEN20210234,Septiembre-Diciembre 2022,Ingeniería en Energía,2021,Regular,0.6038654252772657,0.492188431392871,0.21016863081283674,0.6366631678059012,0.4253099296925961,-0.3615936691372542,-0.3767312323191194,-0.6031385995906284,0.2671012152120434,0.52574635186121,0.9815395769523345,-1.0302077094647206,0.40328023062804735,-0.4896294208189999,-0.5392441450453458,-0.45715245596448484,-0.02201016680455571,-0.24144473690341844,-0.7707926980627884,0.9649580404846618,-0.7517500697760751,1.4819729615601833,-1.5240964389292924,0.609216919956064,-0.5065607304015044
IEN20210245,Enero-Abril 2023,Ingeniería en Energía,2021,Regular,0.4954466332940744,-0.6673091356803804,-0.15563376438597237,0.015136905778118109,0.4253099296925961,-0.3615936691372542,-0.3767312323191194,-0.6031385995906284,0.2671012152120434,-0.9026480063366383,-0.42246677667793786,0.05086109490004391,0.40328023062804735,-0.4896294208189999,-0.5392441450453458,-0.45715245596448484,-2.852904956067241,-0.3137896760668686,-0.7707926980627884,-0.15466226432855207,-0.7517500697760751,-0.3838001809711627,1.4152324075772,0.609216919956064,-0.5065607304015044
IEN20210245,Mayo-Agosto 2023,Ingeniería en Energía,2021,Regular,0.3105640617016866,0.04127271086438391,0.9441959536289904,0.060529273229586275,-0.5126252132718706,-1.097300543817737,-0.3767312323191194,-0.6031385995906284,0.2671012152120434,0.0972280444018555,0.5603376708632528,1.1319298992648084,0.40328023062804735,-0.4896294208189999,-0.5392441450453458,-0.45715245596448484,-0.4890359569113439,0.31683979362207365,-0.7707926980627884,-1.2742825691417659,-0.7517500697760751,-0.3838001809711627,-0.5443201567604616,0.609216919956064,-0.5065607304015044
IEN20210245,Septiembre-Diciembre 2022,Ingeniería en Energía,2021,Regular,1.619578318593477,1.447700315369903,-0.6159149239076528,0.19932516601387948,-0.5126252132718706,-0.3615936691372542,-0.3767312323191194,-0.6031385995906284,0.2671012152120434,-0.7598085705168535,-0.28206614131491065,-1.0302077094647206,0.40328023062804735,-0.4896294208189999,-0.5392441450453458,-0.45715245596448484,-0.02201016680455571,-0.4385895711197204,-0.7707926980627884,0.9649580404846618,-0.7517500697760751,0.5490863902945103,-1.5240964389292924,-0.9923822985600096,-0.5065607304015044
IEN20210245,Septiembre-Diciembre 2023,Ingeniería en Energía,2021,Regular,0.17019025734450202,-0.17881710510785337,1.4941108126364717,-0.3942673314283846,-1.4505603562363374,0.3741132055432285,-0.3767312323191194,0.14257360460620055,0.2671012152120434,0.0972280444018555,-0.28206614131491065,2.212998703629573,0.40328023062804735,0.9364341109541224,0.3992661352687664,-0.45715245596448484,-0.5508270614485496,2.2563081626777994,0.3666104117817102,0.9649580404846618,0.2061559502574696,0.5490863902945103,0.43545612540836925,-0.9923822985600096,-0.5065607304015044
IEN20210270,Mayo-Agosto 2023,Ingeniería en Energía,2021,Irregular,0.7636404871472321,0.6424936715690338,0.026056167004164625,-0.014542719093994162,-0.5126252132718706,-0.3615936691372542,-0.3767312323191194,-0.6031385995906284,0.9039368094765574,0.24006748022164032,0.7007383062262801,-1.0302077094647206,1.0211896637529236,-0.4896294208189999,-0.5392441450453458,-0.45715245596448484,-0.02201016680455571,1.8776184811268022,0.3666104117817102,-1.2742825691417659,0.2061559502574696,-0.3838001809711627,0.43545612540836925,-0.9923822985600096,-0.5065607304015044
IEN20210270,Septiembre-Diciembre 2023,Ingeniería en Energía,2021,Irregular,0.3505078271691774,0.12394059296127273,2.780475526878641,-0.8097820796379694,1.3632450726570629,1.1098200802237113,-0.3767312323191194,0.14257360460620055,0.9039368094765574,3.5253745040766913,3.0875491073977432,0.05086109490004391,1.0211896637529236,0.9364341109541224,0.3992661352687664,-0.45715245596448484,-0.7160823410247978,0.2558048449477882,1.504013521626209,2.0845783452978757,1.1640619702910142,2.414859532825856,1.4152324075772,-0.9923822985600096,-0.5065607304015044
IEN20210271,Enero-Abril 2023,Ingeniería en Energía,2021,Regular,-0.0009973089447469633,-0.07682426355974296,-0.43180246009898066,0.2717783679075687,-1.4505603562363374,-0.3615936691372542,-0.3767312323191194,-0.6031385995906284,0.2671012152120434,-0.4741296988772838,-0.0012648705888561507,0.05086109490004391,0.40328023062804735,-0.4896294208189999,-0.5392441450453458,-0.45715245596448484,-0.02201016680455571,-0.38535461588623826,-0.7707926980627884,-0.15466226432855207,-0.7517500697760751,-0.3838001809711627,1.4152324075772,0.609216919956064,-0.5065607304015044
IEN20210271,Mayo-Agosto 2023,Ingeniería en Energía,2021,Regular,0.36990908468195915,0.6210214944010104,0.11811239890850068,0.23075065117258756,-0.5126252132718706,0.3741132055432285,-0.3767312323191194,-0.6031385995906284,0.2671012152120434,-0.7598085705168535,-0.28206614131491065,1.1319298992648084,0.40328023062804735,-0.4896294208189999,-0.5392441450453458,-0.45715245596448484,0.9120414134090206,-0.43059457784289706,-0.7707926980627884,0.9649580404846618,-0.7517500697760751,0.5490863902945103,0.43545612540836925,-0.9923822985600096,-0.5065607304015044
IEN20210271,Septiembre-Diciembre 2022,Ingeniería en Energía,2021,Regular,-0.765635105036726,0.0,-1.165829782915134,0.11115922154083809,-0.5126252132718706,0.3741132055432285,-0.3767312323191194,-0.6031385995906284,0.2671012152120434,-0.7598085705168535,-1.124469953493074,-1.0302077094647206,0.40328023062804735,-0.4896294208189999,-0.5392441450453458,1.5198834899598457,0.0,-0.3473296478623225,-0.7707926980627884,-1.2742825691417659,-0.7517500697760751,-1.3166867522368357,-0.5443201567604616,0.609216919956064,1.974096964064686
IEN20210271,Septiembre-Diciembre 2023,Ingeniería en Energía,2021,Regular,0.18502651308956974,0.02838940456357104,2.780475526878641,0.34423156980125674,1.3632450726570629,-1.097300543817737,-0.3767312323191194,-0.6031385995906284,0.2671012152120434,2.5254984533381974,2.947148472034716,2.212998703629573,0.40328023062804735,-0.4896294208189999,-0.5392441450453458,-0.45715245596448484,-0.3482097186637585,-0.1749497928205708,-0.7707926980627884,0.9649580404846618,-0.7517500697760751,1.4819729615601833,-1.5240964389292924,0.609216919956064,-0.5065607304015044
IEN20210274,Enero-Abril 2023,Ingeniería en Energía,2021,Regular,-0.16077237081471332,-0.22712950373590582,-0.7976048552977898,-0.1873828874668891,0.4253099296925961,-1.097300543817737,-0.3767312323191194,0.14257360460620055,-0.3697343790524706,0.52574635186121,-0.5628674120409651,0.05086109490004391,0.40328023062804735,-0.4896294208189999,-0.5392441450453458,3.496919435884176,-0.02201016680455571,-0.28765969804017766,-0.7707926980627884,-1.2742825691417659,-0.7517500697760751,-1.3166867522368357,-0.5443201567604616,-0.9923822985600096,1.974096964064686
IEN20210274,Septiembre-Diciembre 2022,Ingeniería en Energía,2021,Regular,-0.765635105036726,0.0,-1.165829782915134,-0.5129858309168374,-0.5126252132718706,0.3741132055432285,-0.3767312323191194,-0.6031385995906284,0.2671012152120434,0.0972280444018555,-1.124469953493074,-1.0302077094647206,0.40328023062804735,-0.4896294208189999,-0.5392441450453458,1.5198834899598457,0.0,-0.4138245919451701,-0.7707926980627884,0.9649580404846618,-0.7517500697760751,0.5490863902945103,1.4152324075772,0.609216919956064,1.974096964064686
IEN20210274,Septiembre-Diciembre 2023,Ingeniería en Energía,2021,Regular,0.12796399099315342,0.09924758921804716,1.5861670445408076,-0.3113389678151268,-0.5126252132718706,-1.097300543817737,-0.3767312323191194,0.14257360460620055,0.2671012152120434,2.096980145878843,2.525946565945634,1.1319298992648084,0.7122349471904855,-0.4896294208189999,-0.5392441450453458,-0.45715245596448484,0.41483857224917847,0.890334311357132,-0.7707926980627884,2.0845783452978757,-0.7517500697760751,2.414859532825856,-0.5443201567604616,-0.9923822985600096,-0.5065607304015044
IEN20210301,Enero-Abril 2023,Ingeniería en Energía,2021,Irregular,-0.8911726536488412,-0.9464474388646826,-0.7976048552977898,-0.6849530691464345,0.4253099296925961,-0.3615936691372542,-0.3767312323191194,1.6339980129998586,-0.3697343790524706,-0.7598085705168535,-1.124469953493074,0.05086109490004391,0.40328023062804735,0.9364341109541224,1.3377764155828784,-0.45715245596448484,-0.08667527620395715,-0.4370295724315597,0.3666104117817102,-1.2742825691417659,0.2061559502574696,-1.3166867522368357,0.43545612540836925,0.609216919956064,-0.5065607304015044
IEN20210301,Septiembre-Diciembre 2022,Ingeniería en Energía,2021,Irregular,-0.8740538970199173,-0.8981350402366302,-0.7976048552977898,-0.8577932375193288,1.3632450726570629,0.3741132055432285,-0.3767312323191194,0.8882858088030295,-0.3697343790524706,-0.18845082723771414,-0.5628674120409651,-1.0302077094647206,0.40328023062804735,0.9364341109541224,0.3992661352687664,-0.45715245596448484,-0.02201016680455571,-0.300529687217503,0.3666104117817102,-0.15466226432855207,0.2061559502574696,-0.3838001809711627,1.4152324075772,0.609216919956064,-0.5065607304015044
IEN20210318,Enero-Abril 2023,Ingeniería en Energía,2021,Irregular,1.4540970045138693,1.2920270309017348,-0.15563376438597237,0.5031048558813915,0.4253099296925961,0.3741132055432285,-0.3767312323191194,-0.6031385995906284,0.9039368094765574,0.8114252235007796,0.4199370355002256,-1.0302077094647206,0.7122349471904855,-0.4896294208189999,-0.5392441450453458,1.5198834899598457,-0.02201016680455571,-0.041959904654875556,0.3666104117817102,-1.2742825691417659,0.2061559502574696,-0.3838001809711627,-0.5443201567604616,0.609216919956064,1.974096964064686
IEN20210318,Septiembre-Diciembre 2023,Ingeniería en Energía,2021,Irregular,1.5271370327972822,1.387578219299438,2.5963630630699694,0.28487232005702967,-0.5126252132718706,-0.3615936691372542,-0.3767312323191194,-0.6031385995906284,0.9039368094765574,2.6683378891579825,3.0875491073977432,0.05086109490004391,1.0211896637529236,-0.4896294208189999,-0.5392441450453458,-0.45715245596448484,0.10588304956314935,-0.387304614246439,0.3666104117817102,2.0845783452978757,0.2061559502574696,2.414859532825856,1.4152324075772,-0.9923822985600096,-0.5065607304015044
IEN20210332,Enero-Abril 2023,Ingeniería en Energía,2021,Irregular,0.3984403457301673,0.2989388368806627,-0.15563376438597237,-0.3445103132604294,0.4253099296925961,0.3741132055432285,-0.3767312323191194,-0.6031385995906284,0.9039368094765574,-0.045611391417929324,0.4199370355002256,-1.0302077094647206,0.7122349471904855,-0.4896294208189999,-0.5392441450453458,-0.45715245596448484,-0.02201016680455571,-0.33972465425753934,0.3666104117817102,-1.2742825691417659,0.2061559502574696,-0.3838001809711627,-0.5443201567604616,-0.9923822985600096,-0.5065607304015044
IEN20210332,Mayo-Agosto 2023,Ingeniería en Energía,2021,Irregular,0.36420283247231783,0.20231403962455777,0.39428109462150907,0.011645185204929014,-0.5126252132718706,0.3741132055432285,-0.3767312323191194,-0.6031385995906284,0.9039368094765574,-0.7598085705168535,-0.28206614131491065,0.05086109490004391,0.7122349471904855,-0.4896294208189999,-0.5392441450453458,-0.45715245596448484,-0.1513403856033586,-0.33913965474947905,0.3666104117817102,0.9649580404846618,0.2061559502574696,0.5490863902945103,1.4152324075772,0.609216919956064,-0.5065607304015044
IEN20210332,Septiembre-Diciembre 2023,Ingeniería en Energía,2021,Irregular,0.9336868029945522,1.2029174956544386,2.412250599261297,0.5589723850524283,-1.4505603562363374,-0.3615936691372542,-0.3767312323191194,-0.6031385995906284,0.9039368094765574,1.5256224025997038,1.9643440244935253,1.1319298992648084,0.7122349471904855,-0.4896294208189999,-0.5392441450453458,-0.45715245596448484,1.2324929555438322,0.0015250587776025277,0.3666104117817102,-0.15466226432855207,0.2061559502574696,0.5490863902945103,0.43545612540836925,0.609216919956064,-0.5065607304015044
IEN20210348,Enero-Abril 2023,Ingeniería en Energía,2021,Irregular,0.8549405225014979,0.7283823802411262,-0.6159149239076528,-0.10532745399692925,0.4253099296925961,0.3741132055432285,-0.3767312323191194,-0.6031385995906284,0.9039368094765574,-0.7598085705168535,-0.28206614131491065,-1.0302077094647206,0.7122349471904855,-0.4896294208189999,-0.5392441450453458,-0.45715245596448484,-0.02201016680455571,-0.3211996698356316,0.3666104117817102,0.9649580404846618,0.2061559502574696,0.5490863902945103,0.43545612540836925,-0.9923822985600096,-0.5065607304015044
IEN20210348,Mayo-Agosto 2023,Ingeniería en Energía,2021,Irregular,0.9371105543203373,0.8325224395060385,1.0362521855333262,0.28661818034362424,0.4253099296925961,0.3741132055432285,-0.3767312323191194,-0.6031385995906284,0.9039368094765574,0.9542646593205645,1.4027414830414162,0.05086109490004391,0.7122349471904855,-0.4896294208189999,-0.5392441450453458,-0.45715245596448484,0.11737906901193182,-0.23578974165883612,0.3666104117817102,2.0845783452978757,0.2061559502574696,2.414859532825856,1.4152324075772,0.609216919956064,-0.5065607304015044
IEN20210350,Mayo-Agosto 2023,Ingeniería en Energía,2021,Baja Temporal,-1.0224164544705996,-0.7209895786004383,-0.7079711558119889,-3.5237218951497336,3.2391153585859964,1.1098200802237113,4.4951716943708515,3.125422421393516,-0.3697343790524706,0.52574635186121,-0.42246677667793786,0.05086109490004391,0.7122349471904855,0.9364341109541224,2.2762866958969905,-0.45715245596448484,0.825821267543152,-0.3063796822981054,0.3666104117817102,-0.15466226432855207,2.121967990324559,-0.3838001809711627,1.4152324075772,2.210816138472137,1.974096964064686
IEN20210350,Septiembre-Diciembre 2022,Ingeniería en Energía,2021,Baja Temporal,-1.359085334839456,-1.3544188050571226,-1.165829782915134,-3.7419544309740953,3.2391153585859964,2.5812338295846766,4.4951716943708515,1.6339980129998586,-0.3697343790524706,0.8114252235007796,-1.124469953493074,-1.0302077094647206,0.40328023062804735,2.3624976427272446,1.3377764155828784,-0.45715245596448484,-0.02201016680455571,-0.21492475920468743,1.504013521626209,0.9649580404846618,3.0798740103581035,0.5490863902945103,2.395008689746031,2.210816138472137,1.974096964064686
IEN20210350,Septiembre-Diciembre 2023,Ingeniería en Energía,2021,Baja Temporal,-1.5325554020125614,-3.437219990355371,-0.7079711558119889,-3.6241088616289403,2.3011802156215295,2.5812338295846766,4.4951716943708515,4.616846829787174,-1.0065699733169846,-0.045611391417929324,-1.124469953493074,1.1319298992648084,0.7122349471904855,0.9364341109541224,3.214796976211103,-0.45715245596448484,-3.233710600308161,-0.3978346053915235,1.504013521626209,0.9649580404846618,3.0798740103581035,0.5490863902945103,1.4152324075772,2.210816138472137,1.974096964064686
IEN20220009,Enero-Abril 2023,Ingeniería en Energía,2022,Irregular,-1.0737727243573745,-1.086016590456833,-0.6159149239076528,-0.6430524222681566,-0.5126252132718706,1.1098200802237113,-0.3767312323191194,0.14257360460620055,-0.3697343790524706,0.6685857876809949,-0.28206614131491065,0.05086109490004391,-0.523583919059267,0.9364341109541224,0.3992661352687664,1.5198834899598457,-0.02201016680455571,-0.08700486677551425,0.3666104117817102,0.9649580404846618,0.2061559502574696,0.5490863902945103,-0.5443201567604616,-0.9923822985600096,1.974096964064686
IEN20220009,Septiembre-Diciembre 2022,Ingeniería en Energía,2022,Regular,-0.765635105036726,0.0,-1.165829782915134,0.08671717752850945,-1.4505603562363374,-0.3615936691372542,-0.3767312323191194,-0.6031385995906284,-0.3697343790524706,-0.7598085705168535,-1.124469953493074,-1.0302077094647206,-0.523583919059267,-0.4896294208189999,-0.5392441450453458,1.5198834899598457,0.0,-0.3280246640963344,-0.7707926980627884,-1.2742825691417659,-0.7517500697760751,-1.3166867522368357,0.43545612540836925,-0.9923822985600096,1.974096964064686
IEN20220015,Enero-Abril 2023,Ingeniería en Energía,2022,Regular,1.8934784246562744,1.7053664413861802,-0.6159149239076528,1.1202664671926876,-1.4505603562363374,-1.097300543817737,-0.3767312323191194,-0.6031385995906284,-0.3697343790524706,-0.7598085705168535,-0.28206614131491065,-1.0302077094647206,-0.21462920249682893,-0.4896294208189999,-0.5392441450453458,-0.45715245596448484,-0.02201016680455571,-0.3278296642603144,-0.7707926980627884,0.9649580404846618,-0.7517500697760751,0.5490863902945103,-0.5443201567604616,0.609216919956064,-0.5065607304015044
IEN20220015,Septiembre-Diciembre 2023,Ingeniería en Energía,2022,Regular,0.3950165944043822,0.060597670315605506,1.5861670445408076,-0.23539404534824848,-0.5126252132718706,1.1098200802237113,-0.3767312323191194,0.8882858088030295,-0.3697343790524706,2.6683378891579825,2.24514529521958,0.05086109490004391,0.09432551406560921,0.9364341109541224,0.3992661352687664,-0.45715245596448484,-2.2234978912464003,0.6670594991141392,0.3666104117817102,2.0845783452978757,0.2061559502574696,2.414859532825856,0.43545612540836925,0.609216919956064,-0.5065607304015044
IEN20220023,Septiembre-Diciembre 2023,Ingeniería en Energía,2022,Regular,0.657504196047897,0.5426480477377253,1.2203646493419984,-0.08350420041449307,1.3632450726570629,-1.097300543817737,-0.3767312323191194,-0.6031385995906284,0.2671012152120434,2.096980145878843,2.525946565945634,-1.0302077094647206,0.40328023062804735,-0.4896294208189999,-0.5392441450453458,-0.45715245596448484,-0.02201016680455571,-0.012709929251863398,-0.7707926980627884,0.9649580404846618,-0.7517500697760751,1.4819729615601833,1.4152324075772,-0.9923822985600096,-0.5065607304015044
IEN20220060,Septiembre-Diciembre 2022,Ingeniería en Energía,2022,Regular,-0.765635105036726,0.0,-1.165829782915134,0.7387959945717026,-0.5126252132718706,-0.3615936691372542,-0.3767312323191194,-0.6031385995906284,-0.3697343790524706,-0.4741296988772838,-1.124469953493074,-1.0302077094647206,-0.523583919059267,-0.4896294208189999,-0.5392441450453458,1.5198834899598457,0.0,-0.29350969312078007,-0.7707926980627884,-0.15466226432855207,-0.7517500697760751,-0.3838001809711627,-0.5443201567604616,-0.9923822985600096,1.974096964064686
IEN20220060,Septiembre-Diciembre 2023,Ingeniería en Energía,2022,Irregular,-1.8441167726589949,-1.8107025698776154,-0.6159149239076528,-0.5356820146425703,1.3632450726570629,0.3741132055432285,-0.3767312323191194,0.14257360460620055,0.2671012152120434,-0.18845082723771414,-0.28206614131491065,0.05086109490004391,0.09432551406560921,0.9364341109541224,0.3992661352687664,-0.45715245596448484,-0.02201016680455571,1.6069587087309298,1.504013521626209,-1.2742825691417659,1.1640619702910142,-1.3166867522368357,0.43545612540836925,-0.9923822985600096,-0.5065607304015044
IEN20220067,Enero-Abril 2023,Ingeniería en Energía,2022,Regular,-0.5316787644414194,-1.2792661849690412,-0.43180246009898066,-0.7355830174576863,-0.5126252132718706,1.1098200802237113,-0.3767312323191194,0.14257360460620055,-0.3697343790524706,-0.9026480063366383,-1.124469953493074,0.05086109490004391,-0.523583919059267,0.9364341109541224,0.3992661352687664,-0.45715245596448484,-1.9044833515426862,-0.31281467688676806,0.3666104117817102,-1.2742825691417659,0.2061559502574696,-1.3166867522368357,1.4152324075772,-0.9923822985600096,-0.5065607304015044
IEN20220067,Septiembre-Diciembre 2022,Ingeniería en Energía,2022,Regular,0.21584027502163408,0.12716141953647633,-0.43180246009898066,0.9474262988197927,-0.5126252132718706,-1.097300543817737,-0.3767312323191194,-0.6031385995906284,-0.3697343790524706,-0.4741296988772838,-0.0012648705888561507,-1.0302077094647206,-0.523583919059267,-0.4896294208189999,-0.5392441450453458,-0.45715245596448484,-0.02201016680455571,-0.324514667047973,-0.7707926980627884,0.9649580404846618,-0.7517500697760751,0.5490863902945103,-1.5240964389292924,-0.9923822985600096,-0.5065607304015044
IEN20220067,Septiembre-Diciembre 2023,Ingeniería en Energía,2022,Irregular,-1.450385370193722,-2.304562644742148,-0.43180246009898066,-0.9896056891572432,0.4253099296925961,1.845526954904194,0.8412444993533734,1.6339980129998586,-0.3697343790524706,0.0972280444018555,-1.124469953493074,1.1319298992648084,-0.21462920249682893,2.3624976427272446,2.2762866958969905,-0.45715245596448484,-2.33558408087203,-0.004129936466979806,2.6414166314707077,-0.15466226432855207,2.121967990324559,-0.3838001809711627,0.43545612540836925,2.210816138472137,-0.5065607304015044
IEN20220071,Enero-Abril 2023,Ingeniería en Energía,2022,Regular,0.0047089432648943445,-0.07145621926773747,-0.2476899962903084,0.24035288274886066,-0.5126252132718706,-1.097300543817737,-0.3767312323191194,0.14257360460620055,-1.0065699733169846,-0.18845082723771414,0.2795364001371983,-1.0302077094647206,-0.21462920249682893,-0.4896294208189999,-0.5392441450453458,-0.45715245596448484,-0.02201016680455571,-0.39997960358774437,-0.7707926980627884,-0.15466226432855207,-0.7517500697760751,0.5490863902945103,-1.5240964389292924,0.609216919956064,-0.5065607304015044
IEN20220071,Mayo-Agosto 2023,Ingeniería en Energía,2022,Regular,0.1165514865738708,0.24525839396060473,0.3022248627171728,0.29098283106011247,-1.4505603562363374,0.3741132055432285,-0.3767312323191194,0.14257360460620055,-1.0065699733169846,-0.7598085705168535,-0.28206614131491065,0.05086109490004391,-0.21462920249682893,-0.4896294208189999,-0.5392441450453458,-0.45715245596448484,0.4019055503692982,-0.4204545863698529,-0.7707926980627884,0.9649580404846618,-0.7517500697760751,0.5490863902945103,0.43545612540836925,-0.9923822985600096,-0.5065607304015044
IEN20220071,Septiembre-Diciembre 2023,Ingeniería en Energía,2022,Regular,0.2694790457922653,0.6102854058169979,0.8521397217246542,0.40708254011867284,1.3632450726570629,-0.3615936691372542,-0.3767312323191194,0.14257360460620055,-1.0065699733169846,-0.7598085705168535,-0.28206614131491065,1.1319298992648084,-0.21462920249682893,-0.4896294208189999,-0.5392441450453458,-0.45715245596448484,0.7496601386949681,-0.38164961900185673,-0.7707926980627884,-1.2742825691417659,-0.7517500697760751,-1.3166867522368357,-0.5443201567604616,-0.9923822985600096,-0.5065607304015044
IEN20220080,Septiembre-Diciembre 2022,Ingeniería en Energía,2022,Regular,-0.765635105036726,-0.7961421986885198,-0.7079711558119889,0.623569215656439,-1.4505603562363374,-0.3615936691372542,-0.3767312323191194,-0.6031385995906284,-0.3697343790524706,0.24006748022164032,-0.42246677667793786,-1.0302077094647206,-0.523583919059267,-0.4896294208189999,-0.5392441450453458,1.5198834899598457,-0.02201016680455571,-0.3184696721313504,-0.7707926980627884,-0.15466226432855207,-0.7517500697760751,-0.3838001809711627,0.43545612540836925,-0.9923822985600096,1.974096964064686
IEN20220080,Septiembre-Diciembre 2023,Ingeniería en Energía,2022,Regular,-0.45749748571607757,-0.3613306110360507,0.11811239890850068,0.06925857466256025,0.4253099296925961,-1.097300543817737,-0.3767312323191194,-0.6031385995906284,0.2671012152120434,-0.331290263057499,0.13913576477417108,0.05086109490004391,0.09432551406560921,-0.4896294208189999,-0.5392441450453458,-0.45715245596448484,0.5599758177900572,-0.300529687217503,-0.7707926980627884,-0.15466226432855207,-0.7517500697760751,0.5490863902945103,1.4152324075772,-0.9923822985600096,-0.5065607304015044
IEN20220081,Enero-Abril 2023,Ingeniería en Energía,2022,Regular,0.6266904341158326,0.4599801656408365,1.1283084174376625,0.9037797916549203,-0.5126252132718706,-1.097300543817737,-0.3767312323191194,-0.6031385995906284,-0.3697343790524706,-0.4741296988772838,-0.0012648705888561507,0.05086109490004391,-0.523583919059267,-0.4896294208189999,-0.5392441450453458,-0.45715245596448484,-0.12978534913689144,-0.40251460145600537,-0.7707926980627884,-1.2742825691417659,-0.7517500697760751,-1.3166867522368357,0.43545612540836925,0.609216919956064,-0.5065607304015044
IEN20220081,Septiembre-Diciembre 2022,Ingeniería en Energía,2022,Regular,0.6552216951640407,0.5405008300209234,0.39428109462150907,0.3573255219507177,0.4253099296925961,0.3741132055432285,-0.3767312323191194,-0.6031385995906284,-0.3697343790524706,0.8114252235007796,1.262340847678389,-1.0302077094647206,-0.523583919059267,-0.4896294208189999,-0.5392441450453458,-0.45715245596448484,-0.02201016680455571,0.11871996022567127,-0.7707926980627884,-0.15466226432855207,-0.7517500697760751,0.5490863902945103,-1.5240964389292924,0.609216919956064,-0.5065607304015044
IEN20220081,Septiembre-Diciembre 2023,Ingeniería en Energía,2022,Regular,0.8207030092436485,0.8335960483644402,3.422446617790459,0.3529608712342307,-0.5126252132718706,0.3741132055432285,-0.3767312323191194,-0.6031385995906284,-0.3697343790524706,1.9541407100590582,2.385545930582607,1.1319298992648084,-0.21462920249682893,-0.4896294208189999,-0.5392441450453458,-0.45715245596448484,0.40621655766259157,0.16376492234630996,-0.7707926980627884,0.9649580404846618,-0.7517500697760751,1.4819729615601833,1.4152324075772,0.609216919956064,-0.5065607304015044
IEN20220156,Mayo-Agosto 2023,Ingeniería en Energía,2022,Irregular,-1.4846228834515713,-1.4725157794812496,-1.165829782915134,-0.9852410384407562,-0.5126252132718706,0.3741132055432285,-0.3767312323191194,0.14257360460620055,0.2671012152120434,-0.4741296988772838,-1.124469953493074,-1.0302077094647206,0.09432551406560921,0.9364341109541224,0.3992661352687664,-0.45715245596448484,-0.02201016680455571,-0.4054395989963066,1.504013521626209,-1.2742825691417659,1.1640619702910142,-1.3166867522368357,0.43545612540836925,2.210816138472137,-0.5065607304015044
IEN20220156,Septiembre-Diciembre 2023,Ingeniería en Energía,2022,Regular,0.06519521668709578,0.35047206208391873,0.7600834898203181,0.5685746166287001,0.4253099296925961,-1.097300543817737,-0.3767312323191194,0.8882858088030295,-0.3697343790524706,1.382782966779919,1.823943389130498,0.05086109490004391,0.09432551406560921,-0.4896294208189999,0.3992661352687664,-0.45715245596448484,2.418019961199525,-0.030649914165710817,-0.7707926980627884,0.9649580404846618,-0.7517500697760751,1.4819729615601833,0.43545612540836925,-0.9923822985600096,-0.5065607304015044
IEN20220173,Enero-Abril 2023,Ingeniería en Energía,2022,Regular,1.4255657434656612,1.2651868094417058,-0.6159149239076528,0.7981552443159284,-1.4505603562363374,-0.3615936691372542,-0.3767312323191194,-0.6031385995906284,-0.3697343790524706,-0.7598085705168535,-0.28206614131491065,-1.0302077094647206,-0.21462920249682893,-0.4896294208189999,-0.5392441450453458,-0.45715245596448484,-0.02201016680455571,-0.3194446713114509,-0.7707926980627884,0.9649580404846618,-0.7517500697760751,0.5490863902945103,0.43545612540836925,0.609216919956064,-0.5065607304015044
IEN20220173,Septiembre-Diciembre 2023,Ingeniería en Energía,2022,Regular,0.32996531921446676,0.0627448880324074,2.23056066787116,0.1356012655531667,-0.5126252132718706,1.1098200802237113,-0.3767312323191194,0.8882858088030295,-0.3697343790524706,3.811053375716261,3.2279497427607704,0.05086109490004391,0.09432551406560921,0.9364341109541224,0.3992661352687664,-0.45715245596448484,-1.6314528896341025,0.13529494628737812,0.3666104117817102,0.9649580404846618,0.2061559502574696,1.4819729615601833,-0.5443201567604616,-0.9923822985600096,-0.5065607304015044
IEN20220197,Enero-Abril 2023,Ingeniería en Energía,2022,Egresado,-0.9653539323741832,-1.2041135648809598,-0.7079711558119889,0.2743971583374599,-0.5126252132718706,1.1098200802237113,-0.3767312323191194,0.14257360460620055,-0.3697343790524706,-1.045487442156423,-1.124469953493074,0.05086109490004391,-0.523583919059267,0.9364341109541224,0.3992661352687664,-0.45715245596448484,-0.6111811635546577,-0.30949967967442676,0.3666104117817102,-1.2742825691417659,0.2061559502574696,-1.3166867522368357,-0.5443201567604616,-0.9923822985600096,-0.5065607304015044
IEN20220197,Septiembre-Diciembre 2022,Ingeniería en Energía,2022,Egresado,-0.7313975917788765,-0.7639339329364853,-0.7079711558119889,0.7623651084407334,-1.4505603562363374,-1.097300543817737,-0.3767312323191194,-0.6031385995906284,-0.3697343790524706,-0.9026480063366383,-0.42246677667793786,-1.0302077094647206,-0.523583919059267,-0.4896294208189999,-0.5392441450453458,-0.45715245596448484,-0.02201016680455571,-0.33777465589733846,-0.7707926980627884,-0.15466226432855207,-0.7517500697760751,-0.3838001809711627,-0.5443201567604616,0.609216919956064,-0.5065607304015044
IEN20220197,Septiembre-Diciembre 2023,Ingeniería en Energía,2022,Egresado,-1.2552315446239788,-1.3651548936411337,0.4863373265258451,-1.015793593456167,-0.5126252132718706,1.845526954904194,2.0592202310258663,3.125422421393516,-1.0065699733169846,2.811177324977767,0.7007383062262801,1.1319298992648084,-0.21462920249682893,3.7885611745003667,3.214796976211103,-0.45715245596448484,-0.5321460298442782,2.6414328388174595,2.6414166314707077,-1.2742825691417659,2.121967990324559,-1.3166867522368357,-0.5443201567604616,0.609216919956064,-0.5065607304015044
IEN20220200,Septiembre-Diciembre 2023,Ingeniería en Energía,2022,Baja Temporal,0.7978780004050816,0.6747019373210683,0.026056167004164625,-2.2675754189447064,1.3632450726570629,-1.097300543817737,3.2771959626983587,0.14257360460620055,-0.3697343790524706,1.0971040951403492,0.7007383062262801,-1.0302077094647206,0.40328023062804735,-0.4896294208189999,-0.5392441450453458,-0.45715245596448484,-0.02201016680455571,-0.47232454275119445,-0.7707926980627884,-1.2742825691417659,1.1640619702910142,-0.3838001809711627,1.4152324075772,2.210816138472137,1.974096964064686
IEN20220214,Enero-Abril 2023,Ingeniería en Energía,2022,Regular,1.4792045142362924,1.2168744108136533,0.4863373265258451,0.7702214797304107,0.4253099296925961,-0.3615936691372542,-0.3767312323191194,-0.6031385995906284,-0.3697343790524706,-0.4741296988772838,-0.0012648705888561507,0.05086109490004391,-0.523583919059267,-0.4896294208189999,-0.5392441450453458,-0.45715245596448484,-0.2878556165576505,-0.16207980364324548,-0.7707926980627884,-0.15466226432855207,-0.7517500697760751,0.5490863902945103,-1.5240964389292924,-0.9923822985600096,-0.5065607304015044
IEN20220214,Septiembre-Diciembre 2022,Ingeniería en Energía,2022,Regular,1.585340805335626,1.4154920496178671,-0.2476899962903084,0.8077574758922016,-1.4505603562363374,-0.3615936691372542,-0.3767312323191194,-0.6031385995906284,-0.3697343790524706,-0.18845082723771414,0.2795364001371983,-1.0302077094647206,-0.523583919059267,-0.4896294208189999,-0.5392441450453458,-0.45715245596448484,-0.02201016680455571,-0.10435985218130148,-0.7707926980627884,-1.2742825691417659,-0.7517500697760751,-0.3838001809711627,0.43545612540836925,0.609216919956064,-0.5065607304015044
IEN20220220,Septiembre-Diciembre 2022,Ingeniería en Energía,2022,Regular,0.42126535456873415,0.32041101404868616,-0.6159149239076528,0.7265749725655384,0.4253099296925961,0.3741132055432285,-0.3767312323191194,-0.6031385995906284,-0.3697343790524706,-0.7598085705168535,-0.28206614131491065,-1.0302077094647206,-0.523583919059267,-0.4896294208189999,-0.5392441450453458,-0.45715245596448484,-0.02201016680455571,-0.3217846693436918,-0.7707926980627884,-0.15466226432855207,-0.7517500697760751,-0.3838001809711627,-0.5443201567604616,0.609216919956064,-0.5065607304015044
IEN20220220,Septiembre-Diciembre 2023,Ingeniería en Energía,2022,Regular,0.15078899983172026,0.015506098262756646,1.9543919721581524,0.29098283106011247,-0.5126252132718706,-1.097300543817737,-0.3767312323191194,0.14257360460620055,-0.3697343790524706,2.382659017518413,2.8067478366716885,0.05086109490004391,0.09432551406560921,-0.4896294208189999,-0.5392441450453458,-0.45715245596448484,-0.43011885723633364,0.659454505509356,-0.7707926980627884,2.0845783452978757,-0.7517500697760751,2.414859532825856,1.4152324075772,-0.9923822985600096,-0.5065607304015044
IEN20220227,Septiembre-Diciembre 2022,Ingeniería en Energía,2022,Regular,2.110316008622657,1.9093521244824012,-0.6159149239076528,1.3882560211850035,-1.4505603562363374,0.3741132055432285,-0.3767312323191194,-0.6031385995906284,-0.3697343790524706,0.3829069160414252,-0.28206614131491065,-1.0302077094647206,-0.523583919059267,-0.4896294208189999,-0.5392441450453458,3.496919435884176,-0.02201016680455571,-0.40426959998018613,-0.7707926980627884,-0.15466226432855207,-0.7517500697760751,-0.3838001809711627,-1.5240964389292924,-0.9923822985600096,1.974096964064686
IEN20220241,Septiembre-Diciembre 2022,Ingeniería en Energía,2022,Regular,-0.765635105036726,0.0,-1.165829782915134,0.6043647525038952,-1.4505603562363374,-0.3615936691372542,-0.3767312323191194,-0.6031385995906284,-0.3697343790524706,0.6685857876809949,-1.124469953493074,-1.0302077094647206,-0.523583919059267,-0.4896294208189999,-0.5392441450453458,5.473955381808507,0.0,-0.41070459456884884,-0.7707926980627884,-1.2742825691417659,-0.7517500697760751,-1.3166867522368357,-0.5443201567604616,0.609216919956064,1.974096964064686
IEN20220247,Enero-Abril 2023,Ingeniería en Energía,2022,Regular,1.0774843586775218,0.9377361076293526,0.026056167004164625,1.0015479677042347,-0.5126252132718706,-0.3615936691372542,-0.3767312323191194,-0.6031385995906284,-0.3697343790524706,0.24006748022164032,0.7007383062262801,-1.0302077094647206,-0.21462920249682893,-0.4896294208189999,-0.5392441450453458,-0.45715245596448484,-0.02201016680455571,1.729808605423581,-0.7707926980627884,-0.15466226432855207,-0.7517500697760751,0.5490863902945103,0.43545612540836925,0.609216919956064,-0.5065607304015044
IEN20220247,Septiembre-Diciembre 2023,Ingeniería en Energía,2022,Regular,0.8697767782465656,0.3526192798007206,0.5783935584301811,0.44461853628046244,0.4253099296925961,0.3741132055432285,-0.3767312323191194,-0.6031385995906284,0.2671012152120434,-0.7598085705168535,-0.28206614131491065,0.05086109490004391,0.09432551406560921,-0.4896294208189999,-0.5392441450453458,-0.45715245596448484,-0.8051764917528621,-0.33504465819305734,-0.7707926980627884,-0.15466226432855207,-0.7517500697760751,-0.3838001809711627,0.43545612540836925,-0.9923822985600096,-0.5065607304015044
IEN20220265,Mayo-Agosto 2023,Ingeniería en Energía,2022,Regular,0.07889022199023621,-0.0016716434716615323,-0.5238586920033167,0.26566785690448597,0.4253099296925961,-0.3615936691372542,-0.3767312323191194,0.14257360460620055,-0.3697343790524706,-0.6169691346970686,-0.1416655059518834,-1.0302077094647206,0.09432551406560921,-0.4896294208189999,-0.5392441450453458,-0.45715245596448484,-0.02201016680455571,-0.415969590141391,-0.7707926980627884,0.9649580404846618,-0.7517500697760751,0.5490863902945103,-0.5443201567604616,0.609216919956064,-0.5065607304015044
IEN20220265,Septiembre-Diciembre 2023,Ingeniería en Energía,2022,Regular,-0.2623436601463344,-0.3752875261952653,1.3124208812463347,-0.7652626423297998,-0.5126252132718706,0.3741132055432285,0.8412444993533734,2.3797102171966875,-1.0065699733169846,2.954016760797552,1.6835427537674708,0.05086109490004391,0.09432551406560921,2.3624976427272446,1.3377764155828784,-0.45715245596448484,-0.5220870128265934,0.48492965227138346,1.504013521626209,0.9649580404846618,1.1640619702910142,0.5490863902945103,-0.5443201567604616,0.609216919956064,-0.5065607304015044
IEN20220273,Enero-Abril 2023,Ingeniería en Energía,2022,Regular,0.9005905401786299,0.7713267345771717,-0.6159149239076528,0.773713200303601,-0.5126252132718706,-0.3615936691372542,-0.3767312323191194,-0.6031385995906284,-0.3697343790524706,-0.7598085705168535,-0.28206614131491065,0.05086109490004391,-0.523583919059267,-0.4896294208189999,-0.5392441450453458,-0.45715245596448484,-0.02201016680455571,-0.3295846627844951,-0.7707926980627884,0.9649580404846618,-0.7517500697760751,0.5490863902945103,-1.5240964389292924,0.609216919956064,-0.5065607304015044
IEN20220273,Mayo-Agosto 2023,Ingeniería en Energía,2022,Regular,-0.6138487962602588,-1.3651548936411337,-0.2476899962903084,-0.45449951131590827,1.3632450726570629,1.845526954904194,-0.3767312323191194,0.8882858088030295,-1.0065699733169846,-0.4741296988772838,-0.5628674120409651,1.1319298992648084,-0.523583919059267,0.9364341109541224,0.3992661352687664,-0.45715245596448484,-2.881645004689197,0.7351144418851474,0.3666104117817102,-1.2742825691417659,0.2061559502574696,-1.3166867522368357,-0.5443201567604616,0.609216919956064,-0.5065607304015044
IEN20220273,Septiembre-Diciembre 2022,Ingeniería en Energía,2022,Regular,-0.765635105036726,0.0,-1.165829782915134,-0.05033285496919045,-0.5126252132718706,0.3741132055432285,-0.3767312323191194,-0.6031385995906284,-0.3697343790524706,0.0972280444018555,-1.124469953493074,-1.0302077094647206,-0.523583919059267,-0.4896294208189999,-0.5392441450453458,3.496919435884176,0.0,-0.37735962260941497,-0.7707926980627884,-0.15466226432855207,-0.7517500697760751,-0.3838001809711627,0.43545612540836925,0.609216919956064,1.974096964064686
IEN20220273,Septiembre-Diciembre 2023,Ingeniería en Energía,2022,Regular,-0.6560750626116074,-0.7531978443524728,0.3022248627171728,-0.12104019657628266,0.4253099296925961,-0.3615936691372542,-0.3767312323191194,1.6339980129998586,-1.0065699733169846,0.0972280444018555,-0.28206614131491065,2.212998703629573,-0.523583919059267,0.9364341109541224,1.3377764155828784,-0.45715245596448484,-0.15565139289665203,2.2795131431641895,0.3666104117817102,0.9649580404846618,0.2061559502574696,0.5490863902945103,-0.5443201567604616,-0.9923822985600096,-0.5065607304015044
IEN20220340,Enero-Abril 2023,Ingeniería en Energía,2022,Regular,-0.18930363186292148,-0.2539697251959348,-0.15563376438597237,0.91425495337449,-1.4505603562363374,-1.097300543817737,-0.3767312323191194,0.14257360460620055,-1.0065699733169846,-0.045611391417929324,0.4199370355002256,-1.0302077094647206,-0.21462920249682893,-0.4896294208189999,-0.5392441450453458,-0.45715245596448484,-0.02201016680455571,-0.4643295494743711,-0.7707926980627884,-0.15466226432855207,-0.7517500697760751,0.5490863902945103,-0.5443201567604616,0.609216919956064,-0.5065607304015044
IEN20220340,Septiembre-Diciembre 2023,Ingeniería en Energía,2022,Irregular,-1.1011627349636537,-1.4553380377468315,0.39428109462150907,-2.1427464084531715,1.3632450726570629,3.3169407042651597,3.2771959626983587,3.125422421393516,-0.3697343790524706,2.2398195816986277,-0.28206614131491065,0.05086109490004391,0.09432551406560921,5.214624706273489,3.214796976211103,-0.45715245596448484,-1.6300158872030046,0.8306643615349872,3.778819741315206,-1.2742825691417659,4.037780030391648,-1.3166867522368357,1.4152324075772,0.609216919956064,-0.5065607304015044
IEN20220344,Enero-Abril 2023,Ingeniería en Energía,2022,Regular,-0.03523482220259643,-0.10903252931177743,-0.7079711558119889,0.3922427276826161,0.4253099296925961,0.3741132055432285,-0.3767312323191194,0.14257360460620055,-1.0065699733169846,-0.9026480063366383,-0.42246677667793786,-1.0302077094647206,-0.21462920249682893,-0.4896294208189999,-0.5392441450453458,-0.45715245596448484,-0.02201016680455571,-0.3584446385154671,-0.7707926980627884,-1.2742825691417659,-0.7517500697760751,-1.3166867522368357,-1.5240964389292924,0.609216919956064,-0.5065607304015044
IEN20220344,Septiembre-Diciembre 2023,Ingeniería en Energía,2022,Irregular,-2.218446917611485,-3.190289952923104,-0.7079711558119889,-1.3326672354731406,-0.5126252132718706,2.5812338295846766,2.0592202310258663,1.6339980129998586,-0.3697343790524706,-0.045611391417929324,-1.124469953493074,0.05086109490004391,0.09432551406560921,2.3624976427272446,1.3377764155828784,-0.45715245596448484,-4.1462071440552695,1.2046740470215025,2.6414166314707077,-0.15466226432855207,2.121967990324559,-0.3838001809711627,1.4152324075772,-0.9923822985600096,-0.5065607304015044
IEN20220354,Enero-Abril 2023,Ingeniería en Energía,2022,Regular,1.026128088790747,0.2774666597126392,-0.06357753248163632,0.38875100710942573,-1.4505603562363374,-1.097300543817737,-0.3767312323191194,-0.6031385995906284,-0.3697343790524706,-0.7598085705168535,-0.28206614131491065,0.05086109490004391,-0.523583919059267,-0.4896294208189999,-0.5392441450453458,-0.45715245596448484,-1.6601929382560587,-0.40465959965222625,-0.7707926980627884,-1.2742825691417659,-0.7517500697760751,-1.3166867522368357,0.43545612540836925,0.609216919956064,-0.5065607304015044
IEN20220354,Septiembre-Diciembre 2022,Ingeniería en Energía,2022,Regular,1.6766408406898934,1.501380758289961,-0.6159149239076528,0.8330724500478268,-0.5126252132718706,-0.3615936691372542,-0.3767312323191194,-0.6031385995906284,-0.3697343790524706,0.0972280444018555,-0.28206614131491065,-1.0302077094647206,-0.523583919059267,-0.4896294208189999,-0.5392441450453458,1.5198834899598457,-0.02201016680455571,-0.4420995681680819,-0.7707926980627884,0.9649580404846618,-0.7517500697760751,0.5490863902945103,0.43545612540836925,0.609216919956064,1.974096964064686
IEN20220367,Enero-Abril 2023,Ingeniería en Energía,2022,Regular,0.5696279120194163,0.4599801656408365,-0.43180246009898066,1.0120231294238033,-0.5126252132718706,-0.3615936691372542,-0.3767312323191194,-0.6031385995906284,-0.3697343790524706,-0.4741296988772838,-0.0012648705888561507,0.05086109490004391,-0.523583919059267,-0.4896294208189999,-0.5392441450453458,-0.45715245596448484,-0.02201016680455571,-0.34089465327365975,-0.7707926980627884,-1.2742825691417659,-0.7517500697760751,-1.3166867522368357,-1.5240964389292924,0.609216919956064,-0.5065607304015044
IEN20220367,Mayo-Agosto 2023,Ingeniería en Energía,2022,Regular,-0.0637660832508046,-0.7317256671844509,0.11811239890850068,0.5109612271710688,-1.4505603562363374,-0.3615936691372542,-0.3767312323191194,-0.6031385995906284,-0.3697343790524706,-0.7598085705168535,-0.28206614131491065,1.1319298992648084,-0.523583919059267,-0.4896294208189999,-0.5392441450453458,-0.45715245596448484,-1.6170828653231244,-0.35922463785954745,-0.7707926980627884,-0.15466226432855207,-0.7517500697760751,-0.3838001809711627,-0.5443201567604616,0.609216919956064,-0.5065607304015044
IEN20220367,Septiembre-Diciembre 2022,Ingeniería en Energía,2022,Regular,-0.765635105036726,0.0,-1.165829782915134,0.2255130703128039,-1.4505603562363374,-1.097300543817737,-0.3767312323191194,-0.6031385995906284,-0.3697343790524706,-0.4741296988772838,-1.124469953493074,-1.0302077094647206,-0.523583919059267,-0.4896294208189999,-0.5392441450453458,1.5198834899598457,0.0,-0.3311446614726557,-0.7707926980627884,-0.15466226432855207,-0.7517500697760751,-0.3838001809711627,-0.5443201567604616,0.609216919956064,1.974096964064686
IEN20220367,Septiembre-Diciembre 2023,Ingeniería en Energía,2022,Regular,0.19073276529921104,0.22378621679258123,2.23056066787116,0.3922427276826161,0.4253099296925961,-0.3615936691372542,-0.3767312323191194,-0.6031385995906284,-0.3697343790524706,1.6684618384194887,2.1047446598565527,2.212998703629573,-0.523583919059267,-0.4896294208189999,-0.5392441450453458,-0.45715245596448484,0.45938564761321055,-0.27712970689509325,-0.7707926980627884,0.9649580404846618,-0.7517500697760751,1.4819729615601833,-0.5443201567604616,-0.9923822985600096,-0.5065607304015044
IEN20230016,Enero-Abril 2023,Ingeniería en Energía,2023,Regular,-0.06947233546044752,-0.14124079506381343,-0.7079711558119889,0.7571275275809485,-0.5126252132718706,-1.097300543817737,-0.3767312323191194,-0.6031385995906284,-1.0065699733169846,-0.9026480063366383,-0.42246677667793786,0.05086109490004391,-1.1414933521841435,-0.4896294208189999,-0.5392441450453458,-0.45715245596448484,-0.02201016680455571,-0.4383945712837003,-0.7707926980627884,0.9649580404846618,-0.7517500697760751,0.5490863902945103,0.43545612540836925,0.609216919956064,-0.5065607304015044
IEN20230016,Septiembre-Diciembre 2022,Ingeniería en Energía,2023,Regular,-0.765635105036726,0.0,-1.165829782915134,0.6043647525038952,0.4253099296925961,0.3741132055432285,-0.3767312323191194,-0.6031385995906284,-1.0065699733169846,-0.7598085705168535,-1.124469953493074,-1.0302077094647206,-1.1414933521841435,-0.4896294208189999,-0.5392441450453458,1.5198834899598457,0.0,-0.3787246214615555,-0.7707926980627884,-0.15466226432855207,-0.7517500697760751,-0.3838001809711627,0.43545612540836925,0.609216919956064,1.974096964064686
IEN20230016,Septiembre-Diciembre 2023,Ingeniería en Energía,2023,Regular,-0.030669820434884035,-0.09829644072776644,1.8623357402538159,0.1740101918582542,0.4253099296925961,1.1098200802237113,-0.3767312323191194,0.14257360460620055,-1.0065699733169846,3.2396956324371216,2.8067478366716885,1.1319298992648084,-1.1414933521841435,0.9364341109541224,0.3992661352687664,-0.45715245596448484,0.03546993043935668,0.5506445970101509,0.3666104117817102,-0.15466226432855207,0.2061559502574696,0.5490863902945103,0.43545612540836925,-0.9923822985600096,-0.5065607304015044
IEN20230020,Mayo-Agosto 2023,Ingeniería en Energía,2023,Regular,-0.4346724768775107,-0.48479562975218304,-0.6159149239076528,0.8452934720539912,-0.5126252132718706,0.3741132055432285,-0.3767312323191194,-0.6031385995906284,-1.0065699733169846,-0.7598085705168535,-0.28206614131491065,-1.0302077094647206,-0.8325386356217053,-0.4896294208189999,-0.5392441450453458,-0.45715245596448484,-0.02201016680455571,-0.346159648846202,-0.7707926980627884,-0.15466226432855207,-0.7517500697760751,-0.3838001809711627,0.43545612540836925,-0.9923822985600096,-0.5065607304015044
IEN20230020,Septiembre-Diciembre 2023,Ingeniería en Energía,2023,Regular,-0.14593611506964396,-0.07682426355974296,0.3022248627171728,1.1473273016349075,-0.5126252132718706,-1.097300543817737,-0.3767312323191194,-0.6031385995906284,-1.0065699733169846,-0.18845082723771414,0.2795364001371983,0.05086109490004391,-0.8325386356217053,-0.4896294208189999,-0.5392441450453458,-0.45715245596448484,0.524050757012612,-0.46608454799855187,-0.7707926980627884,0.9649580404846618,-0.7517500697760751,0.5490863902945103,-1.5240964389292924,-0.9923822985600096,-0.5065607304015044
IEN20230021,Mayo-Agosto 2023,Ingeniería en Energía,2023,Regular,-0.13452361065036136,-0.9249752616966591,-0.15563376438597237,-0.2484879974977107,0.4253099296925961,1.1098200802237113,-0.3767312323191194,0.14257360460620055,-1.0065699733169846,-1.045487442156423,-1.124469953493074,0.05086109490004391,-1.1414933521841435,0.9364341109541224,0.3992661352687664,-0.45715245596448484,-1.4733826222133435,-0.29292469361271983,0.3666104117817102,-0.15466226432855207,0.2061559502574696,-0.3838001809711627,-0.5443201567604616,-0.9923822985600096,-0.5065607304015044
IEN20230021,Septiembre-Diciembre 2022,Ingeniería en Energía,2023,Regular,0.2500777882794852,0.1593696852885123,-0.15563376438597237,1.1508190222080978,0.4253099296925961,-0.3615936691372542,-0.3767312323191194,-0.6031385995906284,-1.0065699733169846,1.6684618384194887,0.4199370355002256,-1.0302077094647206,-1.1414933521841435,-0.4896294208189999,-0.5392441450453458,3.496919435884176,-0.02201016680455571,-0.46939954521089317,-0.7707926980627884,-0.15466226432855207,-0.7517500697760751,0.5490863902945103,-0.5443201567604616,-0.9923822985600096,1.974096964064686
IEN20230021,Septiembre-Diciembre 2023,Ingeniería en Energía,2023,Regular,-0.12082860534722092,-0.15197688364782438,0.39428109462150907,0.8819565380724841,0.4253099296925961,0.3741132055432285,-0.3767312323191194,0.14257360460620055,-1.0065699733169846,-0.7598085705168535,-0.28206614131491065,1.1319298992648084,-1.1414933521841435,-0.4896294208189999,0.3992661352687664,-0.45715245596448484,0.045528947457041336,-0.4374195721035999,-0.7707926980627884,-1.2742825691417659,-0.7517500697760751,-1.3166867522368357,0.43545612540836925,0.609216919956064,-0.5065607304015044
IEN20230063,Enero-Abril 2023,Ingeniería en Energía,2023,Irregular,-0.8112851227138598,-0.8390865530245667,-1.165829782915134,0.11901559283051541,-0.5126252132718706,-0.3615936691372542,-0.3767312323191194,0.14257360460620055,-1.0065699733169846,-0.7598085705168535,-1.124469953493074,0.05086109490004391,-1.1414933521841435,0.9364341109541224,0.3992661352687664,-0.45715245596448484,-0.02201016680455571,-0.30696468180616565,0.3666104117817102,0.9649580404846618,0.2061559502574696,0.5490863902945103,1.4152324075772,0.609216919956064,-0.5065607304015044
IEN20230063,Mayo-Agosto 2023,Ingeniería en Energía,2023,Regular,0.041228957406600014,0.3633553683847316,-0.15563376438597237,1.2215263638151912,-1.4505603562363374,-0.3615936691372542,-0.3767312323191194,0.14257360460620055,-1.0065699733169846,-0.045611391417929324,0.4199370355002256,1.1319298992648084,-1.1414933521841435,-0.4896294208189999,0.3992661352687664,-0.45715245596448484,1.5874325560249911,-0.4380045716116602,-0.7707926980627884,0.9649580404846618,-0.7517500697760751,0.5490863902945103,-0.5443201567604616,-0.9923822985600096,-0.5065607304015044
IEN20230063,Septiembre-Diciembre 2022,Ingeniería en Energía,2023,Regular,-0.765635105036726,0.0,-1.165829782915134,0.5354032711833975,-0.5126252132718706,-1.097300543817737,-0.3767312323191194,-0.6031385995906284,-1.0065699733169846,0.24006748022164032,-1.124469953493074,-1.0302077094647206,-1.1414933521841435,-0.4896294208189999,-0.5392441450453458,3.496919435884176,0.0,-0.3777496222814551,-0.7707926980627884,0.9649580404846618,-0.7517500697760751,0.5490863902945103,0.43545612540836925,0.609216919956064,1.974096964064686
IEN20230075,Enero-Abril 2023,Ingeniería en Energía,2023,Regular,-0.28060366721718727,-0.4418512754161376,-0.15563376438597237,1.2136699925255139,-0.5126252132718706,0.3741132055432285,-0.3767312323191194,0.8882858088030295,-1.0065699733169846,-0.7598085705168535,-0.28206614131491065,0.05086109490004391,-1.1414933521841435,-0.4896294208189999,-0.5392441450453458,-0.45715245596448484,-0.2950406287131395,-0.3434296511419208,-0.7707926980627884,-1.2742825691417659,-0.7517500697760751,-1.3166867522368357,-1.5240964389292924,-0.9923822985600096,-0.5065607304015044
IEN20230075,Mayo-Agosto 2023,Ingeniería en Energía,2023,Regular,-0.10028609739251189,0.1701057738725233,0.4863373265258451,0.6593593515316353,-0.5126252132718706,-1.097300543817737,-0.3767312323191194,1.6339980129998586,-1.0065699733169846,-0.6169691346970686,-0.1416655059518834,1.1319298992648084,-1.1414933521841435,-0.4896294208189999,-0.5392441450453458,-0.45715245596448484,0.6605659879669038,-0.3683896301524912,-0.7707926980627884,-0.15466226432855207,-0.7517500697760751,-0.3838001809711627,-0.5443201567604616,0.609216919956064,-0.5065607304015044
IEN20230075,Septiembre-Diciembre 2022,Ingeniería en Energía,2023,Regular,-0.17218487523399595,-0.2378655923199168,-0.7079711558119889,1.2817585437027148,-1.4505603562363374,0.3741132055432285,-0.3767312323191194,0.14257360460620055,-1.0065699733169846,-0.9026480063366383,-0.42246677667793786,-1.0302077094647206,-1.1414933521841435,-0.4896294208189999,-0.5392441450453458,-0.45715245596448484,-0.02201016680455571,-0.4175295888295516,-0.7707926980627884,-0.15466226432855207,-0.7517500697760751,-0.3838001809711627,0.43545612540836925,-0.9923822985600096,-0.5065607304015044
IEN20230092,Septiembre-Diciembre 2022,Ingeniería en Energía,2023,Regular,0.8606467747111392,0.7337504245331318,0.026056167004164625,1.4109522049107375,-1.4505603562363374,-1.097300543817737,-0.3767312323191194,-0.6031385995906284,-1.0065699733169846,0.24006748022164032,0.7007383062262801,-1.0302077094647206,-1.1414933521841435,-0.4896294208189999,-0.5392441450453458,-0.45715245596448484,-0.02201016680455571,-0.3742396252330937,-0.7707926980627884,-1.2742825691417659,-0.7517500697760751,-0.3838001809711627,-1.5240964389292924,-0.9923822985600096,-0.5065607304015044
IEN20230092,Septiembre-Diciembre 2023,Ingeniería en Energía,2023,Regular,0.9382518047622662,0.953840240505369,0.5783935584301811,1.2372391063945447,-1.4505603562363374,-1.097300543817737,-0.3767312323191194,-0.6031385995906284,-1.0065699733169846,-0.7598085705168535,-0.28206614131491065,0.05086109490004391,-0.8325386356217053,-0.4896294208189999,-0.5392441450453458,-0.45715245596448484,0.27257533157049524,-0.43000957833483683,-0.7707926980627884,0.9649580404846618,-0.7517500697760751,0.5490863902945103,-1.5240964389292924,-0.9923822985600096,-0.5065607304015044
IEN20230103,Enero-Abril 2023,Ingeniería en Energía,2023,Regular,-0.7313975917788765,-0.7639339329364853,-0.6159149239076528,1.132487489198852,-1.4505603562363374,-1.097300543817737,-0.3767312323191194,-0.6031385995906284,-1.0065699733169846,-0.7598085705168535,-0.28206614131491065,0.05086109490004391,-1.1414933521841435,-0.4896294208189999,-0.5392441450453458,-0.45715245596448484,-0.02201016680455571,-0.4147995911252705,-0.7707926980627884,-1.2742825691417659,-0.7517500697760751,-1.3166867522368357,-0.5443201567604616,-0.9923822985600096,-0.5065607304015044
IEN20230103,Mayo-Agosto 2023,Ingeniería en Energía,2023,Irregular,-1.2221352818080566,-1.6872375511614814,-0.6159149239076528,-0.12104019657628266,0.4253099296925961,0.3741132055432285,-0.3767312323191194,0.14257360460620055,-1.0065699733169846,-0.7598085705168535,-1.124469953493074,1.1319298992648084,-1.1414933521841435,0.9364341109541224,0.3992661352687664,-0.45715245596448484,-1.257832257548672,-0.42805957997463606,0.3666104117817102,-0.15466226432855207,0.2061559502574696,-0.3838001809711627,0.43545612540836925,-0.9923822985600096,-0.5065607304015044
IEN20230103,Septiembre-Diciembre 2022,Ingeniería en Energía,2023,Regular,-0.765635105036726,0.0,-1.165829782915134,0.5869061496379472,-1.4505603562363374,0.3741132055432285,-0.3767312323191194,-0.6031385995906284,-1.0065699733169846,-1.045487442156423,-1.124469953493074,-1.0302077094647206,-1.1414933521841435,-0.4896294208189999,-0.5392441450453458,1.5198834899598457,0.0,-0.3527896432708847,-0.7707926980627884,-1.2742825691417659,-0.7517500697760751,-1.3166867522368357,0.43545612540836925,-0.9923822985600096,1.974096964064686
IEN20230103,Septiembre-Diciembre 2023,Ingeniería en Energía,2023,Irregular,-1.500600389638568,-1.6625445474182552,-0.06357753248163632,-0.7093951131587631,-0.5126252132718706,2.5812338295846766,0.8412444993533734,1.6339980129998586,-1.0065699733169846,0.6685857876809949,-0.28206614131491065,2.212998703629573,-1.1414933521841435,2.3624976427272446,2.2762866958969905,-0.45715245596448484,-0.6068701562613643,3.708081941847303,1.504013521626209,0.9649580404846618,1.1640619702910142,0.5490863902945103,0.43545612540836925,0.609216919956064,-0.5065607304015044
IEN20230120,Enero-Abril 2023,Ingeniería en Energía,2023,Regular,-0.6172725475860439,-0.6565730470963694,-0.6159149239076528,0.17662898228814664,0.4253099296925961,-0.3615936691372542,-0.3767312323191194,0.14257360460620055,-1.0065699733169846,1.0971040951403492,-0.28206614131491065,-1.0302077094647206,-1.1414933521841435,0.9364341109541224,0.3992661352687664,1.5198834899598457,-0.02201016680455571,1.1329141073661129,0.3666104117817102,-1.2742825691417659,0.2061559502574696,-1.3166867522368357,1.4152324075772,0.609216919956064,1.974096964064686
IEN20230120,Mayo-Agosto 2023,Ingeniería en Energía,2023,Regular,-0.2029986371660603,0.5136606085608945,-0.06357753248163632,0.8741001667828068,-0.5126252132718706,0.3741132055432285,-0.3767312323191194,0.14257360460620055,-1.0065699733169846,-0.7598085705168535,-0.28206614131491065,0.05086109490004391,-1.1414933521841435,-0.4896294208189999,0.3992661352687664,-0.45715245596448484,1.544322483092057,-0.44190456833206176,-0.7707926980627884,0.9649580404846618,-0.7517500697760751,0.5490863902945103,0.43545612540836925,0.609216919956064,-0.5065607304015044
IEN20230120,Septiembre-Diciembre 2023,Ingeniería en Energía,2023,Regular,-0.12196985578914983,-0.1337255330550045,1.6782232764451437,0.3861322166795333,0.4253099296925961,-0.3615936691372542,-0.3767312323191194,0.8882858088030295,-1.0065699733169846,1.9541407100590582,1.5431421184044436,1.1319298992648084,-1.1414933521841435,0.9364341109541224,1.3377764155828784,-0.45715245596448484,0.1561781346515727,0.12047495874985199,0.3666104117817102,-0.15466226432855207,0.2061559502574696,0.5490863902945103,-0.5443201567604616,-0.9923822985600096,-0.5065607304015044
IEN20230123,Enero-Abril 2023,Ingeniería en Energía,2023,Irregular,-1.3419665782105306,-0.2593377694879403,-0.7976048552977898,0.5537348041926434,0.4253099296925961,-0.3615936691372542,-0.3767312323191194,0.14257360460620055,-1.0065699733169846,-1.045487442156423,-0.5628674120409651,0.05086109490004391,-1.1414933521841435,-0.4896294208189999,0.3992661352687664,-0.45715245596448484,2.866364719702042,-0.32022467065553123,-0.7707926980627884,-1.2742825691417659,-0.7517500697760751,-1.3166867522368357,-1.5240964389292924,0.609216919956064,-0.5065607304015044
IEN20230123,Mayo-Agosto 2023,Ingeniería en Energía,2023,Irregular,-1.1354002482215033,-1.0140847969439553,-0.2476899962903084,-0.5391737352157606,-0.5126252132718706,1.845526954904194,0.8412444993533734,1.6339980129998586,-1.0065699733169846,0.9542646593205645,-0.28206614131491065,1.1319298992648084,-1.1414933521841435,2.3624976427272446,2.2762866958969905,-0.45715245596448484,0.41196456738698284,0.7335544431969868,1.504013521626209,-0.15466226432855207,1.1640619702910142,-0.3838001809711627,0.43545612540836925,-0.9923822985600096,-0.5065607304015044
IEN20230123,Septiembre-Diciembre 2022,Ingeniería en Energía,2023,Irregular,-2.488923272348499,-2.41729157487427,-1.165829782915134,-0.3462561735470252,0.4253099296925961,1.845526954904194,-0.3767312323191194,0.14257360460620055,-1.0065699733169846,-1.045487442156423,-1.124469953493074,-1.0302077094647206,-1.1414933521841435,0.9364341109541224,0.3992661352687664,-0.45715245596448484,-0.02201016680455571,-0.4253295822703549,1.504013521626209,0.9649580404846618,1.1640619702910142,0.5490863902945103,1.4152324075772,-0.9923822985600096,-0.5065607304015044
IEN20230128,Enero-Abril 2023,Ingeniería en Energía,2023,Regular,-0.5487975210703433,-0.5062678069202066,-0.06357753248163632,0.4044637496887804,-0.5126252132718706,-0.3615936691372542,-0.3767312323191194,0.14257360460620055,-1.0065699733169846,-0.045611391417929324,-0.28206614131491065,0.05086109490004391,-1.1414933521841435,-0.4896294208189999,-0.5392441450453458,1.5198834899598457,0.20791022217109387,-0.4149945909612906,-0.7707926980627884,0.9649580404846618,-0.7517500697760751,0.5490863902945103,-0.5443201567604616,-0.9923822985600096,1.974096964064686
IEN20230128,Septiembre-Diciembre 2022,Ingeniería en Energía,2023,Regular,-0.6400975564246107,-0.6780452242643928,-0.6159149239076528,0.8941775600786485,-0.5126252132718706,0.3741132055432285,-0.3767312323191194,-0.6031385995906284,-1.0065699733169846,0.0972280444018555,-0.28206614131491065,-1.0302077094647206,-1.1414933521841435,-0.4896294208189999,-0.5392441450453458,1.5198834899598457,-0.02201016680455571,-0.3756046240852342,-0.7707926980627884,-0.15466226432855207,-0.7517500697760751,-0.3838001809711627,-0.5443201567604616,-0.9923822985600096,1.974096964064686
IEN20230153,Mayo-Agosto 2023,Ingeniería en Energía,2023,Regular,0.23295903165055964,0.1432655524124943,0.11811239890850068,1.0818575408875988,-1.4505603562363374,-0.3615936691372542,-0.3767312323191194,-0.6031385995906284,-1.0065699733169846,0.3829069160414252,0.8411389415893074,-1.0302077094647206,-0.8325386356217053,-0.4896294208189999,-0.5392441450453458,-0.45715245596448484,-0.02201016680455571,0.8776593220158267,-0.7707926980627884,-1.2742825691417659,-0.7517500697760751,-0.3838001809711627,0.43545612540836925,0.609216919956064,-0.5065607304015044
IEN20230153,Septiembre-Diciembre 2023,Ingeniería en Energía,2023,Regular,0.11541023613194189,-0.07682426355974296,1.0362521855333262,1.1595483236410717,0.4253099296925961,0.3741132055432285,-0.3767312323191194,-0.6031385995906284,-1.0065699733169846,-0.18845082723771414,0.2795364001371983,0.05086109490004391,-0.8325386356217053,-0.4896294208189999,-0.5392441450453458,-0.45715245596448484,-0.3165956651796067,-0.4623795511141703,-0.7707926980627884,-0.15466226432855207,-0.7517500697760751,0.5490863902945103,0.43545612540836925,-0.9923822985600096,-0.5065607304015044
IEN20230212,Enero-Abril 2023,Ingeniería en Energía,2023,Regular,-0.03523482220259643,-1.2792661849690412,-0.6159149239076528,-0.1236589870061751,1.3632450726570629,1.845526954904194,-0.3767312323191194,0.14257360460620055,-1.0065699733169846,0.0972280444018555,-1.124469953493074,0.05086109490004391,-1.1414933521841435,0.9364341109541224,0.3992661352687664,1.5198834899598457,-3.154675466597781,-0.34245465196182046,0.3666104117817102,-1.2742825691417659,0.2061559502574696,-1.3166867522368357,1.4152324075772,-0.9923822985600096,1.974096964064686
IEN20230212,Mayo-Agosto 2023,Ingeniería en Energía,2023,Regular,0.10171523082880145,0.2774666597126392,-0.06357753248163632,0.7222103218490513,0.4253099296925961,-0.3615936691372542,-0.3767312323191194,0.8882858088030295,-1.0065699733169846,-0.7598085705168535,-0.28206614131491065,1.1319298992648084,-1.1414933521841435,-0.4896294208189999,0.3992661352687664,-0.45715245596448484,0.49531070839065583,-0.34284465163386063,-0.7707926980627884,-0.15466226432855207,-0.7517500697760751,-0.3838001809711627,-0.5443201567604616,0.609216919956064,-0.5065607304015044
IEN20230212,Septiembre-Diciembre 2022,Ingeniería en Energía,2023,Regular,1.2087281594992785,1.061201126345485,-0.6159149239076528,1.4301566680632811,-0.5126252132718706,0.3741132055432285,-0.3767312323191194,-0.6031385995906284,-1.0065699733169846,0.0972280444018555,-0.28206614131491065,-1.0302077094647206,-1.1414933521841435,-0.4896294208189999,-0.5392441450453458,1.5198834899598457,-0.02201016680455571,-0.38535461588623826,-0.7707926980627884,-1.2742825691417659,-0.7517500697760751,-1.3166867522368357,-1.5240964389292924,-0.9923822985600096,1.974096964064686
IEN20230212,Septiembre-Diciembre 2023,Ingeniería en Energía,2023,Regular,-0.043223575296095565,-0.5277399840882301,0.3022248627171728,0.37914877553315385,-0.5126252132718706,-0.3615936691372542,-0.3767312323191194,0.8882858088030295,-1.0065699733169846,-1.045487442156423,-0.5628674120409651,2.212998703629573,-1.1414933521841435,-0.4896294208189999,0.3992661352687664,-0.45715245596448484,-0.7548814066644387,-0.34050465360161963,-0.7707926980627884,-0.15466226432855207,-0.7517500697760751,-0.3838001809711627,-0.5443201567604616,-0.9923822985600096,-0.5065607304015044
IEN20230254,Enero-Abril 2023,Ingeniería en Energía,2023,Regular,0.7579342349375892,0.6371256272770268,-0.06357753248163632,1.146454371491611,0.4253099296925961,-1.097300543817737,-0.3767312323191194,0.14257360460620055,-1.0065699733169846,0.0972280444018555,0.5603376708632528,-1.0302077094647206,-1.1414933521841435,-0.4896294208189999,-0.5392441450453458,-0.45715245596448484,-0.02201016680455571,0.5430396034053677,-0.7707926980627884,-1.2742825691417659,-0.7517500697760751,-0.3838001809711627,0.43545612540836925,-0.9923822985600096,-0.5065607304015044
IEN20230254,Mayo-Agosto 2023,Ingeniería en Energía,2023,Regular,0.6632104482575383,0.4889676048176674,1.0362521855333262,0.6209504252265478,-0.5126252132718706,0.3741132055432285,-0.3767312323191194,0.8882858088030295,-1.0065699733169846,0.6685857876809949,0.5603376708632528,0.05086109490004391,-1.1414933521841435,0.9364341109541224,0.3992661352687664,-0.45715245596448484,-0.22031650229605343,1.1875140614517354,0.3666104117817102,0.9649580404846618,0.2061559502574696,0.5490863902945103,0.43545612540836925,0.609216919956064,-0.5065607304015044
IEN20230259,Enero-Abril 2023,Ingeniería en Energía,2023,Irregular,-1.1194227420345066,0.0,-1.165829782915134,0.6026188922173006,0.4253099296925961,-0.3615936691372542,-0.3767312323191194,0.14257360460620055,-1.0065699733169846,-0.7598085705168535,-1.124469953493074,0.05086109490004391,-1.1414933521841435,-0.4896294208189999,0.3992661352687664,1.5198834899598457,0.0,-0.4344945745632987,-0.7707926980627884,0.9649580404846618,-0.7517500697760751,0.5490863902945103,0.43545612540836925,0.609216919956064,1.974096964064686
IEN20230259,Septiembre-Diciembre 2022,Ingeniería en Energía,2023,Irregular,-1.1194227420345066,-1.1289609447928783,-1.165829782915134,0.08147959666872456,-0.5126252132718706,-0.3615936691372542,-0.3767312323191194,0.14257360460620055,-1.0065699733169846,-0.4741296988772838,-1.124469953493074,-1.0302077094647206,-1.1414933521841435,0.9364341109541224,0.3992661352687664,1.5198834899598457,-0.02201016680455571,-0.41245959309302954,0.3666104117817102,0.9649580404846618,0.2061559502574696,0.5490863902945103,-1.5240964389292924,0.609216919956064,1.974096964064686
IEN20230282,Enero-Abril 2023,Ingeniería en Energía,2023,Regular,1.5511032920777763,0.0,-0.6159149239076528,1.5968863254330934,-1.4505603562363374,0.3741132055432285,-0.3767312323191194,-0.6031385995906284,-1.0065699733169846,-0.7598085705168535,-1.124469953493074,0.05086109490004391,-1.1414933521841435,-0.4896294208189999,-0.5392441450453458,1.5198834899598457,0.0,-0.312424677214728,-0.7707926980627884,-0.15466226432855207,-0.7517500697760751,-0.3838001809711627,-0.5443201567604616,0.609216919956064,1.974096964064686
IEN20230282,Septiembre-Diciembre 2022,Ingeniería en Energía,2023,Regular,1.5511032920777763,1.3832837838658325,-0.6159149239076528,1.02686294185986,0.4253099296925961,0.3741132055432285,-0.3767312323191194,-0.6031385995906284,-1.0065699733169846,-0.18845082723771414,-0.28206614131491065,-1.0302077094647206,-1.1414933521841435,-0.4896294208189999,-0.5392441450453458,1.5198834899598457,-0.02201016680455571,-0.43273957603911795,-0.7707926980627884,-1.2742825691417659,-0.7517500697760751,-1.3166867522368357,0.43545612540836925,-0.9923822985600096,1.974096964064686
IEN20230293,Septiembre-Diciembre 2023,Ingeniería en Energía,2023,Regular,-0.21783489291112965,-0.28080994665596376,0.3022248627171728,0.36343603295380045,0.4253099296925961,-1.097300543817737,-0.3767312323191194,-0.6031385995906284,-0.3697343790524706,0.6685857876809949,1.1219402123153617,-1.0302077094647206,-0.523583919059267,-0.4896294208189999,-0.5392441450453458,-0.45715245596448484,-0.02201016680455571,-0.43878457095574047,-0.7707926980627884,2.0845783452978757,-0.7517500697760751,2.414859532825856,-1.5240964389292924,-0.9923822985600096,-0.5065607304015044
IEN20230317,Enero-Abril 2023,Ingeniería en Energía,2023,Regular,0.9724893180201156,0.8389640926564458,0.4863373265258451,0.9587743906826591,-0.5126252132718706,-1.097300543817737,-0.3767312323191194,-0.6031385995906284,-1.0065699733169846,0.9542646593205645,1.4027414830414162,0.05086109490004391,-1.1414933521841435,-0.4896294208189999,-0.5392441450453458,-0.45715245596448484,-0.02201016680455571,-0.11098984660598424,-0.7707926980627884,-0.15466226432855207,-0.7517500697760751,0.5490863902945103,0.43545612540836925,0.609216919956064,-0.5065607304015044
IEN20230317,Mayo-Agosto 2023,Ingeniería en Energía,2023,Regular,0.7008717128411729,-0.18418514939985886,0.8521397217246542,0.48826504344533483,-0.5126252132718706,-1.097300543817737,-0.3767312323191194,-0.6031385995906284,-1.0065699733169846,-1.045487442156423,-0.5628674120409651,1.1319298992648084,-1.1414933521841435,-0.4896294208189999,-0.5392441450453458,-0.45715245596448484,-1.3914734836407683,-0.3024796855777038,-0.7707926980627884,0.9649580404846618,-0.7517500697760751,0.5490863902945103,-0.5443201567604616,-0.9923822985600096,-0.5065607304015044
IEN20230317,Septiembre-Diciembre 2022,Ingeniería en Energía,2023,Regular,-0.765635105036726,0.0,-1.165829782915134,0.6794367448274756,0.4253099296925961,-1.097300543817737,-0.3767312323191194,-0.6031385995906284,-1.0065699733169846,-1.045487442156423,-1.124469953493074,-1.0302077094647206,-1.1414933521841435,-0.4896294208189999,-0.5392441450453458,1.5198834899598457,0.0,-0.34147965278172004,-0.7707926980627884,-0.15466226432855207,-0.7517500697760751,-0.3838001809711627,0.43545612540836925,0.609216919956064,1.974096964064686
IEN20230342,Septiembre-Diciembre 2023,Ingeniería en Energía,2023,Regular,0.1165514865738708,0.03375744885557653,0.4863373265258451,0.65063005009866,0.4253099296925961,-0.3615936691372542,-0.3767312323191194,-0.6031385995906284,-0.3697343790524706,0.9542646593205645,1.4027414830414162,-1.0302077094647206,-0.523583919059267,-0.4896294208189999,-0.5392441450453458,-0.45715245596448484,-0.02201016680455571,-0.44404956652828265,-0.7707926980627884,0.9649580404846618,-0.7517500697760751,1.4819729615601833,-1.5240964389292924,0.609216919956064,-0.5065607304015044
IEN20240027,Enero-Abril 2023,Ingeniería en Energía,2024,Regular,-0.7085725829403097,-0.7424617557684619,-0.43180246009898066,0.8304536596179344,-1.4505603562363374,-0.3615936691372542,-0.3767312323191194,-0.6031385995906284,-1.0065699733169846,0.0972280444018555,-0.0012648705888561507,0.05086109490004391,-1.1414933521841435,-0.4896294208189999,-0.5392441450453458,1.5198834899598457,-0.02201016680455571,-0.34635464868222204,-0.7707926980627884,-1.2742825691417659,-0.7517500697760751,-1.3166867522368357,0.43545612540836925,0.609216919956064,1.974096964064686
IEN20240027,Septiembre-Diciembre 2022,Ingeniería en Energía,2024,Regular,-0.765635105036726,0.0,-1.165829782915134,0.4323975142742981,-0.5126252132718706,-1.097300543817737,-0.3767312323191194,-0.6031385995906284,-1.0065699733169846,-0.4741296988772838,-1.124469953493074,-1.0302077094647206,-1.1414933521841435,-0.4896294208189999,-0.5392441450453458,1.5198834899598457,0.0,-0.33094966163663564,-0.7707926980627884,-0.15466226432855207,-0.7517500697760751,-0.3838001809711627,-0.5443201567604616,-0.9923822985600096,1.974096964064686
IEN20240027,Septiembre-Diciembre 2023,Ingeniería en Energía,2024,Regular,0.5958766721837683,1.0987774363895264,0.5783935584301811,0.8924316997920538,0.4253099296925961,-1.097300543817737,-0.3767312323191194,-0.6031385995906284,-1.0065699733169846,-0.045611391417929324,0.4199370355002256,1.1319298992648084,-1.1414933521841435,-0.4896294208189999,-0.5392441450453458,-0.45715245596448484,2.4424490025281878,-0.023239920396947757,-0.7707926980627884,-0.15466226432855207,-0.7517500697760751,0.5490863902945103,-1.5240964389292924,0.609216919956064,-0.5065607304015044
IEN20240054,Enero-Abril 2023,Ingeniería en Energía,2024,Regular,1.1174281241450126,0.9753124176733925,-0.7976048552977898,1.2346203159646523,-0.5126252132718706,-1.097300543817737,-0.3767312323191194,-0.6031385995906284,-1.0065699733169846,-0.4741296988772838,-0.5628674120409651,0.05086109490004391,-1.1414933521841435,-0.4896294208189999,-0.5392441450453458,1.5198834899598457,-0.02201016680455571,-0.33777465589733846,-0.7707926980627884,-0.15466226432855207,-0.7517500697760751,-0.3838001809711627,0.43545612540836925,-0.9923822985600096,1.974096964064686
IEN20240054,Mayo-Agosto 2023,Ingeniería en Energía,2024,Regular,0.7636404871472321,0.5319119591537144,0.6704497903345172,0.8749730969261047,0.4253099296925961,-1.097300543817737,-0.3767312323191194,-0.6031385995906284,-1.0065699733169846,0.6685857876809949,1.1219402123153617,1.1319298992648084,-1.1414933521841435,-0.4896294208189999,-0.5392441450453458,-0.45715245596448484,-0.6154921708479512,0.6415145205955085,-0.7707926980627884,2.0845783452978757,-0.7517500697760751,2.414859532825856,-0.5443201567604616,0.609216919956064,-0.5065607304015044
IEN20240054,Septiembre-Diciembre 2022,Ingeniería en Energía,2024,Regular,-0.765635105036726,0.0,-1.165829782915134,0.31018729421265623,1.3632450726570629,-1.097300543817737,-0.3767312323191194,-0.6031385995906284,-1.0065699733169846,-0.6169691346970686,-1.124469953493074,-1.0302077094647206,-1.1414933521841435,-0.4896294208189999,-0.5392441450453458,1.5198834899598457,0.0,-0.4220145850580135,-0.7707926980627884,-1.2742825691417659,-0.7517500697760751,-1.3166867522368357,-0.5443201567604616,-0.9923822985600096,1.974096964064686
IEN20240073,Enero-Abril 2023,Ingeniería en Energía,2024,Regular,-0.30913492826539546,-0.3666986553280562,-0.7079711558119889,0.7728402701603031,-0.5126252132718706,-1.097300543817737,-0.3767312323191194,-0.6031385995906284,-1.0065699733169846,-0.9026480063366383,-0.42246677667793786,-1.0302077094647206,-1.1414933521841435,-0.4896294208189999,-0.5392441450453458,-0.45715245596448484,-0.02201016680455571,-0.3584446385154671,-0.7707926980627884,-0.15466226432855207,-0.7517500697760751,-0.3838001809711627,-0.5443201567604616,-0.9923822985600096,-0.5065607304015044
IEN20240073,Mayo-Agosto 2023,Ingeniería en Energía,2024,Regular,-0.05235357883152198,0.11642533095246534,-0.15563376438597237,0.6008730319307061,-0.5126252132718706,0.3741132055432285,-0.3767312323191194,0.14257360460620055,-1.0065699733169846,-0.7598085705168535,-0.28206614131491065,0.05086109490004391,-1.1414933521841435,-0.4896294208189999,-0.5392441450453458,-0.45715245596448484,0.6246409271894586,-0.39354460899908167,-0.7707926980627884,-0.15466226432855207,-0.7517500697760751,-0.3838001809711627,-0.5443201567604616,0.609216919956064,-0.5065607304015044
IEN20240073,Septiembre-Diciembre 2023,Ingeniería en Energía,2024,Regular,-0.5510800219542011,-1.0645444132888096,0.21016863081283674,0.03608722921725764,0.4253099296925961,0.3741132055432285,-0.3767312323191194,0.8882858088030295,-1.0065699733169846,-0.18845082723771414,-0.5628674120409651,1.1319298992648084,-1.1414933521841435,0.9364341109541224,0.3992661352687664,-0.45715245596448484,-1.2793872940151392,1.627238691677018,0.3666104117817102,-1.2742825691417659,0.2061559502574696,-1.3166867522368357,-0.5443201567604616,0.609216919956064,-0.5065607304015044
IEN20240094,Enero-Abril 2023,Ingeniería en Energía,2024,Regular,1.836415902559858,0.0,-0.7976048552977898,1.690289850765921,-1.4505603562363374,-0.3615936691372542,-0.3767312323191194,-0.6031385995906284,-1.0065699733169846,-0.7598085705168535,-1.124469953493074,0.05086109490004391,-1.1414933521841435,-0.4896294208189999,-0.5392441450453458,1.5198834899598457,0.0,-0.34459965015804134,-0.7707926980627884,0.9649580404846618,-0.7517500697760751,0.5490863902945103,-1.5240964389292924,0.609216919956064,1.974096964064686
IEN20240094,Septiembre-Diciembre 2022,Ingeniería en Energía,2024,Regular,1.836415902559858,1.6516859984661223,-0.7976048552977898,1.3926206719014904,-1.4505603562363374,0.3741132055432285,-0.3767312323191194,-0.6031385995906284,-1.0065699733169846,-0.18845082723771414,-0.5628674120409651,-1.0302077094647206,-1.1414933521841435,-0.4896294208189999,-0.5392441450453458,1.5198834899598457,-0.02201016680455571,-0.3520096439268044,-0.7707926980627884,0.9649580404846618,-0.7517500697760751,0.5490863902945103,-1.5240964389292924,0.609216919956064,1.974096964064686
IEN20240119,Mayo-Agosto 2023,Ingeniería en Energía,2024,Regular,-0.1094161009279383,-0.29691407953198024,0.21016863081283674,0.573812197488485,-1.4505603562363374,-0.3615936691372542,-0.3767312323191194,0.8882858088030295,-1.0065699733169846,-0.18845082723771414,-0.28206614131491065,0.05086109490004391,-1.1414933521841435,0.9364341109541224,0.3992661352687664,-0.45715245596448484,-0.33815070164607386,0.7197094548395611,0.3666104117817102,0.9649580404846618,0.2061559502574696,0.5490863902945103,-0.5443201567604616,-0.9923822985600096,-0.5065607304015044
IEN20240119,Septiembre-Diciembre 2022,Ingeniería en Energía,2024,Regular,0.016121447684176962,-0.060720130683726496,-0.3397462281946445,1.0600342873051627,0.4253099296925961,0.3741132055432285,-0.3767312323191194,0.14257360460620055,-1.0065699733169846,-0.331290263057499,0.13913576477417108,-1.0302077094647206,-1.1414933521841435,-0.4896294208189999,-0.5392441450453458,-0.45715245596448484,-0.02201016680455571,-0.44638956456052364,-0.7707926980627884,-0.15466226432855207,-0.7517500697760751,0.5490863902945103,0.43545612540836925,0.609216919956064,-0.5065607304015044
IEN20240126,Enero-Abril 2023,Ingeniería en Energía,2024,Regular,0.9804780711136132,0.8464793546652531,-0.06357753248163632,0.9980562471310445,-1.4505603562363374,-0.3615936691372542,-0.3767312323191194,-0.6031385995906284,-1.0065699733169846,0.0972280444018555,0.5603376708632528,-1.0302077094647206,-1.1414933521841435,-0.4896294208189999,-0.5392441450453458,-0.45715245596448484,-0.02201016680455571,-0.38749961408245914,-0.7707926980627884,-0.15466226432855207,-0.7517500697760751,0.5490863902945103,-1.5240964389292924,-0.9923822985600096,-0.5065607304015044
IEN20240126,Mayo-Agosto 2023,Ingeniería en Energía,2024,Regular,0.9656418153685454,0.8035350003292077,0.4863373265258451,1.5872840938568216,0.4253099296925961,0.3741132055432285,-0.3767312323191194,-0.6031385995906284,-1.0065699733169846,-0.7598085705168535,-0.28206614131491065,0.05086109490004391,-1.1414933521841435,-0.4896294208189999,-0.5392441450453458,-0.45715245596448484,-0.07949026404846811,-0.3139846759028886,-0.7707926980627884,0.9649580404846618,-0.7517500697760751,0.5490863902945103,0.43545612540836925,0.609216919956064,-0.5065607304015044
IEN20240149,Enero-Abril 2023,Ingeniería en Energía,2024,Regular,0.5525091553904907,0.11105728666045986,0.6704497903345172,0.6174587046533574,-0.5126252132718706,0.3741132055432285,-0.3767312323191194,0.14257360460620055,-1.0065699733169846,2.382659017518413,-0.0012648705888561507,0.05086109490004391,-1.1414933521841435,0.9364341109541224,0.3992661352687664,1.5198834899598457,-0.9129516740851978,2.8900576297430627,0.3666104117817102,-0.15466226432855207,0.2061559502574696,-0.3838001809711627,-0.5443201567604616,0.609216919956064,1.974096964064686
IEN20240149,Septiembre-Diciembre 2022,Ingeniería en Energía,2024,Regular,0.9062967923882729,0.7766947788691787,-0.06357753248163632,1.5418917264053547,-1.4505603562363374,-1.097300543817737,-0.3767312323191194,-0.6031385995906284,-1.0065699733169846,0.0972280444018555,0.5603376708632528,-1.0302077094647206,-1.1414933521841435,-0.4896294208189999,-0.5392441450453458,-0.45715245596448484,-0.02201016680455571,0.43305969589004195,-0.7707926980627884,-0.15466226432855207,-0.7517500697760751,0.5490863902945103,-0.5443201567604616,-0.9923822985600096,-0.5065607304015044
IEN20240149,Septiembre-Diciembre 2023,Ingeniería en Energía,2024,Regular,0.515989141248785,0.3418831912167081,1.6782232764451437,0.995437456701152,0.4253099296925961,0.3741132055432285,-0.3767312323191194,0.8882858088030295,-1.0065699733169846,-0.045611391417929324,0.4199370355002256,1.1319298992648084,-1.1414933521841435,-0.4896294208189999,0.3992661352687664,-0.45715245596448484,-0.1585253977588476,0.29207481444752326,-0.7707926980627884,-0.15466226432855207,-0.7517500697760751,0.5490863902945103,-1.5240964389292924,0.609216919956064,-0.5065607304015044
IEN20240172,Enero-Abril 2023,Ingeniería en Energía,2024,Regular,0.9747718189039718,0.4599801656408365,0.7600834898203181,0.9308406260971414,-0.5126252132718706,0.3741132055432285,-0.3767312323191194,-0.6031385995906284,-1.0065699733169846,-0.18845082723771414,0.2795364001371983,0.05086109490004391,-1.1414933521841435,-0.4896294208189999,-0.5392441450453458,-0.45715245596448484,-1.0422818928840005,0.41979970704067643,-0.7707926980627884,0.9649580404846618,-0.7517500697760751,0.5490863902945103,-0.5443201567604616,-0.9923822985600096,-0.5065607304015044
IEN20240172,Mayo-Agosto 2023,Ingeniería en Energía,2024,Regular,1.1984569055219232,1.3328241675209782,2.412250599261297,1.7487761703668487,-1.4505603562363374,0.3741132055432285,-0.3767312323191194,-0.6031385995906284,-1.0065699733169846,0.9542646593205645,1.4027414830414162,1.1319298992648084,-1.1414933521841435,-0.4896294208189999,-0.5392441450453458,-0.45715245596448484,0.636136946638241,-0.027139917117349366,-0.7707926980627884,-0.15466226432855207,-0.7517500697760751,0.5490863902945103,-1.5240964389292924,-0.9923822985600096,-0.5065607304015044
IEN20240172,Septiembre-Diciembre 2022,Ingeniería en Energía,2024,Regular,1.3799157257885275,1.2222424551056588,-0.15563376438597237,1.2075594815224324,-0.5126252132718706,0.3741132055432285,-0.3767312323191194,-0.6031385995906284,-1.0065699733169846,-0.045611391417929324,0.4199370355002256,-1.0302077094647206,-1.1414933521841435,-0.4896294208189999,-0.5392441450453458,-0.45715245596448484,-0.02201016680455571,-0.4380045716116602,-0.7707926980627884,0.9649580404846618,-0.7517500697760751,0.5490863902945103,-0.5443201567604616,-0.9923822985600096,-0.5065607304015044
IEN20240172,Septiembre-Diciembre 2023,Ingeniería en Energía,2024,Regular,1.197315655079996,1.0450969934694685,3.5145028496947948,0.9055256519415148,-0.5126252132718706,0.3741132055432285,-0.3767312323191194,-0.6031385995906284,-1.0065699733169846,0.0972280444018555,0.5603376708632528,2.212998703629573,-1.1414933521841435,-0.4896294208189999,-0.5392441450453458,-0.45715245596448484,-0.03063218139114257,-0.23617974133087627,-0.7707926980627884,-1.2742825691417659,-0.7517500697760751,-0.3838001809711627,-0.5443201567604616,0.609216919956064,-0.5065607304015044
IEN20240225,Enero-Abril 2023,Ingeniería en Energía,2024,Regular,0.533107897877709,0.4578329479240346,1.9543919721581524,0.8976692806518375,-0.5126252132718706,-0.3615936691372542,-0.3767312323191194,-0.6031385995906284,-1.0065699733169846,2.382659017518413,2.8067478366716885,0.05086109490004391,-1.1414933521841435,-0.4896294208189999,-0.5392441450453458,-0.45715245596448484,0.23377626593085443,0.7282894476244447,-0.7707926980627884,-0.15466226432855207,-0.7517500697760751,1.4819729615601833,0.43545612540836925,-0.9923822985600096,-0.5065607304015044
IEN20240225,Mayo-Agosto 2023,Ingeniería en Energía,2024,Regular,0.5764754146709865,0.5888132286489759,2.8725317587829777,1.032100522719645,-1.4505603562363374,-1.097300543817737,-0.3767312323191194,-0.6031385995906284,-1.0065699733169846,-0.18845082723771414,0.2795364001371983,1.1319298992648084,-1.1414933521841435,-0.4896294208189999,-0.5392441450453458,-0.45715245596448484,0.1964142027223114,-0.28219970263161537,-0.7707926980627884,0.9649580404846618,-0.7517500697760751,0.5490863902945103,-0.5443201567604616,0.609216919956064,-0.5065607304015044
IEN20240225,Septiembre-Diciembre 2022,Ingeniería en Energía,2024,Regular,0.36420283247231783,0.2667305711286282,-0.6159149239076528,0.6357902376626032,1.3632450726570629,-0.3615936691372542,-0.3767312323191194,-0.6031385995906284,-1.0065699733169846,-0.7598085705168535,-0.28206614131491065,-1.0302077094647206,-1.1414933521841435,-0.4896294208189999,-0.5392441450453458,-0.45715245596448484,-0.02201016680455571,-0.4251345824343348,-0.7707926980627884,-0.15466226432855207,-0.7517500697760751,-0.3838001809711627,0.43545612540836925,0.609216919956064,-0.5065607304015044
IEN20240235,Enero-Abril 2023,Ingeniería en Energía,2024,Regular,0.4155591023590912,0.3150429697566791,0.11811239890850068,0.742287715144893,-1.4505603562363374,-1.097300543817737,-0.3767312323191194,-0.6031385995906284,-1.0065699733169846,0.3829069160414252,0.8411389415893074,-1.0302077094647206,-1.1414933521841435,-0.4896294208189999,-0.5392441450453458,-0.45715245596448484,-0.02201016680455571,-0.43507957407135894,-0.7707926980627884,-0.15466226432855207,-0.7517500697760751,0.5490863902945103,-1.5240964389292924,-0.9923822985600096,-0.5065607304015044
IEN20240235,Mayo-Agosto 2023,Ingeniería en Energía,2024,Regular,-0.7040075811725957,-1.4403075137292152,0.5783935584301811,-0.18214530660710423,1.3632450726570629,2.5812338295846766,0.8412444993533734,1.6339980129998586,-1.0065699733169846,0.6685857876809949,-0.42246677667793786,0.05086109490004391,-1.1414933521841435,2.3624976427272446,1.3377764155828784,-0.45715245596448484,-2.371509141649475,0.30552980313290895,1.504013521626209,-1.2742825691417659,1.1640619702910142,-1.3166867522368357,0.43545612540836925,-0.9923822985600096,-0.5065607304015044
IEN20240235,Septiembre-Diciembre 2023,Ingeniería en Energía,2024,Irregular,-0.7222675882434502,-0.7778908480956999,1.5861670445408076,-0.30784724724193646,-1.4505603562363374,1.1098200802237113,0.8412444993533734,3.871134625590345,-1.0065699733169846,1.8113012742392733,0.4199370355002256,1.1319298992648084,-1.1414933521841435,2.3624976427272446,3.214796976211103,-0.45715245596448484,-0.07374225432407687,0.5208096220990784,1.504013521626209,-0.15466226432855207,1.1640619702910142,-0.3838001809711627,1.4152324075772,0.609216919956064,-0.5065607304015044
IEN20240248,Enero-Abril 2023,Ingeniería en Energía,2024,Regular,0.2135577741377779,-0.40964300966410316,0.9441959536289904,0.91425495337449,-1.4505603562363374,0.3741132055432285,-0.3767312323191194,0.14257360460620055,-1.0065699733169846,0.8114252235007796,1.262340847678389,0.05086109490004391,-1.1414933521841435,-0.4896294208189999,-0.5392441450453458,-0.45715245596448484,-2.881645004689197,-0.45672455586958793,-0.7707926980627884,0.9649580404846618,-0.7517500697760751,1.4819729615601833,-0.5443201567604616,0.609216919956064,-0.5065607304015044
IEN20240248,Septiembre-Diciembre 2022,Ingeniería en Energía,2024,Regular,1.9163034334948412,1.7268386185542037,-0.6159149239076528,1.0774928901711118,-1.4505603562363374,-1.097300543817737,-0.3767312323191194,-0.6031385995906284,-1.0065699733169846,-0.7598085705168535,-0.28206614131491065,-1.0302077094647206,-1.1414933521841435,-0.4896294208189999,-0.5392441450453458,-0.45715245596448484,-0.02201016680455571,-0.3678046306444309,-0.7707926980627884,0.9649580404846618,-0.7517500697760751,0.5490863902945103,0.43545612540836925,-0.9923822985600096,-0.5065607304015044
IEN20240251,Septiembre-Diciembre 2022,Ingeniería en Energía,2024,Egresado,0.5011528855037157,0.39556363413676604,-0.06357753248163632,1.2398578968244371,-1.4505603562363374,0.3741132055432285,-0.3767312323191194,0.14257360460620055,-1.0065699733169846,0.0972280444018555,0.5603376708632528,-1.0302077094647206,-1.1414933521841435,-0.4896294208189999,-0.5392441450453458,-0.45715245596448484,-0.02201016680455571,-0.29331469328476,-0.7707926980627884,-1.2742825691417659,-0.7517500697760751,-1.3166867522368357,0.43545612540836925,-0.9923822985600096,-0.5065607304015044
IEN20240251,Septiembre-Diciembre 2023,Ingeniería en Energía,2024,Egresado,0.7693467393568734,0.7316032068163298,1.3124208812463347,1.9364561511758005,-0.5126252132718706,0.3741132055432285,-0.3767312323191194,0.14257360460620055,-1.0065699733169846,0.52574635186121,0.9815395769523345,0.05086109490004391,-1.1414933521841435,-0.4896294208189999,-0.5392441450453458,-0.45715245596448484,0.42777159412905874,0.5007246389890101,-0.7707926980627884,0.9649580404846618,-0.7517500697760751,1.4819729615601833,-1.5240964389292924,-0.9923822985600096,-0.5065607304015044
IEN20240275,Mayo-Agosto 2023,Ingeniería en Energía,2024,Regular,0.4383841111976581,0.33651514692470264,-0.15563376438597237,1.4467423407859326,-0.5126252132718706,-0.3615936691372542,-0.3767312323191194,-0.6031385995906284,-1.0065699733169846,-0.045611391417929324,0.4199370355002256,-1.0302077094647206,-1.1414933521841435,-0.4896294208189999,-0.5392441450453458,-0.45715245596448484,-0.02201016680455571,-0.22213975313743042,-0.7707926980627884,-1.2742825691417659,-0.7517500697760751,-0.3838001809711627,-0.5443201567604616,-0.9923822985600096,-0.5065607304015044
IEN20240275,Septiembre-Diciembre 2023,Ingeniería en Energía,2024,Regular,0.33681282186603695,0.20982930163336666,2.780475526878641,0.4140659812650523,-0.5126252132718706,-0.3615936691372542,-0.3767312323191194,0.14257360460620055,-1.0065699733169846,3.6682139398964764,3.3683503781237976,0.05086109490004391,-1.1414933521841435,0.9364341109541224,0.3992661352687664,-0.45715245596448484,-0.19157645367409723,1.7042636269049505,0.3666104117817102,0.9649580404846618,0.2061559502574696,1.4819729615601833,0.43545612540836925,0.609216919956064,-0.5065607304015044
IEN20240299,Septiembre-Diciembre 2022,Ingeniería en Energía,2024,Regular,-0.765635105036726,0.0,-1.165829782915134,0.4315245841310015,-1.4505603562363374,-1.097300543817737,-0.3767312323191194,-0.6031385995906284,-1.0065699733169846,-0.7598085705168535,-1.124469953493074,-1.0302077094647206,-1.1414933521841435,-0.4896294208189999,-0.5392441450453458,1.5198834899598457,0.0,-0.30754968131422594,-0.7707926980627884,0.9649580404846618,-0.7517500697760751,0.5490863902945103,-1.5240964389292924,-0.9923822985600096,1.974096964064686
IEN20240299,Septiembre-Diciembre 2023,Ingeniería en Energía,2024,Regular,2.2666673191668365,2.056436538083359,0.4863373265258451,1.1097913054731179,-0.5126252132718706,0.3741132055432285,-0.3767312323191194,-0.6031385995906284,-1.0065699733169846,0.9542646593205645,1.4027414830414162,0.05086109490004391,-1.1414933521841435,-0.4896294208189999,-0.5392441450453458,-0.45715245596448484,-0.02201016680455571,-0.18411478511351462,-0.7707926980627884,0.9649580404846618,-0.7517500697760751,1.4819729615601833,-1.5240964389292924,0.609216919956064,-0.5065607304015044
IEN20240308,Enero-Abril 2023,Ingeniería en Energía,2024,Regular,1.0717781064678789,1.7590468843062383,-0.15563376438597237,1.2416037571110328,-1.4505603562363374,0.3741132055432285,-0.3767312323191194,-0.6031385995906284,-1.0065699733169846,-0.9026480063366383,-0.42246677667793786,0.05086109490004391,-1.1414933521841435,-0.4896294208189999,-0.5392441450453458,-0.45715245596448484,2.1909735770860714,-0.3272446647522541,-0.7707926980627884,-0.15466226432855207,-0.7517500697760751,-0.3838001809711627,0.43545612540836925,0.609216919956064,-0.5065607304015044
IEN20240308,Septiembre-Diciembre 2022,Ingeniería en Energía,2024,Regular,0.19301526618306886,0.10568924236845437,-0.6159149239076528,0.7676026893005182,-0.5126252132718706,0.3741132055432285,-0.3767312323191194,-0.6031385995906284,-1.0065699733169846,-0.7598085705168535,-0.28206614131491065,-1.0302077094647206,-1.1414933521841435,-0.4896294208189999,-0.5392441450453458,-0.45715245596448484,-0.02201016680455571,-0.4413195688240016,-0.7707926980627884,0.9649580404846618,-0.7517500697760751,0.5490863902945103,-0.5443201567604616,-0.9923822985600096,-0.5065607304015044
IEN20240308,Septiembre-Diciembre 2023,Ingeniería en Energía,2024,Regular,0.4509378660588696,0.18084186245653427,2.780475526878641,0.8531498433436685,-0.5126252132718706,1.1098200802237113,-0.3767312323191194,0.14257360460620055,-1.0065699733169846,3.9538928115360457,3.3683503781237976,1.1319298992648084,-1.1414933521841435,0.9364341109541224,0.3992661352687664,-0.45715245596448484,-1.0279118685730226,0.00074505943352222,0.3666104117817102,0.9649580404846618,0.2061559502574696,1.4819729615601833,-1.5240964389292924,0.609216919956064,-0.5065607304015044
IEN20240320,Mayo-Agosto 2023,Ingeniería en Energía,2024,Baja Temporal,-0.645803808634252,-0.9035030845286357,-0.15563376438597237,-2.697057049447051,1.3632450726570629,0.3741132055432285,4.4951716943708515,0.8882858088030295,-1.0065699733169846,0.0972280444018555,-0.28206614131491065,0.05086109490004391,-1.1414933521841435,0.9364341109541224,1.3377764155828784,-0.45715245596448484,-0.6111811635546577,-0.42552458210637495,0.3666104117817102,-1.2742825691417659,2.121967990324559,-1.3166867522368357,0.43545612540836925,2.210816138472137,-0.5065607304015044
IEN20240320,Septiembre-Diciembre 2022,Ingeniería en Energía,2024,Baja Temporal,-0.41184746803894545,-0.46332345258416113,-0.7079711558119889,-2.363597734707426,0.4253099296925961,0.3741132055432285,4.4951716943708515,0.14257360460620055,-1.0065699733169846,0.24006748022164032,-0.42246677667793786,-1.0302077094647206,-1.1414933521841435,0.9364341109541224,0.3992661352687664,-0.45715245596448484,-0.02201016680455571,0.8940393082415136,0.3666104117817102,0.9649580404846618,2.121967990324559,0.5490863902945103,1.4152324075772,2.210816138472137,-0.5065607304015044
IEN20240320,Septiembre-Diciembre 2023,Ingeniería en Energía,2024,Baja Temporal,0.044652708732385124,0.48574677824246376,2.5963630630699694,-1.3981369962204493,0.4253099296925961,0.3741132055432285,3.2771959626983587,0.8882858088030295,-1.0065699733169846,2.6683378891579825,3.0875491073977432,1.1319298992648084,-1.1414933521841435,-0.4896294208189999,1.3377764155828784,-0.45715245596448484,1.5428854806609593,-0.25470472575278397,-0.7707926980627884,-0.15466226432855207,1.1640619702910142,1.4819729615601833,1.4152324075772,0.609216919956064,-0.5065607304015044
IEN20240328,Enero-Abril 2023,Ingeniería en Energía,2024,Regular,1.1288406285642953,1.2222424551056588,0.5783935584301811,1.307946448001638,-1.4505603562363374,-1.097300543817737,-0.3767312323191194,-0.6031385995906284,-1.0065699733169846,-0.7598085705168535,-0.28206614131491065,0.05086109490004391,-1.1414933521841435,-0.4896294208189999,-0.5392441450453458,-0.45715245596448484,0.4522006354577215,-0.37501962457717397,-0.7707926980627884,0.9649580404846618,-0.7517500697760751,0.5490863902945103,-0.5443201567604616,0.609216919956064,-0.5065607304015044
IEN20240328,Mayo-Agosto 2023,Ingeniería en Energía,2024,Regular,1.171066894915644,1.1470898350175773,1.1283084174376625,0.8479122624838836,0.4253099296925961,0.3741132055432285,-0.3767312323191194,-0.6031385995906284,-1.0065699733169846,-0.7598085705168535,-0.28206614131491065,1.1319298992648084,-1.1414933521841435,-0.4896294208189999,-0.5392441450453458,-0.45715245596448484,0.19354019786011575,-0.43059457784289706,-0.7707926980627884,-1.2742825691417659,-0.7517500697760751,-1.3166867522368357,-1.5240964389292924,0.609216919956064,-0.5065607304015044
IEN20240328,Septiembre-Diciembre 2022,Ingeniería en Energía,2024,Regular,1.00330307995218,0.8679515318332767,0.026056167004164625,1.3638139771726747,-0.5126252132718706,-0.3615936691372542,-0.3767312323191194,-0.6031385995906284,-1.0065699733169846,0.9542646593205645,0.7007383062262801,-1.0302077094647206,-1.1414933521841435,-0.4896294208189999,-0.5392441450453458,1.5198834899598457,-0.02201016680455571,-0.39588460703132267,-0.7707926980627884,0.9649580404846618,-0.7517500697760751,0.5490863902945103,0.43545612540836925,-0.9923822985600096,1.974096964064686
IEN20240328,Septiembre-Diciembre 2023,Ingeniería en Energía,2024,Regular,1.1334056303320093,0.9431041519213581,2.504306831165634,0.9875810854114747,0.4253099296925961,0.3741132055432285,-0.3767312323191194,-0.6031385995906284,-1.0065699733169846,0.52574635186121,0.9815395769523345,2.212998703629573,-1.1414933521841435,-0.4896294208189999,-0.5392441450453458,-0.45715245596448484,-0.13265935399908707,0.016930045823188914,-0.7707926980627884,0.9649580404846618,-0.7517500697760751,1.4819729615601833,-1.5240964389292924,-0.9923822985600096,-0.5065607304015044
IEN20240349,Enero-Abril 2023,Ingeniería en Energía,2024,Regular,0.6095716774869071,0.4975564756848765,-0.15563376438597237,0.7038787888398043,-1.4505603562363374,0.3741132055432285,-0.3767312323191194,-0.6031385995906284,-1.0065699733169846,-0.045611391417929324,0.4199370355002256,0.05086109490004391,-1.1414933521841435,-0.4896294208189999,-0.5392441450453458,-0.45715245596448484,-0.02201016680455571,0.2318198651173183,-0.7707926980627884,0.9649580404846618,-0.7517500697760751,0.5490863902945103,-0.5443201567604616,0.609216919956064,-0.5065607304015044
IEN20240349,Septiembre-Diciembre 2022,Ingeniería en Energía,2024,Regular,-0.765635105036726,0.0,-1.165829782915134,1.0740011695979228,0.4253099296925961,0.3741132055432285,-0.3767312323191194,-0.6031385995906284,-1.0065699733169846,-0.4741296988772838,-1.124469953493074,-1.0302077094647206,-1.1414933521841435,-0.4896294208189999,-0.5392441450453458,1.5198834899598457,0.0,-0.34771964753436263,-0.7707926980627884,0.9649580404846618,-0.7517500697760751,0.5490863902945103,-1.5240964389292924,0.609216919956064,1.974096964064686
IEN20240349,Septiembre-Diciembre 2023,Ingeniería en Energía,2024,Regular,1.203021907289637,1.3349713852377803,1.9543919721581524,1.2389849666811403,-0.5126252132718706,0.3741132055432285,-0.3767312323191194,-0.6031385995906284,-1.0065699733169846,1.6684618384194887,2.1047446598565527,1.1319298992648084,-1.1414933521841435,-0.4896294208189999,-0.5392441450453458,-0.45715245596448484,1.0988517294517357,1.263368997663547,-0.7707926980627884,2.0845783452978757,-0.7517500697760751,2.414859532825856,0.43545612540836925,0.609216919956064,-0.5065607304015044
IEN20240352,Mayo-Agosto 2023,Ingeniería en Energía,2024,Regular,-0.06947233546044752,0.4599801656408365,-0.43180246009898066,1.1822445073668058,-0.5126252132718706,0.3741132055432285,-0.3767312323191194,0.14257360460620055,-1.0065699733169846,-1.045487442156423,-0.5628674120409651,0.05086109490004391,-1.1414933521841435,-0.4896294208189999,0.3992661352687664,-0.45715245596448484,1.1850718753176046,-0.3254896662280734,-0.7707926980627884,-0.15466226432855207,-0.7517500697760751,-0.3838001809711627,0.43545612540836925,0.609216919956064,-0.5065607304015044
IEN20240352,Septiembre-Diciembre 2022,Ingeniería en Energía,2024,Regular,-0.3890224592003786,-0.4418512754161376,-0.7976048552977898,0.6698345132512038,-1.4505603562363374,1.1098200802237113,-0.3767312323191194,0.14257360460620055,-1.0065699733169846,-0.18845082723771414,-0.5628674120409651,-1.0302077094647206,-1.1414933521841435,0.9364341109541224,0.3992661352687664,-0.45715245596448484,-0.02201016680455571,-0.15408481036642216,0.3666104117817102,-1.2742825691417659,0.2061559502574696,-1.3166867522368357,-1.5240964389292924,-0.9923822985600096,-0.5065607304015044
IEN20240352,Septiembre-Diciembre 2023,Ingeniería en Energía,2024,Regular,-0.3342424379878185,-1.139697033376891,-0.43180246009898066,0.25344683489832165,-0.5126252132718706,1.1098200802237113,-0.3767312323191194,0.8882858088030295,-1.0065699733169846,-1.045487442156423,-1.124469953493074,1.1319298992648084,-1.1414933521841435,0.9364341109541224,1.3377764155828784,-0.45715245596448484,-1.3584224277255188,-0.40602459850436684,0.3666104117817102,-1.2742825691417659,0.2061559502574696,-1.3166867522368357,-0.5443201567604616,-0.9923822985600096,-0.5065607304015044
IEN20240366,Septiembre-Diciembre 2023,Ingeniería en Energía,2024,Irregular,-2.7708121315047958,-2.682472962899356,-1.165829782915134,-3.2827931755996382,2.3011802156215295,4.788354453626125,4.4951716943708515,3.871134625590345,-1.0065699733169846,3.096856196617337,-1.124469953493074,-1.0302077094647206,-1.1414933521841435,8.066751769819735,5.0918175368393275,-0.45715245596448484,-0.02201016680455571,3.083107467402943,6.053625961004204,-1.2742825691417659,5.953592070458737,-1.3166867522368357,1.4152324075772,3.8124153569882107,-0.5065607304015044
IEN20240373,Enero-Abril 2023,Ingeniería en Energía,2024,Regular,0.19301526618306886,0.10568924236845437,0.3022248627171728,0.7021329285532097,-1.4505603562363374,0.3741132055432285,-0.3767312323191194,-0.6031385995906284,-1.0065699733169846,0.6685857876809949,1.1219402123153617,0.05086109490004391,-1.1414933521841435,-0.4896294208189999,-0.5392441450453458,-0.45715245596448484,-0.02201016680455571,-0.05892489038862256,-0.7707926980627884,0.9649580404846618,-0.7517500697760751,1.4819729615601833,0.43545612540836925,0.609216919956064,-0.5065607304015044
IEN20240373,Mayo-Agosto 2023,Ingeniería en Energía,2024,Regular,0.3345303209821808,0.438507988472813,1.4044771131506706,1.250333058544007,0.4253099296925961,0.3741132055432285,-0.3767312323191194,-0.6031385995906284,-1.0065699733169846,0.0972280444018555,0.5603376708632528,1.1319298992648084,-1.1414933521841435,-0.4896294208189999,-0.5392441450453458,-0.45715245596448484,0.4234605868357653,-0.3063796822981054,-0.7707926980627884,0.9649580404846618,-0.7517500697760751,0.5490863902945103,0.43545612540836925,-0.9923822985600096,-0.5065607304015044
IEN20240373,Septiembre-Diciembre 2022,Ingeniería en Energía,2024,Regular,-0.765635105036726,0.0,-1.165829782915134,0.48215453244225326,0.4253099296925961,-0.3615936691372542,-0.3767312323191194,-0.6031385995906284,-1.0065699733169846,-0.7598085705168535,-1.124469953493074,-1.0302077094647206,-1.1414933521841435,-0.4896294208189999,-0.5392441450453458,1.5198834899598457,0.0,-0.41011959506078854,-0.7707926980627884,-1.2742825691417659,-0.7517500697760751,-1.3166867522368357,0.43545612540836925,-0.9923822985600096,1.974096964064686
IEN20240373,Septiembre-Diciembre 2023,Ingeniería en Energía,2024,Regular,0.17817901043799952,-0.27544190236395827,2.320194367356961,0.6689615831079071,-1.4505603562363374,-0.3615936691372542,-0.3767312323191194,-0.6031385995906284,-1.0065699733169846,-0.18845082723771414,0.2795364001371983,2.212998703629573,-1.1414933521841435,-0.4896294208189999,-0.5392441450453458,-0.45715245596448484,-0.7103343313004066,-0.3832096176900174,-0.7707926980627884,-0.15466226432855207,-0.7517500697760751,0.5490863902945103,-0.5443201567604616,0.609216919956064,-0.5065607304015044
IEN20240385,Enero-Abril 2023,Ingeniería en Energía,2024,Regular,0.11312773524808568,-0.5062678069202066,0.3022248627171728,0.2805076693405427,-0.5126252132718706,1.1098200802237113,-0.3767312323191194,0.8882858088030295,-1.0065699733169846,-0.18845082723771414,-0.5628674120409651,0.05086109490004391,-1.1414933521841435,0.9364341109541224,0.3992661352687664,-0.45715245596448484,-1.4590125979023654,1.468118825484632,0.3666104117817102,-0.15466226432855207,0.2061559502574696,-0.3838001809711627,1.4152324075772,-0.9923822985600096,-0.5065607304015044
IEN20240385,Septiembre-Diciembre 2022,Ingeniería en Energía,2024,Regular,0.683752956212249,0.5673410514809524,-0.06357753248163632,1.1761339963637243,-0.5126252132718706,-1.097300543817737,-0.3767312323191194,0.14257360460620055,-1.0065699733169846,0.0972280444018555,0.5603376708632528,-1.0302077094647206,-1.1414933521841435,-0.4896294208189999,-0.5392441450453458,-0.45715245596448484,-0.02201016680455571,-0.36000463720362774,-0.7707926980627884,0.9649580404846618,-0.7517500697760751,0.5490863902945103,-0.5443201567604616,-0.9923822985600096,-0.5065607304015044
