id_estudiante,id_periodo,programa,cohorte,estatus_academico,promedio_general,promedio_periodo,porcentaje_avance,porcentaje_asistencia,retardos,num_asesorias,num_incidencias,recursamientos,rezago_materias,creditos_inscritos_periodo,creditos_aprobados_periodo,periodos_cursados,periodos_sin_inscripcion,materias_reprobadas_periodo,materias_reprobadas_acumuladas,materias_en_curso_periodo,tendencia_promedio,varianza_calificaciones,tutorias_abiertas,tutorias_cerradas,compromisos_pendientes,compromisos_cumplidos,permisos_aprobados,permisos_rechazados,bandera_dato_incompleto
IAG20200007,2022-1,Ingeniería Agroindustrial,2020,Regular,83.1,83.1,5.07,74.59,3,2,0,0,2,14.0,14.0,1,4,0,0,0,0.0,1.69,0,2,0,2,2,0,0
IAG20200007,2023-1,Ingeniería Agroindustrial,2020,Regular,85.77,91.1,6.88,80.42,0,2,0,0,2,5.0,5.0,2,5,0,0,0,8.0,3.88,0,0,0,0,2,0,0
IAG20200007,2025-1,Ingeniería Agroindustrial,2020,Irregular,85.55,84.9,9.06,65.56,1,2,0,0,4,6.0,6.0,3,8,0,0,0,-0.87,8.79,1,0,1,0,1,1,0
IAG20200029,2022-1,Ingeniería Agroindustrial,2020,Irregular,66.9,66.9,1.45,56.99,2,2,2,0,3,14.0,4.0,1,4,1,1,1,0.0,68.89,2,1,3,1,2,2,1
IAG20200029,2022-2,Ingeniería Agroindustrial,2020,Irregular,77.04,83.8,6.52,75.76,1,1,0,0,3,14.0,14.0,2,4,0,1,0,16.9,15.45,1,1,1,2,0,1,0
IAG20200039,2022-2,Ingeniería Agroindustrial,2020,Regular,87.4,87.4,7.97,74.71,1,0,0,0,2,22.0,22.0,1,5,0,0,0,0.0,29.04,0,3,0,4,0,1,0
IAG20200039,2023-1,Ingeniería Agroindustrial,2020,Regular,87.55,88.0,10.87,76.36,1,1,0,0,2,8.0,8.0,2,5,0,0,0,0.6,7.41,0,0,0,0,2,0,0
IAG20200039,2024-1,Ingeniería Agroindustrial,2020,Irregular,87.34,86.5,13.04,72.42,0,0,0,0,3,6.0,6.0,3,6,0,0,0,-1.05,6.02,1,0,1,0,2,0,0
IAG20200039,2025-1,Ingeniería Agroindustrial,2020,Irregular,87.89,88.57,19.93,74.82,2,0,0,0,3,19.0,19.0,4,7,0,0,0,1.23,14.45,1,3,1,4,1,0,0
IAG20200051,2022-1,Ingeniería Agroindustrial,2020,Regular,70.0,,0.0,75.31,2,1,0,0,2,6.0,0.0,1,4,0,0,1,,2.91,0,2,0,2,3,1,1
IAG20200051,2022-2,Ingeniería Agroindustrial,2020,Regular,73.6,73.6,2.17,70.43,3,0,0,0,2,6.0,6.0,2,4,0,0,0,0.0,9.57,0,1,0,1,1,1,0
IAG20200051,2023-1,Ingeniería Agroindustrial,2020,Regular,74.15,74.7,3.62,68.17,1,2,0,0,2,4.0,4.0,3,4,0,0,0,1.1,4.97,0,2,0,2,2,1,0
IAG20200051,2023-2,Ingeniería Agroindustrial,2020,Irregular,71.05,67.95,3.62,55.34,3,2,2,1,3,12.0,0.0,4,4,2,2,0,-6.2,1.1,3,1,3,1,3,2,0
IAG20200051,2024-2,Ingeniería Agroindustrial,2020,Irregular,74.28,87.2,5.8,78.05,2,0,0,1,3,6.0,6.0,5,5,0,2,0,16.15,8.84,1,0,1,0,0,0,0
IAG20200084,2022-1,Ingeniería Agroindustrial,2020,Regular,88.7,88.7,2.17,77.83,0,1,0,0,2,12.0,6.0,1,4,0,0,1,0.0,3.45,0,1,0,1,2,1,1
IAG20200084,2022-2,Ingeniería Agroindustrial,2020,Irregular,79.17,74.4,4.35,59.86,3,1,2,0,3,10.0,6.0,2,4,1,1,0,-14.3,68.89,2,0,3,0,2,1,0
IAG20200095,2022-1,Ingeniería Agroindustrial,2020,Regular,89.7,89.7,2.17,75.61,2,1,0,0,2,18.0,6.0,1,4,0,0,2,0.0,6.11,0,1,0,1,2,1,1
IAG20200095,2023-2,Ingeniería Agroindustrial,2020,Irregular,89.8,89.85,6.16,74.12,3,1,0,0,3,11.0,11.0,2,6,0,0,0,0.15,2.72,1,2,1,2,3,1,0
IAG20200095,2024-1,Ingeniería Agroindustrial,2020,Irregular,90.17,91.3,8.33,74.39,3,0,0,0,3,6.0,6.0,3,6,0,0,0,1.5,3.82,1,0,1,0,2,0,0
IAG20200097,2022-1,Ingeniería Agroindustrial,2020,Regular,70.0,,0.0,70.86,2,0,0,0,2,6.0,0.0,1,4,0,0,1,,8.03,0,2,0,2,1,0,1
IAG20200097,2022-2,Ingeniería Agroindustrial,2020,Regular,80.6,80.6,2.17,71.46,2,2,0,0,2,6.0,6.0,2,4,0,0,0,0.0,9.57,0,2,0,2,1,0,0
IAG20200097,2023-1,Ingeniería Agroindustrial,2020,Regular,84.1,87.6,3.62,78.98,1,1,0,0,2,4.0,4.0,3,4,0,0,0,7.0,9.29,0,1,0,1,2,0,0
IAG20200097,2023-2,Ingeniería Agroindustrial,2020,Regular,81.5,76.3,5.8,74.98,2,1,0,0,2,6.0,6.0,4,4,0,0,0,-7.8,5.28,0,1,0,1,1,0,0
IAG20200097,2024-1,Ingeniería Agroindustrial,2020,Regular,81.38,81.2,9.78,76.26,0,0,0,0,2,11.0,11.0,5,4,0,0,0,-0.3,90.25,0,1,0,2,1,0,0
IAG20200097,2024-2,Ingeniería Agroindustrial,2020,Regular,80.92,78.6,11.96,71.29,3,0,0,0,2,6.0,6.0,6,4,0,0,0,-2.78,4.54,0,0,0,0,3,0,0
IAG20200098,2022-2,Ingeniería Agroindustrial,2020,Regular,74.8,74.8,3.99,75.76,0,2,0,0,2,18.0,11.0,1,5,0,0,1,0.0,5.76,0,2,0,2,2,0,1
IAG20200098,2023-1,Ingeniería Agroindustrial,2020,Regular,75.97,78.3,6.52,69.36,2,0,0,0,2,7.0,7.0,2,5,0,0,0,3.5,3.36,0,0,0,0,3,1,0
IAG20200098,2023-2,Ingeniería Agroindustrial,2020,Regular,76.16,76.45,11.59,73.07,2,0,0,0,2,14.0,14.0,3,5,0,0,0,0.48,8.12,0,1,0,2,2,0,0
IAG20200098,2024-1,Ingeniería Agroindustrial,2020,Regular,77.7,80.27,16.67,76.73,0,0,0,0,2,14.0,14.0,4,5,0,0,0,4.11,35.31,0,2,0,3,2,0,0
IAG20200124,2022-2,Ingeniería Agroindustrial,2020,Irregular,77.1,77.1,1.45,71.96,0,1,0,0,2,4.0,4.0,1,5,0,0,0,0.0,8.06,0,1,0,1,3,0,0
IAG20200124,2023-1,Ingeniería Agroindustrial,2020,Irregular,72.35,67.6,1.45,56.22,1,1,2,0,3,5.0,0.0,2,5,1,1,0,-9.5,2.82,2,1,3,1,1,2,0
IAG20200124,2024-2,Ingeniería Agroindustrial,2020,Irregular,71.45,70.55,3.99,56.22,3,3,2,0,5,14.0,7.0,3,7,1,2,0,-1.8,11.22,2,1,3,1,1,1,0
IAG20200124,2025-1,Ingeniería Agroindustrial,2020,Irregular,76.33,86.1,8.33,63.17,3,2,0,0,5,12.0,12.0,4,7,0,2,0,14.65,19.36,1,2,1,2,1,0,0
IAG20200127,2023-1,Ingeniería Agroindustrial,2020,Irregular,85.33,85.33,9.06,72.75,3,0,0,0,3,25.0,25.0,1,6,0,0,0,0.0,9.49,1,2,1,3,1,1,0
IAG20200127,2024-1,Ingeniería Agroindustrial,2020,Irregular,84.88,84.0,12.68,68.4,2,0,0,0,3,10.0,10.0,2,7,0,0,0,-1.33,10.89,1,1,1,2,3,0,0
IAG20200127,2024-2,Ingeniería Agroindustrial,2020,Irregular,81.66,75.2,17.75,69.14,3,1,0,0,3,14.0,14.0,3,7,0,0,0,-9.68,1.82,1,2,1,3,2,1,0
IAG20200157,2022-1,Ingeniería Agroindustrial,2020,Regular,70.0,,0.0,66.78,2,2,0,0,2,4.0,0.0,1,4,0,0,1,,3.19,0,2,0,2,3,0,1
IAG20200157,2022-2,Ingeniería Agroindustrial,2020,Regular,77.3,77.3,3.62,70.54,0,2,0,0,2,10.0,10.0,2,4,0,0,0,0.0,7.29,0,2,0,2,2,0,0
IAG20200157,2023-1,Ingeniería Agroindustrial,2020,Regular,75.5,71.9,5.07,73.57,3,2,0,0,2,4.0,4.0,3,4,0,0,0,-5.4,2.86,0,2,0,2,0,0,0
IAG20200157,2023-2,Ingeniería Agroindustrial,2020,Regular,74.75,72.5,7.25,77.3,1,1,0,0,2,6.0,6.0,4,4,0,0,0,-3.0,8.49,0,2,0,2,1,0,0
IAG20200167,2022-2,Ingeniería Agroindustrial,2020,Regular,95.03,95.03,6.88,75.82,0,2,0,0,2,19.0,19.0,1,5,0,0,0,0.0,3.1,0,2,0,3,0,1,0
IAG20200171,2022-1,Ingeniería Agroindustrial,2020,Irregular,76.8,76.8,1.81,69.93,1,2,0,0,2,5.0,5.0,1,4,0,0,0,0.0,3.48,0,2,0,2,2,1,0
IAG20200171,2022-2,Ingeniería Agroindustrial,2020,Irregular,75.7,74.6,3.62,69.73,3,2,0,0,2,5.0,5.0,2,4,0,0,0,-2.2,6.75,0,1,0,1,3,0,0
IAG20200171,2023-2,Ingeniería Agroindustrial,2020,Irregular,68.97,55.5,3.62,54.97,3,4,2,1,2,5.0,0.0,3,5,1,1,0,-20.2,8.17,2,0,3,0,1,2,0
IAG20200171,2024-2,Ingeniería Agroindustrial,2020,Irregular,73.57,87.4,5.07,71.87,1,0,0,1,3,4.0,4.0,4,6,0,1,0,18.43,7.8,1,0,1,0,1,1,0
IAG20200171,2025-1,Ingeniería Agroindustrial,2020,Irregular,69.1,51.2,5.07,53.29,3,4,2,1,4,5.0,0.0,5,6,1,2,0,-22.37,4.93,3,1,3,1,4,1,0
IAG20200194,2022-1,Ingeniería Agroindustrial,2020,Regular,79.2,79.2,1.81,72.18,2,1,0,0,2,5.0,5.0,1,4,0,0,0,0.0,4.45,0,1,0,1,1,0,0
IAG20200194,2022-2,Ingeniería Agroindustrial,2020,Regular,87.85,96.5,3.99,80.2,1,1,0,0,2,6.0,6.0,2,4,0,0,0,17.3,6.26,0,1,0,1,2,0,0
IAG20200194,2023-2,Ingeniería Agroindustrial,2020,Regular,90.33,95.3,5.43,80.58,1,1,0,0,2,4.0,4.0,3,5,0,0,0,7.45,5.96,0,1,0,1,0,1,0
IAG20200249,2022-1,Ingeniería Agroindustrial,2020,Regular,70.0,,0.0,68.08,0,2,0,0,2,12.0,0.0,1,4,0,0,2,,8.97,0,1,0,1,1,1,1
IAG20200249,2023-1,Ingeniería Agroindustrial,2020,Irregular,57.5,57.5,0.0,59.45,1,4,2,0,3,4.0,0.0,2,5,1,1,0,0.0,7.13,2,0,3,0,2,1,0
IAG20200267,2022-1,Ingeniería Agroindustrial,2020,Regular,80.8,80.8,1.45,79.92,2,0,0,0,2,8.0,4.0,1,4,0,0,1,0.0,4.71,0,2,0,2,0,1,1
IAG20200267,2022-2,Ingeniería Agroindustrial,2020,Regular,80.8,,1.45,79.99,1,0,0,0,2,6.0,0.0,2,4,0,0,1,,8.75,0,2,0,2,1,1,1
IAG20200267,2023-1,Ingeniería Agroindustrial,2020,Regular,78.35,75.9,3.62,73.78,2,0,0,0,2,6.0,6.0,3,4,0,0,0,-4.9,4.18,0,2,0,2,2,0,0
IAG20200290,2022-2,Ingeniería Agroindustrial,2020,Regular,71.13,71.13,4.35,65.12,3,2,0,1,2,16.0,12.0,1,5,1,1,0,0.0,160.71,1,1,1,1,1,0,0
IAG20200290,2023-1,Ingeniería Agroindustrial,2020,Irregular,66.48,61.83,6.16,53.32,4,5,2,1,4,15.0,5.0,2,5,2,3,0,-9.3,216.4,3,1,3,1,1,1,0
IAG20200369,2022-1,Ingeniería Agroindustrial,2020,Regular,85.7,85.7,1.45,80.67,2,2,0,0,2,4.0,4.0,1,4,0,0,0,0.0,3.75,0,2,0,2,2,1,0
IAG20200369,2022-2,Ingeniería Agroindustrial,2020,Regular,87.0,88.3,3.26,77.72,0,0,0,0,2,5.0,5.0,2,4,0,0,0,2.6,7.05,0,2,0,2,1,1,0
IAG20200369,2024-1,Ingeniería Agroindustrial,2020,Irregular,84.1,78.3,5.8,69.1,1,2,0,0,3,7.0,7.0,3,6,0,0,0,-8.7,9.3,1,1,1,1,2,1,0
IAG20200369,2025-1,Ingeniería Agroindustrial,2020,Irregular,83.3,82.5,11.96,69.23,1,0,0,0,3,17.0,17.0,4,7,0,0,0,-1.6,131.55,1,3,1,4,1,1,0
IAG20200376,2022-1,Ingeniería Agroindustrial,2020,Irregular,76.2,76.2,2.17,69.47,1,0,0,0,2,6.0,6.0,1,4,0,0,0,0.0,8.54,0,0,0,0,1,1,0
IAG20200376,2022-2,Ingeniería Agroindustrial,2020,Irregular,75.4,75.13,6.88,67.01,1,3,0,0,3,20.0,13.0,2,4,1,1,0,-1.07,121.44,2,1,2,1,3,0,0
IAG20200376,2023-1,Ingeniería Agroindustrial,2020,Irregular,74.82,72.5,9.42,68.9,3,2,0,0,3,7.0,7.0,3,4,0,1,0,-2.9,8.5,1,1,1,1,2,1,0
IAG20210043,2022-1,Ingeniería Agroindustrial,2021,Regular,74.2,74.2,2.17,74.81,3,0,0,0,1,15.0,6.0,1,2,0,0,2,0.0,2.26,0,1,0,1,0,1,1
IAG20210043,2022-2,Ingeniería Agroindustrial,2021,Regular,81.95,89.7,4.35,86.17,1,0,0,0,1,6.0,6.0,2,2,0,0,0,15.5,2.09,0,2,0,2,2,1,0
IAG20210061,2022-1,Ingeniería Agroindustrial,2021,Regular,81.65,81.65,3.62,75.07,3,2,0,0,1,16.0,10.0,1,2,0,0,1,0.0,11.9,0,2,0,2,3,0,1
IAG20210083,2023-2,Ingeniería Agroindustrial,2021,Irregular,54.15,54.15,0.0,55.4,2,5,2,2,2,11.0,0.0,1,5,2,2,0,0.0,54.02,3,1,3,1,2,0,0
IAG20210083,2024-1,Ingeniería Agroindustrial,2021,Irregular,60.67,73.7,2.54,67.86,1,1,0,2,2,7.0,7.0,2,5,0,2,0,19.55,8.7,0,2,0,2,3,0,0
IAG20210083,2024-2,Ingeniería Agroindustrial,2021,Irregular,59.85,57.4,2.54,59.45,3,4,2,2,3,4.0,0.0,3,5,1,3,0,-3.27,8.24,2,1,3,1,1,1,0
IAG20210083,2025-1,Ingeniería Agroindustrial,2021,Irregular,51.82,19.7,2.54,42.16,3,8,2,2,4,6.0,0.0,4,5,1,4,0,-40.15,6.89,4,1,4,1,3,2,0
IAG20210108,2023-1,Ingeniería Agroindustrial,2021,Regular,71.7,71.7,2.17,74.25,2,0,0,0,2,6.0,6.0,1,4,0,0,0,0.0,4.36,0,1,0,1,3,0,0
IAG20210108,2023-2,Ingeniería Agroindustrial,2021,Regular,73.3,74.1,6.52,71.45,1,1,0,0,2,12.0,12.0,2,4,0,0,0,2.4,3.24,0,0,0,1,3,0,0
IAG20210108,2024-1,Ingeniería Agroindustrial,2021,Regular,74.93,79.8,9.06,77.09,3,1,0,0,2,7.0,7.0,3,4,0,0,0,6.5,3.33,0,2,0,2,0,0,0
IAG20210133,2022-1,Ingeniería Agroindustrial,2021,Regular,70.0,,0.0,76.15,1,2,0,0,1,10.0,0.0,1,2,0,0,2,,6.55,0,2,0,2,1,0,1
IAG20210133,2022-2,Ingeniería Agroindustrial,2021,Regular,76.35,76.35,3.62,74.77,0,2,0,0,1,10.0,10.0,2,2,0,0,0,0.0,14.82,0,2,0,2,1,0,0
IAG20210133,2023-1,Ingeniería Agroindustrial,2021,Regular,83.83,98.8,5.8,83.69,0,2,0,0,1,6.0,6.0,3,2,0,0,0,22.45,9.62,0,0,0,0,1,0,0
IAG20210138,2022-1,Ingeniería Agroindustrial,2021,Regular,79.1,79.1,3.62,84.03,2,1,0,0,1,10.0,10.0,1,2,0,0,0,0.0,37.21,0,2,0,2,1,0,0
IAG20210138,2022-2,Ingeniería Agroindustrial,2021,Regular,78.83,78.3,5.8,78.64,2,1,0,0,1,6.0,6.0,2,2,0,0,0,-0.8,7.24,0,0,0,0,2,0,0
IAG20210176,2022-1,Ingeniería Agroindustrial,2021,Irregular,58.2,58.2,0.0,61.74,3,3,0,0,2,13.0,0.0,1,2,1,1,1,0.0,3.89,2,2,2,2,1,1,1
IAG20210176,2022-2,Ingeniería Agroindustrial,2021,Irregular,58.2,,0.0,70.17,0,3,0,0,2,6.0,0.0,2,2,0,1,1,,4.54,1,2,1,2,2,1,1
IAG20210176,2023-1,Ingeniería Agroindustrial,2021,Irregular,69.8,81.4,2.17,74.93,1,1,0,0,2,6.0,6.0,3,2,0,1,0,23.2,7.9,0,1,0,1,3,0,0
IAG20210176,2023-2,Ingeniería Agroindustrial,2021,Regular,71.0,73.4,4.71,77.07,1,1,0,0,2,7.0,7.0,4,2,0,1,0,3.6,7.46,0,1,0,1,2,0,0
IAG20210176,2024-1,Ingeniería Agroindustrial,2021,Irregular,62.05,53.1,4.71,44.95,4,5,2,0,5,14.0,0.0,5,2,3,4,0,-17.9,34.46,5,0,5,0,2,1,0
IAG20210196,2022-1,Ingeniería Agroindustrial,2021,Irregular,62.4,62.4,0.0,65.6,2,3,0,0,2,6.0,0.0,1,2,1,1,0,0.0,6.38,2,1,2,1,1,0,0
IAG20210196,2022-2,Ingeniería Agroindustrial,2021,Irregular,71.05,79.7,1.81,77.17,1,0,0,0,2,5.0,5.0,2,2,0,1,0,17.3,9.78,0,1,0,1,2,0,0
IAG20210196,2023-1,Ingeniería Agroindustrial,2021,Irregular,76.27,86.7,3.99,80.16,0,1,0,0,2,6.0,6.0,3,2,0,1,0,15.65,9.5,0,0,0,0,2,0,0
IAG20210196,2023-2,Ingeniería Agroindustrial,2021,Irregular,79.2,83.6,7.61,81.43,1,0,0,0,2,10.0,10.0,4,2,0,1,0,7.33,23.04,0,1,0,2,2,1,0
IAG20210196,2024-1,Ingeniería Agroindustrial,2021,Irregular,77.96,74.85,11.23,71.33,3,0,0,0,2,10.0,10.0,5,2,0,1,0,-4.35,2.1,0,2,0,2,1,0,0
IAG20210215,2022-1,Ingeniería Agroindustrial,2021,Irregular,65.9,65.9,0.0,66.01,2,4,0,0,2,16.0,0.0,1,2,1,1,2,0.0,8.44,2,2,2,2,1,1,1
IAG20210238,2022-1,Ingeniería Agroindustrial,2021,Regular,74.1,74.1,2.9,81.13,2,2,0,0,1,8.0,8.0,1,2,0,0,0,0.0,5.18,0,1,0,1,2,1,0
IAG20210238,2022-2,Ingeniería Agroindustrial,2021,Regular,85.23,90.8,7.61,82.87,1,2,0,0,1,17.0,13.0,2,2,0,0,1,16.7,4.84,0,0,0,1,2,1,1
IAG20210238,2023-1,Ingeniería Agroindustrial,2021,Regular,83.17,77.0,9.42,78.46,2,0,0,0,1,5.0,5.0,3,2,0,0,0,-8.23,6.74,0,2,0,2,2,0,0
IAG20210238,2023-2,Ingeniería Agroindustrial,2021,Regular,81.3,73.8,11.96,81.45,0,2,0,0,1,7.0,7.0,4,2,0,0,0,-9.38,7.57,0,0,0,0,1,1,0
IAG20210238,2024-1,Ingeniería Agroindustrial,2021,Regular,80.6,77.1,13.77,78.49,1,2,0,0,1,5.0,5.0,5,2,0,0,0,-4.2,9.82,0,2,0,2,1,0,0
IAG20210238,2024-2,Ingeniería Agroindustrial,2021,Regular,79.43,72.4,15.94,76.09,3,0,0,0,1,6.0,6.0,6,2,0,0,0,-8.2,3.35,0,2,0,2,2,0,0
IAG20210315,2022-2,Ingeniería Agroindustrial,2021,Regular,82.2,82.2,1.45,82.64,0,2,0,0,1,4.0,4.0,1,3,0,0,0,0.0,4.22,0,0,0,0,2,1,0
IAG20210315,2023-1,Ingeniería Agroindustrial,2021,Regular,80.8,80.1,5.07,77.27,0,1,0,0,1,10.0,10.0,2,3,0,0,0,-2.1,0.25,0,2,0,2,0,0,0
IAG20210315,2023-2,Ingeniería Agroindustrial,2021,Regular,82.5,87.6,6.52,83.12,1,1,0,0,1,4.0,4.0,3,3,0,0,0,6.8,7.73,0,2,0,2,0,1,0
IAG20210316,2022-1,Ingeniería Agroindustrial,2021,Regular,76.85,76.85,4.35,78.17,2,2,0,0,1,12.0,12.0,1,2,0,0,0,0.0,0.06,0,0,0,1,0,1,0
IAG20210316,2022-2,Ingeniería Agroindustrial,2021,Regular,78.8,82.7,5.8,80.38,1,2,0,0,1,4.0,4.0,2,2,0,0,0,5.85,5.61,0,0,0,0,0,0,0
IAG20210339,2022-1,Ingeniería Agroindustrial,2021,Regular,71.6,71.6,1.81,72.66,1,2,0,0,1,11.0,5.0,1,2,0,0,1,0.0,4.99,0,0,0,0,2,1,1
IAG20210339,2023-1,Ingeniería Agroindustrial,2021,Irregular,54.23,45.55,1.81,48.52,3,7,2,0,3,10.0,0.0,2,3,2,2,0,-26.05,11.22,4,2,4,2,2,2,0
IAG20210339,2023-2,Ingeniería Agroindustrial,2021,Irregular,58.18,64.1,3.99,60.29,3,2,0,0,4,10.0,6.0,3,3,1,3,0,9.87,121.0,2,0,2,0,3,1,0
IAG20210339,2024-1,Ingeniería Agroindustrial,2021,Irregular,58.35,59.2,3.99,56.82,1,3,2,1,4,6.0,0.0,4,3,1,4,0,1.02,2.24,2,0,3,0,2,2,0
IAG20210339,2024-2,Ingeniería Agroindustrial,2021,Irregular,59.09,63.5,3.99,63.41,1,2,0,2,4,6.0,0.0,5,3,1,5,0,5.15,7.65,2,2,2,2,2,0,0
IAG20210345,2022-1,Ingeniería Agroindustrial,2021,Regular,70.0,,0.0,71.11,2,1,0,0,1,8.0,0.0,1,2,0,0,1,,3.31,0,1,0,1,3,1,1
IAG20210345,2023-1,Ingeniería Agroindustrial,2021,Regular,82.4,82.4,2.17,82.38,1,0,0,0,1,6.0,6.0,2,3,0,0,0,0.0,7.74,0,2,0,2,0,1,0
IAG20210345,2023-2,Ingeniería Agroindustrial,2021,Regular,83.35,84.3,3.62,77.45,0,1,0,0,1,4.0,4.0,3,3,0,0,0,1.9,5.45,0,2,0,2,1,0,0
IAG20210355,2022-2,Ingeniería Agroindustrial,2021,Regular,90.8,90.8,2.9,83.48,1,0,0,0,1,8.0,8.0,1,3,0,0,0,0.0,3.09,0,2,0,2,0,1,0
IAG20210355,2023-1,Ingeniería Agroindustrial,2021,Regular,77.97,71.55,5.43,71.33,3,2,0,1,1,13.0,7.0,2,3,1,1,0,-19.25,11.9,1,0,1,0,3,0,0
IAG20210355,2024-1,Ingeniería Agroindustrial,2021,Regular,77.8,77.3,7.25,72.43,2,1,0,1,2,5.0,5.0,3,4,0,1,0,-0.67,2.88,0,1,0,1,3,1,0
IAG20210355,2025-1,Ingeniería Agroindustrial,2021,Regular,79.83,82.53,13.04,76.45,2,0,0,1,2,16.0,16.0,4,5,0,1,0,4.73,24.87,0,3,0,4,2,0,0
IAG20210361,2022-1,Ingeniería Agroindustrial,2021,Regular,81.9,81.9,2.54,81.39,0,0,0,0,1,14.0,7.0,1,2,0,0,1,0.0,6.79,0,2,0,2,0,0,1
IAG20210361,2022-2,Ingeniería Agroindustrial,2021,Regular,84.5,87.1,3.99,81.01,2,1,0,0,1,4.0,4.0,2,2,0,0,0,5.2,5.35,0,2,0,2,0,1,0
IAG20210361,2023-1,Ingeniería Agroindustrial,2021,Regular,88.67,97.0,6.16,82.76,2,0,0,0,1,6.0,6.0,3,2,0,0,0,12.5,6.95,0,2,0,2,2,1,0
IAG20210361,2023-2,Ingeniería Agroindustrial,2021,Regular,90.38,92.95,9.78,84.73,2,0,0,0,1,10.0,10.0,4,2,0,0,0,4.28,49.7,0,2,0,2,0,1,0
IAG20210386,2022-1,Ingeniería Agroindustrial,2021,Regular,83.4,83.4,1.81,75.63,0,0,0,0,1,5.0,5.0,1,2,0,0,0,0.0,8.16,0,0,0,0,1,0,0
IAG20210386,2022-2,Ingeniería Agroindustrial,2021,Regular,84.73,85.4,5.43,83.59,2,2,0,0,1,15.0,10.0,2,2,0,0,1,2.0,121.0,0,2,0,2,1,1,1
IAG20210386,2023-2,Ingeniería Agroindustrial,2021,Regular,82.14,78.25,9.42,82.44,1,0,0,0,1,11.0,11.0,3,3,0,0,0,-6.48,58.52,0,1,0,2,1,0,0
IAG20210386,2024-1,Ingeniería Agroindustrial,2021,Regular,84.57,96.7,10.87,82.24,1,0,0,0,1,4.0,4.0,4,3,0,0,0,14.56,3.74,0,1,0,1,1,0,0
IAG20210386,2024-2,Ingeniería Agroindustrial,2021,Regular,83.34,76.0,13.04,75.21,2,2,0,0,1,6.0,6.0,5,3,0,0,0,-8.57,9.36,0,1,0,1,2,0,0
IAG20220048,2022-2,Ingeniería Agroindustrial,2022,Irregular,71.4,71.4,2.54,83.54,1,0,0,0,0,7.0,7.0,1,1,0,0,0,0.0,6.39,0,2,0,2,2,0,0
IAG20220048,2023-2,Ingeniería Agroindustrial,2022,Irregular,71.3,71.2,4.71,75.66,2,2,0,0,1,6.0,6.0,2,2,0,0,0,-0.2,5.71,0,2,0,2,3,1,0
IAG20220048,2024-1,Ingeniería Agroindustrial,2022,Irregular,76.58,81.85,8.33,76.43,0,2,0,0,1,10.0,10.0,3,2,0,0,0,10.55,113.42,0,0,0,1,0,1,0
IAG20220062,2022-1,Ingeniería Agroindustrial,2022,Regular,77.9,77.9,2.17,78.98,1,0,0,0,0,12.0,6.0,1,0,0,0,1,0.0,6.78,0,0,0,0,2,1,1
IAG20220062,2022-2,Ingeniería Agroindustrial,2022,Regular,87.1,96.3,4.71,93.49,1,0,0,0,0,12.0,7.0,2,0,0,0,1,18.4,5.68,0,2,0,2,2,1,1
IAG20220062,2023-1,Ingeniería Agroindustrial,2022,Regular,86.12,85.15,9.42,87.58,1,2,0,0,0,13.0,13.0,3,0,0,0,0,-1.95,5.06,0,0,0,1,1,0,0
IAG20220062,2023-2,Ingeniería Agroindustrial,2022,Regular,86.38,87.4,10.87,84.37,1,0,0,0,0,4.0,4.0,4,0,0,0,0,1.28,7.47,0,0,0,0,0,1,0
IAG20220072,2022-1,Ingeniería Agroindustrial,2022,Irregular,82.85,82.85,4.35,88.64,0,0,0,0,0,12.0,12.0,1,0,0,0,0,0.0,0.2,0,2,0,2,0,0,0
IAG20220072,2022-2,Ingeniería Agroindustrial,2022,Irregular,84.4,87.5,6.52,88.44,1,2,0,0,0,6.0,6.0,2,0,0,0,0,4.65,9.29,0,2,0,2,1,1,0
IAG20220087,2022-1,Ingeniería Agroindustrial,2022,Regular,70.0,,0.0,79.36,0,1,0,0,0,6.0,0.0,1,0,0,0,1,,5.96,0,2,0,2,0,1,1
IAG20220087,2022-2,Ingeniería Agroindustrial,2022,Regular,82.4,82.4,2.17,81.49,1,2,0,0,0,6.0,6.0,2,0,0,0,0,0.0,2.37,0,1,0,1,0,1,0
IAG20220087,2024-1,Ingeniería Agroindustrial,2022,Regular,78.87,77.1,6.52,81.38,2,1,0,0,1,12.0,12.0,3,2,0,0,0,-5.3,0.01,0,1,0,2,2,0,0
IAG20220087,2024-2,Ingeniería Agroindustrial,2022,Regular,76.0,67.4,6.52,66.83,3,2,0,0,2,6.0,0.0,4,2,1,1,0,-11.47,7.83,2,2,2,2,2,1,0
IAG20220087,2025-1,Ingeniería Agroindustrial,2022,Regular,78.27,81.3,12.32,80.78,2,0,0,0,2,16.0,16.0,5,2,0,1,0,5.3,17.13,0,1,0,2,1,0,0
IAG20220113,2022-1,Ingeniería Agroindustrial,2022,Irregular,61.3,61.3,0.0,57.86,1,5,2,0,2,10.0,0.0,1,0,2,2,0,0.0,25.0,3,2,3,2,3,1,0
IAG20220113,2022-2,Ingeniería Agroindustrial,2022,Irregular,57.9,51.1,0.0,60.32,3,5,0,0,3,6.0,0.0,2,0,1,3,0,-10.2,6.79,2,0,2,0,1,0,0
IAG20220113,2023-1,Ingeniería Agroindustrial,2022,Irregular,59.48,61.85,2.17,65.56,1,3,0,0,4,13.0,6.0,3,0,1,4,0,3.95,68.06,2,1,2,1,1,0,0
IAG20220113,2023-2,Ingeniería Agroindustrial,2022,Irregular,58.8,57.1,2.17,51.35,3,3,2,1,5,10.0,0.0,4,0,2,6,0,-2.38,0.81,4,1,4,1,4,2,0
IAG20220113,2024-1,Ingeniería Agroindustrial,2022,Irregular,58.42,55.8,2.17,51.96,3,3,2,1,6,4.0,0.0,5,0,1,7,0,-3.0,7.65,3,1,3,1,3,1,0
IAG20220116,2022-2,Ingeniería Agroindustrial,2022,Egresado,77.0,77.0,1.81,89.07,2,2,0,0,0,5.0,5.0,1,1,0,0,0,0.0,5.91,0,2,0,2,1,0,0
IAG20220116,2023-1,Ingeniería Agroindustrial,2022,Egresado,84.05,91.1,4.71,89.93,1,1,0,0,0,8.0,8.0,2,1,0,0,0,14.1,7.39,0,2,0,2,1,1,0
IAG20220116,2024-2,Ingeniería Agroindustrial,2022,Egresado,80.88,77.7,9.42,80.66,1,2,0,0,1,13.0,13.0,3,3,0,0,0,-6.35,6.25,0,2,0,2,0,1,0
IAG20220116,2025-1,Ingeniería Agroindustrial,2022,Egresado,80.38,78.4,11.59,84.65,2,1,0,0,1,6.0,6.0,4,3,0,0,0,-2.47,6.39,0,2,0,2,2,1,0
IAG20220135,2022-1,Ingeniería Agroindustrial,2022,Regular,73.8,73.8,2.17,82.8,1,0,0,0,0,6.0,6.0,1,0,0,0,0,0.0,4.85,0,2,0,2,1,1,0
IAG20220135,2022-2,Ingeniería Agroindustrial,2022,Regular,79.3,84.8,4.35,81.68,1,2,0,0,0,6.0,6.0,2,0,0,0,0,11.0,4.3,0,0,0,0,1,1,0
IAG20220135,2023-2,Ingeniería Agroindustrial,2022,Regular,78.47,77.65,8.7,83.21,1,0,0,0,0,12.0,12.0,3,1,0,0,0,-1.65,9.3,0,1,0,2,2,0,0
IAG20220135,2024-2,Ingeniería Agroindustrial,2022,Regular,80.7,83.67,14.13,79.77,2,2,0,0,1,15.0,15.0,4,2,0,0,0,5.19,15.61,0,2,0,3,1,1,0
IAG20220135,2025-1,Ingeniería Agroindustrial,2022,Regular,79.85,73.9,16.3,75.73,3,0,0,0,1,6.0,6.0,5,2,0,0,0,-6.8,8.32,0,0,0,0,0,1,0
IAG20220148,2022-1,Ingeniería Agroindustrial,2022,Regular,89.4,89.4,2.17,90.11,0,2,0,0,0,6.0,6.0,1,0,0,0,0,0.0,7.37,0,2,0,2,0,0,0
IAG20220148,2022-2,Ingeniería Agroindustrial,2022,Regular,89.4,,2.17,82.59,0,1,0,0,0,6.0,0.0,2,0,0,0,1,,6.46,0,0,0,0,2,0,1
IAG20220148,2023-1,Ingeniería Agroindustrial,2022,Regular,91.15,92.9,4.71,88.13,1,0,0,0,0,7.0,7.0,3,0,0,0,0,3.5,2.47,0,2,0,2,1,0,0
IAG20220148,2023-2,Ingeniería Agroindustrial,2022,Regular,85.5,79.85,8.33,81.52,2,2,0,0,0,10.0,10.0,4,0,0,0,0,-11.3,41.6,0,0,0,1,2,0,0
IAG20220223,2022-1,Ingeniería Agroindustrial,2022,Regular,73.7,73.7,2.17,80.99,0,2,0,0,0,16.0,6.0,1,0,0,0,2,0.0,9.62,0,2,0,2,0,0,1
IAG20220229,2023-1,Ingeniería Agroindustrial,2022,Egresado,60.3,60.3,0.0,74.54,1,4,0,1,1,7.0,0.0,1,2,1,1,0,0.0,3.79,2,2,2,2,0,0,0
IAG20220229,2024-1,Ingeniería Agroindustrial,2022,Egresado,65.3,70.3,1.81,83.52,1,2,0,1,1,5.0,5.0,2,3,0,1,0,10.0,5.67,0,1,0,1,2,0,0
IAG20220229,2025-1,Ingeniería Agroindustrial,2022,Egresado,76.65,88.0,6.16,78.89,1,1,0,1,2,12.0,12.0,3,4,0,1,0,22.7,6.76,0,2,0,2,2,1,0
IAG20220232,2022-1,Ingeniería Agroindustrial,2022,Irregular,77.4,77.4,3.62,85.11,0,2,0,0,0,10.0,10.0,1,0,0,0,0,0.0,0.25,0,1,0,2,1,0,0
IAG20220232,2023-1,Ingeniería Agroindustrial,2022,Irregular,80.9,87.9,5.8,86.89,2,0,0,0,0,6.0,6.0,2,1,0,0,0,10.5,9.74,0,1,0,1,2,1,0
IAG20220232,2024-1,Ingeniería Agroindustrial,2022,Irregular,77.54,72.5,9.78,75.94,1,1,0,0,1,11.0,11.0,3,2,0,0,0,-8.4,2.89,0,0,0,1,2,0,0
IAG20220232,2025-1,Ingeniería Agroindustrial,2022,Irregular,80.39,83.95,17.03,75.76,0,2,0,0,1,20.0,20.0,4,3,0,0,0,6.41,49.32,0,3,0,4,1,0,0
IAG20220242,2022-1,Ingeniería Agroindustrial,2022,Regular,81.65,81.65,3.62,81.52,1,2,0,0,0,14.0,10.0,1,0,0,0,1,0.0,6.5,0,0,0,1,1,1,1
IAG20220244,2022-2,Ingeniería Agroindustrial,2022,Regular,80.23,80.23,6.88,86.51,1,1,0,0,0,19.0,19.0,1,1,0,0,0,0.0,42.14,0,1,0,2,1,0,0
IAG20220244,2023-1,Ingeniería Agroindustrial,2022,Regular,80.03,79.4,8.7,80.16,1,0,0,0,0,5.0,5.0,2,1,0,0,0,-0.83,7.43,0,1,0,1,1,1,0
IAG20220244,2023-2,Ingeniería Agroindustrial,2022,Regular,82.3,91.4,10.87,90.26,1,2,0,0,0,6.0,6.0,3,1,0,0,0,11.38,2.36,0,2,0,2,2,0,0
IAG20220244,2024-1,Ingeniería Agroindustrial,2022,Regular,81.87,79.7,12.32,86.74,2,0,0,0,0,4.0,4.0,4,1,0,0,0,-2.6,9.37,0,2,0,2,1,1,0
IAG20220258,2022-2,Ingeniería Agroindustrial,2022,Regular,82.7,82.7,2.9,86.94,0,0,0,0,0,8.0,8.0,1,1,0,0,0,0.0,3.3,0,1,0,1,2,0,0
IAG20220258,2023-1,Ingeniería Agroindustrial,2022,Regular,83.0,83.3,5.07,88.12,0,2,0,0,0,6.0,6.0,2,1,0,0,0,0.6,9.57,0,0,0,0,2,1,0
IAG20220258,2023-2,Ingeniería Agroindustrial,2022,Regular,79.83,76.65,8.7,80.91,2,0,0,0,0,10.0,10.0,3,1,0,0,0,-6.35,0.02,0,0,0,1,0,1,0
IAG20220258,2024-2,Ingeniería Agroindustrial,2022,Regular,79.3,77.2,10.87,76.55,1,2,0,0,1,6.0,6.0,4,2,0,0,0,-2.62,8.64,0,0,0,0,1,1,0
IAG20220258,2025-1,Ingeniería Agroindustrial,2022,Regular,77.41,74.27,15.22,70.69,2,2,0,1,1,16.0,12.0,5,2,1,1,0,-5.03,60.27,1,0,1,0,1,1,0
IAG20220262,2022-2,Ingeniería Agroindustrial,2022,Regular,85.5,85.5,2.17,81.33,1,1,0,0,0,18.0,6.0,1,1,0,0,2,0.0,8.57,0,2,0,2,2,1,1
IAG20220262,2023-1,Ingeniería Agroindustrial,2022,Regular,82.45,79.4,3.62,80.56,1,2,0,0,0,4.0,4.0,2,1,0,0,0,-6.1,2.49,0,1,0,1,0,0,0
IAG20220262,2023-2,Ingeniería Agroindustrial,2022,Regular,87.17,96.6,5.8,83.95,0,2,0,0,0,6.0,6.0,3,1,0,0,0,14.15,3.39,0,1,0,1,2,0,0
IAG20220262,2024-1,Ingeniería Agroindustrial,2022,Regular,86.78,85.6,7.25,82.81,0,1,0,0,0,4.0,4.0,4,1,0,0,0,-1.57,5.92,0,0,0,0,1,0,0
IAG20220264,2022-1,Ingeniería Agroindustrial,2022,Regular,70.0,,0.0,85.02,2,0,0,0,0,4.0,0.0,1,0,0,0,1,,6.81,0,0,0,0,2,1,1
IAG20220264,2022-2,Ingeniería Agroindustrial,2022,Regular,78.4,78.4,2.54,79.26,0,2,0,0,0,13.0,7.0,2,0,0,0,1,0.0,9.81,0,2,0,2,1,1,1
IAG20220264,2023-1,Ingeniería Agroindustrial,2022,Regular,82.5,83.87,9.06,84.38,2,2,0,0,0,18.0,18.0,3,0,0,0,0,5.47,2.88,0,1,0,2,0,0,0
IAG20220276,2022-1,Ingeniería Agroindustrial,2022,Baja Temporal,79.7,79.7,2.17,50.19,3,1,3,0,0,6.0,6.0,1,0,0,0,0,0.0,4.8,0,1,2,1,4,2,0
IAG20220276,2023-1,Ingeniería Agroindustrial,2022,Baja Temporal,78.9,78.5,6.88,56.04,3,1,3,0,0,13.0,13.0,2,1,0,0,0,-1.2,0.09,0,2,2,2,3,2,0
IAG20220276,2024-1,Ingeniería Agroindustrial,2022,Baja Temporal,82.4,92.9,9.06,51.55,2,2,3,0,1,6.0,6.0,3,2,0,0,0,14.0,2.13,0,2,2,2,1,0,0
IAG20220276,2024-2,Ingeniería Agroindustrial,2022,Baja Temporal,80.88,74.8,11.23,43.49,3,2,3,0,1,6.0,6.0,4,2,0,0,0,-7.6,7.36,0,2,2,2,3,2,0
IAG20220279,2022-1,Ingeniería Agroindustrial,2022,Regular,70.0,,0.0,77.42,0,1,0,0,0,4.0,0.0,1,0,0,0,1,,8.39,0,2,0,2,3,0,1
IAG20220279,2023-2,Ingeniería Agroindustrial,2022,Regular,86.9,86.9,2.17,86.13,0,2,0,0,1,6.0,6.0,2,2,0,0,0,0.0,3.44,0,1,0,1,2,1,0
IAG20220279,2024-2,Ingeniería Agroindustrial,2022,Regular,87.05,87.2,3.62,81.99,2,1,0,0,1,4.0,4.0,3,3,0,0,0,0.3,2.06,0,1,0,1,0,1,0
IAG20220279,2025-1,Ingeniería Agroindustrial,2022,Regular,82.43,73.2,5.8,76.27,0,1,0,0,1,6.0,6.0,4,3,0,0,0,-13.85,8.36,0,0,0,0,0,1,0
IAG20220280,2022-1,Ingeniería Agroindustrial,2022,Regular,89.5,89.5,2.17,87.97,0,0,0,0,0,6.0,6.0,1,0,0,0,0,0.0,7.39,0,0,0,0,0,0,0
IAG20220280,2022-2,Ingeniería Agroindustrial,2022,Regular,79.6,69.7,2.17,73.17,1,1,0,1,0,4.0,0.0,2,0,1,1,0,-19.8,9.88,1,2,1,2,1,1,0
IAG20220280,2023-1,Ingeniería Agroindustrial,2022,Regular,80.48,80.93,10.14,88.91,2,0,0,1,0,22.0,22.0,3,0,0,1,0,1.33,58.88,0,3,0,4,0,0,0
IAG20220289,2023-2,Ingeniería Agroindustrial,2022,Regular,73.3,73.3,6.16,75.94,1,0,0,0,1,17.0,17.0,1,3,0,0,0,0.0,4.34,0,2,0,3,0,1,0
IAG20220289,2024-1,Ingeniería Agroindustrial,2022,Regular,76.78,82.0,9.78,82.57,2,2,0,0,1,10.0,10.0,2,3,0,0,0,8.7,10.24,0,1,0,2,1,1,0
IAG20220289,2024-2,Ingeniería Agroindustrial,2022,Regular,77.33,80.1,11.96,75.25,0,0,0,0,1,6.0,6.0,3,3,0,0,0,3.32,9.14,0,0,0,0,2,1,0
IAG20220371,2022-1,Ingeniería Agroindustrial,2022,Irregular,46.5,46.5,0.0,67.96,0,3,0,0,1,10.0,0.0,1,0,1,1,1,0.0,8.71,2,0,2,0,3,1,1
IAG20220371,2022-2,Ingeniería Agroindustrial,2022,Irregular,48.93,50.15,0.0,51.97,3,4,2,1,2,11.0,0.0,2,0,2,3,0,3.65,13.32,3,2,3,2,4,2,0
IAG20220371,2023-1,Ingeniería Agroindustrial,2022,Irregular,47.7,44.0,0.0,55.18,3,4,2,1,3,4.0,0.0,3,0,1,4,0,-4.93,4.65,3,2,3,2,4,2,0
IAG20220371,2023-2,Ingeniería Agroindustrial,2022,Irregular,48.36,51.0,0.0,61.38,2,4,0,2,3,6.0,0.0,4,0,1,5,0,3.3,2.74,2,0,2,0,2,2,0
IAG20220382,2022-1,Ingeniería Agroindustrial,2022,Regular,72.7,72.7,1.45,85.57,0,0,0,0,0,4.0,4.0,1,0,0,0,0,0.0,3.87,0,2,0,2,2,1,0
IAG20220382,2022-2,Ingeniería Agroindustrial,2022,Regular,75.83,77.4,3.62,70.28,1,1,0,0,1,16.0,6.0,2,0,1,1,1,4.7,92.16,1,2,1,2,1,0,1
IAG20220382,2023-1,Ingeniería Agroindustrial,2022,Regular,76.97,78.1,9.06,76.98,1,0,0,0,1,15.0,15.0,3,0,0,1,0,2.27,7.94,0,2,0,3,2,0,0
IAG20220382,2023-2,Ingeniería Agroindustrial,2022,Regular,77.33,79.5,11.23,79.35,1,1,0,0,1,6.0,6.0,4,0,0,1,0,2.53,9.39,0,0,0,0,0,1,0
IAG20220383,2024-1,Ingeniería Agroindustrial,2022,Egresado,75.0,75.0,2.17,76.45,2,2,0,0,2,6.0,6.0,1,4,0,0,0,0.0,5.91,0,1,0,1,2,1,0
IAG20220383,2025-1,Ingeniería Agroindustrial,2022,Egresado,79.2,81.3,6.52,79.09,2,1,0,0,2,12.0,12.0,2,5,0,0,0,6.3,54.76,0,0,0,1,2,0,0
IAG20220384,2023-1,Ingeniería Agroindustrial,2022,Irregular,82.0,82.0,2.9,76.13,2,1,0,0,1,8.0,8.0,1,2,0,0,0,0.0,6.66,0,2,0,2,1,1,0
IAG20220384,2025-1,Ingeniería Agroindustrial,2022,Irregular,76.3,73.45,5.07,64.05,3,3,0,0,3,12.0,6.0,2,5,1,1,0,-8.55,37.82,2,1,2,1,2,1,0
IAG20230002,2022-1,Ingeniería Agroindustrial,2023,Regular,75.3,75.3,2.54,77.72,2,0,0,0,0,7.0,7.0,1,0,0,0,0,0.0,2.02,0,1,0,1,0,0,0
IAG20230002,2022-2,Ingeniería Agroindustrial,2023,Regular,75.3,,2.54,85.42,2,2,0,0,0,6.0,0.0,2,0,0,0,1,,3.8,0,1,0,1,0,1,1
IAG20230002,2023-1,Ingeniería Agroindustrial,2023,Regular,72.1,70.5,4.71,69.08,2,3,0,0,1,13.0,6.0,3,0,1,1,0,-4.8,54.76,1,0,1,0,2,0,0
IAG20230002,2023-2,Ingeniería Agroindustrial,2023,Regular,71.5,69.7,4.71,69.97,1,3,0,0,2,4.0,0.0,4,0,1,2,0,-2.4,5.81,1,2,1,2,2,0,0
IAG20230002,2024-1,Ingeniería Agroindustrial,2023,Regular,71.68,72.4,6.88,78.52,0,2,0,0,2,6.0,6.0,5,0,0,2,0,0.9,7.18,0,0,0,0,0,0,0
IAG20230024,2022-1,Ingeniería Agroindustrial,2023,Regular,70.0,,0.0,80.94,0,0,0,0,0,6.0,0.0,1,0,0,0,1,,7.81,0,1,0,1,0,1,1
IAG20230024,2022-2,Ingeniería Agroindustrial,2023,Irregular,68.6,68.6,0.0,73.78,0,2,0,0,1,5.0,0.0,2,0,1,1,0,0.0,6.87,1,2,1,2,1,0,0
IAG20230024,2023-1,Ingeniería Agroindustrial,2023,Regular,73.87,76.5,4.35,83.42,0,2,0,0,1,12.0,12.0,3,0,0,1,0,7.9,2.56,0,2,0,2,1,0,0
IAG20230024,2023-2,Ingeniería Agroindustrial,2023,Regular,74.88,77.9,6.52,80.25,1,1,0,0,1,6.0,6.0,4,0,0,1,0,4.03,7.94,0,2,0,2,2,1,0
IAG20230024,2024-1,Ingeniería Agroindustrial,2023,Regular,76.42,79.5,10.87,77.68,2,2,0,0,1,12.0,12.0,5,0,0,1,0,4.62,0.09,0,0,0,1,1,0,0
IAG20230024,2024-2,Ingeniería Agroindustrial,2023,Regular,78.3,89.6,12.68,85.68,2,2,0,0,1,5.0,5.0,6,0,0,1,0,13.18,5.4,0,1,0,1,1,0,0
IAG20230030,2022-2,Ingeniería Agroindustrial,2023,Irregular,66.4,66.4,0.0,72.35,0,2,0,0,1,5.0,0.0,1,0,1,1,0,0.0,6.21,1,1,1,1,3,1,0
IAG20230030,2024-1,Ingeniería Agroindustrial,2023,Irregular,67.9,69.4,0.0,65.34,2,3,0,0,2,5.0,0.0,2,1,1,2,0,3.0,9.74,1,1,1,1,3,0,0
IAG20230030,2025-1,Ingeniería Agroindustrial,2023,Irregular,77.47,96.6,1.81,83.69,0,1,0,0,3,5.0,5.0,3,2,0,2,0,28.7,2.33,1,1,1,1,2,0,0
IAG20230074,2023-1,Ingeniería Agroindustrial,2023,Regular,79.9,79.9,2.9,83.81,1,0,0,0,0,8.0,8.0,1,0,0,0,0,0.0,3.5,0,2,0,2,1,0,0
IAG20230074,2023-2,Ingeniería Agroindustrial,2023,Regular,80.45,81.0,5.07,80.25,1,1,0,0,0,6.0,6.0,2,0,0,0,0,1.1,4.27,0,1,0,1,0,0,0
IAG20230074,2024-1,Ingeniería Agroindustrial,2023,Regular,81.03,82.2,6.52,86.04,1,1,0,0,0,4.0,4.0,3,0,0,0,0,1.75,4.76,0,2,0,2,2,0,0
IAG20230074,2025-1,Ingeniería Agroindustrial,2023,Regular,83.3,86.7,10.14,86.76,1,0,0,0,0,10.0,10.0,4,1,0,0,0,5.67,176.89,0,2,0,2,2,0,0
IAG20230105,2022-1,Ingeniería Agroindustrial,2023,Irregular,68.5,68.5,0.0,72.76,0,3,0,0,1,13.0,0.0,1,0,1,1,1,0.0,7.57,1,2,1,2,1,1,1
IAG20230105,2022-2,Ingeniería Agroindustrial,2023,Irregular,60.93,57.15,0.0,60.52,2,3,1,0,3,11.0,0.0,2,0,2,3,0,-11.35,74.82,3,0,3,0,3,2,0
IAG20230105,2023-2,Ingeniería Agroindustrial,2023,Irregular,57.0,45.2,0.0,61.77,3,4,0,1,3,6.0,0.0,3,0,1,4,0,-15.73,5.36,3,0,2,0,3,0,0
IAG20230105,2024-1,Ingeniería Agroindustrial,2023,Irregular,61.15,69.45,2.17,64.71,1,2,0,1,4,10.0,6.0,4,0,1,5,0,12.45,83.72,2,2,2,2,2,1,0
IAG20230105,2025-1,Ingeniería Agroindustrial,2023,Irregular,62.01,67.2,2.17,59.39,2,1,2,1,5,6.0,0.0,5,0,1,6,0,6.05,6.26,2,1,3,1,2,2,0
IAG20230140,2022-1,Ingeniería Agroindustrial,2023,Regular,70.0,,0.0,80.6,1,0,0,0,0,6.0,0.0,1,0,0,0,1,,8.13,0,1,0,1,2,1,1
IAG20230140,2022-2,Ingeniería Agroindustrial,2023,Regular,70.0,,0.0,82.7,2,0,0,0,0,4.0,0.0,2,0,0,0,1,,9.69,0,0,0,0,2,0,1
IAG20230140,2023-1,Ingeniería Agroindustrial,2023,Regular,90.2,90.2,1.45,91.57,0,0,0,0,0,4.0,4.0,3,0,0,0,0,0.0,6.78,0,2,0,2,2,0,0
IAG20230141,2022-1,Ingeniería Agroindustrial,2023,Regular,84.7,84.7,4.35,85.71,0,1,0,0,0,12.0,12.0,1,0,0,0,0,0.0,0.01,0,1,0,2,0,1,0
IAG20230141,2022-2,Ingeniería Agroindustrial,2023,Regular,84.7,,4.35,85.7,2,0,0,0,0,6.0,0.0,2,0,0,0,1,,8.3,0,0,0,0,1,1,1
IAG20230155,2022-1,Ingeniería Agroindustrial,2023,Regular,100.0,100.0,2.17,86.11,1,0,0,0,0,6.0,6.0,1,0,0,0,0,0.0,9.09,0,1,0,1,2,1,0
IAG20230155,2022-2,Ingeniería Agroindustrial,2023,Regular,89.85,86.47,7.25,84.23,2,2,0,0,0,14.0,14.0,2,0,0,0,0,-13.53,43.06,0,3,0,4,1,0,0
IAG20230179,2022-2,Ingeniería Agroindustrial,2023,Regular,92.2,92.2,2.9,86.54,0,0,0,0,0,8.0,8.0,1,0,0,0,0,0.0,5.3,0,2,0,2,1,0,0
IAG20230179,2023-2,Ingeniería Agroindustrial,2023,Regular,90.0,87.8,5.43,81.96,2,1,0,0,0,7.0,7.0,2,0,0,0,0,-4.4,5.09,0,2,0,2,2,1,0
IAG20230179,2024-1,Ingeniería Agroindustrial,2023,Regular,88.7,86.1,7.61,87.28,1,1,0,0,0,6.0,6.0,3,0,0,0,0,-3.9,6.35,0,1,0,1,1,1,0
IAG20230179,2025-1,Ingeniería Agroindustrial,2023,Regular,87.45,83.7,9.06,86.52,0,1,0,0,0,4.0,4.0,4,1,0,0,0,-5.0,7.53,0,1,0,1,0,0,0
IAG20230188,2022-2,Ingeniería Agroindustrial,2023,Irregular,89.0,89.0,5.8,85.21,1,1,0,0,0,16.0,16.0,1,0,0,0,0,0.0,24.01,0,0,0,1,1,0,0
IAG20230188,2023-1,Ingeniería Agroindustrial,2023,Irregular,82.72,76.45,10.87,85.16,0,1,0,0,0,14.0,14.0,2,0,0,0,0,-12.55,12.6,0,1,0,2,0,1,0
IAG20230188,2023-2,Ingeniería Agroindustrial,2023,Irregular,84.76,92.9,12.68,91.29,2,0,0,0,0,5.0,5.0,3,0,0,0,0,10.18,7.94,0,2,0,2,0,1,0
IAG20230188,2024-1,Ingeniería Agroindustrial,2023,Irregular,86.28,93.9,14.86,87.24,2,0,0,0,0,6.0,6.0,4,0,0,0,0,9.14,7.25,0,1,0,1,0,0,0
IAG20230188,2025-1,Ingeniería Agroindustrial,2023,Irregular,82.74,72.1,19.2,83.35,2,2,0,0,0,12.0,12.0,5,0,0,0,0,-14.18,1.44,0,1,0,2,2,1,0
IAG20230213,2023-2,Ingeniería Agroindustrial,2023,Irregular,85.65,85.65,4.35,85.89,1,2,0,0,0,12.0,12.0,1,1,0,0,0,0.0,7.56,0,0,0,1,1,1,0
IAG20230213,2024-2,Ingeniería Agroindustrial,2023,Irregular,86.77,89.0,5.8,86.2,0,1,0,0,1,4.0,4.0,2,2,0,0,0,3.35,6.02,0,2,0,2,0,1,0
IAG20230219,2022-1,Ingeniería Agroindustrial,2023,Irregular,75.6,75.6,1.45,83.7,0,0,0,0,0,4.0,4.0,1,0,0,0,0,0.0,8.77,0,1,0,1,0,0,0
IAG20230219,2022-2,Ingeniería Agroindustrial,2023,Irregular,83.87,88.0,5.07,91.53,1,2,0,0,0,10.0,10.0,2,0,0,0,0,12.4,1.96,0,0,0,1,2,1,0
IAG20230219,2023-2,Ingeniería Agroindustrial,2023,Irregular,85.62,88.25,8.7,81.7,1,0,0,0,0,10.0,10.0,3,0,0,0,0,4.38,34.22,0,1,0,2,1,0,0
IAG20230236,2022-1,Ingeniería Agroindustrial,2023,Baja Temporal,61.7,61.7,2.17,28.19,5,3,4,0,2,18.0,6.0,1,0,2,2,0,0.0,132.56,3,1,4,1,3,3,0
IAG20230236,2022-2,Ingeniería Agroindustrial,2023,Baja Temporal,65.33,76.2,4.35,46.48,2,2,3,0,2,6.0,6.0,2,0,0,2,0,14.5,2.93,0,0,2,0,3,2,0
IAG20230261,2022-1,Ingeniería Agroindustrial,2023,Irregular,82.35,82.35,4.71,83.39,0,0,0,0,0,13.0,13.0,1,0,0,0,0,0.0,8.12,0,0,0,1,2,1,0
IAG20230261,2022-2,Ingeniería Agroindustrial,2023,Irregular,80.83,77.8,6.88,79.23,2,1,0,0,0,6.0,6.0,2,0,0,0,0,-4.55,2.07,0,1,0,1,0,0,0
IAG20230261,2023-2,Ingeniería Agroindustrial,2023,Irregular,78.77,76.7,13.04,82.44,1,0,0,0,0,17.0,17.0,3,0,0,0,0,-4.13,5.18,0,2,0,3,2,1,0
IAG20230261,2024-2,Ingeniería Agroindustrial,2023,Irregular,78.76,78.7,15.22,79.41,2,0,0,0,0,6.0,6.0,4,0,0,0,0,-0.07,8.74,0,0,0,0,1,0,0
IAG20230261,2025-1,Ingeniería Agroindustrial,2023,Irregular,77.76,74.25,17.39,76.45,1,1,0,0,1,10.0,6.0,5,0,1,1,0,-4.51,135.72,1,0,1,0,1,0,0
IAG20230266,2022-1,Ingeniería Agroindustrial,2023,Regular,75.3,75.3,4.71,83.74,0,1,0,0,0,13.0,13.0,1,0,0,0,0,0.0,28.09,0,1,0,2,2,0,0
IAG20230266,2022-2,Ingeniería Agroindustrial,2023,Regular,75.3,75.3,9.06,79.76,0,2,0,0,0,12.0,12.0,2,0,0,0,0,0.0,5.29,0,2,0,2,0,1,0
IAG20230266,2023-1,Ingeniería Agroindustrial,2023,Regular,77.18,84.7,10.87,84.3,1,1,0,0,0,5.0,5.0,3,0,0,0,0,9.4,9.61,0,1,0,1,1,0,0
IAG20230281,2022-1,Ingeniería Agroindustrial,2023,Irregular,68.6,68.6,0.0,74.4,1,3,0,0,1,7.0,0.0,1,0,1,1,0,0.0,6.2,1,2,1,2,1,0,0
IAG20230281,2022-2,Ingeniería Agroindustrial,2023,Irregular,62.0,58.7,2.17,67.03,3,4,0,0,2,12.0,6.0,2,0,1,2,0,-9.9,201.64,2,1,2,1,2,1,0
IAG20230281,2023-2,Ingeniería Agroindustrial,2023,Irregular,60.65,56.6,2.17,59.87,2,4,2,0,3,4.0,0.0,3,0,1,3,0,-5.4,6.43,2,2,3,2,1,0,0
IAG20230306,2022-1,Ingeniería Agroindustrial,2023,Regular,74.4,74.4,2.17,76.82,1,0,0,0,0,6.0,6.0,1,0,0,0,0,0.0,3.58,0,0,0,0,1,1,0
IAG20230306,2022-2,Ingeniería Agroindustrial,2023,Irregular,62.97,57.25,2.17,59.37,3,4,2,0,2,11.0,0.0,2,0,2,2,0,-17.15,19.8,3,1,3,1,1,1,0
IAG20230337,2022-2,Ingeniería Agroindustrial,2023,Regular,73.8,73.8,1.81,82.53,0,1,0,0,0,5.0,5.0,1,0,0,0,0,0.0,2.64,0,0,0,0,1,1,0
IAG20230337,2023-1,Ingeniería Agroindustrial,2023,Regular,78.6,80.2,8.33,82.89,1,1,0,0,0,18.0,18.0,2,0,0,0,0,6.4,32.58,0,3,0,4,2,1,0
IAG20230337,2024-2,Ingeniería Agroindustrial,2023,Regular,78.23,77.5,11.96,79.11,0,2,0,0,0,10.0,10.0,3,1,0,0,0,-1.1,49.0,0,0,0,1,2,0,0
IAG20230337,2025-1,Ingeniería Agroindustrial,2023,Regular,78.5,79.03,17.75,85.56,1,2,0,0,0,16.0,16.0,4,1,0,0,0,0.8,3.48,0,2,0,3,1,1,0
IAG20230363,2022-1,Ingeniería Agroindustrial,2023,Irregular,68.1,68.1,0.0,66.32,1,1,0,0,1,10.0,0.0,1,0,1,1,1,0.0,4.39,1,1,1,1,2,0,1
IAG20230363,2023-2,Ingeniería Agroindustrial,2023,Regular,75.15,82.2,2.17,83.26,2,0,0,0,1,6.0,6.0,2,0,0,1,0,14.1,8.47,0,1,0,1,2,0,0
IAG20230363,2025-1,Ingeniería Agroindustrial,2023,Regular,73.27,69.5,2.17,66.82,0,3,0,1,2,4.0,0.0,3,2,1,2,0,-5.65,9.94,1,1,1,1,1,1,0
IAG20230365,2022-1,Ingeniería Agroindustrial,2023,Regular,76.5,76.5,1.45,81.05,2,2,0,0,0,16.0,4.0,1,0,0,0,2,0.0,7.27,0,1,0,1,0,1,1
IAG20230365,2022-2,Ingeniería Agroindustrial,2023,Regular,71.95,67.4,1.45,67.11,2,1,0,0,1,6.0,0.0,2,0,1,1,0,-9.1,6.26,1,1,1,1,3,0,0
IAG20230387,2022-1,Ingeniería Agroindustrial,2023,Regular,77.25,77.25,4.35,86.3,1,2,0,0,0,17.0,12.0,1,0,0,0,1,0.0,18.92,0,0,0,1,2,1,1
IAG20230387,2023-1,Ingeniería Agroindustrial,2023,Regular,75.95,74.65,8.7,79.92,2,1,0,0,0,12.0,12.0,2,0,0,0,0,-2.6,0.2,0,1,0,2,1,0,0
IAG20230387,2023-2,Ingeniería Agroindustrial,2023,Regular,75.62,74.3,10.87,80.55,2,0,0,0,0,6.0,6.0,3,0,0,0,0,-1.65,4.21,0,2,0,2,1,1,0
IAG20230387,2024-1,Ingeniería Agroindustrial,2023,Regular,76.18,79.0,13.04,87.31,2,1,0,0,0,6.0,6.0,4,0,0,0,0,3.38,3.77,0,2,0,2,0,0,0
IAG20230387,2024-2,Ingeniería Agroindustrial,2023,Regular,76.37,77.5,14.49,77.95,1,1,0,0,0,4.0,4.0,5,0,0,0,0,1.32,4.01,0,1,0,1,1,0,0
IAG20240031,2023-1,Ingeniería Agroindustrial,2024,Irregular,67.7,67.7,0.0,67.35,2,1,0,0,1,6.0,0.0,1,0,1,1,0,0.0,8.71,1,2,1,2,1,1,0
IAG20240031,2024-1,Ingeniería Agroindustrial,2024,Regular,78.08,81.53,5.07,84.64,1,0,0,0,1,14.0,14.0,2,0,0,1,0,13.83,107.38,0,1,0,2,0,1,0
IAG20240106,2022-1,Ingeniería Agroindustrial,2024,Regular,70.0,,0.0,77.02,1,1,0,0,0,6.0,0.0,1,0,0,0,1,,9.5,0,0,0,0,0,1,1
IAG20240106,2023-1,Ingeniería Agroindustrial,2024,Regular,78.5,78.5,2.17,85.42,0,1,0,0,0,6.0,6.0,2,0,0,0,0,0.0,4.29,0,0,0,0,1,0,0
IAG20240106,2023-2,Ingeniería Agroindustrial,2024,Regular,72.05,65.6,2.17,70.42,2,4,0,0,1,6.0,0.0,3,0,1,1,0,-12.9,2.51,1,1,1,1,2,1,0
IAG20240170,2022-1,Ingeniería Agroindustrial,2024,Irregular,87.1,87.1,2.54,89.36,2,1,0,0,0,7.0,7.0,1,0,0,0,0,0.0,5.08,0,0,0,0,2,1,0
IAG20240170,2022-2,Ingeniería Agroindustrial,2024,Irregular,83.5,79.9,3.99,85.82,0,2,0,0,0,4.0,4.0,2,0,0,0,0,-7.2,6.24,0,0,0,0,2,1,0
IAG20240170,2023-1,Ingeniería Agroindustrial,2024,Irregular,84.57,86.7,6.16,83.75,0,1,0,0,0,6.0,6.0,3,0,0,0,0,3.2,8.96,0,1,0,1,0,0,0
IAG20240170,2023-2,Ingeniería Agroindustrial,2024,Irregular,82.39,80.75,13.04,85.01,0,2,0,0,0,19.0,19.0,4,0,0,0,0,-3.82,6.46,0,3,0,4,2,0,0
IAG20240177,2022-2,Ingeniería Agroindustrial,2024,Regular,72.0,72.0,2.9,82.3,2,2,0,0,0,8.0,8.0,1,0,0,0,0,0.0,5.62,0,0,0,0,1,0,0
IAG20240177,2023-2,Ingeniería Agroindustrial,2024,Regular,79.0,86.0,5.07,90.48,0,2,0,0,0,6.0,6.0,2,0,0,0,0,14.0,2.58,0,2,0,2,1,0,0
IAG20240177,2024-2,Ingeniería Agroindustrial,2024,Regular,77.87,75.6,7.25,78.74,1,1,0,0,0,6.0,6.0,3,0,0,0,0,-3.4,5.7,0,1,0,1,0,0,0
IAG20240177,2025-1,Ingeniería Agroindustrial,2024,Regular,79.22,83.3,9.42,80.25,1,0,0,0,0,6.0,6.0,4,0,0,0,0,5.43,9.5,0,0,0,0,2,1,0
IAG20240207,2022-1,Ingeniería Agroindustrial,2024,Regular,72.9,72.9,2.9,85.32,1,0,0,0,0,8.0,8.0,1,0,0,0,0,0.0,4.96,0,0,0,0,2,0,0
IAG20240207,2022-2,Ingeniería Agroindustrial,2024,Regular,77.7,82.5,5.8,87.87,0,1,0,0,0,8.0,8.0,2,0,0,0,0,9.6,9.79,0,0,0,0,1,0,0
IAG20240207,2024-2,Ingeniería Agroindustrial,2024,Regular,79.33,82.6,7.97,80.54,1,0,0,0,0,6.0,6.0,3,0,0,0,0,4.9,4.35,0,0,0,0,1,0,0
IAG20240207,2025-1,Ingeniería Agroindustrial,2024,Regular,78.15,74.6,9.42,81.54,1,1,0,0,0,4.0,4.0,4,0,0,0,0,-4.73,7.04,0,0,0,0,0,1,0
IAG20240211,2022-1,Ingeniería Agroindustrial,2024,Egresado,76.3,76.3,1.81,85.3,2,2,0,0,0,5.0,5.0,1,0,0,0,0,0.0,8.88,0,2,0,2,0,1,0
IAG20240211,2022-2,Ingeniería Agroindustrial,2024,Egresado,65.05,53.8,1.81,66.14,1,3,0,0,1,12.0,0.0,2,0,1,1,0,-22.5,5.8,2,2,2,2,3,1,0
IAG20240211,2023-1,Ingeniería Agroindustrial,2024,Egresado,63.57,60.6,1.81,70.02,1,3,0,0,2,8.0,0.0,3,0,1,2,0,-4.45,4.65,2,2,2,2,2,1,0
IAG20240211,2025-1,Ingeniería Agroindustrial,2024,Egresado,65.85,68.13,3.26,64.44,2,4,1,0,4,15.0,4.0,4,0,2,4,0,4.57,64.18,3,1,3,1,1,0,0
IAG20240216,2022-2,Ingeniería Agroindustrial,2024,Regular,89.3,89.3,2.54,89.96,1,1,0,0,0,19.0,7.0,1,0,0,0,2,0.0,8.54,0,1,0,1,2,0,1
IAG20240216,2024-1,Ingeniería Agroindustrial,2024,Regular,89.6,89.75,6.88,89.66,0,0,0,0,0,12.0,12.0,2,0,0,0,0,0.45,55.5,0,2,0,2,0,1,0
IAG20240230,2022-2,Ingeniería Agroindustrial,2024,Regular,81.5,81.5,4.35,86.83,1,0,0,0,0,17.0,12.0,1,0,0,0,1,0.0,10.24,0,1,0,2,1,0,1
IAG20240237,2022-1,Ingeniería Agroindustrial,2024,Regular,70.0,,0.0,78.81,2,1,0,0,0,6.0,0.0,1,0,0,0,1,,9.25,0,0,0,0,2,1,1
IAG20240237,2022-2,Ingeniería Agroindustrial,2024,Regular,72.43,72.43,2.17,66.76,3,3,1,0,2,15.0,6.0,2,0,2,2,0,0.0,31.37,2,2,2,2,1,0,0
IAG20240237,2023-1,Ingeniería Agroindustrial,2024,Irregular,71.65,69.3,2.17,68.7,3,1,0,0,3,4.0,0.0,3,0,1,3,0,-3.13,5.17,2,1,2,1,3,1,0
IAG20240237,2023-2,Ingeniería Agroindustrial,2024,Irregular,71.88,72.8,4.35,73.45,2,0,0,0,3,6.0,6.0,4,0,0,3,0,1.15,4.99,1,0,1,0,1,1,0
IAG20240250,2022-2,Ingeniería Agroindustrial,2024,Regular,73.85,73.85,2.17,70.97,3,3,0,0,1,12.0,6.0,1,0,1,1,0,0.0,80.1,1,1,1,1,2,0,0
IAG20240250,2023-1,Ingeniería Agroindustrial,2024,Regular,74.5,75.8,3.62,79.75,1,2,0,0,1,4.0,4.0,2,0,0,1,0,1.95,2.24,0,1,0,1,1,0,0
IAG20240250,2023-2,Ingeniería Agroindustrial,2024,Regular,70.4,58.1,3.62,62.72,2,2,0,1,1,7.0,0.0,3,0,1,2,0,-16.4,8.8,2,1,2,1,2,1,0
IAG20240250,2024-1,Ingeniería Agroindustrial,2024,Irregular,70.45,70.55,5.8,71.9,1,3,0,1,2,12.0,6.0,4,0,1,3,0,0.15,3.42,1,1,1,1,2,1,0
IAG20240250,2024-2,Ingeniería Agroindustrial,2024,Irregular,73.09,81.0,9.42,83.16,1,0,0,1,2,10.0,10.0,5,0,0,3,0,10.55,4.84,0,2,0,2,1,0,0
IAG20240250,2025-1,Ingeniería Agroindustrial,2024,Irregular,72.01,63.4,9.42,68.93,3,2,0,1,3,4.0,0.0,6,0,1,4,0,-9.69,6.77,2,0,2,0,2,1,0
IAG20240277,2023-1,Ingeniería Agroindustrial,2024,Regular,82.7,82.7,2.9,88.42,2,0,0,0,0,8.0,8.0,1,0,0,0,0,0.0,8.23,0,2,0,2,2,1,0
IAG20240277,2023-2,Ingeniería Agroindustrial,2024,Regular,77.27,74.55,7.61,84.96,1,2,0,0,0,13.0,13.0,2,0,0,0,0,-8.15,0.3,0,2,0,2,2,1,0
IAG20240277,2024-2,Ingeniería Agroindustrial,2024,Regular,79.22,82.15,11.59,87.96,2,2,0,0,0,11.0,11.0,3,0,0,0,0,4.88,45.56,0,2,0,2,1,1,0
IAG20240277,2025-1,Ingeniería Agroindustrial,2024,Regular,80.56,83.9,15.94,83.97,1,0,0,0,0,12.0,12.0,4,0,0,0,0,4.68,16.81,0,0,0,1,0,1,0
IAG20240286,2022-2,Ingeniería Agroindustrial,2024,Irregular,66.0,66.0,2.17,74.95,2,4,0,1,0,15.0,6.0,1,0,1,1,1,0.0,31.36,1,1,1,1,2,1,1
IAG20240302,2022-1,Ingeniería Agroindustrial,2024,Irregular,65.5,65.5,4.35,74.56,1,2,0,0,1,23.0,12.0,1,0,1,1,1,0.0,67.31,1,0,1,0,3,1,1
IAG20240302,2022-2,Ingeniería Agroindustrial,2024,Regular,70.62,86.0,5.8,81.27,0,0,0,0,1,9.0,4.0,2,0,0,1,1,20.5,8.63,0,0,0,0,1,1,1
IAG20240302,2023-1,Ingeniería Agroindustrial,2024,Regular,71.37,72.85,7.61,66.82,1,2,0,0,2,12.0,5.0,3,0,1,2,0,2.22,333.06,1,1,1,1,3,0,0
IAG20240302,2024-1,Ingeniería Agroindustrial,2024,Irregular,70.56,65.7,7.61,63.6,2,2,0,0,3,4.0,0.0,4,0,1,3,0,-5.67,4.08,2,0,2,0,3,2,0
IAG20240321,2022-2,Ingeniería Agroindustrial,2024,Regular,85.27,85.27,5.8,85.71,1,1,0,0,0,21.0,16.0,1,0,0,0,1,0.0,27.63,0,1,0,2,2,1,1
IAG20240347,2022-1,Ingeniería Agroindustrial,2024,Irregular,52.7,52.7,0.0,67.8,2,3,0,0,1,6.0,0.0,1,0,1,1,0,0.0,6.08,2,1,2,1,1,0,0
IAG20240347,2022-2,Ingeniería Agroindustrial,2024,Irregular,56.35,60.0,0.0,61.46,2,4,0,0,2,4.0,0.0,2,0,1,2,0,7.3,7.87,2,1,2,1,1,1,0
IAG20240347,2023-1,Ingeniería Agroindustrial,2024,Irregular,68.17,80.0,4.35,82.9,0,1,0,0,2,12.0,12.0,3,0,0,2,0,23.65,0.49,0,2,0,2,0,1,0
IAG20240347,2024-1,Ingeniería Agroindustrial,2024,Irregular,68.58,69.4,6.52,70.78,3,3,0,1,2,10.0,6.0,4,0,1,3,0,1.23,15.21,1,1,1,1,1,0,0
IBM20200010,2022-1,Ingeniería Biomédica,2020,Regular,71.5,71.5,1.42,76.48,3,2,0,0,2,4.0,4.0,1,4,0,0,0,0.0,8.64,0,2,0,2,1,0,0
IBM20200010,2022-2,Ingeniería Biomédica,2020,Regular,70.75,70.0,3.9,70.01,1,1,0,0,2,7.0,7.0,2,4,0,0,0,-1.5,3.78,0,2,0,2,1,1,0
IBM20200010,2023-2,Ingeniería Biomédica,2020,Regular,71.5,73.0,5.32,68.58,2,0,0,0,2,4.0,4.0,3,5,0,0,0,2.25,2.69,0,1,0,1,1,1,0
IBM20200017,2022-1,Ingeniería Biomédica,2020,Baja Temporal,73.6,73.6,2.48,44.84,3,2,3,0,2,7.0,7.0,1,4,0,0,0,0.0,6.07,0,0,2,0,4,2,0
IBM20200017,2022-2,Ingeniería Biomédica,2020,Baja Temporal,74.8,76.0,4.26,43.79,2,1,3,0,2,5.0,5.0,2,4,0,0,0,2.4,9.79,0,2,2,2,2,2,0
IBM20200017,2023-2,Ingeniería Biomédica,2020,Baja Temporal,74.23,73.1,6.38,41.1,3,1,3,0,2,6.0,6.0,3,5,0,0,0,-1.7,9.34,0,0,2,0,3,1,0
IBM20200017,2024-1,Ingeniería Biomédica,2020,Baja Temporal,74.58,75.1,10.64,38.87,3,0,3,0,2,12.0,12.0,4,5,0,0,0,0.87,2.89,0,1,2,2,3,2,0
IBM20200042,2022-1,Ingeniería Biomédica,2020,Regular,70.0,,0.0,70.28,1,1,0,0,2,5.0,0.0,1,4,0,0,1,,8.7,0,1,0,1,2,0,1
IBM20200042,2022-2,Ingeniería Biomédica,2020,Irregular,65.6,65.6,1.42,59.41,3,4,2,0,3,10.0,4.0,2,4,1,1,0,0.0,23.04,2,1,3,1,2,0,0
IBM20200042,2024-2,Ingeniería Biomédica,2020,Irregular,72.4,86.0,2.84,70.73,2,1,0,0,4,4.0,4.0,3,7,0,1,0,20.4,9.75,1,1,1,1,2,0,0
IBM20200056,2022-1,Ingeniería Biomédica,2020,Regular,70.0,,0.0,71.8,0,0,0,0,2,14.0,0.0,1,4,0,0,3,,6.39,0,1,0,1,0,0,1
IBM20200057,2022-1,Ingeniería Biomédica,2020,Regular,70.0,,0.0,71.29,3,0,0,0,2,6.0,0.0,1,4,0,0,1,,8.77,0,0,0,0,3,0,1
IBM20200057,2022-2,Ingeniería Biomédica,2020,Regular,90.5,90.5,1.42,80.44,1,1,0,0,2,4.0,4.0,2,4,0,0,0,0.0,8.25,0,1,0,1,2,0,0
IBM20200057,2024-1,Ingeniería Biomédica,2020,Irregular,89.6,88.7,3.55,72.5,1,2,0,0,3,6.0,6.0,3,6,0,0,0,-1.8,5.15,1,1,1,1,2,0,0
IBM20200058,2022-2,Ingeniería Biomédica,2020,Regular,85.15,85.15,4.61,75.83,2,1,0,0,2,13.0,13.0,1,5,0,0,0,0.0,0.12,0,2,0,2,1,0,0
IBM20200058,2023-2,Ingeniería Biomédica,2020,Irregular,87.77,93.0,7.09,79.34,1,0,0,0,3,7.0,7.0,2,6,0,0,0,7.85,5.81,1,1,1,1,0,1,0
IBM20200058,2024-1,Ingeniería Biomédica,2020,Irregular,87.68,87.4,9.22,69.72,1,0,0,0,3,6.0,6.0,3,6,0,0,0,-0.37,5.92,1,2,1,2,2,1,0
IBM20200077,2022-1,Ingeniería Biomédica,2020,Regular,78.3,78.3,2.48,76.42,0,2,0,0,2,7.0,7.0,1,4,0,0,0,0.0,6.76,0,0,0,0,0,1,0
IBM20200077,2022-2,Ingeniería Biomédica,2020,Regular,78.18,78.15,9.57,77.32,0,1,0,0,2,20.0,20.0,2,4,0,0,0,-0.15,6.3,0,3,0,4,1,0,0
IBM20200077,2023-1,Ingeniería Biomédica,2020,Regular,80.0,89.1,10.99,80.25,0,1,0,0,2,4.0,4.0,3,4,0,0,0,10.92,9.72,0,0,0,0,2,1,0
IBM20200082,2022-1,Ingeniería Biomédica,2020,Irregular,82.35,82.35,4.61,75.7,1,2,0,0,2,13.0,13.0,1,4,0,0,0,0.0,5.06,0,0,0,1,0,1,0
IBM20200082,2023-1,Ingeniería Biomédica,2020,Irregular,82.0,81.3,6.74,71.53,3,0,0,0,2,6.0,6.0,2,5,0,0,0,-1.05,2.7,0,0,0,0,2,0,0
IBM20200093,2022-2,Ingeniería Biomédica,2020,Regular,70.0,,0.0,69.12,2,0,0,0,2,5.0,0.0,1,5,0,0,1,,9.62,0,1,0,1,1,1,1
IBM20200093,2023-1,Ingeniería Biomédica,2020,Regular,80.8,80.8,2.13,77.72,0,1,0,0,2,6.0,6.0,2,5,0,0,0,0.0,5.26,0,0,0,0,2,1,0
IBM20200093,2024-1,Ingeniería Biomédica,2020,Irregular,75.6,70.4,4.26,67.58,3,2,0,0,3,6.0,6.0,3,6,0,0,0,-10.4,4.39,1,1,1,1,3,0,0
IBM20200093,2024-2,Ingeniería Biomédica,2020,Irregular,78.47,84.2,5.67,71.14,0,2,0,0,3,4.0,4.0,4,6,0,0,0,8.6,5.72,1,0,1,0,2,0,0
IBM20200093,2025-1,Ingeniería Biomédica,2020,Irregular,78.17,77.3,7.8,67.38,1,0,0,0,3,6.0,6.0,5,6,0,0,0,-1.17,9.54,1,1,1,1,3,1,0
IBM20200107,2022-1,Ingeniería Biomédica,2020,Irregular,62.8,62.8,1.42,47.66,2,5,2,0,4,14.0,4.0,1,4,2,2,0,0.0,51.05,3,1,3,1,3,1,0
IBM20200150,2022-1,Ingeniería Biomédica,2020,Regular,70.0,,0.0,68.45,1,2,0,0,2,6.0,0.0,1,4,0,0,1,,5.82,0,0,0,0,2,0,1
IBM20200150,2022-2,Ingeniería Biomédica,2020,Regular,86.1,86.1,2.13,72.55,3,2,0,0,2,6.0,6.0,2,4,0,0,0,0.0,5.29,0,1,0,1,2,1,0
IBM20200150,2023-1,Ingeniería Biomédica,2020,Regular,85.43,85.1,4.96,77.4,2,0,0,0,2,8.0,8.0,3,4,0,0,0,-1.0,123.21,0,2,0,2,1,0,0
IBM20200150,2023-2,Ingeniería Biomédica,2020,Regular,83.3,76.9,7.09,78.63,1,2,0,0,2,6.0,6.0,4,4,0,0,0,-8.53,6.16,0,2,0,2,0,1,0
IBM20200203,2022-1,Ingeniería Biomédica,2020,Irregular,65.6,65.6,2.13,57.78,1,3,2,0,3,16.0,6.0,1,4,1,1,1,0.0,139.24,2,0,3,0,2,1,1
IBM20200203,2022-2,Ingeniería Biomédica,2020,Irregular,66.17,67.3,2.13,63.19,2,2,0,0,4,6.0,0.0,2,4,1,2,0,1.7,2.73,2,1,2,1,3,1,0
IBM20200203,2023-1,Ingeniería Biomédica,2020,Irregular,65.25,64.33,2.13,37.17,3,6,2,0,7,17.0,0.0,3,4,3,5,0,-1.83,21.18,5,0,5,0,2,1,0
IBM20200203,2024-1,Ingeniería Biomédica,2020,Irregular,67.06,72.5,4.61,58.47,1,1,2,1,7,13.0,7.0,4,5,1,6,0,7.25,62.41,3,0,3,0,3,2,0
IBM20200226,2022-1,Ingeniería Biomédica,2020,Regular,76.6,76.6,4.26,75.42,3,1,0,0,2,18.0,12.0,1,4,0,0,1,0.0,12.25,0,1,0,2,1,1,1
IBM20200226,2022-2,Ingeniería Biomédica,2020,Regular,76.6,,4.26,72.28,2,0,0,0,2,6.0,0.0,2,4,0,0,1,,7.19,0,2,0,2,2,1,1
IBM20200226,2023-2,Ingeniería Biomédica,2020,Regular,79.77,86.1,6.38,80.64,2,1,0,0,2,6.0,6.0,3,5,0,0,0,9.5,8.54,0,0,0,0,2,1,0
IBM20200255,2022-1,Ingeniería Biomédica,2020,Regular,82.65,82.65,4.96,73.2,0,1,0,0,2,14.0,14.0,1,4,0,0,0,0.0,2.4,0,0,0,1,1,1,0
IBM20200255,2023-1,Ingeniería Biomédica,2020,Regular,87.3,91.95,8.51,74.52,0,1,0,0,2,10.0,10.0,2,5,0,0,0,9.3,14.06,0,0,0,1,2,1,0
IBM20200255,2023-2,Ingeniería Biomédica,2020,Regular,88.38,92.7,9.93,81.94,0,0,0,0,2,4.0,4.0,3,5,0,0,0,5.4,3.46,0,2,0,2,2,1,0
IBM20200260,2022-1,Ingeniería Biomédica,2020,Regular,70.0,,0.0,74.79,0,1,0,0,2,10.0,0.0,1,4,0,0,2,,5.07,0,1,0,1,1,1,1
IBM20200260,2022-2,Ingeniería Biomédica,2020,Regular,70.0,,0.0,74.13,1,2,0,0,2,7.0,0.0,2,4,0,0,1,,9.63,0,0,0,0,1,1,1
IBM20200311,2022-1,Ingeniería Biomédica,2020,Regular,79.35,79.35,3.55,70.87,1,1,0,0,2,14.0,10.0,1,4,0,0,1,0.0,10.56,0,2,0,2,0,0,1
IBM20200329,2022-1,Ingeniería Biomédica,2020,Regular,86.2,86.2,2.13,74.61,3,2,0,0,2,6.0,6.0,1,4,0,0,0,0.0,3.77,0,0,0,0,0,1,0
IBM20200329,2022-2,Ingeniería Biomédica,2020,Regular,85.65,85.1,3.55,77.27,0,2,0,0,2,4.0,4.0,2,4,0,0,0,-1.1,4.04,0,1,0,1,0,0,0
IBM20200329,2023-1,Ingeniería Biomédica,2020,Regular,80.53,75.4,7.09,73.25,1,2,0,0,2,10.0,10.0,3,4,0,0,0,-10.25,4.84,0,2,0,2,0,1,0
IBM20200331,2022-2,Ingeniería Biomédica,2020,Irregular,58.85,58.85,0.0,48.91,4,4,2,0,4,14.0,0.0,1,5,2,2,0,0.0,0.06,3,1,3,1,3,2,0
IBM20200331,2024-2,Ingeniería Biomédica,2020,Irregular,61.67,64.5,2.13,48.19,2,3,2,0,7,12.0,6.0,2,8,1,3,0,5.65,59.29,3,0,3,0,2,2,0
IBM20200331,2025-1,Ingeniería Biomédica,2020,Irregular,61.55,61.3,2.13,37.31,5,3,2,1,8,12.0,0.0,3,8,2,5,0,-0.38,70.56,4,1,4,1,3,1,0
IBM20200333,2022-2,Ingeniería Biomédica,2020,Irregular,78.07,78.07,6.38,77.55,0,0,0,0,2,18.0,18.0,1,5,0,0,0,0.0,13.22,0,3,0,4,2,1,0
IBM20200333,2023-1,Ingeniería Biomédica,2020,Irregular,79.2,82.6,7.8,76.31,1,1,0,0,2,4.0,4.0,2,5,0,0,0,4.53,2.86,0,1,0,1,1,1,0
IBM20200333,2023-2,Ingeniería Biomédica,2020,Irregular,77.44,70.4,10.28,69.01,1,1,0,0,2,7.0,7.0,3,5,0,0,0,-8.8,2.79,0,0,0,0,0,0,0
IBM20200336,2022-1,Ingeniería Biomédica,2020,Regular,71.4,71.4,2.48,72.24,0,2,0,0,2,7.0,7.0,1,4,0,0,0,0.0,3.27,0,0,0,0,3,0,0
IBM20200336,2022-2,Ingeniería Biomédica,2020,Regular,78.8,81.27,7.8,77.59,0,2,0,0,2,15.0,15.0,2,4,0,0,0,9.87,56.9,0,1,0,2,1,0,0
IBM20200338,2022-1,Ingeniería Biomédica,2020,Regular,70.0,,0.0,69.58,0,1,0,0,2,6.0,0.0,1,4,0,0,1,,5.84,0,2,0,2,2,0,1
IBM20200338,2022-2,Ingeniería Biomédica,2020,Irregular,72.75,72.75,1.42,67.47,1,2,0,0,3,17.0,4.0,2,4,1,1,1,0.0,81.9,2,2,2,2,3,1,1
IBM20200338,2023-1,Ingeniería Biomédica,2020,Irregular,74.67,78.5,3.55,71.24,1,1,0,0,3,6.0,6.0,3,4,0,1,0,5.75,6.82,1,1,1,1,3,0,0
IBM20200338,2023-2,Ingeniería Biomédica,2020,Irregular,76.0,80.0,4.96,71.86,2,2,0,0,3,4.0,4.0,4,4,0,1,0,5.33,4.02,1,1,1,1,2,1,0
IBM20200343,2022-1,Ingeniería Biomédica,2020,Regular,70.0,,0.0,72.12,0,1,0,0,2,8.0,0.0,1,4,0,0,1,,7.98,0,1,0,1,2,0,1
IBM20200343,2022-2,Ingeniería Biomédica,2020,Regular,78.4,78.4,2.13,71.6,0,1,0,0,2,6.0,6.0,2,4,0,0,0,0.0,8.4,0,1,0,1,2,1,0
IBM20200343,2023-1,Ingeniería Biomédica,2020,Irregular,64.2,50.0,2.13,56.01,3,5,2,1,2,6.0,0.0,3,4,1,1,0,-28.4,4.34,2,2,3,2,2,2,0
IBM20200343,2023-2,Ingeniería Biomédica,2020,Irregular,64.63,65.5,2.13,57.93,2,4,2,1,3,6.0,0.0,4,4,1,2,0,1.3,4.39,2,1,3,1,2,0,0
IBM20200343,2025-1,Ingeniería Biomédica,2020,Irregular,71.75,78.87,8.16,72.21,0,2,0,1,4,17.0,17.0,5,6,0,2,0,14.23,6.8,1,1,1,2,1,1,0
IBM20200375,2022-1,Ingeniería Biomédica,2020,Regular,70.0,,0.0,71.87,0,0,0,0,2,6.0,0.0,1,4,0,0,1,,2.63,0,1,0,1,3,1,1
IBM20200375,2023-2,Ingeniería Biomédica,2020,Irregular,79.45,79.45,4.61,68.04,3,2,0,0,3,13.0,13.0,2,6,0,0,0,0.0,0.9,1,2,1,2,3,0,0
IBM20200375,2024-1,Ingeniería Biomédica,2020,Irregular,72.33,58.1,4.61,56.19,3,4,2,0,4,4.0,0.0,3,6,1,1,0,-21.35,6.82,2,2,3,2,2,0,0
IBM20200375,2024-2,Ingeniería Biomédica,2020,Irregular,74.45,80.8,6.74,68.0,3,2,0,0,4,6.0,6.0,4,6,0,1,0,8.47,7.7,1,2,1,2,2,0,0
IBM20210004,2022-1,Ingeniería Biomédica,2021,Regular,87.8,87.8,1.77,78.73,1,0,0,0,1,9.0,5.0,1,2,0,0,1,0.0,8.11,0,2,0,2,0,1,1
IBM20210004,2023-1,Ingeniería Biomédica,2021,Regular,88.9,90.0,3.55,81.71,0,2,0,0,1,5.0,5.0,2,3,0,0,0,2.2,2.04,0,0,0,0,1,0,0
IBM20210004,2024-1,Ingeniería Biomédica,2021,Regular,91.03,95.3,5.67,83.49,1,1,0,0,2,6.0,6.0,3,4,0,0,0,6.4,5.09,0,1,0,1,0,1,0
IBM20210004,2024-2,Ingeniería Biomédica,2021,Regular,90.83,90.2,8.16,82.87,0,0,0,0,2,7.0,7.0,4,4,0,0,0,-0.83,6.31,0,2,0,2,0,1,0
IBM20210004,2025-1,Ingeniería Biomédica,2021,Regular,88.15,85.47,15.96,74.82,0,2,0,0,2,22.0,22.0,5,4,0,0,0,-5.35,8.16,0,2,0,3,1,0,0
IBM20210044,2022-1,Ingeniería Biomédica,2021,Regular,73.0,73.0,2.48,74.3,2,2,0,0,1,13.0,7.0,1,2,0,0,1,0.0,5.71,0,1,0,1,3,0,1
IBM20210044,2023-2,Ingeniería Biomédica,2021,Regular,78.05,83.1,4.61,72.33,1,0,0,0,2,6.0,6.0,2,4,0,0,0,10.1,6.02,0,1,0,1,2,0,0
IBM20210044,2024-1,Ingeniería Biomédica,2021,Regular,81.67,88.9,6.74,73.7,2,1,0,0,2,6.0,6.0,3,4,0,0,0,10.85,8.68,0,1,0,1,1,0,0
IBM20210049,2022-2,Ingeniería Biomédica,2021,Regular,77.0,77.0,3.9,68.8,1,1,0,0,2,17.0,11.0,1,3,1,1,0,0.0,43.82,1,0,1,0,3,1,0
IBM20210049,2023-2,Ingeniería Biomédica,2021,Irregular,75.62,71.5,6.03,69.78,1,2,0,0,3,6.0,6.0,2,4,0,1,0,-5.5,3.87,1,2,1,2,1,0,0
IBM20210049,2024-1,Ingeniería Biomédica,2021,Irregular,76.02,76.8,9.93,68.79,2,0,0,0,3,11.0,11.0,3,4,0,1,0,1.17,2.25,1,0,1,1,2,1,0
IBM20210049,2024-2,Ingeniería Biomédica,2021,Irregular,78.06,84.2,14.18,75.32,1,1,0,0,3,12.0,12.0,4,4,0,1,0,8.18,3.61,1,2,1,2,1,0,0
IBM20210070,2022-1,Ingeniería Biomédica,2021,Regular,73.1,73.1,2.13,78.42,2,2,0,0,1,16.0,6.0,1,2,0,0,2,0.0,5.8,0,2,0,2,1,1,1
IBM20210102,2022-1,Ingeniería Biomédica,2021,Egresado,61.3,61.3,1.77,74.75,0,2,0,1,1,9.0,5.0,1,2,1,1,0,0.0,196.0,1,0,1,0,0,0,0
IBM20210102,2023-1,Ingeniería Biomédica,2021,Egresado,70.8,89.8,3.55,84.65,0,0,0,1,1,5.0,5.0,2,3,0,1,0,28.5,2.52,0,2,0,2,0,0,0
IBM20210102,2023-2,Ingeniería Biomédica,2021,Egresado,72.05,75.8,6.38,82.29,2,0,0,1,1,8.0,8.0,3,3,0,1,0,5.0,7.63,0,2,0,2,0,1,0
IBM20210102,2024-2,Ingeniería Biomédica,2021,Egresado,70.9,66.3,6.38,61.89,1,1,0,1,3,6.0,0.0,4,4,1,2,0,-5.75,3.76,2,2,2,2,1,1,0
IBM20210102,2025-1,Ingeniería Biomédica,2021,Egresado,68.93,64.0,8.51,64.28,2,3,0,1,4,12.0,6.0,5,4,1,3,0,-6.9,295.84,2,0,2,0,2,0,0
IBM20210111,2022-1,Ingeniería Biomédica,2021,Irregular,74.2,74.2,2.13,74.37,3,0,0,0,1,6.0,6.0,1,2,0,0,0,0.0,4.67,0,0,0,0,1,1,0
IBM20210111,2022-2,Ingeniería Biomédica,2021,Irregular,75.87,76.7,4.61,64.85,3,1,0,0,2,12.0,7.0,2,2,1,1,0,2.5,96.04,1,0,1,0,3,0,0
IBM20210111,2023-2,Ingeniería Biomédica,2021,Irregular,77.6,82.8,7.09,72.75,2,1,0,0,2,7.0,7.0,3,3,0,1,0,6.93,2.5,0,1,0,1,2,1,0
IBM20210111,2024-2,Ingeniería Biomédica,2021,Irregular,79.97,83.13,13.48,70.32,1,0,0,0,3,18.0,18.0,4,4,0,1,0,5.53,43.5,1,1,1,2,2,0,0
IBM20210147,2022-1,Ingeniería Biomédica,2021,Irregular,50.0,50.0,0.0,58.35,2,5,2,0,2,8.0,0.0,1,2,1,1,0,0.0,2.62,2,2,3,2,1,0,0
IBM20210147,2024-1,Ingeniería Biomédica,2021,Irregular,64.75,79.5,2.13,69.7,0,0,0,0,3,6.0,6.0,2,5,0,1,0,29.5,9.47,1,0,1,0,2,1,0
IBM20210147,2024-2,Ingeniería Biomédica,2021,Irregular,59.55,54.35,2.13,43.53,4,6,2,0,5,13.0,0.0,3,5,2,3,0,-10.4,200.22,4,1,4,1,3,2,0
IBM20210151,2024-1,Ingeniería Biomédica,2021,Irregular,58.8,58.8,0.0,53.66,3,4,2,0,4,4.0,0.0,1,6,1,1,0,0.0,2.34,2,2,3,2,2,2,0
IBM20210151,2024-2,Ingeniería Biomédica,2021,Irregular,73.1,80.25,4.61,71.4,3,2,0,0,4,13.0,13.0,2,6,0,1,0,21.45,83.72,1,0,1,1,2,1,0
IBM20210151,2025-1,Ingeniería Biomédica,2021,Irregular,77.83,82.57,10.64,70.26,2,2,0,0,4,17.0,17.0,3,6,0,1,0,9.47,59.42,1,1,1,2,1,0,0
IBM20210204,2022-1,Ingeniería Biomédica,2021,Regular,70.0,,0.0,73.83,1,0,0,0,1,6.0,0.0,1,2,0,0,1,,8.01,0,1,0,1,3,0,1
IBM20210204,2022-2,Ingeniería Biomédica,2021,Regular,74.1,74.1,1.77,68.81,0,1,0,1,1,9.0,5.0,2,2,1,1,0,0.0,42.25,1,1,1,1,2,0,0
IBM20210204,2023-2,Ingeniería Biomédica,2021,Regular,74.85,75.6,3.9,69.66,3,3,0,2,1,10.0,6.0,3,3,1,2,0,1.5,67.24,1,2,1,2,2,1,0
IBM20210204,2024-1,Ingeniería Biomédica,2021,Regular,75.94,80.3,6.03,79.59,0,0,0,2,1,6.0,6.0,4,3,0,2,0,5.45,5.17,0,0,0,0,1,1,0
IBM20210205,2022-1,Ingeniería Biomédica,2021,Regular,91.4,91.4,4.61,86.98,2,0,0,0,1,13.0,13.0,1,2,0,0,0,0.0,1.0,0,1,0,2,1,1,0
IBM20210205,2022-2,Ingeniería Biomédica,2021,Regular,88.98,86.55,8.16,85.13,1,0,0,0,1,10.0,10.0,2,2,0,0,0,-4.85,3.42,0,2,0,2,0,0,0
IBM20210205,2023-1,Ingeniería Biomédica,2021,Regular,86.48,81.5,12.06,83.39,0,2,0,0,1,11.0,11.0,3,2,0,0,0,-7.48,13.69,0,1,0,2,2,1,0
IBM20210263,2022-2,Ingeniería Biomédica,2021,Regular,79.67,79.67,5.67,79.82,2,2,0,0,1,16.0,16.0,1,3,0,0,0,0.0,2.2,0,2,0,3,2,1,0
IBM20210294,2022-1,Ingeniería Biomédica,2021,Regular,70.0,,0.0,79.31,2,2,0,0,1,6.0,0.0,1,2,0,0,1,,8.72,0,2,0,2,1,1,1
IBM20210294,2022-2,Ingeniería Biomédica,2021,Regular,79.1,79.1,2.13,77.45,1,2,0,0,1,13.0,6.0,2,2,0,0,1,0.0,9.98,0,1,0,1,1,0,1
IBM20210294,2023-1,Ingeniería Biomédica,2021,Regular,78.15,77.2,4.26,74.06,1,0,0,0,1,6.0,6.0,3,2,0,0,0,-1.9,7.38,0,1,0,1,1,1,0
IBM20210294,2023-2,Ingeniería Biomédica,2021,Regular,76.63,73.6,6.74,78.39,2,2,0,0,1,7.0,7.0,4,2,0,0,0,-4.55,5.59,0,0,0,0,2,0,0
IBM20210294,2024-1,Ingeniería Biomédica,2021,Regular,76.78,77.0,9.57,78.88,0,2,0,0,1,8.0,8.0,5,2,0,0,0,0.37,28.09,0,2,0,2,1,0,0
IBM20210298,2022-2,Ingeniería Biomédica,2021,Regular,74.9,74.9,3.55,67.98,1,3,0,0,2,17.0,10.0,1,3,1,1,0,0.0,39.53,1,0,1,0,1,1,0
IBM20210310,2023-1,Ingeniería Biomédica,2021,Regular,92.5,92.5,1.77,83.66,1,1,0,0,2,5.0,5.0,1,4,0,0,0,0.0,3.84,0,2,0,2,1,0,0
IBM20210310,2023-2,Ingeniería Biomédica,2021,Regular,86.35,80.2,4.26,70.32,3,2,0,0,2,7.0,7.0,2,4,0,0,0,-12.3,2.58,0,1,0,1,1,0,0
IBM20210310,2024-2,Ingeniería Biomédica,2021,Regular,86.57,87.0,6.38,76.9,0,2,0,0,2,6.0,6.0,3,5,0,0,0,0.65,7.81,0,0,0,0,1,0,0
IBM20210310,2025-1,Ingeniería Biomédica,2021,Regular,83.85,75.7,7.8,76.55,0,2,0,0,2,4.0,4.0,4,5,0,0,0,-10.87,8.09,0,1,0,1,0,0,0
IBM20210325,2022-1,Ingeniería Biomédica,2021,Irregular,88.6,88.6,2.84,86.31,1,1,0,0,1,8.0,8.0,1,2,0,0,0,0.0,3.31,0,1,0,1,1,1,0
IBM20210325,2022-2,Ingeniería Biomédica,2021,Irregular,90.6,92.6,4.96,81.9,1,1,0,0,1,6.0,6.0,2,2,0,0,0,4.0,4.68,0,2,0,2,2,0,0
IBM20210325,2023-2,Ingeniería Biomédica,2021,Irregular,86.73,79.0,7.09,80.41,1,0,0,0,1,6.0,6.0,3,3,0,0,0,-11.6,7.66,0,1,0,1,1,1,0
IBM20210325,2024-2,Ingeniería Biomédica,2021,Irregular,86.0,83.8,9.22,76.58,1,2,0,0,2,6.0,6.0,4,4,0,0,0,-2.93,9.76,0,0,0,0,2,1,0
IBM20210325,2025-1,Ingeniería Biomédica,2021,Irregular,85.08,81.4,10.64,77.83,2,0,0,0,2,4.0,4.0,5,4,0,0,0,-4.6,4.19,0,0,0,0,2,0,0
IBM20210330,2022-1,Ingeniería Biomédica,2021,Regular,70.0,,0.0,78.88,2,0,0,0,1,6.0,0.0,1,2,0,0,1,,2.65,0,2,0,2,0,0,1
IBM20210330,2023-2,Ingeniería Biomédica,2021,Irregular,69.0,69.0,0.0,69.13,2,1,0,1,2,7.0,0.0,2,4,1,1,0,0.0,9.62,1,1,1,1,1,0,0
IBM20210330,2024-1,Ingeniería Biomédica,2021,Irregular,74.38,75.72,3.19,61.16,2,4,1,1,4,22.0,9.0,3,4,2,3,0,6.72,83.74,3,2,3,2,1,0,0
IBM20210330,2024-2,Ingeniería Biomédica,2021,Irregular,71.78,58.8,3.19,59.78,2,4,2,1,5,6.0,0.0,4,4,1,4,0,-15.58,8.58,3,2,3,2,2,1,0
IBM20210335,2022-1,Ingeniería Biomédica,2021,Regular,70.0,,0.0,76.82,2,0,0,0,1,6.0,0.0,1,2,0,0,1,,9.45,0,0,0,0,1,1,1
IBM20210335,2023-2,Ingeniería Biomédica,2021,Regular,77.3,77.3,2.48,73.15,2,1,0,0,2,7.0,7.0,2,4,0,0,0,0.0,7.31,0,0,0,0,1,1,0
IBM20210335,2024-2,Ingeniería Biomédica,2021,Regular,79.95,82.6,4.61,77.92,0,0,0,0,2,6.0,6.0,3,5,0,0,0,5.3,6.19,0,0,0,0,0,0,0
IBM20220096,2022-1,Ingeniería Biomédica,2022,Irregular,86.4,86.4,2.48,82.88,2,0,0,0,0,7.0,7.0,1,0,0,0,0,0.0,5.39,0,1,0,1,2,1,0
IBM20220096,2023-1,Ingeniería Biomédica,2022,Irregular,88.8,91.2,4.61,85.35,1,2,0,0,0,6.0,6.0,2,1,0,0,0,4.8,5.98,0,1,0,1,2,0,0
IBM20220096,2023-2,Ingeniería Biomédica,2022,Irregular,88.2,87.0,6.74,84.99,1,2,0,0,0,6.0,6.0,3,1,0,0,0,-1.8,10.0,0,2,0,2,0,0,0
IBM20220115,2022-1,Ingeniería Biomédica,2022,Irregular,64.3,64.3,0.0,70.04,3,4,0,0,1,13.0,0.0,1,0,1,1,1,0.0,7.08,1,1,1,1,0,0,1
IBM20220115,2023-1,Ingeniería Biomédica,2022,Regular,75.45,86.6,2.13,81.77,2,2,0,0,1,6.0,6.0,2,1,0,1,0,22.3,8.54,0,0,0,0,0,1,0
IBM20220115,2024-1,Ingeniería Biomédica,2022,Irregular,73.5,69.6,2.13,69.99,2,3,0,0,3,4.0,0.0,3,2,1,2,0,-5.85,7.03,2,0,2,0,2,1,0
IBM20220125,2022-2,Ingeniería Biomédica,2022,Regular,79.65,79.65,4.61,83.47,0,1,0,0,0,13.0,13.0,1,1,0,0,0,0.0,8.7,0,1,0,2,0,0,0
IBM20220125,2023-1,Ingeniería Biomédica,2022,Regular,77.3,72.6,7.09,83.21,1,2,0,0,0,7.0,7.0,2,1,0,0,0,-7.05,3.63,0,1,0,1,2,0,0
IBM20220125,2023-2,Ingeniería Biomédica,2022,Regular,80.28,84.75,11.7,88.45,2,0,0,0,0,13.0,13.0,3,1,0,0,0,7.45,66.42,0,0,0,1,2,0,0
IBM20220125,2024-1,Ingeniería Biomédica,2022,Regular,80.73,83.0,13.83,81.76,2,2,0,0,0,6.0,6.0,4,1,0,0,0,2.72,7.34,0,0,0,0,0,0,0
IBM20220144,2022-1,Ingeniería Biomédica,2022,Irregular,64.7,64.7,0.0,67.49,3,4,0,0,1,13.0,0.0,1,0,1,1,1,0.0,6.34,1,2,1,2,3,0,1
IBM20220144,2022-2,Ingeniería Biomédica,2022,Regular,73.7,78.2,2.13,77.36,1,3,0,0,2,12.0,6.0,2,0,1,2,0,13.5,98.01,1,1,1,1,3,0,0
IBM20220144,2023-2,Ingeniería Biomédica,2022,Irregular,67.33,60.97,2.13,48.76,2,6,2,0,5,17.0,0.0,3,1,3,5,0,-12.73,30.95,4,0,4,0,4,1,0
IBM20220185,2022-1,Ingeniería Biomédica,2022,Irregular,60.6,60.6,0.0,72.94,1,4,0,0,1,7.0,0.0,1,0,1,1,0,0.0,2.73,2,0,2,0,2,1,0
IBM20220185,2023-1,Ingeniería Biomédica,2022,Irregular,67.43,70.85,2.48,71.07,2,2,0,0,2,13.0,7.0,2,1,1,2,0,10.25,150.06,1,2,1,2,2,0,0
IBM20220185,2024-1,Ingeniería Biomédica,2022,Irregular,68.62,69.8,4.61,57.24,3,4,2,0,5,16.0,6.0,3,2,2,4,0,2.37,50.43,3,2,3,2,1,1,0
IBM20220185,2024-2,Ingeniería Biomédica,2022,Irregular,69.21,72.8,6.03,63.89,1,1,0,0,5,4.0,4.0,4,2,0,4,0,4.18,3.76,1,0,1,0,3,1,0
IBM20220185,2025-1,Ingeniería Biomédica,2022,Irregular,68.75,65.5,6.03,59.33,3,3,2,0,6,6.0,0.0,5,2,1,5,0,-3.71,4.18,3,2,3,2,2,1,0
IBM20220193,2022-2,Ingeniería Biomédica,2022,Regular,75.0,75.0,2.84,77.0,0,2,0,0,0,8.0,8.0,1,1,0,0,0,0.0,5.8,0,1,0,1,2,0,0
IBM20220193,2023-2,Ingeniería Biomédica,2022,Regular,75.3,75.6,4.96,80.98,0,2,0,0,1,6.0,6.0,2,2,0,0,0,0.6,7.16,0,0,0,0,0,1,0
IBM20220193,2024-1,Ingeniería Biomédica,2022,Regular,70.22,65.15,7.09,65.58,2,2,0,0,2,12.0,6.0,3,2,1,1,0,-10.15,39.06,2,0,2,0,1,0,0
IBM20220193,2024-2,Ingeniería Biomédica,2022,Irregular,67.42,61.8,7.09,50.45,4,3,2,0,4,10.0,0.0,4,2,2,3,0,-8.42,34.81,3,0,3,0,3,1,0
IBM20220193,2025-1,Ingeniería Biomédica,2022,Irregular,71.36,95.0,9.22,77.75,3,0,0,0,4,6.0,6.0,5,2,0,3,0,27.58,7.53,1,0,1,0,2,1,0
IBM20220209,2022-2,Ingeniería Biomédica,2022,Regular,88.27,88.27,5.67,85.13,1,0,0,0,0,16.0,16.0,1,1,0,0,0,0.0,21.67,0,1,0,2,2,1,0
IBM20220218,2023-1,Ingeniería Biomédica,2022,Baja Temporal,81.05,81.05,2.13,36.43,4,2,4,0,2,11.0,6.0,1,2,1,1,0,0.0,220.52,1,0,3,0,2,2,0
IBM20220218,2023-2,Ingeniería Biomédica,2022,Baja Temporal,79.73,77.1,4.26,44.58,3,0,3,0,2,13.0,6.0,2,2,0,1,0,-3.95,5.63,0,1,2,1,4,1,1
IBM20220218,2024-2,Ingeniería Biomédica,2022,Baja Temporal,80.2,81.6,6.38,42.46,5,0,3,0,2,6.0,6.0,3,3,0,1,0,1.87,9.68,0,2,2,2,3,1,0
IBM20220218,2025-1,Ingeniería Biomédica,2022,Baja Temporal,82.19,84.83,10.64,51.5,2,0,3,0,2,12.0,12.0,4,3,0,1,0,4.63,48.39,0,3,2,4,2,2,0
IBM20220278,2022-1,Ingeniería Biomédica,2022,Regular,82.9,82.9,2.13,80.31,2,2,0,0,0,6.0,6.0,1,0,0,0,0,0.0,2.52,0,0,0,0,0,0,0
IBM20220278,2022-2,Ingeniería Biomédica,2022,Regular,75.07,71.15,4.26,67.38,2,1,0,0,1,10.0,6.0,2,0,1,1,0,-11.75,42.9,1,0,1,0,1,1,0
IBM20220278,2023-1,Ingeniería Biomédica,2022,Regular,74.45,72.6,6.38,83.74,0,0,0,0,1,6.0,6.0,3,0,0,1,0,-2.47,4.54,0,2,0,2,1,1,0
IBM20220278,2023-2,Ingeniería Biomédica,2022,Regular,75.12,76.45,9.93,77.19,0,2,0,0,1,10.0,10.0,4,0,0,1,0,2.0,7.56,0,2,0,2,1,0,0
IBM20220278,2024-1,Ingeniería Biomédica,2022,Regular,75.31,76.5,12.06,84.16,2,0,0,0,1,6.0,6.0,5,0,0,1,0,1.38,5.13,0,2,0,2,0,1,0
IBM20220295,2022-1,Ingeniería Biomédica,2022,Regular,70.0,,0.0,79.37,3,1,0,0,0,4.0,0.0,1,0,0,0,1,,9.8,0,2,0,2,2,0,1
IBM20220295,2022-2,Ingeniería Biomédica,2022,Regular,78.7,78.7,1.42,84.39,2,0,0,0,0,10.0,4.0,2,0,0,0,1,0.0,6.66,0,1,0,1,0,0,1
IBM20220359,2022-2,Ingeniería Biomédica,2022,Regular,78.2,78.2,3.9,84.66,1,1,0,0,0,11.0,11.0,1,1,0,0,0,0.0,37.21,0,2,0,2,1,0,0
IBM20220359,2024-2,Ingeniería Biomédica,2022,Regular,80.83,86.1,6.03,77.42,1,1,0,0,2,6.0,6.0,2,4,0,0,0,7.9,9.28,0,1,0,1,0,0,0
IBM20220362,2023-1,Ingeniería Biomédica,2022,Irregular,55.4,55.4,0.0,67.12,3,5,0,0,2,7.0,0.0,1,2,1,1,0,0.0,4.0,2,2,2,2,2,1,0
IBM20220362,2023-2,Ingeniería Biomédica,2022,Irregular,64.65,73.9,1.77,73.71,0,0,0,0,2,5.0,5.0,2,2,0,1,0,18.5,5.37,0,0,0,0,3,0,0
IBM20220362,2024-1,Ingeniería Biomédica,2022,Irregular,67.43,73.0,4.26,70.5,2,0,0,0,2,7.0,7.0,3,2,0,1,0,8.35,7.33,0,0,0,0,1,0,0
IBM20230006,2022-1,Ingeniería Biomédica,2023,Regular,72.65,72.65,3.9,78.84,2,2,0,0,0,11.0,11.0,1,0,0,0,0,0.0,2.1,0,1,0,2,0,1,0
IBM20230006,2022-2,Ingeniería Biomédica,2023,Regular,75.65,78.65,8.16,84.17,1,0,0,0,0,12.0,12.0,2,0,0,0,0,6.0,23.52,0,0,0,1,0,0,0
IBM20230013,2025-1,Ingeniería Biomédica,2023,Egresado,80.97,80.97,4.96,81.86,0,0,0,0,2,14.0,14.0,1,4,0,0,0,0.0,4.41,0,2,0,3,1,0,0
IBM20230025,2022-1,Ingeniería Biomédica,2023,Regular,71.1,71.1,2.13,85.17,1,2,0,0,0,6.0,6.0,1,0,0,0,0,0.0,5.19,0,2,0,2,1,1,0
IBM20230025,2023-1,Ingeniería Biomédica,2023,Regular,71.4,71.7,4.26,80.41,0,0,0,0,0,6.0,6.0,2,0,0,0,0,0.6,2.79,0,2,0,2,0,0,0
IBM20230025,2023-2,Ingeniería Biomédica,2023,Regular,72.07,73.4,6.74,79.73,3,2,0,0,0,7.0,7.0,3,0,0,0,0,2.0,7.65,0,2,0,2,1,1,0
IBM20230025,2024-1,Ingeniería Biomédica,2023,Regular,78.55,85.03,12.77,81.93,1,2,0,0,0,17.0,17.0,4,0,0,0,0,12.97,15.78,0,2,0,3,1,0,0
IBM20230064,2022-1,Ingeniería Biomédica,2023,Regular,72.4,72.4,2.13,80.16,1,2,0,0,0,19.0,6.0,1,0,0,0,2,0.0,4.48,0,0,0,0,1,0,1
IBM20230064,2022-2,Ingeniería Biomédica,2023,Irregular,65.45,58.5,2.13,71.78,3,4,0,0,1,6.0,0.0,2,0,1,1,0,-13.9,7.25,2,1,2,1,2,1,0
IBM20230064,2023-1,Ingeniería Biomédica,2023,Irregular,64.2,61.7,2.13,64.51,1,4,0,1,1,4.0,0.0,3,0,1,2,0,-3.75,5.23,1,1,1,1,3,0,0
IBM20230091,2022-1,Ingeniería Biomédica,2023,Regular,70.0,,0.0,80.2,2,0,0,0,0,4.0,0.0,1,0,0,0,1,,9.89,0,1,0,1,0,0,1
IBM20230091,2022-2,Ingeniería Biomédica,2023,Regular,70.3,70.3,2.13,81.12,1,2,0,0,0,6.0,6.0,2,0,0,0,0,0.0,4.52,0,1,0,1,0,0,0
IBM20230091,2023-1,Ingeniería Biomédica,2023,Regular,72.5,74.7,4.26,83.07,1,1,0,0,0,6.0,6.0,3,0,0,0,0,4.4,5.14,0,2,0,2,1,0,0
IBM20230091,2023-2,Ingeniería Biomédica,2023,Regular,75.93,82.8,6.74,83.31,1,1,0,0,0,7.0,7.0,4,0,0,0,0,10.3,9.97,0,0,0,0,1,1,0
IBM20230091,2024-1,Ingeniería Biomédica,2023,Regular,75.93,75.9,8.87,84.92,2,1,0,0,0,6.0,6.0,5,0,0,0,0,-0.03,3.85,0,2,0,2,2,0,0
IBM20230091,2025-1,Ingeniería Biomédica,2023,Regular,76.34,78.0,10.99,85.28,0,2,0,0,0,6.0,6.0,6,0,0,0,0,2.07,3.17,0,2,0,2,1,1,0
IBM20230131,2022-1,Ingeniería Biomédica,2023,Irregular,67.7,67.7,2.48,73.79,1,3,0,0,1,13.0,7.0,1,0,1,1,0,0.0,64.0,1,1,1,1,0,0,0
IBM20230131,2022-2,Ingeniería Biomédica,2023,Irregular,69.6,73.4,4.96,76.88,0,2,0,0,1,7.0,7.0,2,0,0,1,0,5.7,7.42,0,2,0,2,0,1,0
IBM20230131,2023-2,Ingeniería Biomédica,2023,Irregular,69.9,70.8,6.74,81.36,0,2,0,0,1,5.0,5.0,3,0,0,1,0,1.2,5.21,0,2,0,2,0,0,0
IBM20230228,2022-2,Ingeniería Biomédica,2023,Regular,95.2,95.2,3.55,91.57,0,2,0,0,0,10.0,10.0,1,0,0,0,0,0.0,5.29,0,0,0,1,2,1,0
IBM20230228,2023-1,Ingeniería Biomédica,2023,Regular,93.93,91.4,4.96,86.92,1,2,0,0,0,4.0,4.0,2,0,0,0,0,-3.8,2.06,0,2,0,2,1,1,0
IBM20230233,2022-2,Ingeniería Biomédica,2023,Regular,76.2,76.2,2.13,85.32,2,1,0,0,0,6.0,6.0,1,0,0,0,0,0.0,5.7,0,0,0,0,0,1,0
IBM20230233,2023-2,Ingeniería Biomédica,2023,Irregular,68.45,60.7,2.13,69.72,1,4,0,0,1,6.0,0.0,2,0,1,1,0,-15.5,7.35,2,1,2,1,1,1,0
IBM20230233,2025-1,Ingeniería Biomédica,2023,Regular,73.97,85.0,4.26,77.26,1,0,0,0,2,6.0,6.0,3,2,0,1,0,16.55,4.25,0,2,0,2,1,1,0
IBM20230257,2022-1,Ingeniería Biomédica,2023,Regular,70.2,70.2,2.84,84.91,2,1,0,0,0,13.0,8.0,1,0,0,0,1,0.0,7.58,0,2,0,2,1,1,1
IBM20230257,2023-1,Ingeniería Biomédica,2023,Irregular,62.4,58.5,2.84,61.72,4,5,1,0,2,12.0,0.0,2,0,2,2,0,-11.7,56.25,3,2,3,2,2,0,0
IBM20230257,2023-2,Ingeniería Biomédica,2023,Irregular,58.52,46.9,2.84,56.62,2,3,2,0,3,4.0,0.0,3,0,1,3,0,-15.5,4.98,3,2,3,2,3,1,0
IBM20230257,2024-2,Ingeniería Biomédica,2023,Irregular,64.38,87.8,4.96,82.39,0,0,0,0,3,6.0,6.0,4,0,0,3,0,29.27,7.69,1,0,1,0,0,0,0
IBM20230269,2022-1,Ingeniería Biomédica,2023,Regular,84.3,84.3,1.77,83.18,1,0,0,0,0,5.0,5.0,1,0,0,0,0,0.0,7.05,0,1,0,1,1,1,0
IBM20230269,2023-1,Ingeniería Biomédica,2023,Regular,75.1,65.9,1.77,71.54,2,3,0,0,1,4.0,0.0,2,0,1,1,0,-18.4,8.92,1,0,1,0,3,0,0
IBM20230269,2023-2,Ingeniería Biomédica,2023,Regular,80.7,91.9,3.9,82.97,0,0,0,0,1,6.0,6.0,3,0,0,1,0,16.8,8.39,0,0,0,0,1,0,0
IBM20230288,2022-1,Ingeniería Biomédica,2023,Irregular,58.1,58.1,0.0,65.47,1,2,0,1,0,6.0,0.0,1,0,1,1,0,0.0,5.09,1,2,1,2,3,0,0
IBM20230288,2022-2,Ingeniería Biomédica,2023,Regular,71.0,83.9,2.13,84.0,0,2,0,1,0,6.0,6.0,2,0,0,1,0,25.8,5.8,0,1,0,1,0,1,0
IBM20230288,2023-1,Ingeniería Biomédica,2023,Regular,71.33,71.65,3.9,74.2,0,3,0,1,1,11.0,5.0,3,0,1,2,0,0.65,5.06,1,1,1,1,2,1,0
IBM20230288,2023-2,Ingeniería Biomédica,2023,Irregular,68.54,57.4,3.9,69.6,1,3,0,1,2,4.0,0.0,4,0,1,3,0,-13.93,2.44,2,0,2,0,1,0,0
IBM20230288,2025-1,Ingeniería Biomédica,2023,Irregular,67.31,64.25,3.9,61.07,3,4,1,1,4,11.0,0.0,5,0,2,5,0,-4.29,9.3,3,1,3,1,1,0,0
IBM20230300,2022-1,Ingeniería Biomédica,2023,Regular,80.2,80.2,1.77,85.41,2,0,0,0,0,5.0,5.0,1,0,0,0,0,0.0,6.56,0,1,0,1,2,1,0
IBM20230300,2022-2,Ingeniería Biomédica,2023,Regular,72.95,65.7,1.77,71.51,2,2,0,0,1,4.0,0.0,2,0,1,1,0,-14.5,2.73,1,0,1,0,0,1,0
IBM20230300,2024-1,Ingeniería Biomédica,2023,Regular,76.28,79.6,6.03,78.44,1,1,0,0,1,12.0,12.0,3,0,0,1,0,6.65,14.44,0,0,0,1,0,0,0
IBM20230341,2023-1,Ingeniería Biomédica,2023,Regular,83.6,83.6,5.32,84.11,2,0,0,0,0,15.0,15.0,1,0,0,0,0,0.0,16.25,0,2,0,3,0,0,0
IBM20230351,2022-1,Ingeniería Biomédica,2023,Regular,78.7,78.7,1.42,78.94,0,0,0,0,0,10.0,4.0,1,0,0,0,1,0.0,2.99,0,1,0,1,1,1,1
IBM20230351,2022-2,Ingeniería Biomédica,2023,Regular,78.7,,1.42,80.6,2,1,0,0,0,6.0,0.0,2,0,0,0,1,,6.48,0,2,0,2,0,0,1
IBM20230372,2023-2,Ingeniería Biomédica,2023,Regular,70.4,70.4,2.13,81.25,0,2,0,0,0,6.0,6.0,1,1,0,0,0,0.0,6.5,0,2,0,2,2,0,0
IBM20230372,2024-1,Ingeniería Biomédica,2023,Regular,72.75,75.1,4.61,79.39,0,2,0,0,0,7.0,7.0,2,1,0,0,0,4.7,6.93,0,2,0,2,2,0,0
IBM20230372,2025-1,Ingeniería Biomédica,2023,Regular,75.53,81.1,6.74,83.74,1,2,0,0,1,6.0,6.0,3,2,0,0,0,8.35,9.77,0,1,0,1,0,1,0
IBM20240003,2022-1,Ingeniería Biomédica,2024,Regular,70.0,,0.0,76.59,1,1,0,0,0,4.0,0.0,1,0,0,0,1,,3.29,0,0,0,0,2,0,1
IBM20240003,2022-2,Ingeniería Biomédica,2024,Regular,93.8,93.8,2.13,86.89,2,1,0,0,0,6.0,6.0,2,0,0,0,0,0.0,8.63,0,0,0,0,2,0,0
IBM20240003,2023-1,Ingeniería Biomédica,2024,Regular,88.9,84.0,4.26,84.41,2,1,0,0,0,6.0,6.0,3,0,0,0,0,-9.8,8.69,0,1,0,1,2,1,0
IBM20240037,2022-1,Ingeniería Biomédica,2024,Regular,75.6,75.6,1.42,77.98,0,3,0,1,0,10.0,4.0,1,0,1,1,0,0.0,96.04,1,2,1,2,0,1,0
IBM20240037,2022-2,Ingeniería Biomédica,2024,Regular,77.1,80.1,3.19,79.29,0,2,0,1,0,5.0,5.0,2,0,0,1,0,4.5,5.3,0,2,0,2,0,0,0
IBM20240118,2023-1,Ingeniería Biomédica,2024,Regular,73.8,73.8,2.13,66.65,3,2,1,0,2,17.0,6.0,1,0,2,2,0,0.0,74.42,2,0,2,0,1,0,0
IBM20240118,2025-1,Ingeniería Biomédica,2024,Regular,74.22,75.5,4.26,80.12,0,2,0,0,2,6.0,6.0,2,1,0,2,0,1.7,5.22,0,0,0,0,0,0,0
IBM20240137,2022-2,Ingeniería Biomédica,2024,Regular,85.25,85.25,4.26,90.57,1,1,0,0,0,12.0,12.0,1,0,0,0,0,0.0,0.56,0,0,0,1,0,0,0
IBM20240137,2023-1,Ingeniería Biomédica,2024,Regular,80.83,72.0,6.38,81.13,0,1,0,0,0,6.0,6.0,2,0,0,0,0,-13.25,4.79,0,2,0,2,2,1,0
IBM20240145,2022-1,Ingeniería Biomédica,2024,Regular,70.0,,0.0,78.91,1,2,0,0,0,6.0,0.0,1,0,0,0,1,,6.44,0,1,0,1,0,1,1
IBM20240145,2022-2,Ingeniería Biomédica,2024,Regular,95.4,95.4,1.42,88.67,2,2,0,0,0,4.0,4.0,2,0,0,0,0,0.0,7.59,0,2,0,2,1,1,0
IBM20240145,2023-2,Ingeniería Biomédica,2024,Regular,84.9,74.4,2.84,77.0,2,2,0,0,0,4.0,4.0,3,0,0,0,0,-21.0,2.29,0,1,0,1,2,1,0
IBM20240145,2024-1,Ingeniería Biomédica,2024,Regular,83.83,81.7,4.96,81.35,1,0,0,0,0,6.0,6.0,4,0,0,0,0,-3.2,3.39,0,0,0,0,0,1,0
IBM20240161,2022-1,Ingeniería Biomédica,2024,Irregular,56.2,56.2,0.0,66.62,2,2,0,0,1,6.0,0.0,1,0,1,1,0,0.0,7.13,2,1,2,1,1,0,0
IBM20240161,2022-2,Ingeniería Biomédica,2024,Irregular,64.15,72.1,1.42,78.3,2,0,0,0,1,8.0,4.0,2,0,0,1,1,15.9,5.12,0,0,0,0,2,1,1
IBM20240161,2023-1,Ingeniería Biomédica,2024,Irregular,68.17,76.2,3.55,82.51,2,2,0,0,1,6.0,6.0,3,0,0,1,0,12.05,5.1,0,2,0,2,1,0,0
IBM20240169,2022-1,Ingeniería Biomédica,2024,Regular,70.0,,0.0,79.9,0,2,0,0,0,6.0,0.0,1,0,0,0,1,,9.94,0,1,0,1,0,0,1
IBM20240169,2023-1,Ingeniería Biomédica,2024,Irregular,62.8,62.8,0.0,66.29,1,2,0,1,0,7.0,0.0,2,0,1,1,0,0.0,3.39,1,1,1,1,2,0,0
IBM20240169,2023-2,Ingeniería Biomédica,2024,Irregular,69.37,72.65,2.48,75.28,1,1,0,1,1,11.0,7.0,3,0,1,2,0,9.85,23.52,1,2,1,2,0,1,0
IBM20240169,2024-1,Ingeniería Biomédica,2024,Regular,70.03,72.0,4.96,74.1,2,1,0,1,1,7.0,7.0,4,0,0,2,0,2.63,2.7,0,1,0,1,1,1,0
IBM20240169,2024-2,Ingeniería Biomédica,2024,Regular,70.28,71.3,7.09,76.38,2,1,0,1,1,6.0,6.0,5,0,0,2,0,1.27,9.16,0,2,0,2,0,0,0
IBM20240190,2022-1,Ingeniería Biomédica,2024,Regular,98.6,98.6,2.13,94.2,1,1,0,0,0,14.0,6.0,1,0,0,0,2,0.0,5.87,0,2,0,2,0,1,1
IBM20240198,2022-1,Ingeniería Biomédica,2024,Irregular,46.3,46.3,0.0,61.24,3,4,0,0,1,6.0,0.0,1,0,1,1,0,0.0,8.99,2,1,2,1,3,1,0
IBM20240198,2023-1,Ingeniería Biomédica,2024,Irregular,66.4,76.45,3.9,79.64,1,2,0,0,1,11.0,11.0,2,0,0,1,0,30.15,9.92,0,1,0,2,2,0,0
IBM20240198,2023-2,Ingeniería Biomédica,2024,Irregular,62.17,49.5,3.9,59.67,2,4,2,0,2,7.0,0.0,3,0,1,2,0,-16.9,5.82,2,2,3,2,2,0,0
IBM20240198,2024-1,Ingeniería Biomédica,2024,Irregular,64.25,68.4,6.03,71.09,1,3,0,1,2,12.0,6.0,4,0,1,3,0,6.23,125.44,1,0,1,0,1,1,0
IBM20240201,2022-1,Ingeniería Biomédica,2024,Regular,73.97,73.97,3.55,70.32,2,2,0,0,1,18.0,10.0,1,0,1,1,0,0.0,46.46,1,0,1,0,2,1,0
IBM20240201,2023-1,Ingeniería Biomédica,2024,Regular,76.92,81.35,7.8,84.64,1,2,0,0,1,12.0,12.0,2,0,0,1,0,7.38,21.62,0,1,0,2,2,1,0
IBM20240201,2024-1,Ingeniería Biomédica,2024,Regular,79.22,90.7,9.22,85.84,0,0,0,0,1,4.0,4.0,3,0,0,1,0,13.78,8.55,0,0,0,0,2,1,0
IBM20240201,2024-2,Ingeniería Biomédica,2024,Regular,79.15,78.95,13.83,81.45,1,2,0,0,1,13.0,13.0,4,0,0,1,0,-0.27,36.6,0,0,0,1,0,0,0
IBM20240201,2025-1,Ingeniería Biomédica,2024,Regular,78.91,77.0,15.96,79.71,2,2,0,0,1,6.0,6.0,5,0,0,1,0,-2.15,6.66,0,1,0,1,1,0,0
IBM20240285,2022-2,Ingeniería Biomédica,2024,Irregular,64.3,64.3,0.0,68.55,3,3,0,0,1,7.0,0.0,1,0,1,1,0,0.0,4.67,1,2,1,2,3,0,0
IBM20240285,2024-1,Ingeniería Biomédica,2024,Regular,70.95,77.6,2.13,76.19,0,1,0,0,1,6.0,6.0,2,0,0,1,0,13.3,5.81,0,0,0,0,2,1,0
IBM20240285,2025-1,Ingeniería Biomédica,2024,Regular,72.33,75.1,3.55,81.85,1,2,0,0,1,4.0,4.0,3,0,0,1,0,4.15,7.38,0,1,0,1,2,0,0
IBM20240296,2022-1,Ingeniería Biomédica,2024,Regular,70.0,,0.0,84.7,2,1,0,0,0,6.0,0.0,1,0,0,0,1,,9.37,0,2,0,2,1,1,1
IBM20240296,2022-2,Ingeniería Biomédica,2024,Regular,82.1,82.1,4.26,79.49,1,2,0,0,0,18.0,12.0,2,0,0,0,1,0.0,2.89,0,1,0,2,2,0,1
IBM20240296,2023-2,Ingeniería Biomédica,2024,Regular,77.87,69.4,4.26,76.52,1,2,0,0,1,7.0,0.0,3,0,1,1,0,-12.7,6.77,1,2,1,2,3,0,0
IBM20240296,2024-1,Ingeniería Biomédica,2024,Regular,79.64,82.3,7.8,77.62,0,2,0,0,1,10.0,10.0,4,0,0,1,0,4.43,102.01,0,2,0,2,2,0,0
IBM20240296,2024-2,Ingeniería Biomédica,2024,Regular,80.18,82.9,9.93,83.58,1,0,0,0,1,6.0,6.0,5,0,0,1,0,3.26,4.15,0,1,0,1,1,1,0
IBM20240305,2023-2,Ingeniería Biomédica,2024,Regular,90.2,90.2,2.13,90.9,0,1,0,0,0,6.0,6.0,1,0,0,0,0,0.0,5.56,0,1,0,1,1,1,0
IBM20240305,2024-1,Ingeniería Biomédica,2024,Regular,92.15,94.1,3.55,84.31,2,2,0,0,0,4.0,4.0,2,0,0,0,0,3.9,9.03,0,2,0,2,1,0,0
IBM20240305,2024-2,Ingeniería Biomédica,2024,Regular,91.77,91.0,5.67,87.6,2,1,0,0,0,6.0,6.0,3,0,0,0,0,-1.15,3.08,0,1,0,1,2,1,0
IBM20240307,2024-1,Ingeniería Biomédica,2024,Regular,75.5,75.5,2.13,72.73,1,1,0,0,1,10.0,6.0,1,0,1,1,0,0.0,42.25,1,1,1,1,1,0,0
IBM20240307,2025-1,Ingeniería Biomédica,2024,Regular,79.47,87.4,4.26,88.05,0,2,0,0,1,6.0,6.0,2,1,0,1,0,11.9,9.31,0,1,0,1,2,1,0
IBM20240364,2022-1,Ingeniería Biomédica,2024,Irregular,80.4,80.4,4.26,88.14,2,1,0,0,0,12.0,12.0,1,0,0,0,0,0.0,7.91,0,1,0,1,1,1,0
IBM20240364,2022-2,Ingeniería Biomédica,2024,Irregular,78.13,77.0,9.93,86.69,2,0,0,0,0,16.0,16.0,2,0,0,0,0,-3.4,22.09,0,2,0,2,2,0,0
IBM20240364,2024-1,Ingeniería Biomédica,2024,Irregular,78.32,78.9,12.06,79.92,0,0,0,0,0,6.0,6.0,3,0,0,0,0,0.77,6.13,0,0,0,0,2,1,0
IBM20240364,2024-2,Ingeniería Biomédica,2024,Irregular,81.08,92.1,14.54,86.9,1,1,0,0,0,7.0,7.0,4,0,0,0,0,13.78,2.8,0,0,0,0,2,0,0
IBM20240364,2025-1,Ingeniería Biomédica,2024,Irregular,80.48,77.5,16.67,82.25,1,1,0,0,0,6.0,6.0,5,0,0,0,0,-3.58,4.63,0,0,0,0,1,0,0
IBM20240370,2022-1,Ingeniería Biomédica,2024,Irregular,69.6,69.6,0.0,77.45,0,3,0,1,0,14.0,0.0,1,0,1,1,1,0.0,8.48,1,2,1,2,3,1,1
IBM20240370,2022-2,Ingeniería Biomédica,2024,Irregular,60.8,52.0,0.0,62.35,3,5,0,1,1,6.0,0.0,2,0,1,2,0,-17.6,8.8,2,1,2,1,3,1,0
IBM20240370,2023-1,Ingeniería Biomédica,2024,Irregular,54.9,49.0,0.0,52.07,3,6,2,2,2,12.0,0.0,3,0,2,4,0,-11.8,174.24,3,2,3,2,3,2,0
IBM20240370,2023-2,Ingeniería Biomédica,2024,Irregular,59.46,77.7,1.42,81.21,0,2,0,2,2,4.0,4.0,4,0,0,4,0,22.8,9.98,0,0,0,0,2,1,0
IBM20240380,2023-1,Ingeniería Biomédica,2024,Irregular,71.2,71.2,1.77,78.77,2,1,0,0,0,5.0,5.0,1,0,0,0,0,0.0,4.08,0,2,0,2,0,0,0
IBM20240380,2024-1,Ingeniería Biomédica,2024,Irregular,64.95,58.7,1.77,66.62,1,2,0,0,1,6.0,0.0,2,0,1,1,0,-12.5,6.48,2,2,2,2,2,0,0
IBM20240380,2024-2,Ingeniería Biomédica,2024,Irregular,55.2,35.7,1.77,62.65,1,6,0,0,2,7.0,0.0,3,0,1,2,0,-29.25,2.49,3,1,2,1,1,1,0
IBM20240380,2025-1,Ingeniería Biomédica,2024,Irregular,61.13,78.9,3.9,78.54,2,2,0,0,2,6.0,6.0,4,0,0,2,0,23.7,5.12,0,2,0,2,1,1,0
IDS20200001,2022-1,Ingeniería en Desarrollo de Software,2020,Regular,70.9,70.9,2.96,74.76,3,1,0,0,2,8.0,8.0,1,4,0,0,0,0.0,8.72,0,0,0,0,0,1,0
IDS20200001,2022-2,Ingeniería en Desarrollo de Software,2020,Regular,70.5,70.1,4.81,73.42,0,1,0,0,2,5.0,5.0,2,4,0,0,0,-0.8,2.86,0,2,0,2,1,1,0
IDS20200001,2023-1,Ingeniería en Desarrollo de Software,2020,Regular,72.5,76.5,7.04,77.13,0,2,0,0,2,6.0,6.0,3,4,0,0,0,6.0,9.55,0,2,0,2,0,0,0
IDS20200001,2024-1,Ingeniería en Desarrollo de Software,2020,Regular,74.28,79.6,9.26,68.64,2,2,0,0,2,6.0,6.0,4,5,0,0,0,7.1,9.2,0,2,0,2,3,1,0
IDS20200001,2024-2,Ingeniería en Desarrollo de Software,2020,Regular,75.22,79.0,11.48,75.65,0,2,0,0,2,6.0,6.0,5,5,0,0,0,4.72,4.04,0,1,0,1,0,1,0
IDS20200012,2022-1,Ingeniería en Desarrollo de Software,2020,Irregular,68.1,68.1,0.0,65.2,1,1,0,0,3,12.0,0.0,1,4,1,1,1,0.0,3.16,2,2,2,2,2,1,1
IDS20200012,2022-2,Ingeniería en Desarrollo de Software,2020,Irregular,70.25,72.4,1.85,69.66,3,0,0,0,3,5.0,5.0,2,4,0,1,0,4.3,9.29,1,1,1,1,0,0,0
IDS20200012,2023-1,Ingeniería en Desarrollo de Software,2020,Irregular,74.87,84.1,4.07,73.67,1,1,0,0,3,6.0,6.0,3,4,0,1,0,13.85,7.48,1,1,1,1,2,1,0
IDS20200012,2023-2,Ingeniería en Desarrollo de Software,2020,Irregular,80.53,97.5,6.67,83.04,1,0,0,0,3,7.0,7.0,4,4,0,1,0,22.63,3.78,1,2,1,2,1,1,0
IDS20200012,2024-1,Ingeniería en Desarrollo de Software,2020,Irregular,79.88,77.3,9.26,73.45,2,0,0,0,3,7.0,7.0,5,4,0,1,0,-3.23,2.84,1,0,1,0,2,1,0
IDS20200012,2024-2,Ingeniería en Desarrollo de Software,2020,Irregular,79.13,75.4,11.48,75.58,2,2,0,0,3,6.0,6.0,6,4,0,1,0,-4.48,5.26,1,0,1,0,2,1,0
IDS20200012,2025-1,Ingeniería en Desarrollo de Software,2020,Irregular,81.03,86.7,14.44,76.3,2,2,0,0,3,8.0,8.0,7,4,0,1,0,7.57,33.64,1,2,1,2,1,0,0
IDS20200026,2022-1,Ingeniería en Desarrollo de Software,2020,Regular,70.0,,0.0,67.91,1,0,0,0,2,12.0,0.0,1,4,0,0,1,,7.25,0,2,0,2,3,1,1
IDS20200026,2022-2,Ingeniería en Desarrollo de Software,2020,Irregular,65.1,65.1,0.0,66.02,3,2,0,0,3,8.0,0.0,2,4,1,1,0,0.0,6.73,2,1,2,1,2,0,0
IDS20200026,2023-2,Ingeniería en Desarrollo de Software,2020,Irregular,75.3,85.5,2.22,73.01,1,1,0,0,3,6.0,6.0,3,5,0,1,0,20.4,3.11,1,2,1,2,1,0,0
IDS20200026,2024-2,Ingeniería en Desarrollo de Software,2020,Irregular,75.25,75.2,6.67,62.78,3,1,0,0,4,12.0,12.0,4,6,0,1,0,-0.1,0.81,1,1,1,2,1,1,0
IDS20200026,2025-1,Ingeniería en Desarrollo de Software,2020,Irregular,72.92,68.25,8.15,59.24,4,1,2,1,4,8.0,4.0,5,6,1,2,0,-7.0,74.82,2,2,3,2,3,1,0
IDS20200055,2022-1,Ingeniería en Desarrollo de Software,2020,Regular,70.0,,0.0,71.85,0,1,0,0,2,7.0,0.0,1,4,0,0,1,,7.19,0,0,0,0,2,1,1
IDS20200055,2022-2,Ingeniería en Desarrollo de Software,2020,Regular,82.2,82.2,2.96,75.68,2,2,0,0,2,8.0,8.0,2,4,0,0,0,0.0,1.21,0,1,0,2,2,1,0
IDS20200055,2023-1,Ingeniería en Desarrollo de Software,2020,Regular,85.43,91.9,4.44,81.27,0,2,0,0,2,4.0,4.0,3,4,0,0,0,9.7,7.21,0,2,0,2,2,1,0
IDS20200065,2022-1,Ingeniería en Desarrollo de Software,2020,Baja Temporal,94.0,94.0,2.22,50.89,4,0,3,0,2,13.0,6.0,1,4,0,0,0,0.0,6.55,0,1,2,1,3,2,1
IDS20200065,2022-2,Ingeniería en Desarrollo de Software,2020,Baja Temporal,89.57,87.35,5.19,47.9,2,1,3,0,2,8.0,8.0,2,4,0,0,0,-6.65,2.72,0,1,2,2,1,2,0
IDS20200066,2022-1,Ingeniería en Desarrollo de Software,2020,Regular,70.0,,0.0,69.74,2,2,0,0,2,6.0,0.0,1,4,0,0,1,,4.72,0,0,0,0,1,1,1
IDS20200066,2022-2,Ingeniería en Desarrollo de Software,2020,Regular,80.9,80.9,1.48,71.99,2,1,0,0,2,4.0,4.0,2,4,0,0,0,0.0,9.7,0,2,0,2,2,0,0
IDS20200066,2023-1,Ingeniería en Desarrollo de Software,2020,Irregular,67.75,54.6,1.48,53.56,4,3,2,0,3,8.0,0.0,3,4,1,1,0,-26.3,8.56,2,1,3,1,3,1,0
IDS20200066,2024-2,Ingeniería en Desarrollo de Software,2020,Irregular,74.5,88.0,2.96,72.56,2,2,0,0,4,4.0,4.0,4,6,0,1,0,20.25,5.09,1,1,1,1,2,0,0
IDS20200066,2025-1,Ingeniería en Desarrollo de Software,2020,Irregular,65.18,51.2,2.96,46.47,4,6,2,1,5,10.0,0.0,5,6,2,3,0,-23.3,176.89,4,0,4,0,2,2,0
IDS20200078,2022-1,Ingeniería en Desarrollo de Software,2020,Irregular,72.4,72.4,2.96,76.43,1,2,0,0,2,8.0,8.0,1,4,0,0,0,0.0,9.66,0,2,0,2,1,0,0
IDS20200078,2022-2,Ingeniería en Desarrollo de Software,2020,Irregular,75.15,77.9,5.19,69.98,2,0,0,0,2,6.0,6.0,2,4,0,0,0,5.5,8.55,0,1,0,1,1,1,0
IDS20200078,2024-2,Ingeniería en Desarrollo de Software,2020,Irregular,74.07,71.9,7.41,62.4,2,0,0,0,3,6.0,6.0,3,7,0,0,0,-3.25,4.87,1,1,1,1,3,0,0
IDS20200078,2025-1,Ingeniería en Desarrollo de Software,2020,Irregular,71.78,64.9,7.41,54.29,3,2,2,0,4,4.0,0.0,4,7,1,1,0,-9.17,5.14,2,1,3,1,3,1,0
IDS20200099,2022-1,Ingeniería en Desarrollo de Software,2020,Regular,70.0,,0.0,71.28,2,1,0,0,2,12.0,0.0,1,4,0,0,2,,7.6,0,0,0,0,2,0,1
IDS20200099,2022-2,Ingeniería en Desarrollo de Software,2020,Irregular,55.55,55.55,1.48,56.99,3,5,2,0,3,8.0,4.0,2,4,1,1,0,0.0,359.1,2,2,3,2,3,1,0
IDS20200101,2022-2,Ingeniería en Desarrollo de Software,2020,Regular,97.9,97.9,2.22,78.7,2,2,0,0,2,6.0,6.0,1,5,0,0,0,0.0,3.31,0,0,0,0,0,1,0
IDS20200101,2024-1,Ingeniería en Desarrollo de Software,2020,Irregular,91.5,85.1,4.44,72.15,0,0,0,0,3,6.0,6.0,2,7,0,0,0,-12.8,6.39,1,1,1,1,2,1,0
IDS20200101,2024-2,Ingeniería en Desarrollo de Software,2020,Irregular,80.7,69.9,6.67,61.87,2,3,0,0,4,11.0,6.0,3,7,1,1,0,-21.6,49.0,2,0,2,0,3,0,0
IDS20200114,2022-1,Ingeniería en Desarrollo de Software,2020,Irregular,80.55,80.55,3.7,71.86,1,2,0,0,2,10.0,10.0,1,4,0,0,0,0.0,7.02,0,2,0,2,1,1,0
IDS20200114,2022-2,Ingeniería en Desarrollo de Software,2020,Irregular,77.93,72.7,5.19,69.71,3,0,0,0,2,4.0,4.0,2,4,0,0,0,-7.85,2.14,0,0,0,0,1,1,0
IDS20200114,2023-1,Ingeniería en Desarrollo de Software,2020,Irregular,74.38,69.05,6.67,63.73,1,3,0,0,3,10.0,4.0,3,4,1,1,0,-8.88,7.56,2,0,2,0,2,0,0
IDS20200114,2023-2,Ingeniería en Desarrollo de Software,2020,Irregular,73.38,68.4,6.67,64.73,3,2,0,1,3,4.0,0.0,4,4,1,2,0,-5.98,5.2,2,2,2,2,2,1,0
IDS20200117,2022-2,Ingeniería en Desarrollo de Software,2020,Irregular,85.65,85.65,3.7,76.42,2,2,0,0,2,10.0,10.0,1,5,0,0,0,0.0,21.62,0,0,0,1,1,1,0
IDS20200117,2023-1,Ingeniería en Desarrollo de Software,2020,Irregular,86.63,88.6,5.56,72.93,2,2,0,0,2,5.0,5.0,2,5,0,0,0,2.95,9.28,0,2,0,2,2,0,0
IDS20200117,2023-2,Ingeniería en Desarrollo de Software,2020,Irregular,85.82,84.6,10.37,76.47,2,0,0,0,2,13.0,13.0,3,5,0,0,0,-2.03,27.04,0,0,0,1,1,1,0
IDS20200152,2022-1,Ingeniería en Desarrollo de Software,2020,Irregular,72.45,72.45,3.7,68.65,3,2,0,0,2,10.0,10.0,1,4,0,0,0,0.0,2.4,0,0,0,1,2,0,0
IDS20200152,2022-2,Ingeniería en Desarrollo de Software,2020,Irregular,64.57,48.8,3.7,52.77,4,3,2,0,3,7.0,0.0,2,4,1,1,0,-23.65,5.11,2,2,3,2,4,1,0
IDS20200152,2023-1,Ingeniería en Desarrollo de Software,2020,Irregular,58.16,53.35,3.7,34.95,2,7,3,2,5,24.0,0.0,3,4,4,5,0,-11.22,86.87,6,2,6,2,2,2,0
IDS20200152,2023-2,Ingeniería en Desarrollo de Software,2020,Irregular,58.93,64.3,3.7,56.37,2,3,2,2,6,6.0,0.0,4,4,1,6,0,6.14,5.96,3,1,3,1,1,1,0
IDS20200152,2024-1,Ingeniería en Desarrollo de Software,2020,Irregular,60.33,71.6,6.3,67.41,1,0,0,2,6,7.0,7.0,5,4,0,6,0,12.67,9.54,2,0,2,0,3,0,0
IDS20200174,2022-2,Ingeniería en Desarrollo de Software,2020,Regular,78.55,78.55,3.33,70.09,0,1,0,0,2,9.0,9.0,1,5,0,0,0,0.0,28.62,0,0,0,1,1,0,0
IDS20200174,2023-1,Ingeniería en Desarrollo de Software,2020,Irregular,73.98,69.4,5.93,60.6,2,3,0,0,3,14.0,7.0,2,5,1,1,0,-9.15,34.81,2,2,2,2,1,0,0
IDS20200191,2022-1,Ingeniería en Desarrollo de Software,2020,Egresado,69.6,69.6,0.0,71.51,1,2,0,0,3,4.0,0.0,1,4,1,1,0,0.0,8.18,2,2,2,2,3,0,0
IDS20200191,2024-1,Ingeniería en Desarrollo de Software,2020,Egresado,79.6,89.6,1.85,71.38,1,0,0,0,4,5.0,5.0,2,7,0,1,0,20.0,9.33,1,2,1,2,2,1,0
IDS20200191,2024-2,Ingeniería en Desarrollo de Software,2020,Egresado,84.5,94.3,4.44,77.05,0,1,0,0,4,7.0,7.0,3,7,0,1,0,14.7,5.85,1,2,1,2,2,0,0
IDS20200195,2023-1,Ingeniería en Desarrollo de Software,2020,Irregular,64.9,64.9,0.0,54.29,2,4,2,0,4,6.0,0.0,1,6,1,1,0,0.0,4.07,2,0,3,0,2,2,0
IDS20200195,2023-2,Ingeniería en Desarrollo de Software,2020,Irregular,76.3,82.0,4.07,64.39,2,2,0,0,4,11.0,11.0,2,6,0,1,0,17.1,0.25,1,2,1,2,1,1,0
IDS20200195,2024-1,Ingeniería en Desarrollo de Software,2020,Irregular,73.6,65.5,4.07,53.41,3,4,2,0,5,6.0,0.0,3,6,1,2,0,-10.8,5.92,2,2,3,2,4,2,0
IDS20200195,2024-2,Ingeniería en Desarrollo de Software,2020,Irregular,75.64,83.8,5.56,71.68,1,1,0,0,5,4.0,4.0,4,6,0,2,0,10.2,6.91,1,1,1,1,1,1,0
IDS20200210,2022-1,Ingeniería en Desarrollo de Software,2020,Regular,77.2,77.2,2.22,71.0,1,2,0,1,2,12.0,6.0,1,4,1,1,0,0.0,60.84,1,2,1,2,3,1,0
IDS20200210,2022-2,Ingeniería en Desarrollo de Software,2020,Regular,80.17,86.1,4.44,73.66,0,2,0,1,2,6.0,6.0,2,4,0,1,0,8.9,3.37,0,1,0,1,1,0,0
IDS20200309,2022-1,Ingeniería en Desarrollo de Software,2020,Regular,70.0,,0.0,76.13,0,1,0,0,2,10.0,0.0,1,4,0,0,2,,8.49,0,0,0,0,2,1,1
IDS20200309,2022-2,Ingeniería en Desarrollo de Software,2020,Regular,70.2,70.2,2.59,69.06,1,0,0,0,2,7.0,7.0,2,4,0,0,0,0.0,7.92,0,0,0,0,1,1,0
IDS20200353,2022-1,Ingeniería en Desarrollo de Software,2020,Regular,70.0,,0.0,73.08,2,1,0,0,2,6.0,0.0,1,4,0,0,1,,2.92,0,1,0,1,3,1,1
IDS20200353,2023-1,Ingeniería en Desarrollo de Software,2020,Regular,81.3,81.3,1.48,76.18,3,2,0,0,2,4.0,4.0,2,5,0,0,0,0.0,2.95,0,2,0,2,1,0,0
IDS20200353,2023-2,Ingeniería en Desarrollo de Software,2020,Regular,83.7,86.1,3.7,76.72,1,1,0,0,2,6.0,6.0,3,5,0,0,0,4.8,9.4,0,1,0,1,0,0,0
IDS20200353,2024-1,Ingeniería en Desarrollo de Software,2020,Irregular,78.45,75.82,8.89,60.09,2,4,1,1,3,24.0,14.0,4,5,2,2,0,-7.88,134.29,3,0,3,0,2,1,0
IDS20200353,2024-2,Ingeniería en Desarrollo de Software,2020,Irregular,79.63,86.7,10.74,71.23,1,2,0,1,3,5.0,5.0,5,5,0,2,0,8.25,5.19,1,1,1,1,2,0,0
IDS20200377,2022-1,Ingeniería en Desarrollo de Software,2020,Regular,70.0,,0.0,68.72,3,1,0,0,2,4.0,0.0,1,4,0,0,1,,2.13,0,0,0,0,2,1,1
IDS20200377,2022-2,Ingeniería en Desarrollo de Software,2020,Regular,85.2,85.2,5.19,81.07,0,0,0,0,2,22.0,14.0,2,4,0,0,1,0.0,0.49,0,0,0,1,1,0,1
IDS20200377,2023-1,Ingeniería en Desarrollo de Software,2020,Regular,83.55,81.9,9.63,79.15,2,2,0,0,2,12.0,12.0,3,4,0,0,0,-3.3,67.24,0,1,0,2,0,0,0
IDS20200377,2023-2,Ingeniería en Desarrollo de Software,2020,Regular,83.42,82.9,11.48,77.31,0,0,0,0,2,5.0,5.0,4,4,0,0,0,-0.65,9.99,0,1,0,1,2,1,0
IDS20200377,2025-1,Ingeniería en Desarrollo de Software,2020,Irregular,84.2,88.1,12.96,70.74,3,2,0,0,3,4.0,4.0,5,6,0,0,0,4.68,5.78,1,2,1,2,2,0,0
IDS20210033,2022-1,Ingeniería en Desarrollo de Software,2021,Regular,86.7,86.7,2.22,78.92,0,0,0,0,1,12.0,6.0,1,2,0,0,1,0.0,2.82,0,0,0,0,2,1,1
IDS20210033,2022-2,Ingeniería en Desarrollo de Software,2021,Regular,84.1,81.5,4.81,78.65,1,2,0,0,1,7.0,7.0,2,2,0,0,0,-5.2,5.85,0,1,0,1,0,0,0
IDS20210033,2023-1,Ingeniería en Desarrollo de Software,2021,Regular,80.15,76.2,8.89,74.49,1,0,0,0,1,11.0,11.0,3,2,0,0,0,-7.9,13.69,0,0,0,1,2,0,0
IDS20210033,2024-1,Ingeniería en Desarrollo de Software,2021,Regular,80.66,82.7,11.48,75.72,2,0,0,0,1,7.0,7.0,4,3,0,0,0,2.55,4.42,0,2,0,2,2,1,0
IDS20210038,2022-1,Ingeniería en Desarrollo de Software,2021,Irregular,75.4,75.4,2.59,73.93,3,0,0,0,1,7.0,7.0,1,2,0,0,0,0.0,4.74,0,0,0,0,1,0,0
IDS20210038,2022-2,Ingeniería en Desarrollo de Software,2021,Irregular,79.63,81.75,5.56,81.37,1,0,0,0,1,8.0,8.0,2,2,0,0,0,6.35,24.5,0,1,0,2,2,1,0
IDS20210041,2022-2,Ingeniería en Desarrollo de Software,2021,Regular,79.55,79.55,4.44,76.96,2,2,0,0,1,12.0,12.0,1,3,0,0,0,0.0,1.56,0,1,0,2,1,1,0
IDS20210041,2023-2,Ingeniería en Desarrollo de Software,2021,Regular,81.15,82.75,8.89,77.42,2,0,0,0,2,12.0,12.0,2,4,0,0,0,3.2,6.0,0,0,0,1,2,0,0
IDS20210041,2024-2,Ingeniería en Desarrollo de Software,2021,Regular,79.6,73.4,11.11,68.98,0,0,0,0,2,6.0,6.0,3,5,0,0,0,-7.75,6.08,0,2,0,2,3,0,0
IDS20210041,2025-1,Ingeniería en Desarrollo de Software,2021,Regular,80.62,85.7,13.33,79.34,2,1,0,0,2,6.0,6.0,4,5,0,0,0,6.1,3.69,0,0,0,0,0,0,0
IDS20210046,2022-1,Ingeniería en Desarrollo de Software,2021,Regular,70.0,,0.0,80.35,1,0,0,0,1,6.0,0.0,1,2,0,0,1,,5.6,0,1,0,1,2,0,1
IDS20210046,2022-2,Ingeniería en Desarrollo de Software,2021,Regular,85.0,85.0,2.22,83.16,2,2,0,0,1,6.0,6.0,2,2,0,0,0,0.0,7.38,0,1,0,1,1,0,0
IDS20210046,2023-1,Ingeniería en Desarrollo de Software,2021,Regular,78.85,72.7,4.44,75.41,0,0,0,0,1,6.0,6.0,3,2,0,0,0,-12.3,4.91,0,2,0,2,2,1,0
IDS20210046,2023-2,Ingeniería en Desarrollo de Software,2021,Regular,80.07,82.5,6.3,80.96,0,2,0,0,1,5.0,5.0,4,2,0,0,0,3.65,4.19,0,2,0,2,0,0,0
IDS20210046,2024-2,Ingeniería en Desarrollo de Software,2021,Regular,80.92,83.5,8.89,74.62,1,2,0,0,1,7.0,7.0,5,3,0,0,0,3.43,5.68,0,1,0,1,1,0,0
IDS20210047,2023-1,Ingeniería en Desarrollo de Software,2021,Regular,88.4,88.4,4.44,77.16,2,1,0,0,2,12.0,12.0,1,4,0,0,0,0.0,2.25,0,1,0,2,2,1,0
IDS20210047,2023-2,Ingeniería en Desarrollo de Software,2021,Regular,85.35,82.3,9.26,75.28,0,2,0,0,2,13.0,13.0,2,4,0,0,0,-6.1,29.16,0,0,0,1,1,0,0
IDS20210047,2024-2,Ingeniería en Desarrollo de Software,2021,Regular,86.13,87.7,12.59,78.82,1,2,0,0,2,9.0,9.0,3,5,0,0,0,2.35,16.0,0,0,0,1,1,1,0
IDS20210047,2025-1,Ingeniería en Desarrollo de Software,2021,Regular,86.81,90.9,14.81,80.22,1,0,0,0,2,6.0,6.0,4,5,0,0,0,4.77,4.66,0,1,0,1,1,1,0
IDS20210050,2022-1,Ingeniería en Desarrollo de Software,2021,Regular,70.0,,0.0,75.61,0,2,0,0,1,10.0,0.0,1,2,0,0,2,,9.51,0,2,0,2,2,1,1
IDS20210050,2022-2,Ingeniería en Desarrollo de Software,2021,Regular,70.0,,0.0,78.31,2,1,0,0,1,6.0,0.0,2,2,0,0,1,,8.82,0,0,0,0,1,1,1
IDS20210050,2023-2,Ingeniería en Desarrollo de Software,2021,Regular,83.03,83.03,5.19,76.13,3,0,0,0,1,14.0,14.0,3,3,0,0,0,0.0,1.88,0,2,0,3,2,0,0
IDS20210050,2024-1,Ingeniería en Desarrollo de Software,2021,Regular,80.53,73.0,7.78,73.56,1,0,0,0,1,7.0,7.0,4,3,0,0,0,-10.03,6.01,0,2,0,2,0,1,0
IDS20210059,2022-1,Ingeniería en Desarrollo de Software,2021,Regular,76.7,76.7,1.85,74.81,2,2,0,0,1,5.0,5.0,1,2,0,0,0,0.0,7.3,0,1,0,1,2,0,0
IDS20210059,2023-2,Ingeniería en Desarrollo de Software,2021,Regular,84.3,91.9,4.07,74.65,2,1,0,0,2,6.0,6.0,2,4,0,0,0,15.2,8.05,0,1,0,1,3,0,0
IDS20210059,2024-2,Ingeniería en Desarrollo de Software,2021,Regular,83.03,80.5,6.67,70.58,3,0,0,0,2,7.0,7.0,3,5,0,0,0,-3.8,6.36,0,1,0,1,3,1,0
IDS20210068,2023-1,Ingeniería en Desarrollo de Software,2021,Irregular,50.4,50.4,0.0,57.37,4,5,2,0,3,6.0,0.0,1,4,1,1,0,0.0,9.29,2,2,3,2,1,1,0
IDS20210068,2023-2,Ingeniería en Desarrollo de Software,2021,Irregular,49.0,47.6,0.0,54.84,1,4,2,0,4,6.0,0.0,2,4,1,2,0,-2.8,6.33,3,2,3,2,2,2,0
IDS20210068,2024-1,Ingeniería en Desarrollo de Software,2021,Irregular,51.3,55.9,0.0,59.53,1,3,2,1,4,7.0,0.0,3,4,1,3,0,6.9,3.6,2,0,3,0,2,0,0
IDS20210068,2025-1,Ingeniería en Desarrollo de Software,2021,Irregular,53.4,59.7,0.0,50.2,2,4,2,1,5,6.0,0.0,4,5,1,4,0,8.4,2.06,3,2,3,2,1,2,0
IDS20210085,2022-1,Ingeniería en Desarrollo de Software,2021,Irregular,87.8,87.8,2.22,86.72,0,0,0,0,1,6.0,6.0,1,2,0,0,0,0.0,8.75,0,1,0,1,2,0,0
IDS20210085,2022-2,Ingeniería en Desarrollo de Software,2021,Irregular,87.03,86.65,6.67,85.11,1,2,0,0,1,12.0,12.0,2,2,0,0,0,-1.15,1.56,0,1,0,2,1,1,0
IDS20210085,2024-1,Ingeniería en Desarrollo de Software,2021,Irregular,83.25,71.9,8.52,75.09,2,1,0,0,2,5.0,5.0,3,4,0,0,0,-15.13,3.72,0,1,0,1,1,1,0
IDS20210085,2024-2,Ingeniería en Desarrollo de Software,2021,Irregular,83.1,82.5,10.0,74.44,1,0,0,0,2,4.0,4.0,4,4,0,0,0,-0.75,3.72,0,2,0,2,0,1,0
IDS20210085,2025-1,Ingeniería en Desarrollo de Software,2021,Irregular,83.83,87.5,12.59,74.2,2,2,0,0,2,7.0,7.0,5,4,0,0,0,4.4,3.12,0,1,0,1,2,1,0
IDS20210130,2023-1,Ingeniería en Desarrollo de Software,2021,Irregular,80.15,80.15,2.59,66.33,2,3,0,0,3,11.0,7.0,1,4,1,1,0,0.0,126.56,2,2,2,2,1,1,0
IDS20210130,2024-1,Ingeniería en Desarrollo de Software,2021,Irregular,84.27,92.5,4.81,77.41,1,1,0,0,3,6.0,6.0,2,5,0,1,0,12.35,7.26,1,2,1,2,3,1,0
IDS20210142,2022-1,Ingeniería en Desarrollo de Software,2021,Regular,88.2,88.2,4.07,80.62,2,0,0,0,1,11.0,11.0,1,2,0,0,0,0.0,139.24,0,1,0,2,2,0,0
IDS20210142,2022-2,Ingeniería en Desarrollo de Software,2021,Regular,87.87,87.2,5.56,85.01,2,0,0,0,1,4.0,4.0,2,2,0,0,0,-1.0,9.62,0,0,0,0,1,0,0
IDS20210192,2022-2,Ingeniería en Desarrollo de Software,2021,Regular,87.0,87.0,2.59,75.65,1,2,0,0,1,19.0,7.0,1,3,0,0,2,0.0,5.02,0,1,0,1,3,0,1
IDS20210202,2022-1,Ingeniería en Desarrollo de Software,2021,Regular,90.1,90.1,3.33,79.06,2,1,0,0,1,9.0,9.0,1,2,0,0,0,0.0,0.25,0,2,0,2,1,0,0
IDS20210202,2022-2,Ingeniería en Desarrollo de Software,2021,Regular,85.4,76.0,5.56,79.4,1,0,0,0,1,12.0,6.0,2,2,0,0,1,-14.1,5.46,0,1,0,1,2,1,1
IDS20210202,2023-2,Ingeniería en Desarrollo de Software,2021,Regular,83.32,77.1,7.78,78.96,2,1,0,0,1,6.0,6.0,3,3,0,0,0,-8.3,9.67,0,1,0,1,2,0,0
IDS20210202,2024-1,Ingeniería en Desarrollo de Software,2021,Regular,82.13,79.75,11.85,81.44,1,2,0,0,1,11.0,11.0,4,3,0,0,0,-3.57,0.42,0,1,0,2,2,1,0
IDS20210239,2022-1,Ingeniería en Desarrollo de Software,2021,Regular,75.25,75.25,2.22,70.48,3,1,0,0,2,17.0,6.0,1,2,1,1,1,0.0,180.9,1,1,1,1,2,1,1
IDS20210268,2022-1,Ingeniería en Desarrollo de Software,2021,Irregular,91.07,91.07,5.56,82.13,2,1,0,0,1,15.0,15.0,1,2,0,0,0,0.0,10.82,0,3,0,4,0,1,0
IDS20210284,2022-1,Ingeniería en Desarrollo de Software,2021,Regular,70.0,,0.0,74.47,1,0,0,0,1,8.0,0.0,1,2,0,0,1,,4.86,0,0,0,0,2,0,1
IDS20210284,2022-2,Ingeniería en Desarrollo de Software,2021,Regular,72.6,72.6,2.59,79.15,0,2,0,0,1,7.0,7.0,2,2,0,0,0,0.0,9.1,0,0,0,0,2,0,0
IDS20210284,2023-1,Ingeniería en Desarrollo de Software,2021,Regular,72.15,71.7,4.81,73.9,1,2,0,0,1,6.0,6.0,3,2,0,0,0,-0.9,4.46,0,2,0,2,2,1,0
IDS20210284,2024-1,Ingeniería en Desarrollo de Software,2021,Regular,73.3,75.6,6.3,77.31,3,1,0,0,1,4.0,4.0,4,3,0,0,0,3.45,6.63,0,0,0,0,2,1,0
IDS20210284,2025-1,Ingeniería en Desarrollo de Software,2021,Regular,76.05,84.3,7.78,80.81,1,2,0,0,2,4.0,4.0,5,4,0,0,0,11.0,6.7,0,1,0,1,0,1,0
IDS20210326,2022-1,Ingeniería en Desarrollo de Software,2021,Irregular,77.43,77.43,2.96,67.97,2,3,0,0,2,12.0,8.0,1,2,1,1,0,0.0,43.84,1,2,1,2,1,1,0
IDS20210327,2022-1,Ingeniería en Desarrollo de Software,2021,Irregular,68.25,68.25,0.0,62.43,2,4,1,2,1,17.0,0.0,1,2,2,2,1,0.0,0.06,2,1,2,1,2,0,1
IDS20210327,2022-2,Ingeniería en Desarrollo de Software,2021,Irregular,57.35,46.45,2.59,60.89,3,4,0,2,2,13.0,7.0,2,2,1,3,0,-21.8,678.6,2,2,2,2,1,1,0
IDS20210327,2024-2,Ingeniería en Desarrollo de Software,2021,Irregular,58.46,62.9,2.59,52.75,1,4,2,2,4,4.0,0.0,3,5,1,4,0,5.55,3.41,2,1,3,1,2,1,0
IDS20210346,2022-1,Ingeniería en Desarrollo de Software,2021,Regular,79.5,79.5,2.22,75.49,3,2,0,0,1,10.0,6.0,1,2,0,0,1,0.0,6.36,0,1,0,1,2,1,1
IDS20210346,2022-2,Ingeniería en Desarrollo de Software,2021,Regular,84.15,88.8,3.7,85.5,2,1,0,0,1,4.0,4.0,2,2,0,0,0,9.3,4.21,0,0,0,0,1,1,0
IDS20210346,2023-2,Ingeniería en Desarrollo de Software,2021,Regular,81.85,79.55,6.67,73.24,0,1,0,0,1,8.0,8.0,3,3,0,0,0,-4.6,49.7,0,1,0,2,0,0,0
IDS20210356,2022-1,Ingeniería en Desarrollo de Software,2021,Regular,70.0,,0.0,74.14,1,2,0,0,1,7.0,0.0,1,2,0,0,1,,4.7,0,2,0,2,0,0,1
IDS20210356,2022-2,Ingeniería en Desarrollo de Software,2021,Regular,76.6,76.6,2.22,77.6,2,2,0,0,1,6.0,6.0,2,2,0,0,0,0.0,4.94,0,1,0,1,1,1,0
IDS20210356,2023-1,Ingeniería en Desarrollo de Software,2021,Regular,77.95,79.3,3.7,80.0,1,1,0,0,1,4.0,4.0,3,2,0,0,0,2.7,5.22,0,1,0,1,2,1,0
IDS20210356,2023-2,Ingeniería en Desarrollo de Software,2021,Regular,75.73,71.3,5.19,79.38,2,0,0,0,1,4.0,4.0,4,2,0,0,0,-6.65,5.8,0,0,0,0,1,1,0
IDS20210356,2024-1,Ingeniería en Desarrollo de Software,2021,Regular,75.1,73.2,7.04,75.77,2,2,0,0,1,5.0,5.0,5,2,0,0,0,-2.53,7.71,0,1,0,1,1,0,0
IDS20210360,2022-1,Ingeniería en Desarrollo de Software,2021,Regular,83.85,83.85,4.44,81.2,1,0,0,0,1,18.0,12.0,1,2,0,0,1,0.0,1.32,0,1,0,2,0,1,1
IDS20210360,2022-2,Ingeniería en Desarrollo de Software,2021,Regular,85.93,90.1,6.67,80.33,1,1,0,0,1,6.0,6.0,2,2,0,0,0,6.25,2.43,0,1,0,1,2,0,0
IDS20210360,2023-2,Ingeniería en Desarrollo de Software,2021,Regular,85.77,85.3,8.52,78.09,1,0,0,0,1,5.0,5.0,3,3,0,0,0,-0.63,6.25,0,2,0,2,0,0,0
IDS20220005,2022-2,Ingeniería en Desarrollo de Software,2022,Irregular,36.7,36.7,0.0,54.64,3,5,2,0,1,6.0,0.0,1,1,1,1,0,0.0,2.63,2,1,3,1,4,2,0
IDS20220005,2023-1,Ingeniería en Desarrollo de Software,2022,Irregular,52.5,68.3,0.0,65.2,1,1,0,0,2,6.0,0.0,2,1,1,2,0,31.6,9.61,1,2,1,2,2,1,0
IDS20220005,2024-1,Ingeniería en Desarrollo de Software,2022,Irregular,57.48,62.45,0.0,51.5,2,5,2,1,4,11.0,0.0,3,2,2,4,0,9.95,41.6,3,2,3,2,3,2,0
IDS20220005,2024-2,Ingeniería en Desarrollo de Software,2022,Irregular,59.3,62.95,2.22,63.73,1,3,0,2,4,11.0,6.0,4,2,1,5,0,5.48,131.1,2,0,2,0,1,1,0
IDS20220005,2025-1,Ingeniería en Desarrollo de Software,2022,Irregular,57.1,50.5,3.7,54.7,3,4,2,3,4,11.0,4.0,5,2,1,6,0,-8.8,510.76,3,2,3,2,3,1,0
IDS20220014,2022-1,Ingeniería en Desarrollo de Software,2022,Regular,75.5,75.5,2.96,84.09,1,1,0,0,0,8.0,8.0,1,0,0,0,0,0.0,13.69,0,2,0,2,0,0,0
IDS20220014,2023-1,Ingeniería en Desarrollo de Software,2022,Regular,71.37,63.1,2.96,71.08,1,2,0,1,0,5.0,0.0,2,1,1,1,0,-12.4,4.01,1,0,1,0,3,0,0
IDS20220014,2023-2,Ingeniería en Desarrollo de Software,2022,Regular,71.92,73.6,4.44,75.4,2,2,0,1,0,4.0,4.0,3,1,0,1,0,2.23,9.25,0,1,0,1,2,1,0
IDS20220028,2022-2,Ingeniería en Desarrollo de Software,2022,Regular,90.9,90.9,3.7,82.1,2,1,0,0,0,10.0,10.0,1,1,0,0,0,0.0,22.09,0,1,0,2,0,1,0
IDS20220028,2025-1,Ingeniería en Desarrollo de Software,2022,Regular,90.12,89.35,7.41,74.19,2,2,0,0,2,10.0,10.0,2,5,0,0,0,-1.55,1.56,0,1,0,2,2,0,0
IDS20220034,2023-1,Ingeniería en Desarrollo de Software,2022,Regular,82.25,82.25,4.81,82.24,0,2,0,0,1,13.0,13.0,1,2,0,0,0,0.0,1.32,0,2,0,2,2,1,0
IDS20220034,2023-2,Ingeniería en Desarrollo de Software,2022,Regular,79.1,72.8,6.3,73.46,1,2,0,0,1,4.0,4.0,2,2,0,0,0,-9.45,6.18,0,1,0,1,1,1,0
IDS20220053,2022-1,Ingeniería en Desarrollo de Software,2022,Regular,79.5,79.5,2.59,83.41,2,0,0,0,0,13.0,7.0,1,0,0,0,1,0.0,8.7,0,2,0,2,0,1,1
IDS20220053,2023-1,Ingeniería en Desarrollo de Software,2022,Regular,81.93,83.15,5.56,84.42,2,1,0,0,0,8.0,8.0,2,1,0,0,0,3.65,105.06,0,0,0,1,0,0,0
IDS20220069,2024-1,Ingeniería en Desarrollo de Software,2022,Regular,85.4,85.4,2.22,77.4,1,1,0,0,2,6.0,6.0,1,4,0,0,0,0.0,3.88,0,0,0,0,3,1,0
IDS20220069,2024-2,Ingeniería en Desarrollo de Software,2022,Regular,85.7,85.85,6.3,80.23,2,1,0,0,2,11.0,11.0,2,4,0,0,0,0.45,0.0,0,1,0,2,2,0,0
IDS20220069,2025-1,Ingeniería en Desarrollo de Software,2022,Regular,85.82,86.0,10.74,76.05,1,0,0,0,2,12.0,12.0,3,4,0,0,0,0.3,1.96,0,0,0,1,0,0,0
IDS20220088,2022-1,Ingeniería en Desarrollo de Software,2022,Regular,88.6,88.6,2.22,91.33,2,0,0,0,0,6.0,6.0,1,0,0,0,0,0.0,5.04,0,1,0,1,0,1,0
IDS20220088,2022-2,Ingeniería en Desarrollo de Software,2022,Regular,91.85,95.1,4.44,92.42,1,1,0,0,0,6.0,6.0,2,0,0,0,0,6.5,9.61,0,2,0,2,2,0,0
IDS20220088,2023-1,Ingeniería en Desarrollo de Software,2022,Regular,88.33,81.3,7.04,82.72,2,1,0,0,0,7.0,7.0,3,0,0,0,0,-10.55,9.32,0,2,0,2,1,0,0
IDS20220089,2022-1,Ingeniería en Desarrollo de Software,2022,Regular,91.57,91.57,5.56,86.78,0,2,0,0,0,15.0,15.0,1,0,0,0,0,0.0,25.51,0,2,0,3,0,1,0
IDS20220090,2022-1,Ingeniería en Desarrollo de Software,2022,Regular,87.6,87.6,2.22,86.71,1,2,0,0,0,13.0,6.0,1,0,0,0,1,0.0,5.67,0,0,0,0,0,1,1
IDS20220090,2023-2,Ingeniería en Desarrollo de Software,2022,Regular,82.37,79.75,6.67,77.49,2,1,0,0,1,12.0,12.0,2,2,0,0,0,-7.85,0.3,0,0,0,1,2,1,0
IDS20220090,2024-1,Ingeniería en Desarrollo de Software,2022,Regular,81.02,77.0,8.15,79.62,1,2,0,0,1,4.0,4.0,3,2,0,0,0,-5.37,8.35,0,1,0,1,0,0,0
IDS20220110,2022-1,Ingeniería en Desarrollo de Software,2022,Irregular,73.1,73.1,4.44,81.29,2,1,0,0,0,12.0,12.0,1,0,0,0,0,0.0,0.16,0,1,0,2,2,1,0
IDS20220110,2022-2,Ingeniería en Desarrollo de Software,2022,Irregular,77.5,81.9,8.15,87.51,0,2,0,0,0,10.0,10.0,2,0,0,0,0,8.8,7.29,0,1,0,2,2,1,0
IDS20220110,2023-1,Ingeniería en Desarrollo de Software,2022,Irregular,77.38,76.9,10.37,84.04,2,0,0,0,0,6.0,6.0,3,0,0,0,0,-0.6,2.52,0,0,0,0,2,1,0
IDS20220110,2024-1,Ingeniería en Desarrollo de Software,2022,Irregular,76.15,70.0,12.96,78.44,3,1,0,0,0,7.0,7.0,4,1,0,0,0,-7.38,4.48,0,1,0,1,1,1,0
IDS20220110,2024-2,Ingeniería en Desarrollo de Software,2022,Irregular,75.88,75.05,17.04,79.65,1,2,0,0,0,11.0,11.0,5,1,0,0,0,-1.1,6.5,0,1,0,2,0,0,0
IDS20220164,2022-1,Ingeniería en Desarrollo de Software,2022,Regular,75.1,75.1,2.59,86.27,1,1,0,0,0,13.0,7.0,1,0,0,0,1,0.0,9.43,0,0,0,0,2,1,1
IDS20220164,2022-2,Ingeniería en Desarrollo de Software,2022,Regular,74.45,73.8,5.19,79.66,1,2,0,0,0,7.0,7.0,2,0,0,0,0,-1.3,8.16,0,1,0,1,0,0,0
IDS20220164,2023-1,Ingeniería en Desarrollo de Software,2022,Regular,77.67,80.9,9.63,82.93,0,2,0,0,0,12.0,12.0,3,0,0,0,0,6.45,1.21,0,0,0,1,2,0,0
IDS20220164,2023-2,Ingeniería en Desarrollo de Software,2022,Regular,75.36,72.27,12.59,75.69,0,1,0,1,0,14.0,8.0,4,0,1,1,0,-5.41,5.72,1,1,1,1,2,1,0
IDS20220164,2024-1,Ingeniería en Desarrollo de Software,2022,Regular,75.46,76.2,15.19,84.68,2,0,0,1,0,7.0,7.0,5,0,0,1,0,0.84,7.8,0,2,0,2,1,0,0
IDS20220181,2022-1,Ingeniería en Desarrollo de Software,2022,Regular,90.0,90.0,2.22,89.05,0,0,0,0,0,6.0,6.0,1,0,0,0,0,0.0,2.1,0,2,0,2,0,1,0
IDS20220181,2022-2,Ingeniería en Desarrollo de Software,2022,Regular,82.17,78.25,6.3,82.74,0,1,0,0,0,11.0,11.0,2,0,0,0,0,-11.75,0.0,0,2,0,2,0,0,0
IDS20220181,2023-1,Ingeniería en Desarrollo de Software,2022,Regular,80.73,79.3,12.59,81.02,2,0,0,0,0,17.0,17.0,3,0,0,0,0,-2.87,32.72,0,1,0,2,1,0,0
IDS20220181,2024-1,Ingeniería en Desarrollo de Software,2022,Regular,81.2,84.0,14.07,87.87,1,2,0,0,0,4.0,4.0,4,1,0,0,0,3.27,2.98,0,1,0,1,2,0,0
IDS20220206,2022-1,Ingeniería en Desarrollo de Software,2022,Irregular,74.93,74.93,5.56,82.07,2,2,0,0,0,15.0,15.0,1,0,0,0,0,0.0,14.83,0,2,0,3,2,1,0
IDS20220208,2022-1,Ingeniería en Desarrollo de Software,2022,Regular,70.0,,0.0,83.57,0,2,0,0,0,4.0,0.0,1,0,0,0,1,,9.13,0,2,0,2,1,1,1
IDS20220208,2022-2,Ingeniería en Desarrollo de Software,2022,Irregular,64.4,64.4,1.48,66.97,1,5,1,1,1,17.0,4.0,2,0,2,2,0,0.0,192.41,2,2,2,2,3,1,0
IDS20220208,2023-2,Ingeniería en Desarrollo de Software,2022,Irregular,65.28,67.9,1.48,67.59,2,1,0,2,1,4.0,0.0,3,1,1,3,0,3.5,2.73,1,2,1,2,1,1,0
IDS20220208,2024-1,Ingeniería en Desarrollo de Software,2022,Irregular,64.74,62.6,1.48,66.17,0,3,0,3,1,4.0,0.0,4,1,1,4,0,-2.68,9.56,1,0,1,0,2,1,0
IDS20220217,2022-1,Ingeniería en Desarrollo de Software,2022,Regular,81.0,81.0,2.59,84.96,2,0,0,0,0,7.0,7.0,1,0,0,0,0,0.0,9.16,0,1,0,1,0,1,0
IDS20220217,2022-2,Ingeniería en Desarrollo de Software,2022,Regular,78.33,77.0,6.3,78.32,0,1,0,0,0,16.0,10.0,2,0,0,0,1,-4.0,4.84,0,1,0,2,1,0,1
IDS20220217,2023-1,Ingeniería en Desarrollo de Software,2022,Regular,77.9,76.6,7.78,85.32,0,0,0,0,0,4.0,4.0,3,0,0,0,0,-1.73,2.26,0,1,0,1,1,1,0
IDS20220222,2022-1,Ingeniería en Desarrollo de Software,2022,Regular,70.0,,0.0,76.83,2,1,0,0,0,8.0,0.0,1,0,0,0,1,,5.48,0,0,0,0,2,0,1
IDS20220222,2022-2,Ingeniería en Desarrollo de Software,2022,Regular,82.1,82.1,2.22,87.88,1,2,0,0,0,6.0,6.0,2,0,0,0,0,0.0,2.38,0,0,0,0,1,1,0
IDS20220222,2023-1,Ingeniería en Desarrollo de Software,2022,Regular,79.37,78.0,6.3,84.29,0,0,0,0,0,11.0,11.0,3,0,0,0,0,-4.1,0.16,0,1,0,2,1,1,0
IDS20220222,2025-1,Ingeniería en Desarrollo de Software,2022,Regular,82.06,86.1,10.0,79.73,0,2,0,0,1,10.0,10.0,4,3,0,0,0,6.73,2.25,0,2,0,2,1,0,0
IDS20220240,2022-2,Ingeniería en Desarrollo de Software,2022,Regular,70.1,70.1,2.22,83.8,1,2,0,0,0,6.0,6.0,1,1,0,0,0,0.0,6.1,0,2,0,2,1,1,0
IDS20220240,2023-1,Ingeniería en Desarrollo de Software,2022,Regular,75.45,77.23,8.52,78.99,1,1,0,0,0,17.0,17.0,2,1,0,0,0,7.13,4.54,0,1,0,2,2,1,0
IDS20220240,2023-2,Ingeniería en Desarrollo de Software,2022,Regular,77.65,82.05,12.22,83.99,2,2,0,0,0,10.0,10.0,3,1,0,0,0,6.6,21.62,0,0,0,1,0,0,0
IDS20220240,2024-1,Ingeniería en Desarrollo de Software,2022,Regular,77.37,75.7,13.7,84.45,2,0,0,0,0,4.0,4.0,4,1,0,0,0,-1.95,8.99,0,0,0,0,2,1,0
IDS20220240,2024-2,Ingeniería en Desarrollo de Software,2022,Regular,78.6,87.2,16.3,80.11,1,1,0,0,0,7.0,7.0,5,1,0,0,0,9.83,4.56,0,2,0,2,1,1,0
IDS20220240,2025-1,Ingeniería en Desarrollo de Software,2022,Regular,78.62,78.8,18.89,79.42,0,2,0,0,0,7.0,7.0,6,1,0,0,0,0.2,5.93,0,2,0,2,0,0,0
IDS20220283,2022-1,Ingeniería en Desarrollo de Software,2022,Irregular,65.5,65.5,0.0,68.98,1,2,0,1,0,6.0,0.0,1,0,1,1,0,0.0,8.0,1,1,1,1,3,1,0
IDS20220283,2022-2,Ingeniería en Desarrollo de Software,2022,Irregular,62.5,59.5,0.0,67.43,2,2,0,1,1,7.0,0.0,2,0,1,2,0,-6.0,3.64,2,2,2,2,1,1,0
IDS20220283,2023-1,Ingeniería en Desarrollo de Software,2022,Irregular,70.03,77.55,4.07,78.68,2,2,0,1,1,11.0,11.0,3,0,0,2,0,15.05,1.32,0,0,0,1,1,1,0
IDS20220283,2023-2,Ingeniería en Desarrollo de Software,2022,Irregular,64.1,56.2,6.3,57.2,1,6,2,2,2,14.0,6.0,4,0,2,4,0,-13.82,111.93,3,2,3,2,3,0,0
IDS20220303,2022-1,Ingeniería en Desarrollo de Software,2022,Regular,70.0,,0.0,82.1,1,0,0,0,0,14.0,0.0,1,0,0,0,2,,6.81,0,2,0,2,0,0,1
IDS20220303,2022-2,Ingeniería en Desarrollo de Software,2022,Regular,76.83,76.83,4.44,72.91,3,1,0,0,1,16.0,12.0,2,0,1,1,0,0.0,63.6,1,2,1,2,1,1,0
IDS20220303,2023-2,Ingeniería en Desarrollo de Software,2022,Regular,74.22,66.4,4.44,68.6,0,3,0,0,2,4.0,0.0,3,1,1,2,0,-10.43,9.05,2,0,2,0,1,0,0
IDS20220314,2022-1,Ingeniería en Desarrollo de Software,2022,Baja Temporal,74.8,74.8,2.22,50.24,2,1,3,0,0,10.0,6.0,1,0,0,0,0,0.0,6.37,0,0,2,0,2,1,1
IDS20220314,2022-2,Ingeniería en Desarrollo de Software,2022,Baja Temporal,78.85,82.9,3.7,53.71,1,2,3,0,0,4.0,4.0,2,0,0,0,0,8.1,8.92,0,0,2,0,1,1,0
IDS20220322,2022-1,Ingeniería en Desarrollo de Software,2022,Regular,70.0,,0.0,83.55,2,2,0,0,0,6.0,0.0,1,0,0,0,1,,6.03,0,2,0,2,1,0,1
IDS20220322,2022-2,Ingeniería en Desarrollo de Software,2022,Regular,94.6,94.6,2.22,84.13,0,2,0,0,0,6.0,6.0,2,0,0,0,0,0.0,7.68,0,1,0,1,2,1,0
IDS20220322,2023-2,Ingeniería en Desarrollo de Software,2022,Regular,85.6,76.6,4.81,77.1,0,2,0,0,0,7.0,7.0,3,1,0,0,0,-18.0,7.97,0,1,0,1,0,1,0
IDS20220322,2025-1,Ingeniería en Desarrollo de Software,2022,Regular,83.27,78.6,6.3,78.41,2,0,0,0,1,4.0,4.0,4,3,0,0,0,-7.0,9.61,0,2,0,2,1,0,0
IDS20220368,2022-1,Ingeniería en Desarrollo de Software,2022,Irregular,75.7,75.7,4.07,81.62,1,2,0,0,0,11.0,11.0,1,0,0,0,0,0.0,25.0,0,2,0,2,1,1,0
IDS20220368,2022-2,Ingeniería en Desarrollo de Software,2022,Irregular,75.97,76.5,5.56,86.0,2,0,0,0,0,4.0,4.0,2,0,0,0,0,0.8,4.16,0,2,0,2,1,1,0
IDS20220378,2022-2,Ingeniería en Desarrollo de Software,2022,Baja Temporal,81.8,81.8,2.59,56.19,1,1,3,0,0,14.0,7.0,1,1,0,0,0,0.0,9.69,0,1,2,1,2,1,1
IDS20220378,2023-1,Ingeniería en Desarrollo de Software,2022,Baja Temporal,80.95,80.1,4.81,55.49,2,1,3,0,0,6.0,6.0,2,1,0,0,0,-1.7,3.28,0,1,2,1,2,2,0
IDS20220378,2024-1,Ingeniería en Desarrollo de Software,2022,Baja Temporal,79.7,77.2,7.04,51.69,1,0,3,0,1,6.0,6.0,3,2,0,0,0,-3.75,5.15,0,1,2,1,3,2,0
IDS20230018,2022-1,Ingeniería en Desarrollo de Software,2023,Regular,78.4,78.4,2.59,80.84,0,0,0,0,0,15.0,7.0,1,0,0,0,2,0.0,3.29,0,2,0,2,2,0,1
IDS20230022,2022-1,Ingeniería en Desarrollo de Software,2023,Regular,70.0,,0.0,79.03,1,2,0,0,0,6.0,0.0,1,0,0,0,1,,2.57,0,1,0,1,2,0,1
IDS20230022,2022-2,Ingeniería en Desarrollo de Software,2023,Regular,70.0,,0.0,84.91,2,2,0,0,0,6.0,0.0,2,0,0,0,1,,4.22,0,0,0,0,1,1,1
IDS20230022,2023-1,Ingeniería en Desarrollo de Software,2023,Regular,84.95,84.95,4.81,86.5,0,0,0,0,0,13.0,13.0,3,0,0,0,0,0.0,1.56,0,0,0,1,2,0,0
IDS20230022,2024-1,Ingeniería en Desarrollo de Software,2023,Regular,82.5,77.6,6.67,84.45,1,0,0,0,0,5.0,5.0,4,0,0,0,0,-7.35,3.41,0,0,0,0,2,0,0
IDS20230079,2022-1,Ingeniería en Desarrollo de Software,2023,Regular,83.92,83.92,9.26,84.23,0,1,0,0,0,25.0,25.0,1,0,0,0,0,0.0,8.83,0,1,0,2,0,1,0
IDS20230158,2022-1,Ingeniería en Desarrollo de Software,2023,Irregular,86.9,86.9,4.44,89.51,2,0,0,0,0,12.0,12.0,1,0,0,0,0,0.0,26.01,0,0,0,1,0,1,0
IDS20230158,2022-2,Ingeniería en Desarrollo de Software,2023,Irregular,86.8,86.7,8.15,84.97,0,1,0,0,0,10.0,10.0,2,0,0,0,0,-0.2,0.09,0,0,0,1,1,1,0
IDS20230168,2022-1,Ingeniería en Desarrollo de Software,2023,Regular,70.0,,0.0,79.1,1,0,0,0,0,5.0,0.0,1,0,0,0,1,,9.71,0,1,0,1,0,1,1
IDS20230168,2022-2,Ingeniería en Desarrollo de Software,2023,Irregular,64.65,64.65,0.0,61.66,1,5,1,0,2,19.0,0.0,2,0,2,2,1,0.0,6.0,3,2,3,2,1,0,1
IDS20230168,2023-1,Ingeniería en Desarrollo de Software,2023,Regular,73.25,81.85,4.81,77.08,3,1,0,0,2,13.0,13.0,3,0,0,2,0,17.2,68.06,0,1,0,2,2,0,0
IDS20230168,2024-1,Ingeniería en Desarrollo de Software,2023,Irregular,71.1,62.5,4.81,64.57,2,2,0,0,3,7.0,0.0,4,0,1,3,0,-10.75,9.79,2,0,2,0,3,1,0
IDS20230180,2022-1,Ingeniería en Desarrollo de Software,2023,Regular,82.8,82.8,1.48,82.97,1,0,0,0,0,4.0,4.0,1,0,0,0,0,0.0,7.2,0,0,0,0,0,0,0
IDS20230180,2023-1,Ingeniería en Desarrollo de Software,2023,Regular,83.75,84.7,2.96,89.19,1,2,0,0,0,4.0,4.0,2,0,0,0,0,1.9,7.83,0,0,0,0,2,1,0
IDS20230180,2023-2,Ingeniería en Desarrollo de Software,2023,Regular,84.8,86.9,5.19,85.52,1,0,0,0,0,6.0,6.0,3,0,0,0,0,3.15,7.11,0,0,0,0,1,1,0
IDS20230183,2022-2,Ingeniería en Desarrollo de Software,2023,Regular,71.2,71.2,2.22,71.57,1,3,0,0,1,10.0,6.0,1,0,1,1,0,0.0,40.96,1,2,1,2,2,0,0
IDS20230183,2023-2,Ingeniería en Desarrollo de Software,2023,Irregular,69.57,66.3,2.22,67.32,2,1,0,0,2,6.0,0.0,2,0,1,2,0,-4.9,9.84,2,0,2,0,3,0,0
IDS20230183,2024-1,Ingeniería en Desarrollo de Software,2023,Irregular,69.57,69.6,2.22,68.48,2,3,0,1,2,4.0,0.0,3,0,1,3,0,0.03,5.22,1,0,1,0,3,0,0
IDS20230189,2022-1,Ingeniería en Desarrollo de Software,2023,Regular,79.6,79.6,2.22,80.66,1,1,0,0,0,6.0,6.0,1,0,0,0,0,0.0,9.66,0,0,0,0,0,0,0
IDS20230189,2022-2,Ingeniería en Desarrollo de Software,2023,Regular,82.7,85.8,4.44,90.65,0,2,0,0,0,6.0,6.0,2,0,0,0,0,6.2,5.94,0,0,0,0,2,0,0
IDS20230189,2023-2,Ingeniería en Desarrollo de Software,2023,Regular,82.23,81.3,6.67,80.54,1,0,0,0,0,6.0,6.0,3,0,0,0,0,-1.4,3.03,0,0,0,0,1,1,0
IDS20230189,2024-2,Ingeniería en Desarrollo de Software,2023,Regular,84.45,91.1,8.89,82.95,1,1,0,0,0,6.0,6.0,4,0,0,0,0,8.87,8.99,0,0,0,0,0,1,0
IDS20230189,2025-1,Ingeniería en Desarrollo de Software,2023,Regular,83.36,82.48,19.63,86.92,1,0,0,0,0,29.0,29.0,5,0,0,0,0,-1.97,27.75,0,1,0,3,0,1,0
IDS20230199,2022-1,Ingeniería en Desarrollo de Software,2023,Regular,88.8,88.8,2.59,82.86,1,0,0,0,0,7.0,7.0,1,0,0,0,0,0.0,3.65,0,2,0,2,1,1,0
IDS20230199,2022-2,Ingeniería en Desarrollo de Software,2023,Regular,90.8,91.47,9.26,87.7,0,1,0,0,0,18.0,18.0,2,0,0,0,0,2.67,0.95,0,3,0,4,1,1,0
IDS20230199,2023-1,Ingeniería en Desarrollo de Software,2023,Regular,90.15,88.85,14.07,85.07,0,2,0,0,0,13.0,13.0,3,0,0,0,0,-1.95,11.9,0,1,0,2,2,1,0
IDS20230199,2023-2,Ingeniería en Desarrollo de Software,2023,Regular,89.17,83.3,16.3,86.9,1,2,0,0,0,6.0,6.0,4,0,0,0,0,-6.85,7.06,0,1,0,1,2,1,0
IDS20230199,2024-1,Ingeniería en Desarrollo de Software,2023,Regular,88.03,84.05,21.11,80.6,2,2,0,0,0,13.0,13.0,5,0,0,0,0,-5.12,1.32,0,0,0,1,0,0,0
IDS20230252,2022-1,Ingeniería en Desarrollo de Software,2023,Regular,70.0,,0.0,78.44,2,0,0,0,0,6.0,0.0,1,0,0,0,1,,4.79,0,2,0,2,2,0,1
IDS20230252,2022-2,Ingeniería en Desarrollo de Software,2023,Regular,75.8,75.8,2.22,85.4,0,1,0,0,0,6.0,6.0,2,0,0,0,0,0.0,7.87,0,0,0,0,1,0,0
IDS20230252,2023-2,Ingeniería en Desarrollo de Software,2023,Regular,78.45,81.1,4.44,81.78,0,2,0,0,0,6.0,6.0,3,0,0,0,0,5.3,8.73,0,2,0,2,2,0,0
IDS20230252,2024-1,Ingeniería en Desarrollo de Software,2023,Regular,76.77,73.4,6.67,84.86,0,0,0,0,0,6.0,6.0,4,0,0,0,0,-5.05,9.52,0,2,0,2,0,1,0
IDS20230252,2024-2,Ingeniería en Desarrollo de Software,2023,Regular,78.12,82.2,9.26,87.72,1,1,0,0,0,7.0,7.0,5,0,0,0,0,5.43,9.86,0,2,0,2,1,1,0
IDS20230291,2022-1,Ingeniería en Desarrollo de Software,2023,Regular,76.7,76.7,1.48,78.15,2,1,0,0,0,8.0,4.0,1,0,0,0,1,0.0,9.41,0,2,0,2,3,1,1
IDS20230291,2022-2,Ingeniería en Desarrollo de Software,2023,Regular,79.8,82.9,4.07,83.8,1,1,0,0,0,7.0,7.0,2,0,0,0,0,6.2,7.27,0,2,0,2,1,0,0
IDS20230297,2022-1,Ingeniería en Desarrollo de Software,2023,Regular,92.9,92.9,2.59,88.75,0,2,0,0,0,15.0,7.0,1,0,0,0,2,0.0,7.93,0,0,0,0,2,0,1
IDS20230304,2022-1,Ingeniería en Desarrollo de Software,2023,Regular,70.0,,0.0,78.34,2,1,0,0,0,6.0,0.0,1,0,0,0,1,,5.75,0,1,0,1,2,0,1
IDS20230304,2023-1,Ingeniería en Desarrollo de Software,2023,Regular,72.65,72.65,2.22,70.21,2,2,0,0,1,12.0,6.0,2,0,1,1,0,0.0,60.06,1,0,1,0,1,0,0
IDS20230304,2023-2,Ingeniería en Desarrollo de Software,2023,Regular,76.87,85.3,4.07,88.46,0,0,0,0,1,5.0,5.0,3,0,0,1,0,12.65,6.48,0,0,0,0,0,0,0
IDS20230304,2024-2,Ingeniería en Desarrollo de Software,2023,Regular,79.08,82.4,7.41,80.17,1,0,0,0,1,9.0,9.0,4,0,0,1,0,5.53,9.61,0,2,0,2,2,1,0
IDS20230323,2022-1,Ingeniería en Desarrollo de Software,2023,Regular,70.0,,0.0,76.59,1,1,0,0,0,11.0,0.0,1,0,0,0,2,,8.65,0,2,0,2,0,0,1
IDS20230323,2023-1,Ingeniería en Desarrollo de Software,2023,Regular,88.2,88.2,2.59,84.87,1,2,0,0,0,7.0,7.0,2,0,0,0,0,0.0,9.31,0,2,0,2,2,0,0
IDS20230323,2023-2,Ingeniería en Desarrollo de Software,2023,Regular,83.97,81.85,5.93,85.73,2,1,0,0,0,9.0,9.0,3,0,0,0,0,-6.35,1.82,0,2,0,2,2,1,0
IDS20230334,2022-1,Ingeniería en Desarrollo de Software,2023,Regular,82.8,82.8,2.59,81.69,1,0,0,0,0,7.0,7.0,1,0,0,0,0,0.0,9.82,0,0,0,0,0,1,0
IDS20230334,2022-2,Ingeniería en Desarrollo de Software,2023,Regular,82.1,81.4,4.07,83.82,2,0,0,0,0,10.0,4.0,2,0,0,0,1,-1.4,5.72,0,0,0,0,2,1,1
IDS20230334,2023-2,Ingeniería en Desarrollo de Software,2023,Regular,84.8,90.2,5.56,90.15,2,2,0,0,0,4.0,4.0,3,0,0,0,0,8.1,4.19,0,2,0,2,1,1,0
IDS20230357,2022-1,Ingeniería en Desarrollo de Software,2023,Baja Temporal,63.4,63.4,0.0,33.4,5,5,4,2,0,12.0,0.0,1,0,2,2,0,0.0,8.41,2,1,4,1,3,2,0
IDS20230357,2022-2,Ingeniería en Desarrollo de Software,2023,Baja Temporal,63.4,,0.0,49.07,3,2,3,2,0,6.0,0.0,2,0,0,2,0,,4.99,0,0,2,0,4,1,1
IDS20240036,2022-2,Ingeniería en Desarrollo de Software,2024,Irregular,69.5,69.5,1.48,68.77,1,3,0,1,0,8.0,4.0,1,0,1,1,0,0.0,18.49,1,2,1,2,3,1,0
IDS20240036,2023-1,Ingeniería en Desarrollo de Software,2024,Irregular,70.03,71.1,2.96,75.72,0,0,0,1,0,4.0,4.0,2,0,0,1,0,1.6,2.24,0,0,0,0,1,0,0
IDS20240076,2023-1,Ingeniería en Desarrollo de Software,2024,Irregular,96.6,96.6,2.22,88.8,1,0,0,0,0,6.0,6.0,1,0,0,0,0,0.0,9.07,0,2,0,2,2,0,0
IDS20240076,2023-2,Ingeniería en Desarrollo de Software,2024,Irregular,82.9,76.05,7.04,84.95,0,0,0,0,0,13.0,13.0,2,0,0,0,0,-20.55,15.6,0,0,0,1,1,1,0
IDS20240076,2024-2,Ingeniería en Desarrollo de Software,2024,Irregular,80.25,72.3,9.26,77.27,2,0,0,0,0,6.0,6.0,3,0,0,0,0,-10.6,8.74,0,0,0,0,2,1,0
IDS20240104,2022-2,Ingeniería en Desarrollo de Software,2024,Regular,75.4,75.4,2.22,82.98,0,2,0,0,0,6.0,6.0,1,0,0,0,0,0.0,4.7,0,2,0,2,2,0,0
IDS20240104,2023-1,Ingeniería en Desarrollo de Software,2024,Regular,72.3,69.2,2.22,67.35,1,3,0,0,1,8.0,0.0,2,0,1,1,0,-6.2,9.03,1,1,1,1,3,1,0
IDS20240104,2023-2,Ingeniería en Desarrollo de Software,2024,Regular,75.85,79.4,6.3,77.1,1,1,0,0,1,11.0,11.0,3,0,0,1,0,7.1,4.84,0,2,0,2,0,0,0
IDS20240104,2024-1,Ingeniería en Desarrollo de Software,2024,Regular,76.9,79.0,10.0,76.44,0,2,0,0,1,10.0,10.0,4,0,0,1,0,3.15,1.0,0,2,0,2,1,0,0
IDS20240104,2024-2,Ingeniería en Desarrollo de Software,2024,Regular,77.16,77.95,14.44,77.69,0,0,0,0,1,12.0,12.0,5,0,0,1,0,1.05,58.52,0,1,0,2,2,1,0
IDS20240134,2022-2,Ingeniería en Desarrollo de Software,2024,Egresado,64.2,64.2,0.0,69.89,0,2,0,0,1,6.0,0.0,1,0,1,1,0,0.0,3.75,1,0,1,0,1,1,0
IDS20240134,2023-2,Ingeniería en Desarrollo de Software,2024,Egresado,71.65,79.1,1.85,90.53,0,1,0,0,1,5.0,5.0,2,0,0,1,0,14.9,5.41,0,1,0,1,1,0,0
IDS20240134,2024-1,Ingeniería en Desarrollo de Software,2024,Egresado,73.27,76.5,4.07,80.98,2,1,0,0,1,6.0,6.0,3,0,0,1,0,4.85,2.49,0,2,0,2,0,0,0
IDS20240134,2024-2,Ingeniería en Desarrollo de Software,2024,Egresado,72.78,71.3,6.3,79.53,0,2,0,0,1,6.0,6.0,4,0,0,1,0,-1.97,3.64,0,0,0,0,0,1,0
IDS20240134,2025-1,Ingeniería en Desarrollo de Software,2024,Egresado,73.5,74.23,7.78,55.34,3,4,2,0,4,23.0,4.0,5,0,3,4,0,1.45,140.62,4,0,4,0,3,0,0
IDS20240154,2022-1,Ingeniería en Desarrollo de Software,2024,Regular,70.0,,0.0,81.23,0,1,0,0,0,6.0,0.0,1,0,0,0,1,,4.11,0,2,0,2,0,0,1
IDS20240154,2023-1,Ingeniería en Desarrollo de Software,2024,Regular,88.4,88.4,2.22,85.92,2,2,0,0,0,6.0,6.0,2,0,0,0,0,0.0,4.44,0,0,0,0,1,0,0
IDS20240154,2024-1,Ingeniería en Desarrollo de Software,2024,Regular,87.25,86.1,4.44,84.84,2,0,0,0,0,6.0,6.0,3,0,0,0,0,-2.3,3.75,0,2,0,2,1,0,0
IDS20240182,2024-1,Ingeniería en Desarrollo de Software,2024,Irregular,85.2,85.2,2.59,88.18,2,1,0,0,0,7.0,7.0,1,0,0,0,0,0.0,2.6,0,1,0,1,0,1,0
IDS20240182,2024-2,Ingeniería en Desarrollo de Software,2024,Irregular,80.95,76.7,4.07,85.05,1,1,0,0,0,4.0,4.0,2,0,0,0,0,-8.5,7.02,0,0,0,0,2,0,0
IDS20240182,2025-1,Ingeniería en Desarrollo de Software,2024,Irregular,80.24,79.77,9.26,88.53,1,1,0,0,0,14.0,14.0,3,0,0,0,0,-1.18,16.44,0,2,0,3,1,1,0
IDS20240187,2022-1,Ingeniería en Desarrollo de Software,2024,Irregular,73.7,73.7,2.96,79.56,2,0,0,0,0,8.0,8.0,1,0,0,0,0,0.0,7.61,0,2,0,2,1,1,0
IDS20240187,2023-1,Ingeniería en Desarrollo de Software,2024,Irregular,82.07,86.25,6.67,83.17,2,1,0,0,0,10.0,10.0,2,0,0,0,0,12.55,30.8,0,0,0,1,2,1,0
IDS20240187,2023-2,Ingeniería en Desarrollo de Software,2024,Irregular,81.82,81.1,9.26,82.75,2,0,0,0,0,7.0,7.0,3,0,0,0,0,-0.97,9.1,0,0,0,0,2,0,0
IDS20240187,2025-1,Ingeniería en Desarrollo de Software,2024,Irregular,78.45,71.7,11.85,76.16,1,3,0,0,1,13.0,7.0,4,0,1,1,0,-10.12,6.25,1,2,1,2,1,0,0
IDS20240246,2022-1,Ingeniería en Desarrollo de Software,2024,Regular,80.3,80.3,1.48,85.54,2,2,0,0,0,17.0,4.0,1,0,0,0,2,0.0,3.26,0,0,0,0,1,0,1
IDS20240253,2022-1,Ingeniería en Desarrollo de Software,2024,Regular,84.5,84.5,2.22,88.74,2,1,0,0,0,6.0,6.0,1,0,0,0,0,0.0,8.68,0,2,0,2,2,0,0
IDS20240253,2022-2,Ingeniería en Desarrollo de Software,2024,Regular,81.55,78.6,4.44,87.16,2,2,0,0,0,6.0,6.0,2,0,0,0,0,-5.9,4.29,0,2,0,2,2,0,0
IDS20240253,2023-1,Ingeniería en Desarrollo de Software,2024,Regular,80.22,79.33,8.52,78.77,2,1,0,1,0,17.0,11.0,3,0,1,1,0,-2.22,57.34,1,1,1,1,0,1,0
IDS20240253,2023-2,Ingeniería en Desarrollo de Software,2024,Regular,79.16,76.5,11.48,84.92,0,1,0,1,0,8.0,8.0,4,0,0,1,0,-3.72,9.0,0,2,0,2,0,1,0
IDS20240256,2022-1,Ingeniería en Desarrollo de Software,2024,Regular,77.7,77.7,5.93,71.34,2,3,0,0,1,22.0,16.0,1,0,1,1,0,0.0,68.64,1,0,1,1,2,0,0
IDS20240256,2023-1,Ingeniería en Desarrollo de Software,2024,Regular,77.57,77.3,10.0,81.49,0,1,0,0,1,11.0,11.0,2,0,0,1,0,-0.4,0.09,0,0,0,1,1,1,0
IDS20240256,2023-2,Ingeniería en Desarrollo de Software,2024,Regular,75.16,60.7,10.0,69.14,1,2,0,0,2,7.0,0.0,3,0,1,2,0,-16.87,3.05,2,0,2,0,1,0,0
IDS20240256,2024-1,Ingeniería en Desarrollo de Software,2024,Regular,74.6,70.7,11.48,78.82,0,2,0,0,2,4.0,4.0,4,0,0,2,0,-4.46,2.22,0,0,0,0,1,0,0
IDS20240272,2022-1,Ingeniería en Desarrollo de Software,2024,Regular,70.0,,0.0,78.57,3,2,0,0,0,8.0,0.0,1,0,0,0,2,,9.86,0,1,0,1,1,1,1
IDS20240272,2022-2,Ingeniería en Desarrollo de Software,2024,Regular,74.9,74.9,2.22,81.45,1,1,0,0,0,6.0,6.0,2,0,0,0,0,0.0,6.24,0,0,0,0,0,0,0
IEN20200008,2022-1,Ingeniería en Energía,2020,Regular,70.0,,0.0,67.12,1,2,0,0,2,7.0,0.0,1,4,0,0,1,,6.41,0,0,0,0,1,0,1
IEN20200008,2023-1,Ingeniería en Energía,2020,Regular,77.65,77.65,3.41,69.25,2,0,0,0,2,9.0,9.0,2,5,0,0,0,0.0,19.8,0,2,0,2,3,1,0
IEN20200019,2022-1,Ingeniería en Energía,2020,Regular,76.4,76.4,2.27,72.22,2,0,0,0,2,10.0,6.0,1,4,0,0,1,0.0,6.82,0,0,0,0,2,1,1
IEN20200019,2022-2,Ingeniería en Energía,2020,Regular,76.43,76.45,6.44,76.11,3,1,0,0,2,11.0,11.0,2,4,0,0,0,0.05,3.42,0,1,0,2,2,0,0
IEN20200019,2023-1,Ingeniería en Energía,2020,Irregular,74.67,69.4,6.44,59.51,3,1,2,0,3,6.0,0.0,3,4,1,1,0,-7.03,6.51,2,2,3,2,1,1,0
IEN20200019,2023-2,Ingeniería en Energía,2020,Irregular,77.18,87.2,7.95,72.48,3,2,0,0,3,4.0,4.0,4,4,0,1,0,12.53,3.83,1,1,1,1,1,0,0
IEN20200032,2024-2,Ingeniería en Energía,2020,Irregular,89.6,89.6,4.17,72.93,2,1,0,0,4,11.0,11.0,1,8,0,0,0,0.0,0.01,1,1,1,2,1,0,0
IEN20200032,2025-1,Ingeniería en Energía,2020,Irregular,89.03,87.9,6.44,67.98,2,1,0,0,4,6.0,6.0,2,8,0,0,0,-1.7,5.06,1,1,1,1,3,1,0
IEN20200052,2022-1,Ingeniería en Energía,2020,Irregular,68.1,68.1,0.0,68.48,2,3,0,1,2,12.0,0.0,1,4,1,1,1,0.0,8.78,1,1,1,1,1,1,1
IEN20200052,2022-2,Ingeniería en Energía,2020,Regular,81.95,95.8,1.89,76.79,0,2,0,1,2,5.0,5.0,2,4,0,1,0,27.7,5.27,0,0,0,0,1,1,0
IEN20200052,2023-1,Ingeniería en Energía,2020,Regular,79.22,76.5,6.82,76.0,3,0,0,1,2,13.0,13.0,3,4,0,1,0,-5.45,5.76,0,0,0,1,1,0,0
IEN20200052,2023-2,Ingeniería en Energía,2020,Irregular,78.95,78.4,9.47,70.75,1,2,0,1,3,13.0,7.0,4,4,1,2,0,-0.82,158.76,2,0,2,0,3,0,0
IEN20200052,2024-1,Ingeniería en Energía,2020,Irregular,80.84,92.2,11.36,74.5,0,0,0,1,3,5.0,5.0,5,4,0,2,0,13.25,2.75,1,1,1,1,3,1,0
IEN20200052,2024-2,Ingeniería en Energía,2020,Irregular,82.0,90.1,12.88,80.26,0,1,0,1,3,4.0,4.0,6,4,0,2,0,9.26,6.85,1,2,1,2,1,1,0
IEN20200086,2022-1,Ingeniería en Energía,2020,Regular,86.75,86.75,4.55,79.39,2,1,0,0,2,18.0,12.0,1,4,0,0,1,0.0,44.22,0,1,0,2,1,0,1
IEN20200086,2022-2,Ingeniería en Energía,2020,Regular,83.9,81.05,9.47,72.84,0,1,0,0,2,13.0,13.0,2,4,0,0,0,-5.7,8.7,0,2,0,2,2,1,0
IEN20200086,2023-2,Ingeniería en Energía,2020,Regular,81.23,77.67,15.53,72.68,0,2,0,0,2,16.0,16.0,3,5,0,0,0,-6.23,15.3,0,3,0,4,0,0,0
IEN20200086,2024-1,Ingeniería en Energía,2020,Regular,81.92,86.8,17.8,77.64,0,0,0,0,2,6.0,6.0,4,5,0,0,0,5.57,5.3,0,2,0,2,1,1,0
IEN20200100,2023-1,Ingeniería en Energía,2020,Irregular,96.3,96.3,1.89,78.43,0,0,0,0,3,5.0,5.0,1,6,0,0,0,0.0,4.68,1,1,1,1,0,0,0
IEN20200100,2024-2,Ingeniería en Energía,2020,Irregular,81.7,74.4,4.17,56.67,3,3,2,0,5,10.0,6.0,2,8,1,1,0,-21.9,36.0,2,0,3,0,1,1,0
IEN20200109,2022-2,Ingeniería en Energía,2020,Regular,87.5,87.5,4.17,76.38,1,0,0,0,2,11.0,11.0,1,5,0,0,0,0.0,42.25,0,2,0,2,2,1,0
IEN20200109,2023-2,Ingeniería en Energía,2020,Irregular,81.47,69.4,4.17,55.34,2,1,2,0,4,6.0,0.0,2,6,1,1,0,-18.1,2.12,2,1,3,1,3,2,0
IEN20200109,2024-1,Ingeniería en Energía,2020,Irregular,79.62,74.1,5.68,64.2,1,2,0,0,4,4.0,4.0,3,6,0,1,0,-7.37,7.8,1,1,1,1,1,0,0
IEN20200112,2022-1,Ingeniería en Energía,2020,Regular,86.9,86.9,2.27,81.17,2,1,0,0,2,6.0,6.0,1,4,0,0,0,0.0,5.01,0,0,0,0,2,0,0
IEN20200112,2022-2,Ingeniería en Energía,2020,Irregular,67.87,58.35,2.27,51.28,2,3,2,0,4,10.0,0.0,2,4,2,2,0,-28.55,51.12,3,1,3,1,2,2,0
IEN20200112,2023-1,Ingeniería en Energía,2020,Irregular,64.48,61.1,3.79,50.78,2,3,2,1,5,16.0,4.0,3,4,2,4,0,-6.77,414.42,3,1,3,1,2,2,0
IEN20200121,2022-1,Ingeniería en Energía,2020,Irregular,78.0,78.0,1.89,73.44,2,1,0,0,2,5.0,5.0,1,4,0,0,0,0.0,4.7,0,0,0,0,2,1,0
IEN20200121,2022-2,Ingeniería en Energía,2020,Irregular,77.2,76.4,4.17,70.2,1,1,0,0,2,6.0,6.0,2,4,0,0,0,-1.6,2.28,0,1,0,1,0,1,0
IEN20200121,2024-2,Ingeniería en Energía,2020,Irregular,78.23,80.3,6.44,71.63,2,1,0,0,3,6.0,6.0,3,7,0,0,0,3.1,4.4,1,0,1,0,0,0,0
IEN20200122,2022-1,Ingeniería en Energía,2020,Irregular,70.93,70.93,2.27,51.93,3,2,2,0,4,18.0,6.0,1,4,2,2,0,0.0,59.96,3,2,3,2,3,2,0
IEN20200129,2023-1,Ingeniería en Energía,2020,Irregular,83.6,83.6,4.17,72.61,2,1,0,0,3,11.0,11.0,1,6,0,0,0,0.0,96.04,1,1,1,2,1,1,0
IEN20200129,2025-1,Ingeniería en Energía,2020,Irregular,82.02,80.97,10.23,61.92,2,2,0,0,4,16.0,16.0,2,8,0,0,0,-2.63,29.8,1,1,1,2,1,2,0
IEN20200132,2022-1,Ingeniería en Energía,2020,Regular,70.0,,0.0,75.6,2,0,0,0,2,4.0,0.0,1,4,0,0,1,,2.75,0,2,0,2,2,1,1
IEN20200132,2022-2,Ingeniería en Energía,2020,Regular,72.0,72.0,4.55,69.78,0,1,0,0,2,18.0,12.0,2,4,0,0,1,0.0,0.09,0,0,0,1,1,1,1
IEN20200132,2023-1,Ingeniería en Energía,2020,Regular,77.8,83.6,8.71,75.17,2,2,0,0,2,11.0,11.0,3,4,0,0,0,11.6,43.56,0,0,0,1,1,0,0
IEN20200132,2023-2,Ingeniería en Energía,2020,Regular,78.32,80.4,10.23,74.32,2,0,0,0,2,4.0,4.0,4,4,0,0,0,2.6,7.79,0,1,0,1,1,1,0
IEN20200136,2022-1,Ingeniería en Energía,2020,Regular,70.8,70.8,1.52,67.24,1,0,0,0,2,4.0,4.0,1,4,0,0,0,0.0,5.95,0,1,0,1,3,1,0
IEN20200136,2022-2,Ingeniería en Energía,2020,Regular,76.12,77.9,8.33,73.31,2,1,0,0,2,18.0,18.0,2,4,0,0,0,7.1,15.02,0,2,0,3,2,1,0
IEN20200136,2023-1,Ingeniería en Energía,2020,Regular,76.55,77.4,12.5,76.78,2,0,0,0,2,11.0,11.0,3,4,0,0,0,1.28,0.04,0,0,0,1,1,0,0
IEN20200136,2023-2,Ingeniería en Energía,2020,Regular,79.33,96.0,14.02,83.8,0,1,0,0,2,4.0,4.0,4,4,0,0,0,19.45,5.37,0,0,0,0,1,0,0
IEN20200143,2022-1,Ingeniería en Energía,2020,Regular,70.0,,0.0,75.13,2,0,0,0,2,13.0,0.0,1,4,0,0,2,,9.72,0,0,0,0,0,0,1
IEN20200143,2022-2,Ingeniería en Energía,2020,Regular,71.5,71.5,2.27,67.46,0,2,0,0,2,6.0,6.0,2,4,0,0,0,0.0,7.33,0,1,0,1,3,1,0
IEN20200143,2023-1,Ingeniería en Energía,2020,Regular,74.6,77.7,4.17,71.31,1,1,0,0,2,5.0,5.0,3,4,0,0,0,6.2,2.33,0,2,0,2,1,0,0
IEN20200143,2023-2,Ingeniería en Energía,2020,Regular,82.52,87.8,9.47,80.36,0,0,0,0,2,14.0,14.0,4,4,0,0,0,13.2,26.85,0,1,0,2,1,0,0
IEN20200160,2022-2,Ingeniería en Energía,2020,Irregular,67.1,67.1,0.0,64.36,0,1,0,0,3,6.0,0.0,1,5,1,1,0,0.0,3.61,2,1,2,1,3,0,0
IEN20200160,2023-1,Ingeniería en Energía,2020,Irregular,73.05,79.0,2.27,75.02,2,1,0,0,3,6.0,6.0,2,5,0,1,0,11.9,8.66,1,1,1,1,2,1,0
IEN20200160,2024-1,Ingeniería en Energía,2020,Irregular,79.33,91.9,4.55,67.98,3,2,0,0,4,6.0,6.0,3,6,0,1,0,18.85,5.05,1,1,1,1,3,0,0
IEN20200162,2022-1,Ingeniería en Energía,2020,Regular,82.2,82.2,3.79,77.64,0,0,0,0,2,23.0,10.0,1,4,0,0,2,0.0,0.64,0,2,0,2,1,1,1
IEN20200162,2023-1,Ingeniería en Energía,2020,Regular,87.22,92.25,7.58,77.29,2,2,0,0,2,10.0,10.0,2,5,0,0,0,10.05,34.22,0,2,0,2,0,0,0
IEN20200163,2022-1,Ingeniería en Energía,2020,Regular,70.0,,0.0,74.22,0,1,0,0,2,5.0,0.0,1,4,0,0,1,,5.57,0,0,0,0,2,1,1
IEN20200163,2022-2,Ingeniería en Energía,2020,Regular,83.6,83.6,3.03,80.87,2,1,0,0,2,8.0,8.0,2,4,0,0,0,0.0,8.91,0,0,0,0,0,1,0
IEN20200163,2023-2,Ingeniería en Energía,2020,Regular,81.8,80.0,5.3,73.11,0,2,0,0,2,6.0,6.0,3,5,0,0,0,-3.6,5.67,0,0,0,0,3,0,0
IEN20200163,2024-2,Ingeniería en Energía,2020,Irregular,85.62,88.17,11.36,75.86,2,2,0,0,3,16.0,16.0,4,6,0,0,0,6.37,53.18,1,1,1,2,1,0,0
IEN20200163,2025-1,Ingeniería en Energía,2020,Irregular,86.0,86.95,15.15,76.74,3,1,0,0,3,10.0,10.0,5,6,0,0,0,1.33,14.06,1,1,1,2,3,1,0
IEN20200165,2022-1,Ingeniería en Energía,2020,Baja Temporal,60.42,60.42,1.52,12.0,6,5,4,0,5,23.0,4.0,1,4,3,3,0,0.0,161.38,4,1,5,1,4,2,0
IEN20200165,2022-2,Ingeniería en Energía,2020,Baja Temporal,65.28,75.0,5.3,32.87,2,1,3,0,5,10.0,10.0,2,4,0,3,0,14.58,10.24,1,1,2,2,2,1,0
IEN20200165,2023-2,Ingeniería en Energía,2020,Baja Temporal,62.16,52.8,5.3,17.0,5,6,4,2,5,10.0,0.0,3,5,2,5,0,-12.48,158.76,4,1,5,1,5,3,0
IEN20200166,2022-1,Ingeniería en Energía,2020,Regular,75.75,75.75,3.41,77.74,1,2,0,0,2,9.0,9.0,1,4,0,0,0,0.0,3.8,0,2,0,2,1,0,0
IEN20200166,2022-2,Ingeniería en Energía,2020,Regular,78.78,81.8,7.95,77.51,0,0,0,0,2,12.0,12.0,2,4,0,0,0,6.05,2.25,0,1,0,2,1,1,0
IEN20200178,2022-1,Ingeniería en Energía,2020,Regular,70.0,,0.0,71.14,2,0,0,0,2,8.0,0.0,1,4,0,0,1,,9.14,0,2,0,2,1,1,1
IEN20200178,2023-1,Ingeniería en Energía,2020,Regular,82.0,82.0,4.55,69.88,3,1,0,0,2,12.0,12.0,2,5,0,0,0,0.0,0.04,0,2,0,2,2,0,0
IEN20200178,2023-2,Ingeniería en Energía,2020,Regular,83.45,84.9,8.71,76.24,1,1,0,0,2,11.0,11.0,3,5,0,0,0,2.9,10.89,0,1,0,2,1,0,0
IEN20200178,2024-2,Ingeniería en Energía,2020,Irregular,81.28,76.95,12.5,70.99,2,2,0,0,3,10.0,10.0,4,6,0,0,0,-6.5,9.92,1,1,1,2,3,0,0
IEN20200178,2025-1,Ingeniería en Energía,2020,Irregular,79.57,69.3,12.5,59.13,2,3,2,1,3,5.0,0.0,5,6,1,1,0,-11.98,2.25,2,2,3,2,1,2,0
IEN20200184,2022-1,Ingeniería en Energía,2020,Irregular,68.9,68.9,0.0,61.71,3,1,0,1,2,5.0,0.0,1,4,1,1,0,0.0,6.4,1,1,1,1,1,1,0
IEN20200184,2023-1,Ingeniería en Energía,2020,Regular,72.9,76.9,2.27,74.97,3,0,0,1,2,6.0,6.0,2,5,0,1,0,8.0,7.11,0,2,0,2,1,0,0
IEN20200184,2023-2,Ingeniería en Energía,2020,Regular,73.93,76.0,4.55,68.85,1,0,0,1,2,6.0,6.0,3,5,0,1,0,3.1,6.51,0,1,0,1,1,0,0
IEN20200184,2024-1,Ingeniería en Energía,2020,Irregular,72.5,68.2,4.55,56.48,3,3,2,1,3,6.0,0.0,4,5,1,2,0,-5.73,8.45,2,0,3,0,1,2,0
IEN20200184,2025-1,Ingeniería en Energía,2020,Irregular,72.04,70.2,6.82,66.94,1,0,0,1,4,6.0,6.0,5,6,0,2,0,-2.3,2.84,1,2,1,2,1,0,0
IEN20200186,2022-1,Ingeniería en Energía,2020,Regular,95.5,95.5,2.27,77.66,2,1,0,0,2,16.0,6.0,1,4,0,0,2,0.0,6.86,0,0,0,0,0,1,1
IEN20200224,2022-1,Ingeniería en Energía,2020,Baja Temporal,51.5,51.5,0.0,27.81,5,5,4,0,3,6.0,0.0,1,4,1,1,0,0.0,5.37,2,0,4,0,3,3,0
IEN20200224,2022-2,Ingeniería en Energía,2020,Baja Temporal,61.13,65.95,2.27,28.17,5,2,4,0,4,16.0,6.0,2,4,1,2,0,14.45,16.4,2,1,4,1,3,3,1
IEN20200224,2023-1,Ingeniería en Energía,2020,Baja Temporal,65.76,72.7,6.06,42.69,3,2,3,0,4,10.0,10.0,3,4,0,2,0,11.57,1.69,1,2,2,2,4,2,0
IEN20200231,2022-2,Ingeniería en Energía,2020,Regular,90.75,90.75,4.17,82.23,0,1,0,0,2,11.0,11.0,1,5,0,0,0,0.0,4.2,0,1,0,2,1,0,0
IEN20200231,2023-1,Ingeniería en Energía,2020,Regular,90.32,90.1,13.26,79.41,0,2,0,0,2,24.0,24.0,2,5,0,0,0,-0.65,34.62,0,2,0,3,1,0,0
IEN20200243,2022-2,Ingeniería en Energía,2020,Regular,89.4,89.4,3.03,76.91,0,0,0,0,2,8.0,8.0,1,5,0,0,0,0.0,6.22,0,0,0,0,0,0,0
IEN20200243,2023-2,Ingeniería en Energía,2020,Irregular,94.7,100.0,5.68,77.83,0,0,0,0,3,7.0,7.0,2,6,0,0,0,10.6,2.84,1,1,1,1,1,0,0
IEN20200243,2024-2,Ingeniería en Energía,2020,Irregular,93.3,90.5,7.2,70.0,1,0,0,0,3,4.0,4.0,3,7,0,0,0,-4.2,5.17,1,1,1,1,3,1,0
IEN20200287,2022-2,Ingeniería en Energía,2020,Regular,78.8,78.8,2.27,69.12,2,0,0,0,2,6.0,6.0,1,5,0,0,0,0.0,2.2,0,1,0,1,3,0,0
IEN20200287,2023-1,Ingeniería en Energía,2020,Regular,77.77,77.25,6.82,69.03,3,2,0,0,2,12.0,12.0,2,5,0,0,0,-1.55,48.3,0,1,0,2,0,1,0
IEN20200287,2023-2,Ingeniería en Energía,2020,Regular,77.68,77.4,9.09,76.83,0,2,0,0,2,6.0,6.0,3,5,0,0,0,-0.37,6.63,0,0,0,0,2,0,0
IEN20200287,2024-1,Ingeniería en Energía,2020,Regular,80.34,91.0,11.74,81.6,2,1,0,0,2,7.0,7.0,4,5,0,0,0,13.32,3.51,0,2,0,2,2,1,0
IEN20200287,2024-2,Ingeniería en Energía,2020,Regular,81.41,84.1,16.29,72.52,2,0,0,0,2,12.0,12.0,5,5,0,0,0,3.76,6.25,0,2,0,2,2,1,0
IEN20200287,2025-1,Ingeniería en Energía,2020,Regular,79.69,67.6,16.29,57.93,3,1,2,1,2,6.0,0.0,6,5,1,1,0,-13.81,6.91,1,1,2,1,1,1,0
IEN20200292,2022-1,Ingeniería en Energía,2020,Regular,97.4,97.4,2.27,84.53,2,2,0,0,2,13.0,6.0,1,4,0,0,1,0.0,9.75,0,2,0,2,2,0,1
IEN20200292,2022-2,Ingeniería en Energía,2020,Regular,94.05,90.7,3.79,78.49,1,2,0,0,2,4.0,4.0,2,4,0,0,0,-6.7,8.51,0,0,0,0,1,0,0
IEN20200292,2023-1,Ingeniería en Energía,2020,Regular,95.67,98.9,6.06,81.04,2,1,0,0,2,6.0,6.0,3,4,0,0,0,4.85,7.02,0,2,0,2,1,0,0
IEN20200292,2023-2,Ingeniería en Energía,2020,Regular,92.15,81.6,7.58,71.69,1,1,0,0,2,4.0,4.0,4,4,0,0,0,-14.07,7.6,0,1,0,1,0,1,0
IEN20200312,2022-1,Ingeniería en Energía,2020,Regular,74.0,74.0,4.55,75.79,3,2,0,0,2,17.0,12.0,1,4,0,0,1,0.0,7.74,0,0,0,0,2,1,1
IEN20200312,2022-2,Ingeniería en Energía,2020,Irregular,67.45,60.9,4.55,64.47,2,3,0,0,3,8.0,0.0,2,4,1,1,0,-13.1,2.47,2,1,2,1,3,0,0
IEN20200312,2025-1,Ingeniería en Energía,2020,Irregular,75.33,83.2,8.33,64.65,2,0,0,0,5,10.0,10.0,3,8,0,1,0,15.75,1.0,1,2,1,2,3,0,0
IEN20200313,2022-1,Ingeniería en Energía,2020,Regular,82.6,82.6,2.27,71.9,2,2,0,0,2,19.0,6.0,1,4,0,0,2,0.0,2.64,0,1,0,1,1,1,1
IEN20200313,2022-2,Ingeniería en Energía,2020,Regular,82.6,,2.27,80.48,2,1,0,0,2,6.0,0.0,2,4,0,0,1,,4.51,0,1,0,1,0,1,1
IEN20200313,2023-1,Ingeniería en Energía,2020,Irregular,76.87,74.0,4.55,67.56,2,2,0,0,3,12.0,6.0,3,4,1,1,0,-8.6,96.04,2,1,2,1,1,1,0
IEN20200319,2022-1,Ingeniería en Energía,2020,Regular,79.8,79.8,1.89,70.11,1,2,0,0,2,5.0,5.0,1,4,0,0,0,0.0,7.95,0,1,0,1,1,0,0
IEN20200319,2024-1,Ingeniería en Energía,2020,Irregular,76.77,75.25,6.44,68.9,2,0,0,0,3,12.0,12.0,2,7,0,0,0,-4.55,18.92,1,1,1,2,0,1,0
IEN20200324,2022-1,Ingeniería en Energía,2020,Regular,70.0,,0.0,70.96,3,2,0,0,2,7.0,0.0,1,4,0,0,1,,9.28,0,0,0,0,2,0,1
IEN20200324,2022-2,Ingeniería en Energía,2020,Regular,85.37,85.37,6.06,77.48,2,0,0,0,2,16.0,16.0,2,4,0,0,0,0.0,9.21,0,1,0,2,3,0,0
IEN20200324,2023-2,Ingeniería en Energía,2020,Regular,87.44,89.0,14.39,72.14,1,1,0,0,2,22.0,22.0,3,5,0,0,0,3.63,7.06,0,1,0,2,1,1,0
IEN20200358,2022-2,Ingeniería en Energía,2020,Regular,71.5,71.5,1.89,67.37,2,0,0,0,2,11.0,5.0,1,5,0,0,1,0.0,4.72,0,2,0,2,3,1,1
IEN20200358,2023-1,Ingeniería en Energía,2020,Regular,76.17,78.5,6.44,68.26,3,2,0,0,2,12.0,12.0,2,5,0,0,0,7.0,0.49,0,2,0,2,1,0,0
IEN20200374,2022-2,Ingeniería en Energía,2020,Regular,85.0,85.0,1.89,74.41,1,2,0,0,2,5.0,5.0,1,5,0,0,0,0.0,9.71,0,0,0,0,1,0,0
IEN20200374,2023-1,Ingeniería en Energía,2020,Irregular,77.25,69.5,1.89,59.98,3,2,2,0,3,7.0,0.0,2,5,1,1,0,-15.5,7.97,2,2,3,2,2,0,0
IEN20200374,2023-2,Ingeniería en Energía,2020,Irregular,75.47,71.9,4.17,70.8,3,2,0,0,3,6.0,6.0,3,5,0,1,0,-5.35,5.79,1,2,1,2,1,0,0
IEN20200374,2024-1,Ingeniería en Energía,2020,Irregular,78.5,87.6,6.44,78.8,1,2,0,0,3,6.0,6.0,4,5,0,1,0,12.13,6.16,1,2,1,2,1,0,0
IEN20200374,2025-1,Ingeniería en Energía,2020,Irregular,77.72,74.6,7.95,67.9,0,2,0,0,4,4.0,4.0,5,6,0,1,0,-3.9,2.33,1,0,1,0,1,1,0
IEN20200379,2022-1,Ingeniería en Energía,2020,Regular,83.9,83.9,2.27,75.86,0,0,0,0,2,10.0,6.0,1,4,0,0,1,0.0,4.71,0,2,0,2,2,1,1
IEN20200379,2022-2,Ingeniería en Energía,2020,Regular,83.9,,2.27,78.71,2,1,0,0,2,6.0,0.0,2,4,0,0,1,,7.2,0,0,0,0,1,1,1
IEN20200381,2022-1,Ingeniería en Energía,2020,Regular,81.6,81.6,2.27,74.03,1,0,0,0,2,6.0,6.0,1,4,0,0,0,0.0,4.72,0,0,0,0,2,0,0
IEN20200381,2022-2,Ingeniería en Energía,2020,Regular,85.25,88.9,4.55,79.67,0,0,0,0,2,6.0,6.0,2,4,0,0,0,7.3,2.7,0,0,0,0,1,1,0
IEN20200381,2023-2,Ingeniería en Energía,2020,Regular,84.38,83.5,8.33,72.18,2,0,0,0,2,10.0,10.0,3,5,0,0,0,-1.75,40.96,0,2,0,2,0,0,0
IEN20210011,2022-1,Ingeniería en Energía,2021,Irregular,71.9,71.9,2.27,81.28,2,1,0,0,1,6.0,6.0,1,2,0,0,0,0.0,8.2,0,1,0,1,1,0,0
IEN20210011,2022-2,Ingeniería en Energía,2021,Irregular,71.25,70.6,4.55,80.16,2,0,0,0,1,6.0,6.0,2,2,0,0,0,-1.3,2.01,0,1,0,1,2,1,0
IEN20210011,2023-2,Ingeniería en Energía,2021,Irregular,71.1,70.8,6.82,72.01,2,0,0,0,1,6.0,6.0,3,3,0,0,0,-0.45,9.88,0,2,0,2,1,1,0
IEN20210011,2024-1,Ingeniería en Energía,2021,Irregular,74.97,86.6,8.33,79.92,1,2,0,0,1,4.0,4.0,4,3,0,0,0,15.5,4.18,0,0,0,0,2,1,0
IEN20210011,2024-2,Ingeniería en Energía,2021,Irregular,78.4,82.97,14.39,78.7,1,0,0,0,1,16.0,16.0,5,3,0,0,0,7.99,24.87,0,3,0,4,2,1,0
IEN20210011,2025-1,Ingeniería en Energía,2021,Irregular,79.03,81.25,18.18,79.07,1,2,0,0,1,10.0,10.0,6,3,0,0,0,2.85,49.7,0,0,0,1,1,1,0
IEN20210035,2022-1,Ingeniería en Energía,2021,Regular,70.0,,0.0,76.67,3,0,0,0,1,4.0,0.0,1,2,0,0,1,,3.88,0,2,0,2,1,0,1
IEN20210035,2022-2,Ingeniería en Energía,2021,Regular,78.35,78.35,4.55,76.47,3,2,0,0,1,12.0,12.0,2,2,0,0,0,0.0,23.52,0,2,0,2,1,1,0
IEN20210035,2023-1,Ingeniería en Energía,2021,Regular,78.58,78.8,7.58,81.12,0,1,0,0,1,8.0,8.0,3,2,0,0,0,0.45,3.61,0,2,0,2,2,0,0
IEN20210035,2023-2,Ingeniería en Energía,2021,Regular,79.14,81.4,9.85,76.88,0,0,0,0,1,6.0,6.0,4,2,0,0,0,2.83,3.32,0,0,0,0,0,0,0
IEN20210040,2022-2,Ingeniería en Energía,2021,Irregular,65.7,65.7,2.27,67.66,2,4,0,0,2,18.0,6.0,1,3,1,1,1,0.0,110.25,2,0,2,0,3,0,1
IEN20210045,2022-1,Ingeniería en Energía,2021,Regular,84.7,84.7,4.55,84.71,0,0,0,0,1,12.0,12.0,1,2,0,0,0,0.0,4.47,0,1,0,1,2,0,0
IEN20210045,2022-2,Ingeniería en Energía,2021,Regular,82.8,80.9,6.06,78.62,1,1,0,0,1,4.0,4.0,2,2,0,0,0,-3.8,8.52,0,0,0,0,0,0,0
IEN20210045,2023-1,Ingeniería en Energía,2021,Regular,82.27,81.2,8.33,81.3,2,0,0,0,1,6.0,6.0,3,2,0,0,0,-1.6,2.17,0,2,0,2,2,1,0
IEN20210045,2023-2,Ingeniería en Energía,2021,Regular,80.95,77.0,10.61,83.0,2,2,0,0,1,6.0,6.0,4,2,0,0,0,-5.27,8.82,0,2,0,2,0,1,0
IEN20210045,2024-2,Ingeniería en Energía,2021,Regular,78.62,73.95,14.77,77.13,1,1,0,0,1,11.0,11.0,5,3,0,0,0,-7.0,14.82,0,2,0,2,0,1,0
IEN20210045,2025-1,Ingeniería en Energía,2021,Regular,78.71,79.0,18.56,74.84,1,0,0,0,1,10.0,10.0,6,3,0,0,0,0.38,11.56,0,0,0,1,0,1,0
IEN20210139,2022-2,Ingeniería en Energía,2021,Regular,90.6,90.6,1.89,80.27,0,2,0,0,1,5.0,5.0,1,3,0,0,0,0.0,9.52,0,0,0,0,2,1,0
IEN20210139,2023-1,Ingeniería en Energía,2021,Regular,87.65,84.7,3.79,78.99,0,0,0,0,1,5.0,5.0,2,3,0,0,0,-5.9,7.67,0,1,0,1,0,0,0
IEN20210139,2024-1,Ingeniería en Energía,2021,Regular,81.98,76.3,7.95,74.25,0,0,0,0,2,11.0,11.0,3,4,0,0,0,-11.35,2.25,0,2,0,2,2,1,0
IEN20210139,2024-2,Ingeniería en Energía,2021,Regular,80.3,73.6,10.23,69.73,2,1,0,0,2,6.0,6.0,4,4,0,0,0,-8.38,8.17,0,0,0,0,1,0,0
IEN20210139,2025-1,Ingeniería en Energía,2021,Regular,79.06,75.95,14.77,74.66,3,2,0,0,2,12.0,12.0,5,4,0,0,0,-4.35,6.0,0,1,0,2,2,1,0
IEN20210146,2022-1,Ingeniería en Energía,2021,Regular,70.0,,0.0,76.95,3,2,0,0,1,5.0,0.0,1,2,0,0,1,,8.03,0,2,0,2,1,0,1
IEN20210146,2022-2,Ingeniería en Energía,2021,Regular,82.7,82.7,3.03,76.53,2,2,0,0,1,8.0,8.0,2,2,0,0,0,0.0,9.93,0,2,0,2,1,0,0
IEN20210146,2025-1,Ingeniería en Energía,2021,Irregular,79.1,75.5,5.3,64.18,3,2,0,0,3,6.0,6.0,3,6,0,0,0,-7.2,8.77,1,0,1,0,2,0,0
IEN20210159,2022-1,Ingeniería en Energía,2021,Irregular,57.1,57.1,0.0,61.95,2,3,0,0,2,6.0,0.0,1,2,1,1,0,0.0,6.54,2,1,2,1,2,0,0
IEN20210159,2022-2,Ingeniería en Energía,2021,Irregular,57.45,57.8,0.0,58.98,1,3,2,0,3,7.0,0.0,2,2,1,2,0,0.7,3.87,2,1,3,1,1,1,0
IEN20210159,2023-1,Ingeniería en Energía,2021,Irregular,65.55,73.65,4.55,70.99,0,0,0,0,3,12.0,12.0,3,2,0,2,0,16.2,9.3,1,1,1,2,1,1,0
IEN20210175,2022-1,Ingeniería en Energía,2021,Regular,70.0,,0.0,73.75,1,1,0,0,1,10.0,0.0,1,2,0,0,2,,7.34,0,1,0,1,3,1,1
IEN20210175,2022-2,Ingeniería en Energía,2021,Regular,74.7,74.7,2.27,80.65,2,1,0,0,1,6.0,6.0,2,2,0,0,0,0.0,3.57,0,0,0,0,1,0,0
IEN20210221,2022-1,Ingeniería en Energía,2021,Regular,70.6,70.6,2.65,72.42,1,1,0,0,1,7.0,7.0,1,2,0,0,0,0.0,9.07,0,1,0,1,2,0,0
IEN20210221,2022-2,Ingeniería en Energía,2021,Regular,77.05,83.5,4.92,76.53,0,2,0,0,1,6.0,6.0,2,2,0,0,0,12.9,8.65,0,0,0,0,2,1,0
IEN20210221,2023-1,Ingeniería en Energía,2021,Irregular,66.45,55.85,4.92,49.01,4,4,2,0,3,12.0,0.0,3,2,2,2,0,-21.2,8.12,3,2,3,2,2,1,0
IEN20210221,2023-2,Ingeniería en Energía,2021,Irregular,64.68,57.6,4.92,55.85,3,2,2,0,4,6.0,0.0,4,2,1,3,0,-8.85,2.78,2,1,3,1,3,0,0
IEN20210221,2024-1,Ingeniería en Energía,2021,Irregular,63.93,60.2,4.92,57.67,3,3,2,0,5,4.0,0.0,5,2,1,4,0,-4.48,3.72,3,1,3,1,2,1,0
IEN20210234,2022-1,Ingeniería en Energía,2021,Irregular,82.0,82.0,5.68,80.47,2,0,0,0,1,15.0,15.0,1,2,0,0,0,0.0,12.33,0,1,0,2,0,0,0
IEN20210245,2022-1,Ingeniería en Energía,2021,Regular,90.9,90.9,2.27,79.0,0,1,0,0,1,6.0,6.0,1,2,0,0,0,0.0,9.08,0,0,0,0,0,1,0
IEN20210245,2022-2,Ingeniería en Energía,2021,Regular,81.05,71.2,4.17,71.3,3,0,0,0,1,5.0,5.0,2,2,0,0,0,-19.7,2.89,0,0,0,0,2,0,0
IEN20210245,2023-1,Ingeniería en Energía,2021,Regular,79.43,77.8,8.71,76.09,0,2,0,0,1,12.0,12.0,3,2,0,0,0,-3.25,40.96,0,1,0,2,1,1,0
IEN20210245,2023-2,Ingeniería en Energía,2021,Regular,81.06,87.6,10.98,82.31,2,2,0,0,1,6.0,6.0,4,2,0,0,0,8.17,8.38,0,2,0,2,0,1,0
IEN20210245,2024-2,Ingeniería en Energía,2021,Regular,78.2,63.9,10.98,60.71,2,3,0,0,2,6.0,0.0,5,3,1,1,0,-17.16,4.83,2,1,2,1,1,1,0
IEN20210270,2023-1,Ingeniería en Energía,2021,Regular,83.4,83.4,4.92,81.08,0,0,0,0,2,13.0,13.0,1,4,0,0,0,0.0,121.0,0,1,0,2,0,1,0
IEN20210270,2024-2,Ingeniería en Energía,2021,Irregular,81.43,77.5,7.2,73.39,0,0,0,0,3,6.0,6.0,2,6,0,0,0,-5.9,5.92,1,1,1,1,2,1,0
IEN20210270,2025-1,Ingeniería en Energía,2021,Irregular,79.78,78.78,16.29,60.82,2,2,0,0,4,30.0,24.0,3,6,1,1,0,-2.65,45.12,2,1,2,2,3,1,0
IEN20210271,2022-1,Ingeniería en Energía,2021,Regular,70.0,,0.0,73.06,1,0,0,0,1,6.0,0.0,1,2,0,0,1,,3.51,0,1,0,1,1,0,1
IEN20210271,2022-2,Ingeniería en Energía,2021,Regular,76.7,76.7,3.03,82.33,1,1,0,0,1,8.0,8.0,2,2,0,0,0,0.0,7.54,0,1,0,1,2,0,0
IEN20210271,2023-1,Ingeniería en Energía,2021,Regular,79.95,83.2,5.3,82.69,2,2,0,0,1,6.0,6.0,3,2,0,0,0,6.5,4.17,0,0,0,0,1,0,0
IEN20210271,2024-1,Ingeniería en Energía,2021,Regular,77.47,72.5,7.58,73.9,0,1,0,0,1,6.0,6.0,4,3,0,0,0,-7.45,9.98,0,0,0,0,2,1,0
IEN20210271,2025-1,Ingeniería en Energía,2021,Regular,78.33,78.97,16.29,74.88,1,2,0,0,2,23.0,23.0,5,4,0,0,0,1.51,11.29,0,1,0,2,3,1,0
IEN20210274,2022-1,Ingeniería en Energía,2021,Regular,70.0,,0.0,79.75,1,1,0,0,1,12.0,0.0,1,2,0,0,1,,3.06,0,2,0,2,0,0,1
IEN20210274,2022-2,Ingeniería en Energía,2021,Regular,75.3,75.3,1.52,77.58,0,1,0,0,1,15.0,4.0,2,2,0,0,2,0.0,9.98,0,0,0,0,0,1,1
IEN20210274,2023-2,Ingeniería en Energía,2021,Regular,82.65,90.0,3.41,86.14,2,2,0,0,1,5.0,5.0,3,3,0,0,0,14.7,3.62,0,2,0,2,1,0,0
IEN20210274,2024-1,Ingeniería en Energía,2021,Regular,84.13,87.1,5.3,78.5,2,0,0,0,1,5.0,5.0,4,3,0,0,0,4.45,2.47,0,0,0,0,0,1,0
IEN20210274,2025-1,Ingeniería en Energía,2021,Regular,77.83,71.53,11.36,71.56,3,1,0,0,2,16.0,16.0,5,4,0,0,0,-12.6,0.06,0,3,0,4,1,1,0
IEN20210301,2022-1,Ingeniería en Energía,2021,Irregular,69.05,69.05,1.52,66.25,2,2,0,0,2,10.0,4.0,1,2,1,1,0,0.0,9.3,1,2,1,2,2,1,0
IEN20210301,2022-2,Ingeniería en Energía,2021,Irregular,68.9,68.6,1.52,62.06,2,1,0,0,3,6.0,0.0,2,2,1,2,0,-0.45,2.35,2,2,2,2,1,0,0
IEN20210318,2022-2,Ingeniería en Energía,2021,Regular,89.45,89.45,4.17,85.89,0,2,0,0,1,17.0,11.0,1,3,0,0,1,0.0,22.56,0,1,0,2,1,1,1
IEN20210318,2023-2,Ingeniería en Energía,2021,Regular,91.1,94.4,6.44,75.11,3,2,0,0,2,6.0,6.0,2,4,0,0,0,4.95,6.84,0,0,0,0,2,1,0
IEN20210318,2024-1,Ingeniería en Energía,2021,Regular,90.5,88.7,9.09,81.42,1,2,0,0,2,7.0,7.0,3,4,0,0,0,-2.4,7.42,0,0,0,0,0,0,0
IEN20210318,2025-1,Ingeniería en Energía,2021,Regular,90.09,89.53,15.53,79.97,2,0,0,0,2,17.0,17.0,4,5,0,0,0,-0.97,1.04,0,3,0,4,1,1,0
IEN20210332,2022-2,Ingeniería en Energía,2021,Regular,80.2,80.2,4.17,80.18,2,0,0,0,1,11.0,11.0,1,3,0,0,0,0.0,7.29,0,0,0,1,2,1,0
IEN20210332,2023-1,Ingeniería en Energía,2021,Regular,79.9,79.3,6.44,75.36,1,0,0,0,1,6.0,6.0,2,3,0,0,0,-0.9,2.58,0,2,0,2,0,1,0
IEN20210332,2023-2,Ingeniería en Energía,2021,Regular,80.45,82.1,8.71,77.06,2,1,0,0,1,6.0,6.0,3,3,0,0,0,2.2,6.57,0,2,0,2,0,0,0
IEN20210332,2024-1,Ingeniería en Energía,2021,Regular,83.46,95.5,10.23,83.88,1,1,0,0,1,4.0,4.0,4,3,0,0,0,15.05,5.86,0,0,0,0,1,0,0
IEN20210332,2024-2,Ingeniería en Energía,2021,Regular,83.93,86.3,12.5,84.33,0,1,0,0,1,6.0,6.0,5,3,0,0,0,2.84,7.55,0,0,0,0,0,1,0
IEN20210332,2025-1,Ingeniería en Energía,2021,Regular,84.89,90.6,14.77,82.02,0,0,0,0,1,6.0,6.0,6,3,0,0,0,6.67,3.19,0,1,0,1,0,0,0
IEN20210348,2022-2,Ingeniería en Energía,2021,Regular,84.2,84.2,2.27,75.14,0,1,0,0,1,6.0,6.0,1,3,0,0,0,0.0,7.02,0,1,0,1,1,1,0
IEN20210348,2023-1,Ingeniería en Energía,2021,Regular,84.92,85.17,9.09,78.32,1,2,0,0,1,18.0,18.0,2,3,0,0,0,0.97,12.62,0,2,0,3,2,0,0
IEN20210350,2022-1,Ingeniería en Energía,2021,Baja Temporal,64.8,64.8,0.0,29.62,4,3,4,1,2,17.0,0.0,1,2,2,2,0,0.0,13.69,3,2,4,2,3,2,1
IEN20210350,2023-1,Ingeniería en Energía,2021,Baja Temporal,67.75,70.7,1.89,32.22,4,1,4,1,3,15.0,5.0,2,3,1,3,0,5.9,9.0,2,0,4,0,4,1,1
IEN20210350,2024-2,Ingeniería en Energía,2021,Baja Temporal,63.28,45.4,1.89,14.32,6,5,4,1,5,11.0,0.0,3,5,1,4,0,-22.35,2.59,3,2,4,2,5,3,1
IEN20220009,2022-1,Ingeniería en Energía,2022,Regular,70.0,,0.0,85.0,0,0,0,0,0,6.0,0.0,1,0,0,0,1,,9.43,0,2,0,2,1,0,1
IEN20220009,2022-2,Ingeniería en Energía,2022,Irregular,67.3,67.3,2.27,66.32,3,2,0,0,1,16.0,6.0,2,0,1,1,1,0.0,20.25,1,1,1,1,3,0,1
IEN20220015,2022-2,Ingeniería en Energía,2022,Regular,93.3,93.3,2.27,88.1,1,2,0,0,0,6.0,6.0,1,1,0,0,0,0.0,6.41,0,0,0,0,0,1,0
IEN20220015,2023-2,Ingeniería en Energía,2022,Regular,90.6,87.9,3.79,86.98,2,2,0,0,1,4.0,4.0,2,2,0,0,0,-5.4,3.6,0,1,0,1,2,1,0
IEN20220015,2024-2,Ingeniería en Energía,2022,Regular,81.93,64.6,3.79,62.99,2,4,0,0,2,6.0,0.0,3,3,1,1,0,-26.0,8.95,2,0,2,0,1,1,0
IEN20220015,2025-1,Ingeniería en Energía,2022,Regular,80.17,78.85,11.36,78.01,0,2,0,0,2,20.0,20.0,4,3,0,1,0,-3.08,18.26,0,3,0,4,0,0,0
IEN20220023,2023-2,Ingeniería en Energía,2022,Regular,82.8,82.8,5.3,77.46,0,2,0,0,1,14.0,14.0,1,3,0,0,0,0.0,36.0,0,1,0,2,2,0,0
IEN20220023,2024-2,Ingeniería en Energía,2022,Regular,83.73,85.6,7.58,81.42,0,2,0,0,2,6.0,6.0,2,4,0,0,0,2.8,8.07,0,0,0,0,0,1,0
IEN20220023,2025-1,Ingeniería en Energía,2022,Regular,82.47,78.7,9.85,77.91,2,0,0,0,2,6.0,6.0,3,4,0,0,0,-5.03,6.37,0,0,0,0,1,0,0
IEN20220060,2022-1,Ingeniería en Energía,2022,Regular,70.0,,0.0,76.37,0,0,0,0,0,8.0,0.0,1,0,0,0,1,,3.63,0,0,0,0,0,0,1
IEN20220060,2024-1,Ingeniería en Energía,2022,Irregular,50.2,50.2,0.0,64.08,1,5,0,0,2,4.0,0.0,2,3,1,1,0,0.0,7.17,2,1,2,1,3,0,0
IEN20220060,2025-1,Ingeniería en Energía,2022,Irregular,60.55,70.9,2.27,70.04,3,0,0,0,3,6.0,6.0,3,4,0,1,0,20.7,5.43,1,1,1,1,3,1,0
IEN20220067,2022-1,Ingeniería en Energía,2022,Irregular,78.6,78.6,3.03,87.98,0,0,0,0,0,8.0,8.0,1,0,0,0,0,0.0,7.62,0,2,0,2,0,0,0
IEN20220067,2022-2,Ingeniería en Energía,2022,Irregular,72.05,65.5,3.03,73.35,2,2,0,0,1,5.0,0.0,2,0,1,1,0,-13.1,7.1,1,0,1,0,2,0,0
IEN20220067,2025-1,Ingeniería en Energía,2022,Irregular,64.0,55.95,3.03,49.57,2,5,2,0,5,12.0,0.0,3,4,2,3,0,-16.1,24.5,4,1,4,1,3,1,0
IEN20220071,2022-2,Ingeniería en Energía,2022,Regular,76.75,76.75,3.79,77.75,0,2,0,0,0,10.0,10.0,1,1,0,0,0,0.0,4.2,0,0,0,1,2,1,0
IEN20220071,2023-1,Ingeniería en Energía,2022,Regular,77.73,79.7,6.06,83.19,1,1,0,0,0,6.0,6.0,2,1,0,0,0,2.95,6.61,0,0,0,0,1,0,0
IEN20220071,2023-2,Ingeniería en Energía,2022,Regular,79.07,83.1,8.33,82.42,0,0,0,0,0,6.0,6.0,3,1,0,0,0,5.37,2.26,0,1,0,1,1,1,0
IEN20220080,2022-1,Ingeniería en Energía,2022,Regular,70.0,70.0,1.89,84.52,0,0,0,0,0,13.0,5.0,1,0,0,0,1,0.0,5.44,0,2,0,2,2,0,1
IEN20220080,2024-2,Ingeniería en Energía,2022,Regular,73.55,77.1,3.79,69.82,1,0,0,0,2,5.0,5.0,2,4,0,0,0,7.1,3.16,0,1,0,1,1,1,0
IEN20220080,2025-1,Ingeniería en Energía,2022,Regular,72.7,71.0,5.3,70.15,1,2,0,0,2,4.0,4.0,3,4,0,0,0,-2.55,9.24,0,2,0,2,0,1,0
IEN20220081,2022-1,Ingeniería en Energía,2022,Irregular,82.45,82.45,6.44,81.29,2,1,0,0,0,17.0,17.0,1,0,0,0,0,0.0,30.8,0,1,0,2,1,1,0
IEN20220081,2022-2,Ingeniería en Energía,2022,Irregular,82.2,81.7,9.47,88.12,0,1,0,0,0,8.0,8.0,2,0,0,0,0,-0.75,9.11,0,0,0,0,2,0,0
IEN20220081,2024-1,Ingeniería en Energía,2022,Irregular,83.23,86.3,11.74,80.31,1,0,0,0,1,6.0,6.0,3,2,0,0,0,4.1,8.5,0,2,0,2,2,0,0
IEN20220081,2024-2,Ingeniería en Energía,2022,Irregular,85.3,93.6,14.02,87.1,1,2,0,0,1,6.0,6.0,4,2,0,0,0,10.37,7.82,0,1,0,1,2,0,0
IEN20220081,2025-1,Ingeniería en Energía,2022,Irregular,83.9,80.4,18.94,84.02,1,0,0,0,1,13.0,13.0,5,2,0,0,0,-4.9,7.29,0,2,0,2,2,0,0
IEN20220156,2023-1,Ingeniería en Energía,2022,Irregular,63.7,63.7,0.0,67.15,2,3,0,1,1,8.0,0.0,1,2,1,1,0,0.0,6.28,1,2,1,2,3,1,0
IEN20220156,2024-1,Ingeniería en Energía,2022,Regular,71.5,79.3,1.89,79.28,2,2,0,1,1,5.0,5.0,2,3,0,1,0,15.6,2.78,0,1,0,1,1,1,0
IEN20220156,2024-2,Ingeniería en Energía,2022,Regular,75.6,83.8,4.17,78.85,2,1,0,1,1,6.0,6.0,3,3,0,1,0,12.3,7.43,0,1,0,1,1,0,0
IEN20220156,2025-1,Ingeniería en Energía,2022,Regular,77.28,79.8,7.95,82.85,2,2,0,1,1,10.0,10.0,4,3,0,1,0,4.2,39.69,0,1,0,2,0,1,0
IEN20220173,2022-2,Ingeniería en Energía,2022,Regular,89.2,89.2,2.27,85.09,0,2,0,0,0,6.0,6.0,1,1,0,0,0,0.0,4.48,0,2,0,2,2,1,0
IEN20220173,2024-1,Ingeniería en Energía,2022,Regular,83.3,77.4,4.92,74.33,0,2,0,0,1,7.0,7.0,2,3,0,0,0,-11.8,9.6,0,0,0,0,2,0,0
IEN20220173,2024-2,Ingeniería en Energía,2022,Regular,78.62,75.5,9.47,65.15,1,2,0,0,2,19.0,12.0,3,3,1,1,0,-7.8,39.39,1,1,1,1,3,1,0
IEN20220173,2025-1,Ingeniería en Energía,2022,Regular,79.6,82.05,14.02,74.83,2,1,0,0,2,12.0,12.0,4,3,0,1,0,3.43,9.92,0,2,0,2,2,1,0
IEN20220197,2022-1,Ingeniería en Energía,2022,Egresado,70.3,70.3,1.89,84.0,0,2,0,0,0,5.0,5.0,1,0,0,0,0,0.0,4.85,0,0,0,0,2,0,0
IEN20220197,2022-2,Ingeniería en Energía,2022,Egresado,68.25,66.2,1.89,77.53,1,1,0,0,1,4.0,0.0,2,0,1,1,0,-4.1,9.89,1,0,1,0,0,1,0
IEN20220197,2023-2,Ingeniería en Energía,2022,Egresado,65.83,63.4,4.17,74.33,0,4,0,0,2,12.0,6.0,3,1,1,2,0,-4.85,151.29,2,1,2,1,1,0,0
IEN20220197,2025-1,Ingeniería en Energía,2022,Egresado,65.71,65.57,6.82,63.54,2,5,1,2,3,19.0,7.0,4,3,2,4,0,-0.26,164.22,3,1,3,1,3,1,0
IEN20220200,2023-2,Ingeniería en Energía,2022,Baja Temporal,83.7,83.7,4.92,47.55,2,0,3,0,1,13.0,13.0,1,3,0,0,0,0.0,0.49,0,2,2,2,4,1,0
IEN20220200,2025-1,Ingeniería en Energía,2022,Baja Temporal,83.7,,4.92,44.93,3,0,3,0,2,6.0,0.0,2,5,0,0,0,,4.33,0,0,2,0,2,1,1
IEN20220214,2022-1,Ingeniería en Energía,2022,Irregular,90.6,90.6,3.79,91.16,1,0,0,0,0,10.0,10.0,1,0,0,0,0,0.0,19.36,0,2,0,2,1,0,0
IEN20220214,2022-2,Ingeniería en Energía,2022,Irregular,89.67,88.75,6.82,90.76,1,2,0,0,0,8.0,8.0,2,0,0,0,0,-1.85,16.4,0,0,0,1,0,0,0
IEN20220220,2022-1,Ingeniería en Energía,2022,Regular,80.4,80.4,2.27,83.34,1,1,0,0,0,6.0,6.0,1,0,0,0,0,0.0,4.99,0,0,0,0,1,1,0
IEN20220220,2023-2,Ingeniería en Energía,2022,Regular,79.2,78.0,4.55,81.42,1,1,0,0,1,6.0,6.0,2,2,0,0,0,-2.4,2.56,0,0,0,0,0,0,0
IEN20220220,2024-2,Ingeniería en Energía,2022,Regular,79.14,79.1,10.61,82.79,0,2,0,0,1,16.0,16.0,3,3,0,0,0,-0.1,86.58,0,1,0,2,1,1,0
IEN20220220,2025-1,Ingeniería en Energía,2022,Regular,78.03,72.5,12.88,72.9,1,0,0,0,1,6.0,6.0,4,3,0,0,0,-6.64,3.34,0,1,0,1,1,1,0
IEN20220227,2022-1,Ingeniería en Energía,2022,Regular,95.2,95.2,2.27,92.81,0,2,0,0,0,14.0,6.0,1,0,0,0,2,0.0,6.55,0,2,0,2,2,0,1
IEN20220241,2022-1,Ingeniería en Energía,2022,Regular,70.0,,0.0,77.86,2,1,0,0,0,16.0,0.0,1,0,0,0,3,,8.01,0,0,0,0,2,0,1
IEN20220247,2022-2,Ingeniería en Energía,2022,Regular,86.15,86.15,4.92,87.26,1,0,0,0,0,13.0,13.0,1,1,0,0,0,0.0,113.42,0,0,0,1,1,1,0
IEN20220247,2024-1,Ingeniería en Energía,2022,Regular,84.33,80.7,7.2,78.15,0,2,0,0,1,6.0,6.0,2,3,0,0,0,-5.45,6.28,0,0,0,0,2,1,0
IEN20220265,2023-1,Ingeniería en Energía,2022,Regular,77.4,77.4,2.65,79.6,2,2,0,0,1,7.0,7.0,1,2,0,0,0,0.0,8.73,0,0,0,0,0,0,0
IEN20220265,2023-2,Ingeniería en Energía,2022,Regular,76.77,76.45,6.44,82.32,0,2,0,0,1,10.0,10.0,2,2,0,0,0,-0.95,30.8,0,1,0,2,2,1,0
IEN20220265,2024-1,Ingeniería en Energía,2022,Regular,74.62,68.2,6.44,67.93,0,1,0,1,1,6.0,0.0,3,2,1,1,0,-8.57,3.89,1,1,1,1,3,0,0
IEN20220265,2024-2,Ingeniería en Energía,2022,Regular,73.22,70.4,7.95,72.07,0,3,0,1,2,10.0,4.0,4,2,1,2,0,-4.22,53.29,1,2,1,2,2,1,0
IEN20220265,2025-1,Ingeniería en Energía,2022,Regular,74.41,81.6,10.23,81.85,0,2,0,1,2,6.0,6.0,5,2,0,2,0,8.38,6.53,0,1,0,1,0,1,0
IEN20220273,2022-1,Ingeniería en Energía,2022,Regular,70.0,,0.0,77.44,1,1,0,0,0,12.0,0.0,1,0,0,0,2,,8.67,0,1,0,1,1,0,1
IEN20220273,2022-2,Ingeniería en Energía,2022,Regular,84.6,84.6,2.27,82.48,0,2,0,0,0,6.0,6.0,2,0,0,0,0,0.0,2.39,0,1,0,1,1,1,0
IEN20220273,2023-1,Ingeniería en Energía,2022,Regular,71.33,64.7,3.79,70.3,2,4,0,0,1,8.0,4.0,3,0,1,1,0,-19.9,62.41,1,1,1,1,2,0,0
IEN20220273,2023-2,Ingeniería en Energía,2022,Irregular,68.12,58.5,3.79,66.01,1,3,0,0,2,6.0,0.0,4,0,1,2,0,-12.83,2.85,2,2,2,2,1,0,0
IEN20220273,2024-1,Ingeniería en Energía,2022,Regular,70.96,82.3,6.06,75.7,3,2,0,0,2,6.0,6.0,5,0,0,2,0,14.17,2.87,0,2,0,2,3,0,0
IEN20220340,2022-2,Ingeniería en Energía,2022,Irregular,75.05,75.05,4.17,85.29,1,0,0,0,0,11.0,11.0,1,1,0,0,0,0.0,0.9,0,0,0,1,2,1,0
IEN20220340,2023-2,Ingeniería en Energía,2022,Irregular,70.4,65.75,4.17,54.97,3,5,2,0,3,11.0,0.0,2,2,2,2,0,-9.3,2.1,3,0,3,0,3,2,0
IEN20220340,2024-1,Ingeniería en Energía,2022,Irregular,67.06,62.6,6.44,48.67,2,3,2,0,5,16.0,6.0,3,2,2,4,0,-7.8,106.81,3,0,3,0,3,1,0
IEN20220344,2022-2,Ingeniería en Energía,2022,Regular,76.4,76.4,1.89,85.97,0,1,0,0,0,5.0,5.0,1,1,0,0,0,0.0,3.73,0,1,0,1,1,0,0
IEN20220344,2023-2,Ingeniería en Energía,2022,Irregular,57.4,38.4,1.89,57.28,1,4,2,1,1,5.0,0.0,2,2,1,1,0,-38.0,4.7,2,2,3,2,1,1,0
IEN20220344,2024-2,Ingeniería en Energía,2022,Irregular,57.27,57.0,1.89,60.72,3,2,0,2,1,6.0,0.0,3,3,1,2,0,-0.4,7.0,2,2,2,2,1,1,0
IEN20220354,2022-1,Ingeniería en Energía,2022,Regular,91.4,91.4,2.27,87.53,0,0,0,0,0,12.0,6.0,1,0,0,0,1,0.0,8.99,0,1,0,1,1,0,1
IEN20220354,2022-2,Ingeniería en Energía,2022,Regular,85.7,80.0,4.55,84.61,0,0,0,0,0,6.0,6.0,2,0,0,0,0,-11.4,3.26,0,1,0,1,1,0,0
IEN20220367,2022-1,Ingeniería en Energía,2022,Regular,70.0,,0.0,82.44,2,0,0,0,0,8.0,0.0,1,0,0,0,1,,8.58,0,1,0,1,0,0,1
IEN20220367,2022-2,Ingeniería en Energía,2022,Regular,81.7,81.7,3.03,87.75,1,1,0,0,0,8.0,8.0,2,0,0,0,0,0.0,7.34,0,1,0,1,2,1,0
IEN20220367,2023-1,Ingeniería en Energía,2022,Regular,76.15,70.6,5.3,79.23,2,2,0,0,0,6.0,6.0,3,0,0,0,0,-11.1,3.04,0,0,0,0,1,0,0
IEN20220367,2023-2,Ingeniería en Energía,2022,Regular,77.97,81.6,7.95,82.86,2,1,0,0,0,7.0,7.0,4,0,0,0,0,5.45,3.67,0,2,0,2,0,0,0
IEN20220367,2024-2,Ingeniería en Energía,2022,Regular,78.72,81.0,9.47,86.29,2,0,0,0,0,4.0,4.0,5,1,0,0,0,3.03,4.16,0,1,0,1,1,1,0
IEN20220367,2025-1,Ingeniería en Energía,2022,Regular,78.38,77.7,14.02,82.82,1,0,0,0,0,12.0,12.0,6,1,0,0,0,-1.02,14.44,0,1,0,2,0,0,0
IEN20230016,2022-1,Ingeniería en Energía,2023,Regular,70.0,,0.0,84.0,0,2,0,0,0,6.0,0.0,1,0,0,0,1,,4.01,0,2,0,2,1,1,1
IEN20230016,2022-2,Ingeniería en Energía,2023,Regular,76.1,76.1,1.89,85.45,1,1,0,0,0,5.0,5.0,2,0,0,0,0,0.0,6.58,0,0,0,0,1,1,0
IEN20230016,2023-2,Ingeniería en Energía,2023,Regular,76.5,76.9,4.17,79.29,1,0,0,0,0,6.0,6.0,3,0,0,0,0,0.8,9.95,0,1,0,1,0,0,0
IEN20230016,2024-1,Ingeniería en Energía,2023,Regular,76.46,76.43,7.95,74.56,3,1,0,0,1,16.0,10.0,4,0,1,1,0,-0.07,98.57,1,2,1,2,0,1,0
IEN20230016,2024-2,Ingeniería en Energía,2023,Regular,77.0,79.7,10.23,77.8,1,1,0,0,1,6.0,6.0,5,0,0,1,0,3.24,7.81,0,2,0,2,0,0,0
IEN20230016,2025-1,Ingeniería en Energía,2023,Regular,76.44,73.1,12.5,79.34,2,0,0,0,1,6.0,6.0,6,0,0,1,0,-3.9,3.22,0,1,0,1,2,1,0
IEN20230020,2023-1,Ingeniería en Energía,2023,Irregular,72.9,72.9,2.27,78.84,2,0,0,0,0,6.0,6.0,1,0,0,0,0,0.0,5.19,0,0,0,0,1,1,0
IEN20230020,2023-2,Ingeniería en Energía,2023,Irregular,74.35,75.8,4.55,85.43,1,0,0,0,0,6.0,6.0,2,0,0,0,0,2.9,4.31,0,1,0,1,1,1,0
IEN20230020,2024-1,Ingeniería en Energía,2023,Irregular,75.43,77.6,6.06,81.56,0,2,0,0,0,4.0,4.0,3,0,0,0,0,3.25,2.41,0,1,0,1,2,0,0
IEN20230021,2022-1,Ingeniería en Energía,2023,Regular,78.9,78.9,4.17,83.85,2,2,0,0,0,23.0,11.0,1,0,0,0,2,0.0,0.64,0,2,0,2,1,0,1
IEN20230021,2023-1,Ingeniería en Energía,2023,Regular,75.53,68.8,4.17,71.25,3,2,0,0,1,4.0,0.0,2,0,1,1,0,-10.1,6.67,1,1,1,1,1,0,0
IEN20230021,2023-2,Ingeniería en Energía,2023,Regular,75.65,76.0,6.44,83.58,1,0,0,0,1,6.0,6.0,3,0,0,1,0,0.47,3.69,0,0,0,0,1,1,0
IEN20230063,2022-1,Ingeniería en Energía,2023,Regular,70.0,,0.0,84.76,2,0,0,0,0,13.0,0.0,1,0,0,0,2,,5.15,0,0,0,0,2,1,1
IEN20230063,2022-2,Ingeniería en Energía,2023,Irregular,69.6,69.6,0.0,72.41,3,1,0,1,0,6.0,0.0,2,0,1,1,0,0.0,4.26,1,2,1,2,1,1,0
IEN20230063,2023-1,Ingeniería en Energía,2023,Regular,77.07,80.8,4.17,87.24,0,1,0,1,0,11.0,11.0,3,0,0,1,0,11.2,2.25,0,0,0,1,1,1,0
IEN20230075,2022-1,Ingeniería en Energía,2023,Irregular,75.2,75.2,1.89,85.4,0,2,0,0,0,5.0,5.0,1,0,0,0,0,0.0,3.12,0,1,0,1,2,0,0
IEN20230075,2022-2,Ingeniería en Energía,2023,Irregular,74.25,73.3,4.17,78.76,1,0,0,0,0,6.0,6.0,2,0,0,0,0,-1.9,9.35,0,2,0,2,1,1,0
IEN20230075,2023-1,Ingeniería en Energía,2023,Irregular,75.83,79.0,6.82,79.03,1,1,0,0,0,7.0,7.0,3,0,0,0,0,4.75,7.82,0,2,0,2,0,0,0
IEN20230092,2022-1,Ingeniería en Energía,2023,Irregular,84.25,84.25,4.92,86.32,0,1,0,0,0,13.0,13.0,1,0,0,0,0,0.0,5.52,0,1,0,2,1,0,0
IEN20230092,2023-2,Ingeniería en Energía,2023,Irregular,84.93,86.3,7.2,82.91,2,0,0,0,0,6.0,6.0,2,0,0,0,0,2.05,4.15,0,1,0,1,1,0,0
IEN20230103,2022-1,Ingeniería en Energía,2023,Regular,70.0,,0.0,77.87,0,0,0,0,0,4.0,0.0,1,0,0,0,1,,9.4,0,0,0,0,1,1,1
IEN20230103,2022-2,Ingeniería en Energía,2023,Regular,70.3,70.3,2.27,76.39,1,2,0,0,0,6.0,6.0,2,0,0,0,0,0.0,4.69,0,0,0,0,1,1,0
IEN20230103,2023-1,Ingeniería en Energía,2023,Irregular,66.0,61.7,2.27,66.63,1,4,0,1,0,6.0,0.0,3,0,1,1,0,-8.6,8.47,1,0,1,0,1,0,0
IEN20230103,2023-2,Ingeniería en Energía,2023,Irregular,63.56,61.93,4.55,61.19,3,3,1,1,2,16.0,6.0,4,0,2,3,0,-4.07,214.87,3,2,3,2,2,0,0
IEN20230120,2022-2,Ingeniería en Energía,2023,Regular,71.3,71.3,2.27,68.75,3,3,0,0,1,19.0,6.0,1,0,1,1,1,0.0,82.81,1,2,1,2,1,1,1
IEN20230120,2023-1,Ingeniería en Energía,2023,Regular,74.93,82.2,4.55,81.36,0,2,0,0,1,6.0,6.0,2,0,0,1,0,10.9,2.24,0,0,0,0,0,1,0
IEN20230120,2023-2,Ingeniería en Energía,2023,Regular,75.85,78.6,7.2,83.11,1,1,0,0,1,7.0,7.0,3,0,0,1,0,3.67,5.11,0,1,0,1,2,0,0
IEN20230120,2024-1,Ingeniería en Energía,2023,Regular,76.82,78.75,11.74,78.89,1,0,0,0,1,12.0,12.0,4,0,0,1,0,2.9,23.52,0,2,0,2,1,1,0
IEN20230120,2024-2,Ingeniería en Energía,2023,Regular,75.64,68.6,11.74,68.97,1,2,0,0,2,6.0,0.0,5,0,1,2,0,-8.22,2.4,1,1,1,1,3,0,0
IEN20230123,2022-1,Ingeniería en Energía,2023,Irregular,54.9,54.9,0.0,68.78,2,5,0,0,1,4.0,0.0,1,0,1,1,0,0.0,6.04,2,1,2,1,3,0,0
IEN20230123,2022-2,Ingeniería en Energía,2023,Irregular,64.95,75.0,1.52,82.93,0,2,0,0,1,4.0,4.0,2,0,0,1,0,20.1,3.97,0,1,0,1,1,1,0
IEN20230123,2023-1,Ingeniería en Energía,2023,Irregular,66.76,67.97,3.79,67.87,1,3,1,2,1,18.0,6.0,3,0,2,3,0,3.02,62.33,2,1,2,1,3,1,0
IEN20230128,2022-1,Ingeniería en Energía,2023,Regular,71.1,71.1,2.27,83.97,1,1,0,0,0,12.0,6.0,1,0,0,0,1,0.0,8.14,0,2,0,2,0,1,1
IEN20230128,2022-2,Ingeniería en Energía,2023,Regular,71.9,72.7,4.55,84.35,1,0,0,0,0,11.0,6.0,2,0,0,0,1,1.6,6.09,0,1,0,1,0,0,1
IEN20230153,2023-1,Ingeniería en Energía,2023,Irregular,78.75,78.75,5.3,88.07,1,1,0,0,0,14.0,14.0,1,0,0,0,0,0.0,69.72,0,1,0,2,0,0,0
IEN20230153,2025-1,Ingeniería en Energía,2023,Irregular,77.72,76.7,9.09,74.74,0,2,0,0,1,10.0,10.0,2,3,0,0,0,-2.05,1.0,0,0,0,1,1,1,0
IEN20230212,2022-1,Ingeniería en Energía,2023,Regular,87.3,87.3,2.27,91.02,1,0,0,0,0,12.0,6.0,1,0,0,0,1,0.0,8.52,0,0,0,0,1,0,1
IEN20230212,2022-2,Ingeniería en Energía,2023,Regular,76.4,65.5,2.27,68.78,1,4,0,0,1,12.0,0.0,2,0,1,1,1,-21.8,6.55,1,2,1,2,3,0,1
IEN20230212,2023-1,Ingeniería en Energía,2023,Regular,77.6,80.0,4.55,79.7,0,1,0,0,1,6.0,6.0,3,0,0,1,0,3.6,7.99,0,0,0,0,1,0,0
IEN20230212,2023-2,Ingeniería en Energía,2023,Regular,76.33,72.5,6.06,76.35,1,0,0,0,1,4.0,4.0,4,0,0,1,0,-5.1,3.35,0,1,0,1,0,0,0
IEN20230254,2022-2,Ingeniería en Energía,2023,Regular,83.35,83.35,4.55,87.63,2,2,0,0,0,12.0,12.0,1,0,0,0,0,0.0,52.56,0,0,0,1,1,1,0
IEN20230254,2023-1,Ingeniería en Energía,2023,Regular,82.52,81.97,9.09,74.02,3,1,0,0,1,16.0,12.0,2,0,1,1,0,-1.38,85.61,1,2,1,2,1,0,0
IEN20230259,2022-1,Ingeniería en Energía,2023,Irregular,66.9,66.9,0.0,71.83,1,3,0,0,1,8.0,0.0,1,0,1,1,1,0.0,7.32,1,0,1,0,2,0,1
IEN20230259,2022-2,Ingeniería en Energía,2023,Irregular,66.9,,0.0,78.99,1,0,0,0,1,6.0,0.0,2,0,0,1,1,,2.57,0,1,0,1,0,1,1
IEN20230282,2022-1,Ingeniería en Energía,2023,Regular,90.3,90.3,2.27,89.17,0,1,0,0,0,10.0,6.0,1,0,0,0,1,0.0,5.62,0,2,0,2,2,0,1
IEN20230282,2022-2,Ingeniería en Energía,2023,Regular,90.3,,2.27,86.0,2,0,0,0,0,6.0,0.0,2,0,0,0,1,,3.14,0,1,0,1,2,0,1
IEN20230293,2024-1,Ingeniería en Energía,2023,Regular,76.9,76.9,2.27,77.59,0,0,0,0,1,6.0,6.0,1,2,0,0,0,0.0,9.13,0,2,0,2,1,0,0
IEN20230293,2025-1,Ingeniería en Energía,2023,Regular,74.8,73.75,6.06,78.84,1,1,0,0,1,10.0,10.0,2,3,0,0,0,-3.15,0.0,0,1,0,2,1,0,0
IEN20230317,2022-1,Ingeniería en Energía,2023,Regular,70.0,,0.0,83.07,1,2,0,0,0,4.0,0.0,1,0,0,0,1,,6.4,0,0,0,0,2,0,1
IEN20230317,2022-2,Ingeniería en Energía,2023,Regular,85.23,85.23,6.82,83.48,0,2,0,0,0,18.0,18.0,2,0,0,0,0,0.0,19.02,0,2,0,3,0,1,0
IEN20230317,2023-1,Ingeniería en Energía,2023,Regular,82.85,75.7,8.33,85.12,2,2,0,0,0,4.0,4.0,3,0,0,0,0,-9.53,5.94,0,1,0,1,2,0,0
IEN20230342,2023-2,Ingeniería en Energía,2023,Regular,79.7,79.7,2.27,81.08,1,1,0,0,0,6.0,6.0,1,1,0,0,0,0.0,6.9,0,0,0,0,0,1,0
IEN20230342,2024-1,Ingeniería en Energía,2023,Regular,78.2,76.7,4.55,81.72,1,2,0,0,0,6.0,6.0,2,1,0,0,0,-3.0,7.49,0,1,0,1,2,1,0
IEN20230342,2025-1,Ingeniería en Energía,2023,Regular,77.73,76.8,6.82,73.34,2,0,0,0,1,6.0,6.0,3,2,0,0,0,-1.4,4.85,0,0,0,0,0,1,0
IEN20240027,2022-1,Ingeniería en Energía,2024,Regular,70.0,,0.0,83.94,0,2,0,0,0,8.0,0.0,1,0,0,0,1,,5.1,0,1,0,1,1,0,1
IEN20240027,2022-2,Ingeniería en Energía,2024,Regular,70.5,70.5,3.03,84.56,0,1,0,0,0,12.0,8.0,2,0,0,0,1,0.0,6.61,0,0,0,0,0,0,1
IEN20240027,2024-1,Ingeniería en Energía,2024,Regular,81.5,92.5,5.68,90.33,0,0,0,0,0,7.0,7.0,3,0,0,0,0,22.0,6.91,0,1,0,1,1,1,0
IEN20240027,2025-1,Ingeniería en Energía,2024,Regular,81.93,82.8,7.2,82.58,0,2,0,0,0,4.0,4.0,4,0,0,0,0,1.3,9.04,0,1,0,1,0,1,0
IEN20240054,2022-1,Ingeniería en Energía,2024,Regular,70.0,,0.0,80.91,1,0,0,0,0,7.0,0.0,1,0,0,0,1,,3.16,0,2,0,2,2,1,1
IEN20240054,2022-2,Ingeniería en Energía,2024,Regular,86.5,86.5,1.52,90.31,2,1,0,0,0,8.0,4.0,2,0,0,0,1,0.0,6.59,0,1,0,1,1,0,1
IEN20240054,2023-1,Ingeniería en Energía,2024,Regular,83.4,82.37,7.58,85.0,0,0,0,0,0,16.0,16.0,3,0,0,0,0,-4.13,57.61,0,1,0,2,2,1,0
IEN20240073,2022-2,Ingeniería en Energía,2024,Regular,74.0,74.0,1.89,80.67,2,0,0,0,0,5.0,5.0,1,0,0,0,0,0.0,4.18,0,1,0,1,0,0,0
IEN20240073,2023-1,Ingeniería en Energía,2024,Regular,76.25,78.5,4.17,86.1,0,1,0,0,0,6.0,6.0,2,0,0,0,0,4.5,5.33,0,1,0,1,0,0,0
IEN20240073,2024-1,Ingeniería en Energía,2024,Regular,71.88,67.5,5.68,70.54,1,2,0,0,1,10.0,4.0,3,0,1,1,0,-8.75,108.16,1,1,1,1,2,0,0
IEN20240094,2022-1,Ingeniería en Energía,2024,Regular,92.8,92.8,1.52,88.0,2,1,0,0,0,10.0,4.0,1,0,0,0,1,0.0,6.39,0,1,0,1,1,1,1
IEN20240094,2022-2,Ingeniería en Energía,2024,Regular,92.8,,1.52,89.21,0,0,0,0,0,6.0,0.0,2,0,0,0,1,,3.97,0,0,0,0,1,1,1
IEN20240119,2022-1,Ingeniería en Energía,2024,Irregular,76.85,76.85,3.41,79.99,2,2,0,0,0,9.0,9.0,1,0,0,0,0,0.0,1.82,0,0,0,1,1,1,0
IEN20240119,2023-1,Ingeniería en Energía,2024,Irregular,75.75,74.65,5.68,72.53,1,2,0,0,1,10.0,6.0,2,0,1,1,0,-2.2,61.62,1,1,1,1,2,1,0
IEN20240126,2022-2,Ingeniería en Energía,2024,Irregular,85.3,85.3,4.55,87.86,0,1,0,0,0,12.0,12.0,1,0,0,0,0,0.0,4.84,0,1,0,2,1,1,0
IEN20240126,2023-1,Ingeniería en Energía,2024,Irregular,85.17,84.9,6.82,83.24,0,2,0,0,0,6.0,6.0,2,0,0,0,0,-0.4,2.59,0,1,0,1,1,0,0
IEN20240149,2022-1,Ingeniería en Energía,2024,Regular,84.65,84.65,4.55,85.13,2,1,0,0,0,12.0,12.0,1,0,0,0,0,0.0,46.92,0,1,0,2,2,1,0
IEN20240149,2022-2,Ingeniería en Energía,2024,Regular,81.55,78.45,7.58,70.06,2,2,0,0,1,28.0,8.0,2,0,1,1,1,-6.2,172.92,1,0,1,0,0,0,1
IEN20240149,2023-2,Ingeniería en Energía,2024,Regular,82.62,86.9,9.47,83.49,1,2,0,0,1,5.0,5.0,3,0,0,1,0,5.35,7.02,0,1,0,1,1,1,0
IEN20240149,2025-1,Ingeniería en Energía,2024,Regular,81.23,74.3,11.74,75.69,0,2,0,0,1,6.0,6.0,4,0,0,1,0,-8.32,7.78,0,1,0,1,2,1,0
IEN20240172,2022-1,Ingeniería en Energía,2024,Regular,88.8,88.8,4.17,82.55,1,1,0,0,0,11.0,11.0,1,0,0,0,0,0.0,2.25,0,2,0,2,1,1,0
IEN20240172,2022-2,Ingeniería en Energía,2024,Regular,85.25,81.7,7.95,86.73,2,0,0,0,0,10.0,10.0,2,0,0,0,0,-7.1,46.24,0,0,0,1,1,1,0
IEN20240172,2023-1,Ingeniería en Energía,2024,Regular,87.21,89.83,14.77,86.84,1,1,0,0,0,18.0,18.0,3,0,0,0,0,4.58,23.32,0,2,0,3,0,1,0
IEN20240172,2023-2,Ingeniería en Energía,2024,Regular,86.76,83.6,17.05,89.13,1,0,0,0,0,6.0,6.0,4,0,0,0,0,-3.61,3.06,0,0,0,0,2,0,0
IEN20240172,2024-1,Ingeniería en Energía,2024,Regular,87.2,90.7,19.32,90.81,2,0,0,0,0,6.0,6.0,5,0,0,0,0,3.94,3.69,0,2,0,2,0,0,0
IEN20240225,2022-1,Ingeniería en Energía,2024,Regular,79.9,79.9,2.27,83.79,1,1,0,0,0,6.0,6.0,1,0,0,0,0,0.0,6.93,0,0,0,0,2,0,0
IEN20240225,2022-2,Ingeniería en Energía,2024,Regular,81.38,81.68,12.88,88.58,0,0,0,0,0,28.0,28.0,2,0,0,0,0,1.78,62.06,0,3,0,4,1,1,0
IEN20240225,2023-1,Ingeniería en Energía,2024,Regular,81.76,82.9,16.67,84.22,0,0,0,0,0,10.0,10.0,3,0,0,0,0,1.52,10.24,0,1,0,2,2,0,0
IEN20240235,2022-2,Ingeniería en Energía,2024,Regular,80.35,80.35,5.3,86.58,0,2,0,0,0,14.0,14.0,1,0,0,0,0,0.0,2.4,0,2,0,2,2,1,0
IEN20240235,2023-1,Ingeniería en Energía,2024,Regular,70.54,64.0,7.2,59.03,1,5,2,0,2,16.0,5.0,2,0,2,2,0,-16.35,40.38,3,1,3,1,3,2,0
IEN20240235,2023-2,Ingeniería en Energía,2024,Irregular,70.13,68.1,7.2,64.37,3,3,0,1,2,7.0,0.0,3,0,1,3,0,-2.44,2.17,1,1,1,1,3,1,0
IEN20240235,2024-2,Ingeniería en Energía,2024,Irregular,71.3,78.3,9.47,82.37,2,0,0,1,2,6.0,6.0,4,0,0,3,0,8.17,7.71,0,1,0,1,1,1,0
IEN20240235,2025-1,Ingeniería en Energía,2024,Irregular,70.38,67.15,11.36,68.09,1,1,0,2,2,11.0,5.0,5,0,1,4,0,-4.15,58.52,2,2,2,2,1,1,0
IEN20240248,2022-1,Ingeniería en Energía,2024,Irregular,93.5,93.5,2.27,85.78,0,0,0,0,0,6.0,6.0,1,0,0,0,0,0.0,6.71,0,0,0,0,2,1,0
IEN20240248,2022-2,Ingeniería en Energía,2024,Irregular,78.58,73.6,8.71,76.63,1,0,0,0,0,17.0,17.0,2,0,0,0,0,-19.9,1.29,0,2,0,3,0,0,0
IEN20240251,2022-1,Ingeniería en Energía,2024,Egresado,81.1,81.1,4.55,90.86,0,1,0,0,0,12.0,12.0,1,0,0,0,0,0.0,3.29,0,0,0,0,1,0,0
IEN20240251,2024-2,Ingeniería en Energía,2024,Egresado,77.75,74.4,7.2,88.39,1,0,0,0,0,7.0,7.0,2,0,0,0,0,-6.7,5.96,0,2,0,2,0,0,0
IEN20240251,2025-1,Ingeniería en Energía,2024,Egresado,83.45,89.15,10.23,89.54,1,1,0,0,0,8.0,8.0,3,0,0,0,0,11.4,3.06,0,1,0,2,2,1,0
IEN20240275,2023-1,Ingeniería en Energía,2024,Regular,80.55,80.55,4.17,87.62,1,2,0,0,0,11.0,11.0,1,0,0,0,0,0.0,13.32,0,0,0,1,0,1,0
IEN20240275,2023-2,Ingeniería en Energía,2024,Regular,81.62,82.7,9.09,88.52,1,1,0,0,0,13.0,13.0,2,0,0,0,0,2.15,129.96,0,0,0,1,1,0,0
IEN20240275,2024-1,Ingeniería en Energía,2024,Regular,81.07,79.95,14.02,81.1,0,2,0,0,0,13.0,13.0,3,0,0,0,0,-1.67,76.56,0,0,0,1,2,1,0
IEN20240275,2024-2,Ingeniería en Energía,2024,Regular,79.66,75.45,16.29,72.27,0,2,0,1,0,11.0,6.0,4,0,1,1,0,-5.62,103.02,1,2,1,2,3,1,0
IEN20240299,2022-1,Ingeniería en Energía,2024,Regular,70.0,,0.0,76.7,1,0,0,0,0,6.0,0.0,1,0,0,0,1,,3.48,0,0,0,0,1,0,1
IEN20240299,2023-2,Ingeniería en Energía,2024,Regular,95.55,95.55,4.55,89.28,1,0,0,0,0,12.0,12.0,2,0,0,0,0,0.0,19.8,0,2,0,2,2,0,0
IEN20240299,2024-2,Ingeniería en Energía,2024,Regular,96.57,98.6,6.82,86.01,1,0,0,0,0,6.0,6.0,3,0,0,0,0,3.05,3.05,0,1,0,1,0,0,0
IEN20240308,2022-1,Ingeniería en Energía,2024,Regular,78.4,78.4,2.27,84.65,1,2,0,0,0,6.0,6.0,1,0,0,0,0,0.0,7.33,0,2,0,2,2,1,0
IEN20240308,2022-2,Ingeniería en Energía,2024,Regular,86.1,93.8,4.17,84.36,0,0,0,0,0,5.0,5.0,2,0,0,0,0,15.4,6.6,0,1,0,1,1,0,0
IEN20240308,2023-2,Ingeniería en Energía,2024,Regular,83.87,79.4,6.06,79.6,0,0,0,0,0,5.0,5.0,3,0,0,0,0,-6.7,6.51,0,1,0,1,0,1,0
IEN20240308,2024-1,Ingeniería en Energía,2024,Regular,83.34,82.55,10.61,84.43,0,1,0,0,0,12.0,12.0,4,0,0,0,0,-1.32,19.8,0,1,0,2,0,1,0
IEN20240308,2024-2,Ingeniería en Energía,2024,Regular,81.03,69.5,10.61,71.15,1,1,0,0,1,7.0,0.0,5,0,1,1,0,-13.84,4.07,1,1,1,1,1,0,0
IEN20240308,2025-1,Ingeniería en Energía,2024,Regular,80.66,79.9,16.29,78.99,3,2,0,0,1,15.0,15.0,6,0,0,1,0,-1.13,5.23,0,1,0,2,2,0,0
IEN20240320,2022-1,Ingeniería en Energía,2024,Baja Temporal,73.1,73.1,1.89,43.25,3,1,4,0,1,13.0,5.0,1,0,1,1,0,0.0,70.56,1,1,3,1,3,1,0
IEN20240320,2023-1,Ingeniería en Energía,2024,Baja Temporal,71.05,69.0,4.17,44.01,4,3,4,1,1,12.0,6.0,2,0,1,2,0,-4.1,2.89,1,2,3,2,4,1,0
IEN20240320,2023-2,Ingeniería en Energía,2024,Baja Temporal,73.34,82.5,6.06,53.35,4,0,3,1,1,5.0,5.0,3,0,0,2,0,11.45,5.13,0,1,2,1,3,0,0
IEN20240320,2024-2,Ingeniería en Energía,2024,Baja Temporal,74.77,78.35,10.98,56.08,1,2,3,1,1,13.0,13.0,4,0,0,2,0,5.01,5.06,0,2,2,2,2,1,0
IEN20240320,2025-1,Ingeniería en Energía,2024,Baja Temporal,77.1,85.25,15.53,51.18,4,0,3,1,1,12.0,12.0,5,0,0,2,0,10.48,0.06,0,1,2,2,3,1,0
IEN20240328,2022-1,Ingeniería en Energía,2024,Regular,85.5,85.5,4.92,81.87,2,0,0,0,0,18.0,13.0,1,0,0,0,1,0.0,4.41,0,1,0,2,0,0,1
IEN20240328,2022-2,Ingeniería en Energía,2024,Regular,86.6,88.8,7.2,86.83,0,1,0,0,0,6.0,6.0,2,0,0,0,0,3.3,9.72,0,0,0,0,1,0,0
IEN20240328,2023-1,Ingeniería en Energía,2024,Regular,86.97,88.1,9.47,91.11,0,0,0,0,0,6.0,6.0,3,0,0,0,0,1.5,6.13,0,1,0,1,0,1,0
IEN20240328,2023-2,Ingeniería en Energía,2024,Regular,87.68,90.5,10.98,84.36,0,2,0,0,0,4.0,4.0,4,0,0,0,0,3.53,9.63,0,2,0,2,0,0,0
IEN20240328,2024-1,Ingeniería en Energía,2024,Regular,86.64,84.05,15.15,83.17,1,0,0,0,0,11.0,11.0,5,0,0,0,0,-3.63,24.5,0,1,0,2,0,1,0
IEN20240349,2022-1,Ingeniería en Energía,2024,Regular,70.0,,0.0,79.98,1,0,0,0,0,8.0,0.0,1,0,0,0,1,,2.13,0,2,0,2,2,0,1
IEN20240349,2022-2,Ingeniería en Energía,2024,Regular,82.05,82.05,4.17,85.0,2,2,0,0,0,11.0,11.0,2,0,0,0,0,0.0,36.6,0,2,0,2,0,1,0
IEN20240349,2023-2,Ingeniería en Energía,2024,Regular,80.03,76.0,6.06,86.14,1,2,0,0,0,5.0,5.0,3,0,0,0,0,-6.05,8.69,0,0,0,0,2,0,0
IEN20240349,2024-1,Ingeniería en Energía,2024,Regular,84.78,91.9,10.61,91.95,1,2,0,0,0,12.0,12.0,4,0,0,0,0,11.87,31.36,0,1,0,2,2,1,0
IEN20240349,2025-1,Ingeniería en Energía,2024,Regular,87.25,99.6,12.88,94.77,0,0,0,0,0,6.0,6.0,5,0,0,0,0,14.82,7.55,0,2,0,2,0,0,0
IEN20240352,2022-1,Ingeniería en Energía,2024,Regular,73.3,73.3,1.52,75.55,2,2,0,1,0,10.0,4.0,1,0,1,1,0,0.0,16.81,1,0,1,0,0,1,0
IEN20240352,2023-1,Ingeniería en Energía,2024,Regular,76.1,81.7,3.03,80.14,2,2,0,1,0,4.0,4.0,2,0,0,1,0,8.4,9.76,0,0,0,0,2,0,0
IEN20240352,2023-2,Ingeniería en Energía,2024,Regular,73.78,66.8,3.03,68.33,1,3,0,1,1,4.0,0.0,3,0,1,2,0,-9.3,3.31,1,2,1,2,3,0,0
IEN20240366,2023-2,Ingeniería en Energía,2024,Irregular,61.8,61.8,0.0,65.33,1,5,1,0,2,11.0,0.0,1,0,2,2,0,0.0,16.0,3,1,3,1,3,1,0
IEN20240366,2024-1,Ingeniería en Energía,2024,Irregular,49.55,37.3,0.0,51.66,1,7,2,0,4,12.0,0.0,2,0,2,4,0,-24.5,127.69,4,0,4,0,4,2,0
IEN20240366,2025-1,Ingeniería en Energía,2024,Irregular,52.43,58.2,0.0,59.93,1,4,2,2,4,10.0,0.0,3,0,2,6,0,8.65,54.76,3,2,3,2,1,0,0
IEN20240373,2022-1,Ingeniería en Energía,2024,Regular,70.0,,0.0,78.2,1,0,0,0,0,6.0,0.0,1,0,0,0,1,,9.79,0,1,0,1,2,0,1
IEN20240373,2022-2,Ingeniería en Energía,2024,Regular,78.4,78.4,6.06,80.98,0,0,0,0,0,16.0,16.0,2,0,0,0,0,0.0,21.69,0,1,0,2,0,0,0
IEN20240373,2023-1,Ingeniería en Energía,2024,Regular,79.64,81.5,10.61,85.78,0,2,0,0,0,12.0,12.0,3,0,0,0,0,3.1,9.0,0,0,0,1,2,0,0
IEN20240373,2023-2,Ingeniería en Energía,2024,Regular,78.27,74.85,14.39,83.21,2,1,0,0,0,10.0,10.0,4,0,0,0,0,-4.79,5.06,0,0,0,1,0,0,0
IEN20240385,2022-1,Ingeniería en Energía,2024,Regular,82.7,82.7,4.55,82.12,1,0,0,0,0,12.0,12.0,1,0,0,0,0,0.0,6.25,0,2,0,2,0,1,0
IEN20240385,2022-2,Ingeniería en Energía,2024,Regular,77.7,72.7,6.06,68.4,2,1,0,0,1,10.0,4.0,2,0,1,1,0,-10.0,100.0,1,1,1,1,1,1,0
