id_estudiante,id_periodo,programa,cohorte,promedio_general,promedio_periodo,materias_aprobadas,materias_reprobadas,materias_en_curso,creditos_acumulados,porcentaje_avance,porcentaje_asistencia,faltas,retardos,num_tutorias,num_asesorias,num_incidencias,num_permisos,recursamientos,rezago_materias,estatus_academico,creditos_inscritos_periodo,creditos_aprobados_periodo,creditos_totales_plan,periodos_cursados,periodos_sin_inscripcion,materias_reprobadas_periodo,materias_reprobadas_acumuladas,materias_en_curso_periodo,tendencia_promedio,varianza_calificaciones,tutorias_abiertas,tutorias_cerradas,compromisos_pendientes,compromisos_cumplidos,permisos_aprobados,permisos_rechazados,bandera_dato_incompleto,student_profile_id,program_id,sexo
IAG20200007,2022-1,Ingeniería Agroindustrial,2020,83.1,83.1,2,0,0,14.0,5.07,70.19,10,3,3,2,0,2,0,3,Irregular,14.0,14.0,276,1,6,0,0,0,0.0,1.69,1,2,1,2,2,0,0,1e0effd4-378f-45ea-a212-8f790eaa76a7,844ebae3-2210-4f59-81a8-ad42018438f6,
IAG20200007,2023-1,Ingeniería Agroindustrial,2020,85.77,91.1,3,0,0,19.0,6.88,72.82,8,0,1,2,0,2,0,4,Irregular,5.0,5.0,276,2,8,0,0,0,8.0,3.88,1,0,1,0,2,0,0,1e0effd4-378f-45ea-a212-8f790eaa76a7,844ebae3-2210-4f59-81a8-ad42018438f6,
IAG20200007,2025-1,Ingeniería Agroindustrial,2020,85.55,84.9,4,0,0,25.0,9.06,65.56,13,1,1,2,0,2,0,4,Irregular,6.0,6.0,276,3,8,0,0,0,-0.87,8.79,1,0,1,0,1,1,0,1e0effd4-378f-45ea-a212-8f790eaa76a7,844ebae3-2210-4f59-81a8-ad42018438f6,
IAG20200029,2022-1,Ingeniería Agroindustrial,2020,66.9,66.9,1,1,1,4.0,1.45,52.59,15,2,3,2,2,4,0,4,Irregular,14.0,4.0,276,1,6,1,1,1,0.0,68.89,2,1,3,1,2,2,1,12f3d3a7-3811-4f27-a821-a5831d49a1ba,844ebae3-2210-4f59-81a8-ad42018438f6,
IAG20200029,2022-2,Ingeniería Agroindustrial,2020,77.04,83.8,4,1,0,18.0,6.52,71.36,9,2,2,1,0,2,0,4,Irregular,14.0,14.0,276,2,6,0,1,0,16.9,15.45,1,1,1,2,1,1,0,12f3d3a7-3811-4f27-a821-a5831d49a1ba,844ebae3-2210-4f59-81a8-ad42018438f6,
IAG20200039,2022-2,Ingeniería Agroindustrial,2020,87.4,87.4,3,0,0,22.0,7.97,70.31,9,2,4,0,0,2,0,3,Irregular,22.0,22.0,276,1,7,0,0,0,0.0,29.04,1,3,1,4,1,1,0,34343587-9f2b-4c2a-b1eb-c478cc2fb64b,844ebae3-2210-4f59-81a8-ad42018438f6,
IAG20200039,2023-1,Ingeniería Agroindustrial,2020,87.55,88.0,4,0,0,30.0,10.87,68.76,11,2,1,1,0,2,0,4,Irregular,8.0,8.0,276,2,8,0,0,0,0.6,7.41,1,0,1,0,2,0,0,34343587-9f2b-4c2a-b1eb-c478cc2fb64b,844ebae3-2210-4f59-81a8-ad42018438f6,
IAG20200039,2024-1,Ingeniería Agroindustrial,2020,87.34,86.5,5,0,0,36.0,13.04,68.02,10,1,1,0,0,3,0,4,Irregular,6.0,6.0,276,3,8,0,0,0,-1.05,6.02,1,0,1,0,3,0,0,34343587-9f2b-4c2a-b1eb-c478cc2fb64b,844ebae3-2210-4f59-81a8-ad42018438f6,
IAG20200039,2025-1,Ingeniería Agroindustrial,2020,87.89,88.57,9,0,0,55.0,19.93,71.62,11,2,4,0,0,1,0,4,Irregular,19.0,19.0,276,4,8,0,0,0,1.23,14.45,1,3,1,4,1,0,0,34343587-9f2b-4c2a-b1eb-c478cc2fb64b,844ebae3-2210-4f59-81a8-ad42018438f6,
IAG20200051,2022-1,Ingeniería Agroindustrial,2020,70.0,,0,0,1,0.0,0.0,70.91,11,2,3,1,0,4,0,3,Irregular,6.0,0.0,276,1,6,0,0,1,,2.91,1,2,1,2,3,1,1,ecdaa64d-f09b-44b2-a012-1576055ac516,844ebae3-2210-4f59-81a8-ad42018438f6,
IAG20200051,2022-2,Ingeniería Agroindustrial,2020,73.6,73.6,1,0,0,6.0,2.17,66.03,9,3,2,0,0,3,0,3,Irregular,6.0,6.0,276,2,6,0,0,0,0.0,9.57,1,1,1,1,2,1,0,ecdaa64d-f09b-44b2-a012-1576055ac516,844ebae3-2210-4f59-81a8-ad42018438f6,
IAG20200051,2023-1,Ingeniería Agroindustrial,2020,74.15,74.7,2,0,0,10.0,3.62,62.57,10,1,3,2,0,3,0,3,Irregular,4.0,4.0,276,3,7,0,0,0,1.1,4.97,1,2,1,2,2,1,0,ecdaa64d-f09b-44b2-a012-1576055ac516,844ebae3-2210-4f59-81a8-ad42018438f6,
IAG20200051,2023-2,Ingeniería Agroindustrial,2020,71.05,67.95,2,2,0,10.0,3.62,47.74,17,3,4,2,2,6,0,5,Irregular,12.0,0.0,276,4,7,2,2,0,-6.2,1.1,3,1,3,1,4,2,0,ecdaa64d-f09b-44b2-a012-1576055ac516,844ebae3-2210-4f59-81a8-ad42018438f6,
IAG20200051,2024-2,Ingeniería Agroindustrial,2020,74.28,87.2,3,2,0,16.0,5.8,68.45,10,2,2,0,0,1,0,6,Irregular,6.0,6.0,276,5,8,0,2,0,16.15,8.84,2,0,2,0,1,0,0,ecdaa64d-f09b-44b2-a012-1576055ac516,844ebae3-2210-4f59-81a8-ad42018438f6,
IAG20200084,2022-1,Ingeniería Agroindustrial,2020,88.7,88.7,1,0,1,6.0,2.17,73.43,9,1,2,1,0,4,0,3,Irregular,12.0,6.0,276,1,6,0,0,1,0.0,3.45,1,1,1,1,3,1,1,b85a78b0-9c27-4ab4-987c-cbbc6045789f,844ebae3-2210-4f59-81a8-ad42018438f6,
IAG20200084,2022-2,Ingeniería Agroindustrial,2020,79.17,74.4,2,1,0,12.0,4.35,55.46,14,3,2,1,2,4,0,4,Irregular,10.0,6.0,276,2,6,1,1,0,-14.3,68.89,2,0,3,0,2,2,0,b85a78b0-9c27-4ab4-987c-cbbc6045789f,844ebae3-2210-4f59-81a8-ad42018438f6,
IAG20200095,2022-1,Ingeniería Agroindustrial,2020,89.7,89.7,1,0,2,6.0,2.17,71.21,9,3,2,1,0,4,0,3,Irregular,18.0,6.0,276,1,6,0,0,2,0.0,6.11,1,1,1,1,3,1,1,47d60574-8899-4c20-9ee7-8fb1fd345d95,844ebae3-2210-4f59-81a8-ad42018438f6,
IAG20200095,2023-2,Ingeniería Agroindustrial,2020,89.8,89.85,3,0,0,17.0,6.16,69.72,12,3,3,1,0,4,0,4,Irregular,11.0,11.0,276,2,8,0,0,0,0.15,2.72,1,2,1,2,3,1,0,47d60574-8899-4c20-9ee7-8fb1fd345d95,844ebae3-2210-4f59-81a8-ad42018438f6,
IAG20200095,2024-1,Ingeniería Agroindustrial,2020,90.17,91.3,4,0,0,23.0,8.33,69.99,8,3,1,0,0,2,0,4,Irregular,6.0,6.0,276,3,8,0,0,0,1.5,3.82,1,0,1,0,2,0,0,47d60574-8899-4c20-9ee7-8fb1fd345d95,844ebae3-2210-4f59-81a8-ad42018438f6,
IAG20200097,2022-1,Ingeniería Agroindustrial,2020,70.0,,0,0,1,0.0,0.0,66.46,10,2,3,0,0,1,0,3,Irregular,6.0,0.0,276,1,6,0,0,1,,8.03,1,2,1,2,1,0,1,32392348-8712-4991-a96d-7d8ede64d6fd,844ebae3-2210-4f59-81a8-ad42018438f6,
IAG20200097,2022-2,Ingeniería Agroindustrial,2020,80.6,80.6,1,0,0,6.0,2.17,67.06,11,2,3,2,0,1,0,3,Irregular,6.0,6.0,276,2,6,0,0,0,0.0,9.57,1,2,1,2,1,0,0,32392348-8712-4991-a96d-7d8ede64d6fd,844ebae3-2210-4f59-81a8-ad42018438f6,
IAG20200097,2023-1,Ingeniería Agroindustrial,2020,84.1,87.6,2,0,0,10.0,3.62,73.38,7,1,2,1,0,2,0,3,Irregular,4.0,4.0,276,3,7,0,0,0,7.0,9.29,1,1,1,1,2,0,0,32392348-8712-4991-a96d-7d8ede64d6fd,844ebae3-2210-4f59-81a8-ad42018438f6,
IAG20200097,2023-2,Ingeniería Agroindustrial,2020,81.5,76.3,3,0,0,16.0,5.8,69.38,11,2,2,1,0,1,0,3,Irregular,6.0,6.0,276,4,7,0,0,0,-7.8,5.28,1,1,1,1,1,0,0,32392348-8712-4991-a96d-7d8ede64d6fd,844ebae3-2210-4f59-81a8-ad42018438f6,
IAG20200097,2024-1,Ingeniería Agroindustrial,2020,81.38,81.2,5,0,0,27.0,9.78,67.46,10,0,2,0,0,2,0,4,Irregular,11.0,11.0,276,5,8,0,0,0,-0.3,90.25,1,1,1,2,2,0,0,32392348-8712-4991-a96d-7d8ede64d6fd,844ebae3-2210-4f59-81a8-ad42018438f6,
IAG20200097,2024-2,Ingeniería Agroindustrial,2020,80.92,78.6,6,0,0,33.0,11.96,62.49,13,3,1,0,0,3,0,4,Irregular,6.0,6.0,276,6,8,0,0,0,-2.78,4.54,1,0,1,0,3,0,0,32392348-8712-4991-a96d-7d8ede64d6fd,844ebae3-2210-4f59-81a8-ad42018438f6,
IAG20200098,2022-2,Ingeniería Agroindustrial,2020,74.8,74.8,2,0,1,11.0,3.99,71.36,11,0,3,2,0,2,0,3,Irregular,18.0,11.0,276,1,7,0,0,1,0.0,5.76,1,2,1,2,2,0,1,d858e21b-e708-4a28-a129-cb3c187dbec6,844ebae3-2210-4f59-81a8-ad42018438f6,
IAG20200098,2023-1,Ingeniería Agroindustrial,2020,75.97,78.3,3,0,0,18.0,6.52,61.76,12,2,1,0,0,4,0,4,Irregular,7.0,7.0,276,2,8,0,0,0,3.5,3.36,1,0,1,0,3,1,0,d858e21b-e708-4a28-a129-cb3c187dbec6,844ebae3-2210-4f59-81a8-ad42018438f6,
IAG20200098,2023-2,Ingeniería Agroindustrial,2020,76.16,76.45,5,0,0,32.0,11.59,65.47,12,2,2,0,0,2,0,4,Irregular,14.0,14.0,276,3,8,0,0,0,0.48,8.12,1,1,1,2,2,0,0,d858e21b-e708-4a28-a129-cb3c187dbec6,844ebae3-2210-4f59-81a8-ad42018438f6,
IAG20200098,2024-1,Ingeniería Agroindustrial,2020,77.7,80.27,8,0,0,46.0,16.67,69.13,12,1,3,0,0,2,0,4,Irregular,14.0,14.0,276,4,8,0,0,0,4.11,35.31,1,2,1,3,2,0,0,d858e21b-e708-4a28-a129-cb3c187dbec6,844ebae3-2210-4f59-81a8-ad42018438f6,
IAG20200124,2022-2,Ingeniería Agroindustrial,2020,77.1,77.1,1,0,0,4.0,1.45,67.56,10,1,2,1,0,3,0,3,Irregular,4.0,4.0,276,1,7,0,0,0,0.0,8.06,1,1,1,1,3,0,0,972b9723-2033-4cf8-b4d9-80ef07223c87,844ebae3-2210-4f59-81a8-ad42018438f6,
IAG20200124,2023-1,Ingeniería Agroindustrial,2020,72.35,67.6,1,1,0,4.0,1.45,48.62,17,2,3,1,2,4,0,5,Irregular,5.0,0.0,276,2,8,1,1,0,-9.5,2.82,2,1,3,1,2,2,0,972b9723-2033-4cf8-b4d9-80ef07223c87,844ebae3-2210-4f59-81a8-ad42018438f6,
IAG20200124,2024-2,Ingeniería Agroindustrial,2020,71.45,70.55,2,2,0,11.0,3.99,53.02,16,3,3,3,2,3,0,6,Irregular,14.0,7.0,276,3,8,1,2,0,-1.8,11.22,2,1,3,1,2,1,0,972b9723-2033-4cf8-b4d9-80ef07223c87,844ebae3-2210-4f59-81a8-ad42018438f6,
IAG20200124,2025-1,Ingeniería Agroindustrial,2020,76.33,86.1,4,2,0,23.0,8.33,59.97,14,3,4,2,1,1,0,6,Irregular,12.0,12.0,276,4,8,0,2,0,14.65,19.36,2,2,2,2,1,0,0,972b9723-2033-4cf8-b4d9-80ef07223c87,844ebae3-2210-4f59-81a8-ad42018438f6,
IAG20200127,2023-1,Ingeniería Agroindustrial,2020,85.33,85.33,4,0,0,25.0,9.06,68.35,9,3,3,0,0,3,0,4,Irregular,25.0,25.0,276,1,8,0,0,0,0.0,9.49,1,2,1,3,2,1,0,20f288e8-66e7-41cc-9c11-890fadf3e3cd,844ebae3-2210-4f59-81a8-ad42018438f6,
IAG20200127,2024-1,Ingeniería Agroindustrial,2020,84.88,84.0,6,0,0,35.0,12.68,65.2,11,3,2,0,0,3,0,4,Irregular,10.0,10.0,276,2,8,0,0,0,-1.33,10.89,1,1,1,2,3,0,0,20f288e8-66e7-41cc-9c11-890fadf3e3cd,844ebae3-2210-4f59-81a8-ad42018438f6,
IAG20200127,2024-2,Ingeniería Agroindustrial,2020,81.66,75.2,9,0,0,49.0,17.75,65.94,12,3,3,1,0,3,0,4,Irregular,14.0,14.0,276,3,8,0,0,0,-9.68,1.82,1,2,1,3,2,1,0,20f288e8-66e7-41cc-9c11-890fadf3e3cd,844ebae3-2210-4f59-81a8-ad42018438f6,
IAG20200157,2022-1,Ingeniería Agroindustrial,2020,70.0,,0,0,1,0.0,0.0,62.38,11,2,3,2,0,3,0,3,Irregular,4.0,0.0,276,1,6,0,0,1,,3.19,1,2,1,2,3,0,1,09514291-4a84-4c1f-b409-a898d9413af2,844ebae3-2210-4f59-81a8-ad42018438f6,
IAG20200157,2022-2,Ingeniería Agroindustrial,2020,77.3,77.3,2,0,0,10.0,3.62,66.14,11,1,3,2,0,2,0,3,Irregular,10.0,10.0,276,2,6,0,0,0,0.0,7.29,1,2,1,2,2,0,0,09514291-4a84-4c1f-b409-a898d9413af2,844ebae3-2210-4f59-81a8-ad42018438f6,
IAG20200157,2023-1,Ingeniería Agroindustrial,2020,75.5,71.9,3,0,0,14.0,5.07,67.97,10,3,3,2,0,1,0,3,Irregular,4.0,4.0,276,3,7,0,0,0,-5.4,2.86,1,2,1,2,1,0,0,09514291-4a84-4c1f-b409-a898d9413af2,844ebae3-2210-4f59-81a8-ad42018438f6,
IAG20200157,2023-2,Ingeniería Agroindustrial,2020,74.75,72.5,4,0,0,20.0,7.25,71.7,8,1,3,1,0,1,0,3,Irregular,6.0,6.0,276,4,7,0,0,0,-3.0,8.49,1,2,1,2,1,0,0,09514291-4a84-4c1f-b409-a898d9413af2,844ebae3-2210-4f59-81a8-ad42018438f6,
IAG20200167,2022-2,Ingeniería Agroindustrial,2020,95.03,95.03,3,0,0,19.0,6.88,71.42,9,1,3,2,0,2,0,3,Irregular,19.0,19.0,276,1,7,0,0,0,0.0,3.1,1,2,1,3,1,1,0,18b3ec37-23f8-4657-ad00-c26b5ef09bcd,844ebae3-2210-4f59-81a8-ad42018438f6,
IAG20200171,2022-1,Ingeniería Agroindustrial,2020,76.8,76.8,1,0,0,5.0,1.81,65.53,12,1,3,2,0,3,0,3,Irregular,5.0,5.0,276,1,6,0,0,0,0.0,3.48,1,2,1,2,2,1,0,93467f75-01db-41e6-878c-3c9a13d4fcd8,844ebae3-2210-4f59-81a8-ad42018438f6,
IAG20200171,2022-2,Ingeniería Agroindustrial,2020,75.7,74.6,2,0,0,10.0,3.62,65.33,11,3,2,2,0,3,0,3,Irregular,5.0,5.0,276,2,6,0,0,0,-2.2,6.75,1,1,1,1,3,0,0,93467f75-01db-41e6-878c-3c9a13d4fcd8,844ebae3-2210-4f59-81a8-ad42018438f6,
IAG20200171,2023-2,Ingeniería Agroindustrial,2020,68.97,55.5,2,1,0,10.0,3.62,45.37,17,4,3,4,2,4,0,5,Irregular,5.0,0.0,276,3,8,1,1,0,-20.2,8.17,3,0,3,0,2,2,0,93467f75-01db-41e6-878c-3c9a13d4fcd8,844ebae3-2210-4f59-81a8-ad42018438f6,
IAG20200171,2024-2,Ingeniería Agroindustrial,2020,73.57,87.4,3,1,0,14.0,5.07,65.47,12,1,1,0,0,2,0,5,Irregular,4.0,4.0,276,4,8,0,1,0,18.43,7.8,1,0,1,0,1,1,0,93467f75-01db-41e6-878c-3c9a13d4fcd8,844ebae3-2210-4f59-81a8-ad42018438f6,
IAG20200171,2025-1,Ingeniería Agroindustrial,2020,69.1,51.2,3,2,0,14.0,5.07,46.89,18,3,4,4,2,5,0,6,Irregular,5.0,0.0,276,5,8,1,2,0,-22.37,4.93,3,1,3,1,4,1,0,93467f75-01db-41e6-878c-3c9a13d4fcd8,844ebae3-2210-4f59-81a8-ad42018438f6,
IAG20200194,2022-1,Ingeniería Agroindustrial,2020,79.2,79.2,1,0,0,5.0,1.81,67.78,12,2,2,1,0,1,0,3,Irregular,5.0,5.0,276,1,6,0,0,0,0.0,4.45,1,1,1,1,1,0,0,8baacdd9-f018-4a5c-b39c-b11f453e8826,844ebae3-2210-4f59-81a8-ad42018438f6,
IAG20200194,2022-2,Ingeniería Agroindustrial,2020,87.85,96.5,2,0,0,11.0,3.99,75.8,7,2,2,1,0,2,0,3,Irregular,6.0,6.0,276,2,6,0,0,0,17.3,6.26,1,1,1,1,2,0,0,8baacdd9-f018-4a5c-b39c-b11f453e8826,844ebae3-2210-4f59-81a8-ad42018438f6,
IAG20200194,2023-2,Ingeniería Agroindustrial,2020,90.33,95.3,3,0,0,15.0,5.43,72.98,10,2,2,1,0,2,0,4,Irregular,4.0,4.0,276,3,8,0,0,0,7.45,5.96,1,1,1,1,1,1,0,8baacdd9-f018-4a5c-b39c-b11f453e8826,844ebae3-2210-4f59-81a8-ad42018438f6,
IAG20210043,2022-1,Ingeniería Agroindustrial,2021,74.2,74.2,1,0,2,6.0,2.17,73.61,7,3,1,0,0,1,0,1,Regular,15.0,6.0,276,1,3,0,0,2,0.0,2.26,0,1,0,1,0,1,1,d7e80ea5-4187-473b-9cf0-a5e038ab9fb5,844ebae3-2210-4f59-81a8-ad42018438f6,
IAG20210043,2022-2,Ingeniería Agroindustrial,2021,81.95,89.7,2,0,0,12.0,4.35,84.97,4,1,2,0,0,3,0,1,Regular,6.0,6.0,276,2,3,0,0,0,15.5,2.09,0,2,0,2,2,1,0,d7e80ea5-4187-473b-9cf0-a5e038ab9fb5,844ebae3-2210-4f59-81a8-ad42018438f6,
IAG20210061,2022-1,Ingeniería Agroindustrial,2021,81.65,81.65,2,0,1,10.0,3.62,73.87,10,3,2,2,0,3,0,1,Regular,16.0,10.0,276,1,3,0,0,1,0.0,11.9,0,2,0,2,3,0,1,258f01d8-94d3-4287-9697-7abc84993c8f,844ebae3-2210-4f59-81a8-ad42018438f6,
IAG20210083,2023-2,Ingeniería Agroindustrial,2021,54.15,54.15,0,2,0,0.0,0.0,47.0,15,2,5,5,2,3,0,5,Irregular,11.0,0.0,276,1,7,2,2,0,0.0,54.02,4,1,4,1,2,1,0,0bef0426-fff0-4960-be82-22a8d96a6daf,844ebae3-2210-4f59-81a8-ad42018438f6,
IAG20210083,2024-1,Ingeniería Agroindustrial,2021,60.67,73.7,1,2,0,7.0,2.54,56.26,12,2,4,1,1,3,0,6,Irregular,7.0,7.0,276,2,8,0,2,0,19.55,8.7,2,2,2,2,3,0,0,0bef0426-fff0-4960-be82-22a8d96a6daf,844ebae3-2210-4f59-81a8-ad42018438f6,
IAG20210083,2024-2,Ingeniería Agroindustrial,2021,59.85,57.4,1,3,0,7.0,2.54,47.85,16,4,4,4,2,4,0,7,Irregular,4.0,0.0,276,3,8,1,3,0,-3.27,8.24,3,1,3,1,2,2,0,0bef0426-fff0-4960-be82-22a8d96a6daf,844ebae3-2210-4f59-81a8-ad42018438f6,
IAG20210083,2025-1,Ingeniería Agroindustrial,2021,51.82,19.7,1,4,0,7.0,2.54,30.56,22,4,6,8,2,5,0,8,Irregular,6.0,0.0,276,4,8,1,4,0,-40.15,6.89,5,1,5,1,3,2,0,0bef0426-fff0-4960-be82-22a8d96a6daf,844ebae3-2210-4f59-81a8-ad42018438f6,
IAG20210108,2023-1,Ingeniería Agroindustrial,2021,71.7,71.7,1,0,0,6.0,2.17,69.85,11,2,2,0,0,3,0,3,Irregular,6.0,6.0,276,1,6,0,0,0,0.0,4.36,1,1,1,1,3,0,0,f1c38872-bc84-4dba-ba74-9472d128c3f8,844ebae3-2210-4f59-81a8-ad42018438f6,
IAG20210108,2023-2,Ingeniería Agroindustrial,2021,73.3,74.1,3,0,0,18.0,6.52,67.05,11,1,1,1,0,3,0,3,Irregular,12.0,12.0,276,2,6,0,0,0,2.4,3.24,1,0,1,1,3,0,0,f1c38872-bc84-4dba-ba74-9472d128c3f8,844ebae3-2210-4f59-81a8-ad42018438f6,
IAG20210108,2024-1,Ingeniería Agroindustrial,2021,74.93,79.8,4,0,0,25.0,9.06,71.49,9,3,3,1,0,1,0,3,Irregular,7.0,7.0,276,3,7,0,0,0,6.5,3.33,1,2,1,2,1,0,0,f1c38872-bc84-4dba-ba74-9472d128c3f8,844ebae3-2210-4f59-81a8-ad42018438f6,
IAG20210133,2022-1,Ingeniería Agroindustrial,2021,70.0,,0,0,2,0.0,0.0,74.95,8,1,2,2,0,1,0,1,Regular,10.0,0.0,276,1,3,0,0,2,,6.55,0,2,0,2,1,0,1,f4362765-907e-49ed-b183-754533367389,844ebae3-2210-4f59-81a8-ad42018438f6,
IAG20210133,2022-2,Ingeniería Agroindustrial,2021,76.35,76.35,2,0,0,10.0,3.62,73.57,7,0,2,2,0,1,0,1,Regular,10.0,10.0,276,2,3,0,0,0,0.0,14.82,0,2,0,2,1,0,0,f4362765-907e-49ed-b183-754533367389,844ebae3-2210-4f59-81a8-ad42018438f6,
IAG20210133,2023-1,Ingeniería Agroindustrial,2021,83.83,98.8,3,0,0,16.0,5.8,79.29,6,0,0,2,0,1,0,2,Regular,6.0,6.0,276,3,4,0,0,0,22.45,9.62,0,0,0,0,1,0,0,f4362765-907e-49ed-b183-754533367389,844ebae3-2210-4f59-81a8-ad42018438f6,
IAG20210138,2022-1,Ingeniería Agroindustrial,2021,79.1,79.1,2,0,0,10.0,3.62,82.83,4,2,2,1,0,1,0,1,Regular,10.0,10.0,276,1,3,0,0,0,0.0,37.21,0,2,0,2,1,0,0,0c309a68-33c3-4ecc-a088-8d6cab6296de,844ebae3-2210-4f59-81a8-ad42018438f6,
IAG20210138,2022-2,Ingeniería Agroindustrial,2021,78.83,78.3,3,0,0,16.0,5.8,77.44,8,2,0,1,0,2,0,1,Regular,6.0,6.0,276,2,3,0,0,0,-0.8,7.24,0,0,0,0,2,0,0,0c309a68-33c3-4ecc-a088-8d6cab6296de,844ebae3-2210-4f59-81a8-ad42018438f6,
IAG20210176,2022-1,Ingeniería Agroindustrial,2021,58.2,58.2,0,1,1,0.0,0.0,60.54,11,3,4,3,0,2,0,2,Irregular,13.0,0.0,276,1,3,1,1,1,0.0,3.89,2,2,2,2,1,1,1,690b24d7-b170-4cf6-9111-63403139648a,844ebae3-2210-4f59-81a8-ad42018438f6,
IAG20210176,2022-2,Ingeniería Agroindustrial,2021,58.2,,0,1,1,0.0,0.0,68.97,11,0,3,3,0,3,0,2,Irregular,6.0,0.0,276,2,3,0,1,1,,4.54,1,2,1,2,2,1,1,690b24d7-b170-4cf6-9111-63403139648a,844ebae3-2210-4f59-81a8-ad42018438f6,
IAG20210176,2023-1,Ingeniería Agroindustrial,2021,69.8,81.4,1,1,0,6.0,2.17,70.53,11,1,2,1,0,3,0,3,Irregular,6.0,6.0,276,3,4,0,1,0,23.2,7.9,1,1,1,1,3,0,0,690b24d7-b170-4cf6-9111-63403139648a,844ebae3-2210-4f59-81a8-ad42018438f6,
IAG20210176,2023-2,Ingeniería Agroindustrial,2021,71.0,73.4,2,1,0,13.0,4.71,72.67,11,1,2,1,0,2,0,3,Irregular,7.0,7.0,276,4,4,0,1,0,3.6,7.46,1,1,1,1,2,0,0,690b24d7-b170-4cf6-9111-63403139648a,844ebae3-2210-4f59-81a8-ad42018438f6,
IAG20210176,2024-1,Ingeniería Agroindustrial,2021,62.05,53.1,2,4,0,13.0,4.71,39.35,20,4,5,5,2,3,0,6,Irregular,14.0,0.0,276,5,5,3,4,0,-17.9,34.46,5,0,5,0,2,1,0,690b24d7-b170-4cf6-9111-63403139648a,844ebae3-2210-4f59-81a8-ad42018438f6,
IAG20210196,2022-1,Ingeniería Agroindustrial,2021,62.4,62.4,0,1,0,0.0,0.0,64.4,13,2,3,3,0,1,0,2,Irregular,6.0,0.0,276,1,3,1,1,0,0.0,6.38,2,1,2,1,1,0,0,2316331a-d5c4-4ab4-85b5-25fa263ce82f,844ebae3-2210-4f59-81a8-ad42018438f6,
IAG20210196,2022-2,Ingeniería Agroindustrial,2021,71.05,79.7,1,1,0,5.0,1.81,75.97,6,1,1,0,0,2,0,2,Regular,5.0,5.0,276,2,3,0,1,0,17.3,9.78,0,1,0,1,2,0,0,2316331a-d5c4-4ab4-85b5-25fa263ce82f,844ebae3-2210-4f59-81a8-ad42018438f6,
IAG20210196,2023-1,Ingeniería Agroindustrial,2021,76.27,86.7,2,1,0,11.0,3.99,75.76,7,0,1,1,0,2,0,3,Irregular,6.0,6.0,276,3,4,0,1,0,15.65,9.5,1,0,1,0,2,0,0,2316331a-d5c4-4ab4-85b5-25fa263ce82f,844ebae3-2210-4f59-81a8-ad42018438f6,
IAG20210196,2023-2,Ingeniería Agroindustrial,2021,79.2,83.6,4,1,0,21.0,7.61,77.03,8,2,2,0,0,3,0,3,Irregular,10.0,10.0,276,4,4,0,1,0,7.33,23.04,1,1,1,2,2,1,0,2316331a-d5c4-4ab4-85b5-25fa263ce82f,844ebae3-2210-4f59-81a8-ad42018438f6,
IAG20210196,2024-1,Ingeniería Agroindustrial,2021,77.96,74.85,6,1,0,31.0,11.23,65.73,10,3,3,0,0,2,0,3,Irregular,10.0,10.0,276,5,5,0,1,0,-4.35,2.1,1,2,1,2,2,0,0,2316331a-d5c4-4ab4-85b5-25fa263ce82f,844ebae3-2210-4f59-81a8-ad42018438f6,
IAG20220048,2022-2,Ingeniería Agroindustrial,2022,71.4,71.4,1,0,0,7.0,2.54,83.54,4,1,2,0,0,2,0,0,Regular,7.0,7.0,276,1,1,0,0,0,0.0,6.39,0,2,0,2,2,0,0,1893079f-d805-4749-9bed-bc4514271ca5,844ebae3-2210-4f59-81a8-ad42018438f6,
IAG20220048,2023-2,Ingeniería Agroindustrial,2022,71.3,71.2,2,0,0,13.0,4.71,74.46,10,2,2,2,0,4,0,1,Regular,6.0,6.0,276,2,3,0,0,0,-0.2,5.71,0,2,0,2,3,1,0,1893079f-d805-4749-9bed-bc4514271ca5,844ebae3-2210-4f59-81a8-ad42018438f6,
IAG20220048,2024-1,Ingeniería Agroindustrial,2022,76.58,81.85,4,0,0,23.0,8.33,72.03,9,0,0,2,0,2,0,2,Regular,10.0,10.0,276,3,4,0,0,0,10.55,113.42,0,0,0,1,1,1,0,1893079f-d805-4749-9bed-bc4514271ca5,844ebae3-2210-4f59-81a8-ad42018438f6,
IAG20220062,2022-1,Ingeniería Agroindustrial,2022,77.9,77.9,1,0,1,6.0,2.17,78.98,8,1,0,0,0,3,0,0,Regular,12.0,6.0,276,1,0,0,0,1,0.0,6.78,0,0,0,0,2,1,1,c57670c6-1f27-4d0c-8a75-8be8d366004f,844ebae3-2210-4f59-81a8-ad42018438f6,
IAG20220062,2022-2,Ingeniería Agroindustrial,2022,87.1,96.3,2,0,1,13.0,4.71,93.49,1,1,2,0,0,3,0,0,Regular,12.0,7.0,276,2,0,0,0,1,18.4,5.68,0,2,0,2,2,1,1,c57670c6-1f27-4d0c-8a75-8be8d366004f,844ebae3-2210-4f59-81a8-ad42018438f6,
IAG20220062,2023-1,Ingeniería Agroindustrial,2022,86.12,85.15,4,0,0,26.0,9.42,86.38,4,1,0,2,0,1,0,0,Regular,13.0,13.0,276,3,1,0,0,0,-1.95,5.06,0,0,0,1,1,0,0,c57670c6-1f27-4d0c-8a75-8be8d366004f,844ebae3-2210-4f59-81a8-ad42018438f6,
IAG20220062,2023-2,Ingeniería Agroindustrial,2022,86.38,87.4,5,0,0,30.0,10.87,83.17,7,1,0,0,0,1,0,0,Regular,4.0,4.0,276,4,1,0,0,0,1.28,7.47,0,0,0,0,0,1,0,c57670c6-1f27-4d0c-8a75-8be8d366004f,844ebae3-2210-4f59-81a8-ad42018438f6,
IAG20220072,2022-1,Ingeniería Agroindustrial,2022,82.85,82.85,2,0,0,12.0,4.35,88.64,5,0,2,0,0,0,0,0,Regular,12.0,12.0,276,1,0,0,0,0,0.0,0.2,0,2,0,2,0,0,0,2c19ae74-f36c-47e7-b099-6ccd7716da7c,844ebae3-2210-4f59-81a8-ad42018438f6,
IAG20220072,2022-2,Ingeniería Agroindustrial,2022,84.4,87.5,3,0,0,18.0,6.52,88.44,2,1,2,2,0,2,0,0,Regular,6.0,6.0,276,2,0,0,0,0,4.65,9.29,0,2,0,2,1,1,0,2c19ae74-f36c-47e7-b099-6ccd7716da7c,844ebae3-2210-4f59-81a8-ad42018438f6,
IAG20220087,2022-1,Ingeniería Agroindustrial,2022,70.0,,0,0,1,0.0,0.0,79.36,8,0,2,1,0,1,0,0,Regular,6.0,0.0,276,1,0,0,0,1,,5.96,0,2,0,2,0,1,1,4be2b30b-8886-4bbc-86aa-7f7d0cbda48a,844ebae3-2210-4f59-81a8-ad42018438f6,
IAG20220087,2022-2,Ingeniería Agroindustrial,2022,82.4,82.4,1,0,0,6.0,2.17,81.49,6,1,1,2,0,1,0,0,Regular,6.0,6.0,276,2,0,0,0,0,0.0,2.37,0,1,0,1,0,1,0,4be2b30b-8886-4bbc-86aa-7f7d0cbda48a,844ebae3-2210-4f59-81a8-ad42018438f6,
IAG20220087,2024-1,Ingeniería Agroindustrial,2022,78.87,77.1,3,0,0,18.0,6.52,76.98,6,2,1,1,0,2,0,2,Regular,12.0,12.0,276,3,4,0,0,0,-5.3,0.01,0,1,0,2,2,0,0,4be2b30b-8886-4bbc-86aa-7f7d0cbda48a,844ebae3-2210-4f59-81a8-ad42018438f6,
IAG20220087,2024-2,Ingeniería Agroindustrial,2022,76.0,67.4,3,1,0,18.0,6.52,62.43,10,3,4,2,0,3,0,3,Irregular,6.0,0.0,276,4,4,1,1,0,-11.47,7.83,2,2,2,2,2,1,0,4be2b30b-8886-4bbc-86aa-7f7d0cbda48a,844ebae3-2210-4f59-81a8-ad42018438f6,
IAG20220087,2025-1,Ingeniería Agroindustrial,2022,78.27,81.3,6,1,0,34.0,12.32,75.18,8,2,2,0,0,1,0,3,Irregular,16.0,16.0,276,5,5,0,1,0,5.3,17.13,1,1,1,2,1,0,0,4be2b30b-8886-4bbc-86aa-7f7d0cbda48a,844ebae3-2210-4f59-81a8-ad42018438f6,
IAG20220113,2022-1,Ingeniería Agroindustrial,2022,61.3,61.3,0,2,0,0.0,0.0,57.86,13,1,5,5,2,4,0,2,Irregular,10.0,0.0,276,1,0,2,2,0,0.0,25.0,3,2,3,2,3,1,0,5e63768a-5103-4c09-b4a9-00ce6bc3339e,844ebae3-2210-4f59-81a8-ad42018438f6,
IAG20220113,2022-2,Ingeniería Agroindustrial,2022,57.9,51.1,0,3,0,0.0,0.0,60.32,11,3,2,5,0,1,0,3,Irregular,6.0,0.0,276,2,0,1,3,0,-10.2,6.79,2,0,2,0,1,0,0,5e63768a-5103-4c09-b4a9-00ce6bc3339e,844ebae3-2210-4f59-81a8-ad42018438f6,
IAG20220113,2023-1,Ingeniería Agroindustrial,2022,59.48,61.85,1,4,0,6.0,2.17,64.36,11,1,3,3,0,1,0,4,Irregular,13.0,6.0,276,3,1,1,4,0,3.95,68.06,2,1,2,1,1,0,0,5e63768a-5103-4c09-b4a9-00ce6bc3339e,844ebae3-2210-4f59-81a8-ad42018438f6,
IAG20220113,2023-2,Ingeniería Agroindustrial,2022,58.8,57.1,1,6,0,6.0,2.17,48.15,17,4,5,3,2,6,0,6,Irregular,10.0,0.0,276,4,1,2,6,0,-2.38,0.81,4,1,4,1,4,2,0,5e63768a-5103-4c09-b4a9-00ce6bc3339e,844ebae3-2210-4f59-81a8-ad42018438f6,
IAG20220113,2024-1,Ingeniería Agroindustrial,2022,58.42,55.8,1,7,0,6.0,2.17,45.56,17,4,4,3,2,5,0,8,Irregular,4.0,0.0,276,5,2,1,7,0,-3.0,7.65,3,1,3,1,4,1,0,5e63768a-5103-4c09-b4a9-00ce6bc3339e,844ebae3-2210-4f59-81a8-ad42018438f6,
IAG20220116,2022-2,Ingeniería Agroindustrial,2022,77.0,77.0,1,0,0,5.0,1.81,89.07,4,2,2,2,0,1,0,0,Egresado,5.0,5.0,276,1,1,0,0,0,0.0,5.91,0,2,0,2,1,0,0,8c541da4-b631-4f8e-a005-28a31f954f05,844ebae3-2210-4f59-81a8-ad42018438f6,
IAG20220116,2023-1,Ingeniería Agroindustrial,2022,84.05,91.1,2,0,0,13.0,4.71,86.73,4,2,2,1,0,2,0,1,Egresado,8.0,8.0,276,2,2,0,0,0,14.1,7.39,0,2,0,2,1,1,0,8c541da4-b631-4f8e-a005-28a31f954f05,844ebae3-2210-4f59-81a8-ad42018438f6,
IAG20220116,2024-2,Ingeniería Agroindustrial,2022,80.88,77.7,4,0,0,26.0,9.42,76.26,7,1,2,2,0,1,0,2,Egresado,13.0,13.0,276,3,5,0,0,0,-6.35,6.25,0,2,0,2,0,1,0,8c541da4-b631-4f8e-a005-28a31f954f05,844ebae3-2210-4f59-81a8-ad42018438f6,
IAG20220116,2025-1,Ingeniería Agroindustrial,2022,80.38,78.4,5,0,0,32.0,11.59,77.05,9,3,3,1,0,4,0,3,Egresado,6.0,6.0,276,4,6,0,0,0,-2.47,6.39,1,2,1,2,3,1,0,8c541da4-b631-4f8e-a005-28a31f954f05,844ebae3-2210-4f59-81a8-ad42018438f6,
IAG20220135,2022-1,Ingeniería Agroindustrial,2022,73.8,73.8,1,0,0,6.0,2.17,82.8,5,1,2,0,0,2,0,0,Regular,6.0,6.0,276,1,0,0,0,0,0.0,4.85,0,2,0,2,1,1,0,9c02ef66-bff4-427f-bcef-897d40386a71,844ebae3-2210-4f59-81a8-ad42018438f6,
IAG20220135,2022-2,Ingeniería Agroindustrial,2022,79.3,84.8,2,0,0,12.0,4.35,81.68,7,1,0,2,0,2,0,0,Regular,6.0,6.0,276,2,0,0,0,0,11.0,4.3,0,0,0,0,1,1,0,9c02ef66-bff4-427f-bcef-897d40386a71,844ebae3-2210-4f59-81a8-ad42018438f6,
IAG20220135,2023-2,Ingeniería Agroindustrial,2022,78.47,77.65,4,0,0,24.0,8.7,80.01,6,1,1,0,0,2,0,1,Regular,12.0,12.0,276,3,2,0,0,0,-1.65,9.3,0,1,0,2,2,0,0,9c02ef66-bff4-427f-bcef-897d40386a71,844ebae3-2210-4f59-81a8-ad42018438f6,
IAG20220135,2024-2,Ingeniería Agroindustrial,2022,80.7,83.67,7,0,0,39.0,14.13,75.37,8,3,2,2,0,2,0,2,Regular,15.0,15.0,276,4,4,0,0,0,5.19,15.61,0,2,0,3,1,1,0,9c02ef66-bff4-427f-bcef-897d40386a71,844ebae3-2210-4f59-81a8-ad42018438f6,
IAG20220135,2025-1,Ingeniería Agroindustrial,2022,79.85,73.9,8,0,0,45.0,16.3,70.13,8,3,0,0,0,1,0,2,Regular,6.0,6.0,276,5,5,0,0,0,-6.8,8.32,0,0,0,0,0,1,0,9c02ef66-bff4-427f-bcef-897d40386a71,844ebae3-2210-4f59-81a8-ad42018438f6,
IAG20220148,2022-1,Ingeniería Agroindustrial,2022,89.4,89.4,1,0,0,6.0,2.17,90.11,1,0,2,2,0,0,0,0,Regular,6.0,6.0,276,1,0,0,0,0,0.0,7.37,0,2,0,2,0,0,0,b1d148e3-0b38-411e-8dde-4489ea03860d,844ebae3-2210-4f59-81a8-ad42018438f6,
IAG20220148,2022-2,Ingeniería Agroindustrial,2022,89.4,,1,0,1,6.0,2.17,82.59,7,0,0,1,0,2,0,0,Regular,6.0,0.0,276,2,0,0,0,1,,6.46,0,0,0,0,2,0,1,b1d148e3-0b38-411e-8dde-4489ea03860d,844ebae3-2210-4f59-81a8-ad42018438f6,
IAG20220148,2023-1,Ingeniería Agroindustrial,2022,91.15,92.9,2,0,0,13.0,4.71,86.93,6,1,2,0,0,1,0,0,Regular,7.0,7.0,276,3,1,0,0,0,3.5,2.47,0,2,0,2,1,0,0,b1d148e3-0b38-411e-8dde-4489ea03860d,844ebae3-2210-4f59-81a8-ad42018438f6,
IAG20220148,2023-2,Ingeniería Agroindustrial,2022,85.5,79.85,4,0,0,23.0,8.33,80.32,8,2,0,2,0,2,0,0,Regular,10.0,10.0,276,4,1,0,0,0,-11.3,41.6,0,0,0,1,2,0,0,b1d148e3-0b38-411e-8dde-4489ea03860d,844ebae3-2210-4f59-81a8-ad42018438f6,
IAG20220289,2023-2,Ingeniería Agroindustrial,2022,74.25,74.25,2,0,0,11.0,3.99,73.08,8,1,1,0,0,1,0,2,Regular,11.0,11.0,276,1,4,0,0,0,0.0,3.8,0,1,0,2,0,1,0,b6f90407-ae45-41fc-a9b7-2816c6841531,844ebae3-2210-4f59-81a8-ad42018438f6,
IAG20220289,2024-1,Ingeniería Agroindustrial,2022,78.12,82.0,4,0,0,21.0,7.61,78.17,7,2,1,2,0,2,0,2,Regular,10.0,10.0,276,2,5,0,0,0,7.75,10.24,0,1,0,2,1,1,0,b6f90407-ae45-41fc-a9b7-2816c6841531,844ebae3-2210-4f59-81a8-ad42018438f6,
IAG20220289,2024-2,Ingeniería Agroindustrial,2022,78.52,80.1,5,0,0,27.0,9.78,70.85,8,1,0,0,0,3,0,2,Regular,6.0,6.0,276,3,5,0,0,0,1.97,9.14,0,0,0,0,2,1,0,b6f90407-ae45-41fc-a9b7-2816c6841531,844ebae3-2210-4f59-81a8-ad42018438f6,
IAG20230002,2022-1,Ingeniería Agroindustrial,2023,75.3,75.3,1,0,0,7.0,2.54,77.72,7,2,1,0,0,0,0,0,Regular,7.0,7.0,276,1,0,0,0,0,0.0,2.02,0,1,0,1,0,0,0,6d969533-ecfb-4c9e-915e-2f8265be0488,844ebae3-2210-4f59-81a8-ad42018438f6,
IAG20230002,2022-2,Ingeniería Agroindustrial,2023,75.3,,1,0,1,7.0,2.54,85.42,5,2,1,2,0,1,0,0,Regular,6.0,0.0,276,2,0,0,0,1,,3.8,0,1,0,1,0,1,1,6d969533-ecfb-4c9e-915e-2f8265be0488,844ebae3-2210-4f59-81a8-ad42018438f6,
IAG20230002,2023-1,Ingeniería Agroindustrial,2023,72.1,70.5,2,1,0,13.0,4.71,69.08,8,2,1,3,0,2,0,1,Regular,13.0,6.0,276,3,0,1,1,0,-4.8,54.76,1,0,1,0,2,0,0,6d969533-ecfb-4c9e-915e-2f8265be0488,844ebae3-2210-4f59-81a8-ad42018438f6,
IAG20230002,2023-2,Ingeniería Agroindustrial,2023,71.5,69.7,2,2,0,13.0,4.71,69.97,12,1,3,3,0,2,0,2,Regular,4.0,0.0,276,4,0,1,2,0,-2.4,5.81,1,2,1,2,2,0,0,6d969533-ecfb-4c9e-915e-2f8265be0488,844ebae3-2210-4f59-81a8-ad42018438f6,
IAG20230002,2024-1,Ingeniería Agroindustrial,2023,71.68,72.4,3,2,0,19.0,6.88,78.52,8,0,0,2,0,0,0,2,Regular,6.0,6.0,276,5,0,0,2,0,0.9,7.18,0,0,0,0,0,0,0,6d969533-ecfb-4c9e-915e-2f8265be0488,844ebae3-2210-4f59-81a8-ad42018438f6,
IAG20230024,2022-1,Ingeniería Agroindustrial,2023,70.0,,0,0,1,0.0,0.0,80.94,6,0,1,0,0,1,0,0,Regular,6.0,0.0,276,1,0,0,0,1,,7.81,0,1,0,1,0,1,1,77680992-04af-49c6-a684-37ffa5cd6908,844ebae3-2210-4f59-81a8-ad42018438f6,
IAG20230024,2022-2,Ingeniería Agroindustrial,2023,68.6,68.6,0,1,0,0.0,0.0,73.78,7,0,3,2,0,1,0,1,Irregular,5.0,0.0,276,2,0,1,1,0,0.0,6.87,1,2,1,2,1,0,0,77680992-04af-49c6-a684-37ffa5cd6908,844ebae3-2210-4f59-81a8-ad42018438f6,
IAG20230024,2023-1,Ingeniería Agroindustrial,2023,73.87,76.5,2,1,0,12.0,4.35,83.42,7,0,2,2,0,1,0,1,Regular,12.0,12.0,276,3,0,0,1,0,7.9,2.56,0,2,0,2,1,0,0,77680992-04af-49c6-a684-37ffa5cd6908,844ebae3-2210-4f59-81a8-ad42018438f6,
IAG20230024,2023-2,Ingeniería Agroindustrial,2023,74.88,77.9,3,1,0,18.0,6.52,80.25,6,1,2,1,0,3,0,1,Regular,6.0,6.0,276,4,0,0,1,0,4.03,7.94,0,2,0,2,2,1,0,77680992-04af-49c6-a684-37ffa5cd6908,844ebae3-2210-4f59-81a8-ad42018438f6,
IAG20230024,2024-1,Ingeniería Agroindustrial,2023,76.42,79.5,5,1,0,30.0,10.87,77.68,9,2,0,2,0,1,0,1,Regular,12.0,12.0,276,5,0,0,1,0,4.62,0.09,0,0,0,1,1,0,0,77680992-04af-49c6-a684-37ffa5cd6908,844ebae3-2210-4f59-81a8-ad42018438f6,
IAG20230024,2024-2,Ingeniería Agroindustrial,2023,78.3,89.6,6,1,0,35.0,12.68,85.68,3,2,1,2,0,1,0,1,Regular,5.0,5.0,276,6,0,0,1,0,13.18,5.4,0,1,0,1,1,0,0,77680992-04af-49c6-a684-37ffa5cd6908,844ebae3-2210-4f59-81a8-ad42018438f6,
IAG20230030,2022-2,Ingeniería Agroindustrial,2023,66.4,66.4,0,1,0,0.0,0.0,72.35,9,0,2,2,0,4,0,1,Irregular,5.0,0.0,276,1,0,1,1,0,0.0,6.21,1,1,1,1,3,1,0,a4e56850-98bd-487b-b19b-9ec5db2dd20e,844ebae3-2210-4f59-81a8-ad42018438f6,
IAG20230030,2024-1,Ingeniería Agroindustrial,2023,67.9,69.4,0,2,0,0.0,0.0,62.14,12,2,3,3,0,3,0,3,Irregular,5.0,0.0,276,2,2,1,2,0,3.0,9.74,2,1,2,1,3,0,0,a4e56850-98bd-487b-b19b-9ec5db2dd20e,844ebae3-2210-4f59-81a8-ad42018438f6,
IAG20230030,2025-1,Ingeniería Agroindustrial,2023,77.47,96.6,1,2,0,5.0,1.81,79.29,7,0,2,1,0,2,0,4,Irregular,5.0,5.0,276,3,4,0,2,0,28.7,2.33,1,1,1,1,2,0,0,a4e56850-98bd-487b-b19b-9ec5db2dd20e,844ebae3-2210-4f59-81a8-ad42018438f6,
IAG20230074,2023-1,Ingeniería Agroindustrial,2023,79.9,79.9,1,0,0,8.0,2.9,83.81,7,1,2,0,0,1,0,0,Regular,8.0,8.0,276,1,0,0,0,0,0.0,3.5,0,2,0,2,1,0,0,cf6fdb1c-f79e-4e36-b0d7-ec94fc82e9ff,844ebae3-2210-4f59-81a8-ad42018438f6,
IAG20230074,2023-2,Ingeniería Agroindustrial,2023,80.45,81.0,2,0,0,14.0,5.07,80.25,5,1,1,1,0,0,0,0,Regular,6.0,6.0,276,2,0,0,0,0,1.1,4.27,0,1,0,1,0,0,0,cf6fdb1c-f79e-4e36-b0d7-ec94fc82e9ff,844ebae3-2210-4f59-81a8-ad42018438f6,
IAG20230074,2024-1,Ingeniería Agroindustrial,2023,81.03,82.2,3,0,0,18.0,6.52,84.84,4,1,2,1,0,2,0,0,Regular,4.0,4.0,276,3,1,0,0,0,1.75,4.76,0,2,0,2,2,0,0,cf6fdb1c-f79e-4e36-b0d7-ec94fc82e9ff,844ebae3-2210-4f59-81a8-ad42018438f6,
IAG20230074,2025-1,Ingeniería Agroindustrial,2023,83.3,86.7,5,0,0,28.0,10.14,82.36,7,1,2,0,0,2,0,1,Regular,10.0,10.0,276,4,3,0,0,0,5.67,176.89,0,2,0,2,2,0,0,cf6fdb1c-f79e-4e36-b0d7-ec94fc82e9ff,844ebae3-2210-4f59-81a8-ad42018438f6,
IAG20230105,2022-1,Ingeniería Agroindustrial,2023,68.5,68.5,0,1,1,0.0,0.0,72.76,10,0,3,3,0,2,0,1,Irregular,13.0,0.0,276,1,0,1,1,1,0.0,7.57,1,2,1,2,1,1,1,0ec3c2c7-8f2e-4c12-b4b3-0f0612356dc6,844ebae3-2210-4f59-81a8-ad42018438f6,
IAG20230105,2022-2,Ingeniería Agroindustrial,2023,60.93,57.15,0,3,0,0.0,0.0,60.52,14,2,3,3,1,5,0,3,Irregular,11.0,0.0,276,2,0,2,3,0,-11.35,74.82,3,0,3,0,3,2,0,0ec3c2c7-8f2e-4c12-b4b3-0f0612356dc6,844ebae3-2210-4f59-81a8-ad42018438f6,
IAG20230105,2023-2,Ingeniería Agroindustrial,2023,57.0,45.2,0,4,0,0.0,0.0,59.77,11,3,3,4,2,3,0,4,Irregular,6.0,0.0,276,3,0,1,4,0,-15.73,5.36,3,0,3,0,3,0,0,0ec3c2c7-8f2e-4c12-b4b3-0f0612356dc6,844ebae3-2210-4f59-81a8-ad42018438f6,
IAG20230105,2024-1,Ingeniería Agroindustrial,2023,61.15,69.45,1,5,0,6.0,2.17,62.71,13,1,4,2,0,3,0,5,Irregular,10.0,6.0,276,4,0,1,5,0,12.45,83.72,2,2,2,2,2,1,0,0ec3c2c7-8f2e-4c12-b4b3-0f0612356dc6,844ebae3-2210-4f59-81a8-ad42018438f6,
IAG20230105,2025-1,Ingeniería Agroindustrial,2023,62.01,67.2,1,6,0,6.0,2.17,52.99,16,2,4,1,2,5,0,7,Irregular,6.0,0.0,276,5,2,1,6,0,6.05,6.26,3,1,3,1,3,2,0,0ec3c2c7-8f2e-4c12-b4b3-0f0612356dc6,844ebae3-2210-4f59-81a8-ad42018438f6,
IAG20230140,2022-1,Ingeniería Agroindustrial,2023,70.0,,0,0,1,0.0,0.0,80.6,8,1,1,0,0,3,0,0,Regular,6.0,0.0,276,1,0,0,0,1,,8.13,0,1,0,1,2,1,1,0805d27c-9eb1-4cf0-8b6f-684a051b725c,844ebae3-2210-4f59-81a8-ad42018438f6,
IAG20230140,2022-2,Ingeniería Agroindustrial,2023,70.0,,0,0,1,0.0,0.0,82.7,7,2,0,0,0,2,0,0,Regular,4.0,0.0,276,2,0,0,0,1,,9.69,0,0,0,0,2,0,1,0805d27c-9eb1-4cf0-8b6f-684a051b725c,844ebae3-2210-4f59-81a8-ad42018438f6,
IAG20230140,2023-1,Ingeniería Agroindustrial,2023,90.2,90.2,1,0,0,4.0,1.45,91.57,1,0,2,0,0,2,0,0,Regular,4.0,4.0,276,3,0,0,0,0,0.0,6.78,0,2,0,2,2,0,0,0805d27c-9eb1-4cf0-8b6f-684a051b725c,844ebae3-2210-4f59-81a8-ad42018438f6,
IAG20230141,2022-1,Ingeniería Agroindustrial,2023,84.7,84.7,2,0,0,12.0,4.35,85.71,5,0,1,1,0,1,0,0,Regular,12.0,12.0,276,1,0,0,0,0,0.0,0.01,0,1,0,2,0,1,0,40e812c9-eaf3-45cb-8615-c51d586c47a3,844ebae3-2210-4f59-81a8-ad42018438f6,
IAG20230141,2022-2,Ingeniería Agroindustrial,2023,84.7,,2,0,1,12.0,4.35,85.7,5,2,0,0,0,2,0,0,Regular,6.0,0.0,276,2,0,0,0,1,,8.3,0,0,0,0,1,1,1,40e812c9-eaf3-45cb-8615-c51d586c47a3,844ebae3-2210-4f59-81a8-ad42018438f6,
IAG20230155,2022-1,Ingeniería Agroindustrial,2023,100.0,100.0,1,0,0,6.0,2.17,86.11,6,1,1,0,0,3,0,0,Regular,6.0,6.0,276,1,0,0,0,0,0.0,9.09,0,1,0,1,2,1,0,498198a8-5df8-4b3b-a061-c0306891d76a,844ebae3-2210-4f59-81a8-ad42018438f6,
IAG20230155,2022-2,Ingeniería Agroindustrial,2023,89.85,86.47,4,0,0,20.0,7.25,84.23,4,2,3,2,0,1,0,0,Regular,14.0,14.0,276,2,0,0,0,0,-13.53,43.06,0,3,0,4,1,0,0,498198a8-5df8-4b3b-a061-c0306891d76a,844ebae3-2210-4f59-81a8-ad42018438f6,
IAG20230179,2022-2,Ingeniería Agroindustrial,2023,92.2,92.2,1,0,0,8.0,2.9,86.54,4,0,2,0,0,1,0,0,Regular,8.0,8.0,276,1,0,0,0,0,0.0,5.3,0,2,0,2,1,0,0,91efc261-9fa1-4410-8619-339a337f4b69,844ebae3-2210-4f59-81a8-ad42018438f6,
IAG20230179,2023-2,Ingeniería Agroindustrial,2023,90.0,87.8,2,0,0,15.0,5.43,81.96,6,2,2,1,0,3,0,0,Regular,7.0,7.0,276,2,0,0,0,0,-4.4,5.09,0,2,0,2,2,1,0,91efc261-9fa1-4410-8619-339a337f4b69,844ebae3-2210-4f59-81a8-ad42018438f6,
IAG20230179,2024-1,Ingeniería Agroindustrial,2023,88.7,86.1,3,0,0,21.0,7.61,86.08,6,1,1,1,0,2,0,0,Regular,6.0,6.0,276,3,1,0,0,0,-3.9,6.35,0,1,0,1,1,1,0,91efc261-9fa1-4410-8619-339a337f4b69,844ebae3-2210-4f59-81a8-ad42018438f6,
IAG20230179,2025-1,Ingeniería Agroindustrial,2023,87.45,83.7,4,0,0,25.0,9.06,82.12,7,0,1,1,0,0,0,1,Regular,4.0,4.0,276,4,3,0,0,0,-5.0,7.53,0,1,0,1,0,0,0,91efc261-9fa1-4410-8619-339a337f4b69,844ebae3-2210-4f59-81a8-ad42018438f6,
IAG20230188,2022-2,Ingeniería Agroindustrial,2023,89.0,89.0,2,0,0,16.0,5.8,85.21,3,1,0,1,0,1,0,0,Regular,16.0,16.0,276,1,0,0,0,0,0.0,24.01,0,0,0,1,1,0,0,eb48a859-0a20-4071-8763-24daad644595,844ebae3-2210-4f59-81a8-ad42018438f6,
IAG20230188,2023-1,Ingeniería Agroindustrial,2023,82.72,76.45,4,0,0,30.0,10.87,85.16,6,0,1,1,0,1,0,0,Regular,14.0,14.0,276,2,0,0,0,0,-12.55,12.6,0,1,0,2,0,1,0,eb48a859-0a20-4071-8763-24daad644595,844ebae3-2210-4f59-81a8-ad42018438f6,
IAG20230188,2023-2,Ingeniería Agroindustrial,2023,84.76,92.9,5,0,0,35.0,12.68,91.29,3,2,2,0,0,1,0,0,Regular,5.0,5.0,276,3,0,0,0,0,10.18,7.94,0,2,0,2,0,1,0,eb48a859-0a20-4071-8763-24daad644595,844ebae3-2210-4f59-81a8-ad42018438f6,
IAG20230188,2024-1,Ingeniería Agroindustrial,2023,86.28,93.9,6,0,0,41.0,14.86,87.24,4,2,1,0,0,0,0,0,Regular,6.0,6.0,276,4,0,0,0,0,9.14,7.25,0,1,0,1,0,0,0,eb48a859-0a20-4071-8763-24daad644595,844ebae3-2210-4f59-81a8-ad42018438f6,
IAG20230188,2025-1,Ingeniería Agroindustrial,2023,82.74,72.1,8,0,0,53.0,19.2,78.95,5,2,1,2,0,3,0,1,Regular,12.0,12.0,276,5,2,0,0,0,-14.18,1.44,0,1,0,2,2,1,0,eb48a859-0a20-4071-8763-24daad644595,844ebae3-2210-4f59-81a8-ad42018438f6,
IAG20240031,2023-1,Ingeniería Agroindustrial,2024,67.7,67.7,0,1,0,0.0,0.0,67.35,9,2,3,1,0,2,0,1,Irregular,6.0,0.0,276,1,0,1,1,0,0.0,8.71,1,2,1,2,1,1,0,6cdbaff4-e0e9-4b2d-b98d-9e28b7ba65d1,844ebae3-2210-4f59-81a8-ad42018438f6,
IAG20240031,2024-1,Ingeniería Agroindustrial,2024,78.08,81.53,3,1,0,14.0,5.07,84.64,7,1,1,0,0,1,0,1,Regular,14.0,14.0,276,2,0,0,1,0,13.83,107.38,0,1,0,2,0,1,0,6cdbaff4-e0e9-4b2d-b98d-9e28b7ba65d1,844ebae3-2210-4f59-81a8-ad42018438f6,
IAG20240106,2022-1,Ingeniería Agroindustrial,2024,70.0,,0,0,1,0.0,0.0,77.02,6,1,0,1,0,1,0,0,Regular,6.0,0.0,276,1,0,0,0,1,,9.5,0,0,0,0,0,1,1,6abb4553-df17-4698-b61f-593a08a8f4c5,844ebae3-2210-4f59-81a8-ad42018438f6,
IAG20240106,2023-1,Ingeniería Agroindustrial,2024,78.5,78.5,1,0,0,6.0,2.17,85.42,5,0,0,1,0,1,0,0,Regular,6.0,6.0,276,2,0,0,0,0,0.0,4.29,0,0,0,0,1,0,0,6abb4553-df17-4698-b61f-593a08a8f4c5,844ebae3-2210-4f59-81a8-ad42018438f6,
IAG20240106,2023-2,Ingeniería Agroindustrial,2024,72.05,65.6,1,1,0,6.0,2.17,70.42,8,2,2,4,0,3,0,1,Regular,6.0,0.0,276,3,0,1,1,0,-12.9,2.51,1,1,1,1,2,1,0,6abb4553-df17-4698-b61f-593a08a8f4c5,844ebae3-2210-4f59-81a8-ad42018438f6,
IAG20240170,2022-1,Ingeniería Agroindustrial,2024,87.1,87.1,1,0,0,7.0,2.54,89.36,4,2,0,1,0,3,0,0,Regular,7.0,7.0,276,1,0,0,0,0,0.0,5.08,0,0,0,0,2,1,0,66457ce8-92e9-46cb-a34e-601ba949e211,844ebae3-2210-4f59-81a8-ad42018438f6,
IAG20240170,2022-2,Ingeniería Agroindustrial,2024,83.5,79.9,2,0,0,11.0,3.99,85.82,5,0,0,2,0,3,0,0,Regular,4.0,4.0,276,2,0,0,0,0,-7.2,6.24,0,0,0,0,2,1,0,66457ce8-92e9-46cb-a34e-601ba949e211,844ebae3-2210-4f59-81a8-ad42018438f6,
IAG20240170,2023-1,Ingeniería Agroindustrial,2024,84.57,86.7,3,0,0,17.0,6.16,83.75,3,0,1,1,0,0,0,0,Regular,6.0,6.0,276,3,0,0,0,0,3.2,8.96,0,1,0,1,0,0,0,66457ce8-92e9-46cb-a34e-601ba949e211,844ebae3-2210-4f59-81a8-ad42018438f6,
IAG20240170,2023-2,Ingeniería Agroindustrial,2024,82.39,80.75,7,0,0,36.0,13.04,85.01,7,0,3,2,0,2,0,0,Regular,19.0,19.0,276,4,0,0,0,0,-3.82,6.46,0,3,0,4,2,0,0,66457ce8-92e9-46cb-a34e-601ba949e211,844ebae3-2210-4f59-81a8-ad42018438f6,
IAG20240177,2022-2,Ingeniería Agroindustrial,2024,72.0,72.0,1,0,0,8.0,2.9,82.3,7,2,0,2,0,1,0,0,Regular,8.0,8.0,276,1,0,0,0,0,0.0,5.62,0,0,0,0,1,0,0,2a72a27a-eee6-4d1a-b503-a90a30b166b9,844ebae3-2210-4f59-81a8-ad42018438f6,
IAG20240177,2023-2,Ingeniería Agroindustrial,2024,79.0,86.0,2,0,0,14.0,5.07,90.48,4,0,2,2,0,1,0,0,Regular,6.0,6.0,276,2,0,0,0,0,14.0,2.58,0,2,0,2,1,0,0,2a72a27a-eee6-4d1a-b503-a90a30b166b9,844ebae3-2210-4f59-81a8-ad42018438f6,
IAG20240177,2024-2,Ingeniería Agroindustrial,2024,77.87,75.6,3,0,0,20.0,7.25,78.74,7,1,1,1,0,0,0,0,Regular,6.0,6.0,276,3,0,0,0,0,-3.4,5.7,0,1,0,1,0,0,0,2a72a27a-eee6-4d1a-b503-a90a30b166b9,844ebae3-2210-4f59-81a8-ad42018438f6,
IAG20240177,2025-1,Ingeniería Agroindustrial,2024,79.22,83.3,4,0,0,26.0,9.42,80.25,5,1,0,0,0,3,0,0,Regular,6.0,6.0,276,4,0,0,0,0,5.43,9.5,0,0,0,0,2,1,0,2a72a27a-eee6-4d1a-b503-a90a30b166b9,844ebae3-2210-4f59-81a8-ad42018438f6,
IBM20200010,2022-1,Ingeniería Biomédica,2020,71.5,71.5,1,0,0,4.0,1.42,72.08,10,3,3,2,0,2,0,3,Irregular,4.0,4.0,282,1,6,0,0,0,0.0,8.64,1,2,1,2,2,0,0,8b6cab8a-1ab2-45b7-991b-90540181d16b,4bfc2139-1f2b-47d7-af54-c1a3101dd410,
IBM20200010,2022-2,Ingeniería Biomédica,2020,70.75,70.0,2,0,0,11.0,3.9,65.61,10,1,3,1,0,2,0,3,Irregular,7.0,7.0,282,2,6,0,0,0,-1.5,3.78,1,2,1,2,1,1,0,8b6cab8a-1ab2-45b7-991b-90540181d16b,4bfc2139-1f2b-47d7-af54-c1a3101dd410,
IBM20200010,2023-2,Ingeniería Biomédica,2020,71.5,73.0,3,0,0,15.0,5.32,60.98,13,3,2,0,0,2,0,4,Irregular,4.0,4.0,282,3,8,0,0,0,2.25,2.69,1,1,1,1,1,1,0,8b6cab8a-1ab2-45b7-991b-90540181d16b,4bfc2139-1f2b-47d7-af54-c1a3101dd410,
IBM20200017,2022-1,Ingeniería Biomédica,2020,73.6,73.6,1,0,0,7.0,2.48,40.44,20,3,1,2,3,6,0,3,Baja Temporal,7.0,7.0,282,1,6,0,0,0,0.0,6.07,1,0,2,0,4,2,0,cd571392-a37a-4731-830a-7258afc2c2a8,4bfc2139-1f2b-47d7-af54-c1a3101dd410,
IBM20200017,2022-2,Ingeniería Biomédica,2020,74.8,76.0,2,0,0,12.0,4.26,39.39,18,3,3,1,3,4,0,3,Baja Temporal,5.0,5.0,282,2,6,0,0,0,2.4,9.79,1,2,2,2,2,2,0,cd571392-a37a-4731-830a-7258afc2c2a8,4bfc2139-1f2b-47d7-af54-c1a3101dd410,
IBM20200017,2023-2,Ingeniería Biomédica,2020,74.23,73.1,3,0,0,18.0,6.38,33.5,20,4,1,1,3,4,0,4,Baja Temporal,6.0,6.0,282,3,8,0,0,0,-1.7,9.34,1,0,2,0,3,1,0,cd571392-a37a-4731-830a-7258afc2c2a8,4bfc2139-1f2b-47d7-af54-c1a3101dd410,
IBM20200017,2024-1,Ingeniería Biomédica,2020,74.58,75.1,5,0,0,30.0,10.64,31.27,21,4,2,0,3,5,0,4,Baja Temporal,12.0,12.0,282,4,8,0,0,0,0.87,2.89,1,1,2,2,3,2,0,cd571392-a37a-4731-830a-7258afc2c2a8,4bfc2139-1f2b-47d7-af54-c1a3101dd410,
IBM20200042,2022-1,Ingeniería Biomédica,2020,70.0,,0,0,1,0.0,0.0,65.88,11,2,2,1,0,2,0,3,Irregular,5.0,0.0,282,1,6,0,0,1,,8.7,1,1,1,1,2,0,1,d85d665d-875a-4fbc-b6f7-3272856e9302,4bfc2139-1f2b-47d7-af54-c1a3101dd410,
IBM20200042,2022-2,Ingeniería Biomédica,2020,65.6,65.6,1,1,0,4.0,1.42,55.01,14,3,3,4,2,2,0,4,Irregular,10.0,4.0,282,2,6,1,1,0,0.0,23.04,2,1,3,1,2,0,0,d85d665d-875a-4fbc-b6f7-3272856e9302,4bfc2139-1f2b-47d7-af54-c1a3101dd410,
IBM20200042,2024-2,Ingeniería Biomédica,2020,72.4,86.0,2,1,0,8.0,2.84,67.53,12,2,2,1,0,2,0,5,Irregular,4.0,4.0,282,3,8,0,1,0,20.4,9.75,1,1,1,1,2,0,0,d85d665d-875a-4fbc-b6f7-3272856e9302,4bfc2139-1f2b-47d7-af54-c1a3101dd410,
IBM20200056,2022-1,Ingeniería Biomédica,2020,70.0,,0,0,3,0.0,0.0,67.4,10,0,2,0,0,1,0,3,Irregular,14.0,0.0,282,1,6,0,0,3,,6.39,1,1,1,1,1,0,1,c20ae957-29d2-4bd1-bc80-00e4ddc4efce,4bfc2139-1f2b-47d7-af54-c1a3101dd410,
IBM20200057,2022-1,Ingeniería Biomédica,2020,70.0,,0,0,1,0.0,0.0,66.89,12,3,1,0,0,3,0,3,Irregular,6.0,0.0,282,1,6,0,0,1,,8.77,1,0,1,0,3,0,1,ea5de648-0c6d-4f3d-9c66-3d7cddb601cf,4bfc2139-1f2b-47d7-af54-c1a3101dd410,
IBM20200057,2022-2,Ingeniería Biomédica,2020,90.5,90.5,1,0,0,4.0,1.42,76.04,9,1,2,1,0,3,0,3,Irregular,4.0,4.0,282,2,6,0,0,0,0.0,8.25,1,1,1,1,3,0,0,ea5de648-0c6d-4f3d-9c66-3d7cddb601cf,4bfc2139-1f2b-47d7-af54-c1a3101dd410,
IBM20200057,2024-1,Ingeniería Biomédica,2020,89.6,88.7,2,0,0,10.0,3.55,68.1,12,2,2,2,0,2,0,4,Irregular,6.0,6.0,282,3,8,0,0,0,-1.8,5.15,1,1,1,1,2,0,0,ea5de648-0c6d-4f3d-9c66-3d7cddb601cf,4bfc2139-1f2b-47d7-af54-c1a3101dd410,
IBM20200058,2022-2,Ingeniería Biomédica,2020,85.15,85.15,2,0,0,13.0,4.61,71.43,9,2,3,1,0,2,0,3,Irregular,13.0,13.0,282,1,7,0,0,0,0.0,0.12,1,2,1,2,2,0,0,3bb89878-1eb9-4d8e-9c35-d75c3bda2d48,4bfc2139-1f2b-47d7-af54-c1a3101dd410,
IBM20200058,2023-2,Ingeniería Biomédica,2020,87.77,93.0,3,0,0,20.0,7.09,74.94,8,1,2,0,0,1,0,4,Irregular,7.0,7.0,282,2,8,0,0,0,7.85,5.81,1,1,1,1,0,1,0,3bb89878-1eb9-4d8e-9c35-d75c3bda2d48,4bfc2139-1f2b-47d7-af54-c1a3101dd410,
IBM20200058,2024-1,Ingeniería Biomédica,2020,87.68,87.4,4,0,0,26.0,9.22,65.32,11,1,3,0,0,3,0,4,Irregular,6.0,6.0,282,3,8,0,0,0,-0.37,5.92,1,2,1,2,2,1,0,3bb89878-1eb9-4d8e-9c35-d75c3bda2d48,4bfc2139-1f2b-47d7-af54-c1a3101dd410,
IBM20200077,2022-1,Ingeniería Biomédica,2020,78.3,78.3,1,0,0,7.0,2.48,72.02,9,0,1,2,0,2,0,3,Irregular,7.0,7.0,282,1,6,0,0,0,0.0,6.76,1,0,1,0,1,1,0,0ac2715b-6bee-4688-a12c-44a646a8e21d,4bfc2139-1f2b-47d7-af54-c1a3101dd410,
IBM20200077,2022-2,Ingeniería Biomédica,2020,78.18,78.15,5,0,0,27.0,9.57,72.92,8,0,4,1,0,1,0,3,Irregular,20.0,20.0,282,2,6,0,0,0,-0.15,6.3,1,3,1,4,1,0,0,0ac2715b-6bee-4688-a12c-44a646a8e21d,4bfc2139-1f2b-47d7-af54-c1a3101dd410,
IBM20200077,2023-1,Ingeniería Biomédica,2020,80.0,89.1,6,0,0,31.0,10.99,74.65,7,0,1,1,0,3,0,3,Irregular,4.0,4.0,282,3,7,0,0,0,10.92,9.72,1,0,1,0,2,1,0,0ac2715b-6bee-4688-a12c-44a646a8e21d,4bfc2139-1f2b-47d7-af54-c1a3101dd410,
IBM20200082,2022-1,Ingeniería Biomédica,2020,82.35,82.35,2,0,0,13.0,4.61,71.3,7,1,1,2,0,1,0,3,Irregular,13.0,13.0,282,1,6,0,0,0,0.0,5.06,1,0,1,1,0,1,0,d07fd568-cdb2-4063-a259-eed0680ea53b,4bfc2139-1f2b-47d7-af54-c1a3101dd410,
IBM20200082,2023-1,Ingeniería Biomédica,2020,82.0,81.3,3,0,0,19.0,6.74,63.93,11,3,1,0,0,3,0,4,Irregular,6.0,6.0,282,2,8,0,0,0,-1.05,2.7,1,0,1,0,3,0,0,d07fd568-cdb2-4063-a259-eed0680ea53b,4bfc2139-1f2b-47d7-af54-c1a3101dd410,
IBM20200093,2022-2,Ingeniería Biomédica,2020,70.0,,0,0,1,0.0,0.0,64.72,11,3,2,0,0,2,0,3,Irregular,5.0,0.0,282,1,7,0,0,1,,9.62,1,1,1,1,1,1,1,2b761d79-85d5-44b7-b0e9-1259422e9486,4bfc2139-1f2b-47d7-af54-c1a3101dd410,
IBM20200093,2023-1,Ingeniería Biomédica,2020,80.8,80.8,1,0,0,6.0,2.13,70.12,11,1,1,1,0,4,0,4,Irregular,6.0,6.0,282,2,8,0,0,0,0.0,5.26,1,0,1,0,3,1,0,2b761d79-85d5-44b7-b0e9-1259422e9486,4bfc2139-1f2b-47d7-af54-c1a3101dd410,
IBM20200093,2024-1,Ingeniería Biomédica,2020,75.6,70.4,2,0,0,12.0,4.26,63.18,10,3,2,2,0,3,0,4,Irregular,6.0,6.0,282,3,8,0,0,0,-10.4,4.39,1,1,1,1,3,0,0,2b761d79-85d5-44b7-b0e9-1259422e9486,4bfc2139-1f2b-47d7-af54-c1a3101dd410,
IBM20200093,2024-2,Ingeniería Biomédica,2020,78.47,84.2,3,0,0,16.0,5.67,66.74,10,1,1,2,0,3,0,4,Irregular,4.0,4.0,282,4,8,0,0,0,8.6,5.72,1,0,1,0,3,0,0,2b761d79-85d5-44b7-b0e9-1259422e9486,4bfc2139-1f2b-47d7-af54-c1a3101dd410,
IBM20200093,2025-1,Ingeniería Biomédica,2020,78.17,77.3,4,0,0,22.0,7.8,62.98,12,1,2,0,0,4,0,4,Irregular,6.0,6.0,282,5,8,0,0,0,-1.17,9.54,1,1,1,1,3,1,0,2b761d79-85d5-44b7-b0e9-1259422e9486,4bfc2139-1f2b-47d7-af54-c1a3101dd410,
IBM20200107,2022-1,Ingeniería Biomédica,2020,62.8,62.8,1,2,0,4.0,1.42,43.26,20,2,4,5,2,4,0,5,Irregular,14.0,4.0,282,1,6,2,2,0,0.0,51.05,3,1,3,1,3,1,0,1712e478-9b0e-4e67-87ae-7a6a9da02c58,4bfc2139-1f2b-47d7-af54-c1a3101dd410,
IBM20200150,2022-1,Ingeniería Biomédica,2020,70.0,,0,0,1,0.0,0.0,64.05,10,1,1,2,0,3,0,3,Irregular,6.0,0.0,282,1,6,0,0,1,,5.82,1,0,1,0,3,0,1,fcb8bbf2-619c-4814-87fa-de3f0b0edc14,4bfc2139-1f2b-47d7-af54-c1a3101dd410,
IBM20200150,2022-2,Ingeniería Biomédica,2020,86.1,86.1,1,0,0,6.0,2.13,68.15,10,3,2,2,0,3,0,3,Irregular,6.0,6.0,282,2,6,0,0,0,0.0,5.29,1,1,1,1,2,1,0,fcb8bbf2-619c-4814-87fa-de3f0b0edc14,4bfc2139-1f2b-47d7-af54-c1a3101dd410,
IBM20200150,2023-1,Ingeniería Biomédica,2020,85.43,85.1,3,0,0,14.0,4.96,71.8,7,2,3,0,0,1,0,3,Irregular,8.0,8.0,282,3,7,0,0,0,-1.0,123.21,1,2,1,2,1,0,0,fcb8bbf2-619c-4814-87fa-de3f0b0edc14,4bfc2139-1f2b-47d7-af54-c1a3101dd410,
IBM20200150,2023-2,Ingeniería Biomédica,2020,83.3,76.9,4,0,0,20.0,7.09,73.03,9,1,3,2,0,2,0,3,Irregular,6.0,6.0,282,4,7,0,0,0,-8.53,6.16,1,2,1,2,1,1,0,fcb8bbf2-619c-4814-87fa-de3f0b0edc14,4bfc2139-1f2b-47d7-af54-c1a3101dd410,
IBM20210004,2022-1,Ingeniería Biomédica,2021,87.8,87.8,1,0,1,5.0,1.77,77.53,8,2,2,0,0,1,0,1,Regular,9.0,5.0,282,1,3,0,0,1,0.0,8.11,0,2,0,2,0,1,1,27b0d471-b4ed-49d3-8a0e-956d4558bc69,4bfc2139-1f2b-47d7-af54-c1a3101dd410,
IBM20210004,2023-1,Ingeniería Biomédica,2021,88.9,90.0,2,0,0,10.0,3.55,77.31,9,1,0,2,0,2,0,2,Regular,5.0,5.0,282,2,5,0,0,0,2.2,2.04,0,0,0,0,2,0,0,27b0d471-b4ed-49d3-8a0e-956d4558bc69,4bfc2139-1f2b-47d7-af54-c1a3101dd410,
IBM20210004,2024-1,Ingeniería Biomédica,2021,91.03,95.3,3,0,0,16.0,5.67,77.89,7,1,2,1,0,1,0,3,Irregular,6.0,6.0,282,3,7,0,0,0,6.4,5.09,1,1,1,1,0,1,0,27b0d471-b4ed-49d3-8a0e-956d4558bc69,4bfc2139-1f2b-47d7-af54-c1a3101dd410,
IBM20210004,2024-2,Ingeniería Biomédica,2021,90.83,90.2,4,0,0,23.0,8.16,77.27,7,0,3,0,0,1,0,3,Irregular,7.0,7.0,282,4,7,0,0,0,-0.83,6.31,1,2,1,2,0,1,0,27b0d471-b4ed-49d3-8a0e-956d4558bc69,4bfc2139-1f2b-47d7-af54-c1a3101dd410,
IBM20210004,2025-1,Ingeniería Biomédica,2021,88.15,85.47,8,0,0,45.0,15.96,66.02,11,1,3,2,0,2,0,4,Irregular,22.0,22.0,282,5,8,0,0,0,-5.35,8.16,1,2,1,3,2,0,0,27b0d471-b4ed-49d3-8a0e-956d4558bc69,4bfc2139-1f2b-47d7-af54-c1a3101dd410,
IBM20210044,2022-1,Ingeniería Biomédica,2021,73.0,73.0,1,0,1,7.0,2.48,73.1,10,2,1,2,0,3,0,1,Regular,13.0,7.0,282,1,3,0,0,1,0.0,5.71,0,1,0,1,3,0,1,57600423-679a-42bc-97bc-94c819192968,4bfc2139-1f2b-47d7-af54-c1a3101dd410,
IBM20210044,2023-2,Ingeniería Biomédica,2021,78.05,83.1,2,0,0,13.0,4.61,67.93,8,1,2,0,0,2,0,3,Irregular,6.0,6.0,282,2,6,0,0,0,10.1,6.02,1,1,1,1,2,0,0,57600423-679a-42bc-97bc-94c819192968,4bfc2139-1f2b-47d7-af54-c1a3101dd410,
IBM20210044,2024-1,Ingeniería Biomédica,2021,81.67,88.9,3,0,0,19.0,6.74,68.1,9,2,2,1,0,2,0,3,Irregular,6.0,6.0,282,3,7,0,0,0,10.85,8.68,1,1,1,1,2,0,0,57600423-679a-42bc-97bc-94c819192968,4bfc2139-1f2b-47d7-af54-c1a3101dd410,
IBM20210049,2022-2,Ingeniería Biomédica,2021,77.0,77.0,2,1,0,11.0,3.9,65.6,13,2,2,1,0,4,0,3,Irregular,17.0,11.0,282,1,4,1,1,0,0.0,43.82,2,0,2,0,3,1,0,3bb537a8-0b5a-4cf1-bf8e-03b13158e92b,4bfc2139-1f2b-47d7-af54-c1a3101dd410,
IBM20210049,2023-2,Ingeniería Biomédica,2021,75.62,71.5,3,1,0,17.0,6.03,65.38,10,1,3,2,0,2,0,4,Irregular,6.0,6.0,282,2,6,0,1,0,-5.5,3.87,1,2,1,2,2,0,0,3bb537a8-0b5a-4cf1-bf8e-03b13158e92b,4bfc2139-1f2b-47d7-af54-c1a3101dd410,
IBM20210049,2024-1,Ingeniería Biomédica,2021,76.02,76.8,5,1,0,28.0,9.93,63.19,13,3,1,0,0,3,0,4,Irregular,11.0,11.0,282,3,7,0,1,0,1.17,2.25,1,0,1,1,2,1,0,3bb537a8-0b5a-4cf1-bf8e-03b13158e92b,4bfc2139-1f2b-47d7-af54-c1a3101dd410,
IBM20210049,2024-2,Ingeniería Biomédica,2021,78.06,84.2,7,1,0,40.0,14.18,69.72,9,1,3,1,0,2,0,4,Irregular,12.0,12.0,282,4,7,0,1,0,8.18,3.61,1,2,1,2,2,0,0,3bb537a8-0b5a-4cf1-bf8e-03b13158e92b,4bfc2139-1f2b-47d7-af54-c1a3101dd410,
IBM20210070,2022-1,Ingeniería Biomédica,2021,73.1,73.1,1,0,2,6.0,2.13,77.22,9,2,2,2,0,2,0,1,Regular,16.0,6.0,282,1,3,0,0,2,0.0,5.8,0,2,0,2,1,1,1,6856753f-9cd4-4d3a-a6e4-aee96b4c1f41,4bfc2139-1f2b-47d7-af54-c1a3101dd410,
IBM20210102,2022-1,Ingeniería Biomédica,2021,61.3,61.3,1,1,0,5.0,1.77,71.55,8,0,2,2,0,0,0,2,Egresado,9.0,5.0,282,1,3,1,1,0,0.0,196.0,2,0,2,0,0,0,0,5554036c-f938-40b8-b8a2-4e8c5dea7228,4bfc2139-1f2b-47d7-af54-c1a3101dd410,
IBM20210102,2023-1,Ingeniería Biomédica,2021,70.8,89.8,2,1,0,10.0,3.55,78.25,6,1,3,0,0,0,0,3,Egresado,5.0,5.0,282,2,5,0,1,0,28.5,2.52,1,2,1,2,0,0,0,5554036c-f938-40b8-b8a2-4e8c5dea7228,4bfc2139-1f2b-47d7-af54-c1a3101dd410,
IBM20210102,2023-2,Ingeniería Biomédica,2021,72.05,75.8,3,1,0,18.0,6.38,75.89,8,3,3,0,0,1,0,3,Egresado,8.0,8.0,282,3,5,0,1,0,5.0,7.63,1,2,1,2,0,1,0,5554036c-f938-40b8-b8a2-4e8c5dea7228,4bfc2139-1f2b-47d7-af54-c1a3101dd410,
IBM20210102,2024-2,Ingeniería Biomédica,2021,70.9,66.3,3,2,0,18.0,6.38,54.29,15,2,4,1,2,3,0,5,Egresado,6.0,0.0,282,4,7,1,2,0,-5.75,3.76,2,2,3,2,1,2,0,5554036c-f938-40b8-b8a2-4e8c5dea7228,4bfc2139-1f2b-47d7-af54-c1a3101dd410,
IBM20210102,2025-1,Ingeniería Biomédica,2021,68.93,64.0,4,3,0,24.0,8.51,53.48,14,2,3,3,2,2,0,7,Egresado,12.0,6.0,282,5,8,1,3,0,-6.9,295.84,3,0,3,0,2,0,0,5554036c-f938-40b8-b8a2-4e8c5dea7228,4bfc2139-1f2b-47d7-af54-c1a3101dd410,
IBM20210111,2022-1,Ingeniería Biomédica,2021,74.2,74.2,1,0,0,6.0,2.13,73.17,8,3,0,0,0,2,0,1,Regular,6.0,6.0,282,1,3,0,0,0,0.0,4.67,0,0,0,0,1,1,0,b3147b3f-c1b8-4916-8071-f948d6dd2d6c,4bfc2139-1f2b-47d7-af54-c1a3101dd410,
IBM20210111,2022-2,Ingeniería Biomédica,2021,75.87,76.7,2,1,0,13.0,4.61,63.65,13,3,1,1,0,3,0,2,Regular,12.0,7.0,282,2,3,1,1,0,2.5,96.04,1,0,1,0,3,0,0,b3147b3f-c1b8-4916-8071-f948d6dd2d6c,4bfc2139-1f2b-47d7-af54-c1a3101dd410,
IBM20210111,2023-2,Ingeniería Biomédica,2021,77.6,82.8,3,1,0,20.0,7.09,68.35,9,2,2,1,0,4,0,3,Irregular,7.0,7.0,282,3,5,0,1,0,6.93,2.5,1,1,1,1,3,1,0,b3147b3f-c1b8-4916-8071-f948d6dd2d6c,4bfc2139-1f2b-47d7-af54-c1a3101dd410,
IBM20210111,2024-2,Ingeniería Biomédica,2021,79.97,83.13,6,1,0,38.0,13.48,64.72,12,2,2,0,0,2,0,4,Irregular,18.0,18.0,282,4,7,0,1,0,5.53,43.5,1,1,1,2,2,0,0,b3147b3f-c1b8-4916-8071-f948d6dd2d6c,4bfc2139-1f2b-47d7-af54-c1a3101dd410,
IBM20210147,2022-1,Ingeniería Biomédica,2021,50.0,50.0,0,1,0,0.0,0.0,57.15,12,2,4,5,2,1,0,2,Irregular,8.0,0.0,282,1,3,1,1,0,0.0,2.62,2,2,3,2,1,0,0,e444f4bd-4eea-4461-b895-62d87f4f223f,4bfc2139-1f2b-47d7-af54-c1a3101dd410,
IBM20210147,2024-1,Ingeniería Biomédica,2021,64.75,79.5,1,1,0,6.0,2.13,62.1,13,1,1,0,0,3,0,5,Irregular,6.0,6.0,282,2,8,0,1,0,29.5,9.47,1,0,1,0,2,1,0,e444f4bd-4eea-4461-b895-62d87f4f223f,4bfc2139-1f2b-47d7-af54-c1a3101dd410,
IBM20210147,2024-2,Ingeniería Biomédica,2021,59.55,54.35,1,3,0,6.0,2.13,35.93,19,4,5,6,2,5,0,7,Irregular,13.0,0.0,282,3,8,2,3,0,-10.4,200.22,4,1,4,1,3,2,0,e444f4bd-4eea-4461-b895-62d87f4f223f,4bfc2139-1f2b-47d7-af54-c1a3101dd410,
IBM20210151,2024-1,Ingeniería Biomédica,2021,58.8,58.8,0,1,0,0.0,0.0,49.26,17,3,5,4,2,4,0,5,Irregular,4.0,0.0,282,1,8,1,1,0,0.0,2.34,3,2,3,2,2,2,0,06ead294-5697-4135-bd49-0b605f8b3537,4bfc2139-1f2b-47d7-af54-c1a3101dd410,
IBM20210151,2024-2,Ingeniería Biomédica,2021,73.1,80.25,2,1,0,13.0,4.61,67.0,13,3,1,2,0,3,0,5,Irregular,13.0,13.0,282,2,8,0,1,0,21.45,83.72,1,0,1,1,2,1,0,06ead294-5697-4135-bd49-0b605f8b3537,4bfc2139-1f2b-47d7-af54-c1a3101dd410,
IBM20210151,2025-1,Ingeniería Biomédica,2021,77.83,82.57,5,1,0,30.0,10.64,65.86,10,2,2,2,0,1,0,5,Irregular,17.0,17.0,282,3,8,0,1,0,9.47,59.42,1,1,1,2,1,0,0,06ead294-5697-4135-bd49-0b605f8b3537,4bfc2139-1f2b-47d7-af54-c1a3101dd410,
IBM20220096,2022-1,Ingeniería Biomédica,2022,86.4,86.4,1,0,0,7.0,2.48,82.88,5,2,1,0,0,3,0,0,Regular,7.0,7.0,282,1,0,0,0,0,0.0,5.39,0,1,0,1,2,1,0,42e87656-c3a8-49af-bff1-3d58f911d03c,4bfc2139-1f2b-47d7-af54-c1a3101dd410,
IBM20220096,2023-1,Ingeniería Biomédica,2022,88.8,91.2,2,0,0,13.0,4.61,82.15,6,1,1,2,0,2,0,1,Regular,6.0,6.0,282,2,2,0,0,0,4.8,5.98,0,1,0,1,2,0,0,42e87656-c3a8-49af-bff1-3d58f911d03c,4bfc2139-1f2b-47d7-af54-c1a3101dd410,
IBM20220096,2023-2,Ingeniería Biomédica,2022,88.2,87.0,3,0,0,19.0,6.74,81.79,5,1,2,2,0,0,0,1,Regular,6.0,6.0,282,3,2,0,0,0,-1.8,10.0,0,2,0,2,0,0,0,42e87656-c3a8-49af-bff1-3d58f911d03c,4bfc2139-1f2b-47d7-af54-c1a3101dd410,
IBM20220115,2022-1,Ingeniería Biomédica,2022,64.3,64.3,0,1,1,0.0,0.0,70.04,8,3,2,4,0,0,0,1,Irregular,13.0,0.0,282,1,0,1,1,1,0.0,7.08,1,1,1,1,0,0,1,c7ce228a-57bb-44b5-978e-56137e70c180,4bfc2139-1f2b-47d7-af54-c1a3101dd410,
IBM20220115,2023-1,Ingeniería Biomédica,2022,75.45,86.6,1,1,0,6.0,2.13,78.57,7,3,0,2,0,1,0,2,Regular,6.0,6.0,282,2,2,0,1,0,22.3,8.54,0,0,0,0,0,1,0,c7ce228a-57bb-44b5-978e-56137e70c180,4bfc2139-1f2b-47d7-af54-c1a3101dd410,
IBM20220115,2024-1,Ingeniería Biomédica,2022,73.5,69.6,1,2,0,6.0,2.13,65.59,10,2,2,3,0,3,0,4,Irregular,4.0,0.0,282,3,4,1,2,0,-5.85,7.03,2,0,2,0,2,1,0,c7ce228a-57bb-44b5-978e-56137e70c180,4bfc2139-1f2b-47d7-af54-c1a3101dd410,
IBM20220125,2022-2,Ingeniería Biomédica,2022,79.65,79.65,2,0,0,13.0,4.61,83.47,5,0,1,1,0,0,0,0,Regular,13.0,13.0,282,1,1,0,0,0,0.0,8.7,0,1,0,2,0,0,0,99ae2ce0-0e5b-4e50-8651-60c9cea72ff1,4bfc2139-1f2b-47d7-af54-c1a3101dd410,
IBM20220125,2023-1,Ingeniería Biomédica,2022,77.3,72.6,3,0,0,20.0,7.09,80.01,8,1,1,2,0,2,0,1,Regular,7.0,7.0,282,2,2,0,0,0,-7.05,3.63,0,1,0,1,2,0,0,99ae2ce0-0e5b-4e50-8651-60c9cea72ff1,4bfc2139-1f2b-47d7-af54-c1a3101dd410,
IBM20220125,2023-2,Ingeniería Biomédica,2022,80.28,84.75,5,0,0,33.0,11.7,85.25,3,2,0,0,0,2,0,1,Regular,13.0,13.0,282,3,2,0,0,0,7.45,66.42,0,0,0,1,2,0,0,99ae2ce0-0e5b-4e50-8651-60c9cea72ff1,4bfc2139-1f2b-47d7-af54-c1a3101dd410,
IBM20220125,2024-1,Ingeniería Biomédica,2022,80.73,83.0,6,0,0,39.0,13.83,77.36,7,2,0,2,0,0,0,1,Regular,6.0,6.0,282,4,3,0,0,0,2.72,7.34,0,0,0,0,0,0,0,99ae2ce0-0e5b-4e50-8651-60c9cea72ff1,4bfc2139-1f2b-47d7-af54-c1a3101dd410,
IBM20220144,2022-1,Ingeniería Biomédica,2022,64.7,64.7,0,1,1,0.0,0.0,67.49,11,3,3,4,0,3,0,1,Irregular,13.0,0.0,282,1,0,1,1,1,0.0,6.34,1,2,1,2,3,0,1,16449fb9-f74e-4e5f-b166-aac297e2f6da,4bfc2139-1f2b-47d7-af54-c1a3101dd410,
IBM20220144,2022-2,Ingeniería Biomédica,2022,73.7,78.2,1,2,0,6.0,2.13,77.36,9,1,2,3,0,3,0,2,Regular,12.0,6.0,282,2,0,1,2,0,13.5,98.01,1,1,1,1,3,0,0,16449fb9-f74e-4e5f-b166-aac297e2f6da,4bfc2139-1f2b-47d7-af54-c1a3101dd410,
IBM20220144,2023-2,Ingeniería Biomédica,2022,67.33,60.97,1,5,0,6.0,2.13,45.56,18,3,5,6,2,5,0,6,Irregular,17.0,0.0,282,3,2,3,5,0,-12.73,30.95,5,0,5,0,4,1,0,16449fb9-f74e-4e5f-b166-aac297e2f6da,4bfc2139-1f2b-47d7-af54-c1a3101dd410,
IBM20220185,2022-1,Ingeniería Biomédica,2022,60.6,60.6,0,1,0,0.0,0.0,72.94,8,1,2,4,0,3,0,1,Irregular,7.0,0.0,282,1,0,1,1,0,0.0,2.73,2,0,2,0,2,1,0,5b67f8f4-6f97-4e1b-8af4-3060553b8274,4bfc2139-1f2b-47d7-af54-c1a3101dd410,
IBM20220185,2023-1,Ingeniería Biomédica,2022,67.43,70.85,1,2,0,7.0,2.48,67.87,9,3,4,2,0,3,0,3,Irregular,13.0,7.0,282,2,2,1,2,0,10.25,150.06,2,2,2,2,3,0,0,5b67f8f4-6f97-4e1b-8af4-3060553b8274,4bfc2139-1f2b-47d7-af54-c1a3101dd410,
IBM20220185,2024-1,Ingeniería Biomédica,2022,68.62,69.8,2,4,0,13.0,4.61,52.84,16,4,5,4,2,3,0,6,Irregular,16.0,6.0,282,3,4,2,4,0,2.37,50.43,3,2,3,2,2,1,0,5b67f8f4-6f97-4e1b-8af4-3060553b8274,4bfc2139-1f2b-47d7-af54-c1a3101dd410,
IBM20220185,2024-2,Ingeniería Biomédica,2022,69.21,72.8,3,4,0,17.0,6.03,59.49,14,2,2,1,1,5,0,6,Irregular,4.0,4.0,282,4,4,0,4,0,4.18,3.76,2,0,2,0,3,2,0,5b67f8f4-6f97-4e1b-8af4-3060553b8274,4bfc2139-1f2b-47d7-af54-c1a3101dd410,
IBM20220185,2025-1,Ingeniería Biomédica,2022,68.75,65.5,3,5,0,17.0,6.03,53.73,14,3,5,3,2,4,0,7,Irregular,6.0,0.0,282,5,5,1,5,0,-3.71,4.18,3,2,3,2,2,2,0,5b67f8f4-6f97-4e1b-8af4-3060553b8274,4bfc2139-1f2b-47d7-af54-c1a3101dd410,
IBM20220193,2022-2,Ingeniería Biomédica,2022,75.0,75.0,1,0,0,8.0,2.84,77.0,7,0,1,2,0,2,0,0,Regular,8.0,8.0,282,1,1,0,0,0,0.0,5.8,0,1,0,1,2,0,0,0dfe970a-4082-437b-9740-fca0c06ee353,4bfc2139-1f2b-47d7-af54-c1a3101dd410,
IBM20220193,2023-2,Ingeniería Biomédica,2022,75.3,75.6,2,0,0,14.0,4.96,79.78,6,0,0,2,0,1,0,1,Regular,6.0,6.0,282,2,3,0,0,0,0.6,7.16,0,0,0,0,0,1,0,0dfe970a-4082-437b-9740-fca0c06ee353,4bfc2139-1f2b-47d7-af54-c1a3101dd410,
IBM20220193,2024-1,Ingeniería Biomédica,2022,70.22,65.15,3,1,0,20.0,7.09,61.18,11,3,2,2,0,1,0,3,Irregular,12.0,6.0,282,3,4,1,1,0,-10.15,39.06,2,0,2,0,1,0,0,0dfe970a-4082-437b-9740-fca0c06ee353,4bfc2139-1f2b-47d7-af54-c1a3101dd410,
IBM20220193,2024-2,Ingeniería Biomédica,2022,67.42,61.8,3,3,0,20.0,7.09,46.05,16,4,3,3,2,5,0,5,Irregular,10.0,0.0,282,4,4,2,3,0,-8.42,34.81,3,0,3,0,4,1,0,0dfe970a-4082-437b-9740-fca0c06ee353,4bfc2139-1f2b-47d7-af54-c1a3101dd410,
IBM20220193,2025-1,Ingeniería Biomédica,2022,71.36,95.0,4,3,0,26.0,9.22,72.15,8,3,1,0,0,3,0,5,Irregular,6.0,6.0,282,5,5,0,3,0,27.58,7.53,1,0,1,0,2,1,0,0dfe970a-4082-437b-9740-fca0c06ee353,4bfc2139-1f2b-47d7-af54-c1a3101dd410,
IBM20230006,2022-1,Ingeniería Biomédica,2023,72.65,72.65,2,0,0,11.0,3.9,78.84,8,2,1,2,0,1,0,0,Regular,11.0,11.0,282,1,0,0,0,0,0.0,2.1,0,1,0,2,0,1,0,9fe9fcff-5e37-4f12-8c44-622da06aaad8,4bfc2139-1f2b-47d7-af54-c1a3101dd410,
IBM20230006,2022-2,Ingeniería Biomédica,2023,75.65,78.65,4,0,0,23.0,8.16,84.17,7,1,0,0,0,0,0,0,Regular,12.0,12.0,282,2,0,0,0,0,6.0,23.52,0,0,0,1,0,0,0,9fe9fcff-5e37-4f12-8c44-622da06aaad8,4bfc2139-1f2b-47d7-af54-c1a3101dd410,
IBM20230013,2025-1,Ingeniería Biomédica,2023,80.97,80.97,3,0,0,14.0,4.96,77.46,6,1,3,0,0,1,0,3,Egresado,14.0,14.0,282,1,6,0,0,0,0.0,4.41,1,2,1,3,1,0,0,e18ce514-3d46-4a9a-8991-fdbad91eff32,4bfc2139-1f2b-47d7-af54-c1a3101dd410,
IBM20230025,2022-1,Ingeniería Biomédica,2023,71.1,71.1,1,0,0,6.0,2.13,85.17,6,1,2,2,0,2,0,0,Regular,6.0,6.0,282,1,0,0,0,0,0.0,5.19,0,2,0,2,1,1,0,e0fa2ec4-ebd3-4f3c-8d09-6da19cdc5929,4bfc2139-1f2b-47d7-af54-c1a3101dd410,
IBM20230025,2023-1,Ingeniería Biomédica,2023,71.4,71.7,2,0,0,12.0,4.26,80.41,5,0,2,0,0,0,0,0,Regular,6.0,6.0,282,2,0,0,0,0,0.6,2.79,0,2,0,2,0,0,0,e0fa2ec4-ebd3-4f3c-8d09-6da19cdc5929,4bfc2139-1f2b-47d7-af54-c1a3101dd410,
IBM20230025,2023-2,Ingeniería Biomédica,2023,72.07,73.4,3,0,0,19.0,6.74,79.73,5,3,2,2,0,2,0,0,Regular,7.0,7.0,282,3,0,0,0,0,2.0,7.65,0,2,0,2,1,1,0,e0fa2ec4-ebd3-4f3c-8d09-6da19cdc5929,4bfc2139-1f2b-47d7-af54-c1a3101dd410,
IBM20230025,2024-1,Ingeniería Biomédica,2023,78.55,85.03,6,0,0,36.0,12.77,81.93,5,1,2,2,0,1,0,0,Regular,17.0,17.0,282,4,0,0,0,0,12.97,15.78,0,2,0,3,1,0,0,e0fa2ec4-ebd3-4f3c-8d09-6da19cdc5929,4bfc2139-1f2b-47d7-af54-c1a3101dd410,
IBM20230064,2022-1,Ingeniería Biomédica,2023,72.4,72.4,1,0,2,6.0,2.13,80.16,5,1,0,2,0,1,0,0,Regular,19.0,6.0,282,1,0,0,0,2,0.0,4.48,0,0,0,0,1,0,1,d3fb5857-cc93-4fd7-8d13-91e6a53713b7,4bfc2139-1f2b-47d7-af54-c1a3101dd410,
IBM20230064,2022-2,Ingeniería Biomédica,2023,65.45,58.5,1,1,0,6.0,2.13,71.78,9,3,3,4,0,3,0,1,Irregular,6.0,0.0,282,2,0,1,1,0,-13.9,7.25,2,1,2,1,2,1,0,d3fb5857-cc93-4fd7-8d13-91e6a53713b7,4bfc2139-1f2b-47d7-af54-c1a3101dd410,
IBM20230064,2023-1,Ingeniería Biomédica,2023,64.2,61.7,1,2,0,6.0,2.13,62.51,11,1,3,4,0,3,0,2,Irregular,4.0,0.0,282,3,0,1,2,0,-3.75,5.23,2,1,2,1,3,0,0,d3fb5857-cc93-4fd7-8d13-91e6a53713b7,4bfc2139-1f2b-47d7-af54-c1a3101dd410,
IBM20230091,2022-1,Ingeniería Biomédica,2023,70.0,,0,0,1,0.0,0.0,80.2,6,2,1,0,0,0,0,0,Regular,4.0,0.0,282,1,0,0,0,1,,9.89,0,1,0,1,0,0,1,ec5a4afb-6f28-4827-989d-60daf590ff91,4bfc2139-1f2b-47d7-af54-c1a3101dd410,
IBM20230091,2022-2,Ingeniería Biomédica,2023,70.3,70.3,1,0,0,6.0,2.13,81.12,6,1,1,2,0,0,0,0,Regular,6.0,6.0,282,2,0,0,0,0,0.0,4.52,0,1,0,1,0,0,0,ec5a4afb-6f28-4827-989d-60daf590ff91,4bfc2139-1f2b-47d7-af54-c1a3101dd410,
IBM20230091,2023-1,Ingeniería Biomédica,2023,72.5,74.7,2,0,0,12.0,4.26,83.07,7,1,2,1,0,1,0,0,Regular,6.0,6.0,282,3,0,0,0,0,4.4,5.14,0,2,0,2,1,0,0,ec5a4afb-6f28-4827-989d-60daf590ff91,4bfc2139-1f2b-47d7-af54-c1a3101dd410,
IBM20230091,2023-2,Ingeniería Biomédica,2023,75.93,82.8,3,0,0,19.0,6.74,83.31,5,1,0,1,0,2,0,0,Regular,7.0,7.0,282,4,0,0,0,0,10.3,9.97,0,0,0,0,1,1,0,ec5a4afb-6f28-4827-989d-60daf590ff91,4bfc2139-1f2b-47d7-af54-c1a3101dd410,
IBM20230091,2024-1,Ingeniería Biomédica,2023,75.93,75.9,4,0,0,25.0,8.87,84.92,6,2,2,1,0,2,0,0,Regular,6.0,6.0,282,5,0,0,0,0,-0.03,3.85,0,2,0,2,2,0,0,ec5a4afb-6f28-4827-989d-60daf590ff91,4bfc2139-1f2b-47d7-af54-c1a3101dd410,
IBM20230091,2025-1,Ingeniería Biomédica,2023,76.34,78.0,5,0,0,31.0,10.99,84.08,3,1,2,2,0,2,0,0,Regular,6.0,6.0,282,6,1,0,0,0,2.07,3.17,0,2,0,2,1,1,0,ec5a4afb-6f28-4827-989d-60daf590ff91,4bfc2139-1f2b-47d7-af54-c1a3101dd410,
IBM20230131,2022-1,Ingeniería Biomédica,2023,67.7,67.7,1,1,0,7.0,2.48,73.79,7,1,2,3,0,0,0,1,Irregular,13.0,7.0,282,1,0,1,1,0,0.0,64.0,1,1,1,1,0,0,0,0c1ceb94-8c7c-4afe-ace5-c7597c553240,4bfc2139-1f2b-47d7-af54-c1a3101dd410,
IBM20230131,2022-2,Ingeniería Biomédica,2023,69.6,73.4,2,1,0,14.0,4.96,76.88,6,0,2,2,0,1,0,1,Irregular,7.0,7.0,282,2,0,0,1,0,5.7,7.42,0,2,0,2,0,1,0,0c1ceb94-8c7c-4afe-ace5-c7597c553240,4bfc2139-1f2b-47d7-af54-c1a3101dd410,
IBM20230131,2023-2,Ingeniería Biomédica,2023,69.9,70.8,3,1,0,19.0,6.74,81.36,6,0,2,2,0,0,0,1,Irregular,5.0,5.0,282,3,0,0,1,0,1.2,5.21,0,2,0,2,0,0,0,0c1ceb94-8c7c-4afe-ace5-c7597c553240,4bfc2139-1f2b-47d7-af54-c1a3101dd410,
IBM20240003,2022-1,Ingeniería Biomédica,2024,70.0,,0,0,1,0.0,0.0,76.59,7,1,0,1,0,2,0,0,Regular,4.0,0.0,282,1,0,0,0,1,,3.29,0,0,0,0,2,0,1,e3731617-b1ca-41aa-9f6f-057d10ac83b9,4bfc2139-1f2b-47d7-af54-c1a3101dd410,
IBM20240003,2022-2,Ingeniería Biomédica,2024,93.8,93.8,1,0,0,6.0,2.13,86.89,3,2,0,1,0,2,0,0,Regular,6.0,6.0,282,2,0,0,0,0,0.0,8.63,0,0,0,0,2,0,0,e3731617-b1ca-41aa-9f6f-057d10ac83b9,4bfc2139-1f2b-47d7-af54-c1a3101dd410,
IBM20240003,2023-1,Ingeniería Biomédica,2024,88.9,84.0,2,0,0,12.0,4.26,84.41,7,2,1,1,0,3,0,0,Regular,6.0,6.0,282,3,0,0,0,0,-9.8,8.69,0,1,0,1,2,1,0,e3731617-b1ca-41aa-9f6f-057d10ac83b9,4bfc2139-1f2b-47d7-af54-c1a3101dd410,
IBM20240037,2022-1,Ingeniería Biomédica,2024,75.6,75.6,1,1,0,4.0,1.42,75.98,7,0,3,3,0,1,0,1,Regular,10.0,4.0,282,1,0,1,1,0,0.0,96.04,1,2,1,2,0,1,0,ccc776c2-08d1-46dc-8afe-a231aeddfc06,4bfc2139-1f2b-47d7-af54-c1a3101dd410,
IBM20240037,2022-2,Ingeniería Biomédica,2024,77.1,80.1,2,1,0,9.0,3.19,77.29,6,0,2,2,0,0,0,1,Regular,5.0,5.0,282,2,0,0,1,0,4.5,5.3,0,2,0,2,0,0,0,ccc776c2-08d1-46dc-8afe-a231aeddfc06,4bfc2139-1f2b-47d7-af54-c1a3101dd410,
IBM20240118,2023-1,Ingeniería Biomédica,2024,73.8,73.8,1,2,0,6.0,2.13,66.65,10,3,2,2,1,1,0,2,Regular,17.0,6.0,282,1,0,2,2,0,0.0,74.42,2,0,2,0,1,0,0,8b7df9f1-1633-471d-b700-d154ab9b330a,4bfc2139-1f2b-47d7-af54-c1a3101dd410,
IBM20240118,2025-1,Ingeniería Biomédica,2024,74.22,75.5,2,2,0,12.0,4.26,76.92,6,0,1,2,0,0,0,3,Irregular,6.0,6.0,282,2,2,0,2,0,1.7,5.22,1,0,1,0,0,0,0,8b7df9f1-1633-471d-b700-d154ab9b330a,4bfc2139-1f2b-47d7-af54-c1a3101dd410,
IBM20240137,2022-2,Ingeniería Biomédica,2024,85.25,85.25,2,0,0,12.0,4.26,90.57,2,1,0,1,0,0,0,0,Regular,12.0,12.0,282,1,0,0,0,0,0.0,0.56,0,0,0,1,0,0,0,67b08588-0753-4810-af87-296f555ab2d7,4bfc2139-1f2b-47d7-af54-c1a3101dd410,
IBM20240137,2023-1,Ingeniería Biomédica,2024,80.83,72.0,3,0,0,18.0,6.38,81.13,6,0,2,1,0,3,0,0,Regular,6.0,6.0,282,2,0,0,0,0,-13.25,4.79,0,2,0,2,2,1,0,67b08588-0753-4810-af87-296f555ab2d7,4bfc2139-1f2b-47d7-af54-c1a3101dd410,
IBM20240145,2022-1,Ingeniería Biomédica,2024,70.0,,0,0,1,0.0,0.0,78.91,7,1,1,2,0,1,0,0,Regular,6.0,0.0,282,1,0,0,0,1,,6.44,0,1,0,1,0,1,1,ba6e2a2a-ae32-438b-932f-bf6f532d9e5a,4bfc2139-1f2b-47d7-af54-c1a3101dd410,
IBM20240145,2022-2,Ingeniería Biomédica,2024,95.4,95.4,1,0,0,4.0,1.42,88.67,5,2,2,2,0,2,0,0,Regular,4.0,4.0,282,2,0,0,0,0,0.0,7.59,0,2,0,2,1,1,0,ba6e2a2a-ae32-438b-932f-bf6f532d9e5a,4bfc2139-1f2b-47d7-af54-c1a3101dd410,
IBM20240145,2023-2,Ingeniería Biomédica,2024,84.9,74.4,2,0,0,8.0,2.84,77.0,6,2,1,2,0,3,0,0,Regular,4.0,4.0,282,3,0,0,0,0,-21.0,2.29,0,1,0,1,2,1,0,ba6e2a2a-ae32-438b-932f-bf6f532d9e5a,4bfc2139-1f2b-47d7-af54-c1a3101dd410,
IBM20240145,2024-1,Ingeniería Biomédica,2024,83.83,81.7,3,0,0,14.0,4.96,81.35,6,1,0,0,0,1,0,0,Regular,6.0,6.0,282,4,0,0,0,0,-3.2,3.39,0,0,0,0,0,1,0,ba6e2a2a-ae32-438b-932f-bf6f532d9e5a,4bfc2139-1f2b-47d7-af54-c1a3101dd410,
IBM20240161,2022-1,Ingeniería Biomédica,2024,56.2,56.2,0,1,0,0.0,0.0,66.62,10,2,3,2,0,1,0,1,Irregular,6.0,0.0,282,1,0,1,1,0,0.0,7.13,2,1,2,1,1,0,0,98c7e2ac-3d06-46aa-800a-3cd9724316e1,4bfc2139-1f2b-47d7-af54-c1a3101dd410,
IBM20240161,2022-2,Ingeniería Biomédica,2024,64.15,72.1,1,1,1,4.0,1.42,78.3,5,2,0,0,0,3,0,1,Irregular,8.0,4.0,282,2,0,0,1,1,15.9,5.12,0,0,0,0,2,1,1,98c7e2ac-3d06-46aa-800a-3cd9724316e1,4bfc2139-1f2b-47d7-af54-c1a3101dd410,
IBM20240161,2023-1,Ingeniería Biomédica,2024,68.17,76.2,2,1,0,10.0,3.55,82.51,6,2,2,2,0,1,0,1,Irregular,6.0,6.0,282,3,0,0,1,0,12.05,5.1,0,2,0,2,1,0,0,98c7e2ac-3d06-46aa-800a-3cd9724316e1,4bfc2139-1f2b-47d7-af54-c1a3101dd410,
IBM20240169,2022-1,Ingeniería Biomédica,2024,70.0,,0,0,1,0.0,0.0,79.9,6,0,1,2,0,0,0,0,Regular,6.0,0.0,282,1,0,0,0,1,,9.94,0,1,0,1,0,0,1,61e0ae2a-64a5-4b1f-94b5-1cce1c07d5ce,4bfc2139-1f2b-47d7-af54-c1a3101dd410,
IBM20240169,2023-1,Ingeniería Biomédica,2024,62.8,62.8,0,1,0,0.0,0.0,64.29,10,1,2,2,0,2,0,1,Irregular,7.0,0.0,282,2,0,1,1,0,0.0,3.39,1,1,1,1,2,0,0,61e0ae2a-64a5-4b1f-94b5-1cce1c07d5ce,4bfc2139-1f2b-47d7-af54-c1a3101dd410,
IBM20240169,2023-2,Ingeniería Biomédica,2024,69.37,72.65,1,2,0,7.0,2.48,73.28,7,2,3,1,0,1,0,2,Irregular,11.0,7.0,282,3,0,1,2,0,9.85,23.52,1,2,1,2,0,1,0,61e0ae2a-64a5-4b1f-94b5-1cce1c07d5ce,4bfc2139-1f2b-47d7-af54-c1a3101dd410,
IBM20240169,2024-1,Ingeniería Biomédica,2024,70.03,72.0,2,2,0,14.0,4.96,72.1,8,3,1,1,0,2,0,2,Regular,7.0,7.0,282,4,0,0,2,0,2.63,2.7,0,1,0,1,1,1,0,61e0ae2a-64a5-4b1f-94b5-1cce1c07d5ce,4bfc2139-1f2b-47d7-af54-c1a3101dd410,
IBM20240169,2024-2,Ingeniería Biomédica,2024,70.28,71.3,3,2,0,20.0,7.09,74.38,7,2,2,1,0,0,0,2,Regular,6.0,6.0,282,5,0,0,2,0,1.27,9.16,0,2,0,2,0,0,0,61e0ae2a-64a5-4b1f-94b5-1cce1c07d5ce,4bfc2139-1f2b-47d7-af54-c1a3101dd410,
IBM20240190,2022-1,Ingeniería Biomédica,2024,98.6,98.6,1,0,2,6.0,2.13,94.2,4,1,2,1,0,1,0,0,Regular,14.0,6.0,282,1,0,0,0,2,0.0,5.87,0,2,0,2,0,1,1,9030f3c1-2e57-4e8e-b189-e4dca795ab8e,4bfc2139-1f2b-47d7-af54-c1a3101dd410,
IBM20240198,2022-1,Ingeniería Biomédica,2024,46.3,46.3,0,1,0,0.0,0.0,61.24,12,3,3,4,0,4,0,1,Irregular,6.0,0.0,282,1,0,1,1,0,0.0,8.99,2,1,2,1,3,1,0,7dd7b738-ec3a-4167-a5ac-fa39f2df2e9f,4bfc2139-1f2b-47d7-af54-c1a3101dd410,
IBM20240198,2023-1,Ingeniería Biomédica,2024,66.4,76.45,2,1,0,11.0,3.9,79.64,8,1,1,2,0,2,0,1,Irregular,11.0,11.0,282,2,0,0,1,0,30.15,9.92,0,1,0,2,2,0,0,7dd7b738-ec3a-4167-a5ac-fa39f2df2e9f,4bfc2139-1f2b-47d7-af54-c1a3101dd410,
IBM20240198,2023-2,Ingeniería Biomédica,2024,62.17,49.5,2,2,0,11.0,3.9,59.67,13,2,4,4,2,2,0,2,Irregular,7.0,0.0,282,3,0,1,2,0,-16.9,5.82,2,2,3,2,2,0,0,7dd7b738-ec3a-4167-a5ac-fa39f2df2e9f,4bfc2139-1f2b-47d7-af54-c1a3101dd410,
IBM20240198,2024-1,Ingeniería Biomédica,2024,64.25,68.4,3,3,0,17.0,6.03,69.09,11,1,2,3,0,2,0,3,Irregular,12.0,6.0,282,4,0,1,3,0,6.23,125.44,2,0,2,0,1,1,0,7dd7b738-ec3a-4167-a5ac-fa39f2df2e9f,4bfc2139-1f2b-47d7-af54-c1a3101dd410,
IDS20200012,2022-1,Ingeniería en Desarrollo de Software,2020,68.1,68.1,0,1,1,0.0,0.0,60.8,11,1,4,1,0,3,0,4,Irregular,12.0,0.0,270,1,6,1,1,1,0.0,3.16,2,2,2,2,2,1,1,71dd5d49-fd08-4b4a-bd8c-1ff34cfb8367,b055337f-2a07-447d-8138-9163aee34a3b,
IDS20200012,2023-1,Ingeniería en Desarrollo de Software,2020,76.1,84.1,1,1,0,6.0,2.22,64.87,10,1,2,1,0,4,0,5,Irregular,6.0,6.0,270,2,8,0,1,0,16.0,7.48,1,1,1,1,3,1,0,71dd5d49-fd08-4b4a-bd8c-1ff34cfb8367,b055337f-2a07-447d-8138-9163aee34a3b,
IDS20200012,2024-2,Ingeniería en Desarrollo de Software,2020,75.87,75.4,2,1,0,12.0,4.44,66.78,10,2,1,2,0,4,0,5,Irregular,6.0,6.0,270,3,8,0,1,0,-0.7,5.26,1,0,1,0,3,1,0,71dd5d49-fd08-4b4a-bd8c-1ff34cfb8367,b055337f-2a07-447d-8138-9163aee34a3b,
IDS20200012,2025-1,Ingeniería en Desarrollo de Software,2020,77.12,80.9,3,1,0,16.0,5.93,65.47,12,2,3,2,0,2,0,5,Irregular,4.0,4.0,270,4,8,0,1,0,5.03,9.21,1,2,1,2,2,0,0,71dd5d49-fd08-4b4a-bd8c-1ff34cfb8367,b055337f-2a07-447d-8138-9163aee34a3b,
IDS20200026,2022-1,Ingeniería en Desarrollo de Software,2020,70.0,,0,0,1,0.0,0.0,63.51,11,1,3,0,0,4,0,3,Irregular,12.0,0.0,270,1,6,0,0,1,,7.25,1,2,1,2,3,1,1,2fb9ac35-5efb-4d7b-930a-0ff0fcdfa333,b055337f-2a07-447d-8138-9163aee34a3b,
IDS20200026,2022-2,Ingeniería en Desarrollo de Software,2020,65.1,65.1,0,1,0,0.0,0.0,61.62,14,4,3,2,0,2,0,4,Irregular,8.0,0.0,270,2,6,1,1,0,0.0,6.73,2,1,2,1,2,0,0,2fb9ac35-5efb-4d7b-930a-0ff0fcdfa333,b055337f-2a07-447d-8138-9163aee34a3b,
IDS20200026,2024-2,Ingeniería en Desarrollo de Software,2020,71.83,75.2,2,1,0,12.0,4.44,58.38,13,4,2,1,1,2,0,5,Irregular,12.0,12.0,270,3,8,0,1,0,10.1,0.81,1,1,1,2,1,1,0,2fb9ac35-5efb-4d7b-930a-0ff0fcdfa333,b055337f-2a07-447d-8138-9163aee34a3b,
IDS20200026,2025-1,Ingeniería en Desarrollo de Software,2020,70.4,68.25,3,2,0,16.0,5.93,52.84,14,4,4,1,2,5,0,6,Irregular,8.0,4.0,270,4,8,1,2,0,-3.58,74.82,2,2,3,2,3,2,0,2fb9ac35-5efb-4d7b-930a-0ff0fcdfa333,b055337f-2a07-447d-8138-9163aee34a3b,
IDS20200055,2022-1,Ingeniería en Desarrollo de Software,2020,70.0,,0,0,1,0.0,0.0,67.45,12,0,1,1,0,3,0,3,Irregular,7.0,0.0,270,1,6,0,0,1,,7.19,1,0,1,0,2,1,1,b89038f2-3593-4035-a1d7-747c74c06aa2,b055337f-2a07-447d-8138-9163aee34a3b,
IDS20200055,2022-2,Ingeniería en Desarrollo de Software,2020,83.3,83.3,1,0,0,4.0,1.48,71.67,9,3,2,2,0,4,0,3,Irregular,4.0,4.0,270,2,6,0,0,0,0.0,7.2,1,1,1,1,3,1,0,b89038f2-3593-4035-a1d7-747c74c06aa2,b055337f-2a07-447d-8138-9163aee34a3b,
IDS20200065,2022-1,Ingeniería en Desarrollo de Software,2020,70.0,,0,0,1,0.0,0.0,38.09,18,5,2,0,3,6,0,3,Baja Temporal,7.0,0.0,270,1,6,0,0,1,,6.55,1,1,2,1,4,2,1,0ed086be-5514-4b87-9ed6-4e8f8403ec96,b055337f-2a07-447d-8138-9163aee34a3b,
IDS20200065,2022-2,Ingeniería en Desarrollo de Software,2020,89.0,89.0,1,0,0,4.0,1.48,44.08,17,2,2,1,3,4,0,3,Baja Temporal,4.0,4.0,270,2,6,0,0,0,0.0,7.82,1,1,2,1,2,2,0,0ed086be-5514-4b87-9ed6-4e8f8403ec96,b055337f-2a07-447d-8138-9163aee34a3b,
IDS20200066,2022-1,Ingeniería en Desarrollo de Software,2020,70.0,,0,0,1,0.0,0.0,65.34,10,2,1,2,0,3,0,3,Irregular,6.0,0.0,270,1,6,0,0,1,,4.72,1,0,1,0,2,1,1,73b15453-8066-4fea-9b9b-c60cb56dcbf6,b055337f-2a07-447d-8138-9163aee34a3b,
IDS20200066,2023-1,Ingeniería en Desarrollo de Software,2020,54.6,54.6,0,1,0,0.0,0.0,44.76,18,4,4,3,2,5,0,5,Irregular,8.0,0.0,270,2,8,1,1,0,0.0,8.56,3,1,3,1,4,1,0,73b15453-8066-4fea-9b9b-c60cb56dcbf6,b055337f-2a07-447d-8138-9163aee34a3b,
IDS20200066,2025-1,Ingeniería en Desarrollo de Software,2020,52.33,51.2,0,3,0,0.0,0.0,40.07,17,4,4,6,2,5,0,7,Irregular,10.0,0.0,270,3,8,2,3,0,-3.4,176.89,4,0,4,0,3,2,0,73b15453-8066-4fea-9b9b-c60cb56dcbf6,b055337f-2a07-447d-8138-9163aee34a3b,
IDS20200078,2025-1,Ingeniería en Desarrollo de Software,2020,64.9,64.9,0,1,0,0.0,0.0,51.09,17,3,3,2,2,4,0,5,Irregular,4.0,0.0,270,1,8,1,1,0,0.0,5.14,2,1,3,1,3,1,0,ab4209c0-9efb-4f38-8a68-89599d0ebc0c,b055337f-2a07-447d-8138-9163aee34a3b,
IDS20200099,2022-1,Ingeniería en Desarrollo de Software,2020,70.0,,0,0,2,0.0,0.0,66.88,11,2,1,1,0,2,0,3,Irregular,12.0,0.0,270,1,6,0,0,2,,7.6,1,0,1,0,2,0,1,111bc459-aa6d-40c0-b69c-89235fc7a772,b055337f-2a07-447d-8138-9163aee34a3b,
IDS20200099,2022-2,Ingeniería en Desarrollo de Software,2020,55.55,55.55,1,1,0,4.0,1.48,52.59,14,3,4,5,2,5,0,4,Irregular,8.0,4.0,270,2,6,1,1,0,0.0,359.1,2,2,3,2,3,2,0,111bc459-aa6d-40c0-b69c-89235fc7a772,b055337f-2a07-447d-8138-9163aee34a3b,
IDS20200101,2024-2,Ingeniería en Desarrollo de Software,2020,69.9,69.9,1,1,0,6.0,2.22,58.67,14,2,2,3,2,3,0,5,Irregular,11.0,6.0,270,1,8,1,1,0,0.0,49.0,2,0,3,0,3,0,0,7773aa82-efd7-4763-864e-44bb47014857,b055337f-2a07-447d-8138-9163aee34a3b,
IDS20200114,2022-1,Ingeniería en Desarrollo de Software,2020,77.9,77.9,1,0,0,6.0,2.22,66.53,13,1,3,2,0,2,0,3,Irregular,6.0,6.0,270,1,6,0,0,0,0.0,4.32,1,2,1,2,1,1,0,7cb1c2f2-6e94-47bc-b7e5-7fda44f26eb3,b055337f-2a07-447d-8138-9163aee34a3b,
IDS20200114,2023-1,Ingeniería en Desarrollo de Software,2020,72.0,69.05,2,1,0,10.0,3.7,54.93,14,2,2,3,2,2,0,5,Irregular,10.0,4.0,270,2,8,1,1,0,-8.85,7.56,2,0,3,0,2,0,0,7cb1c2f2-6e94-47bc-b7e5-7fda44f26eb3,b055337f-2a07-447d-8138-9163aee34a3b,
IDS20200114,2023-2,Ingeniería en Desarrollo de Software,2020,71.1,68.4,2,2,0,10.0,3.7,53.93,13,4,4,2,2,3,0,6,Irregular,4.0,0.0,270,3,8,1,2,0,-3.6,5.2,2,2,3,2,2,1,0,7cb1c2f2-6e94-47bc-b7e5-7fda44f26eb3,b055337f-2a07-447d-8138-9163aee34a3b,
IDS20200117,2022-2,Ingeniería en Desarrollo de Software,2020,90.3,90.3,1,0,0,4.0,1.48,73.65,8,2,1,2,0,2,0,3,Irregular,4.0,4.0,270,1,7,0,0,0,0.0,5.93,1,0,1,0,1,1,0,c945386d-2c28-4b13-8b3e-a7d342982f51,b055337f-2a07-447d-8138-9163aee34a3b,
IDS20200117,2023-2,Ingeniería en Desarrollo de Software,2020,90.05,89.8,2,0,0,11.0,4.07,70.69,9,2,1,0,0,3,0,4,Irregular,7.0,7.0,270,2,8,0,0,0,-0.5,6.84,1,0,1,0,2,1,0,c945386d-2c28-4b13-8b3e-a7d342982f51,b055337f-2a07-447d-8138-9163aee34a3b,
IDS20200152,2022-1,Ingeniería en Desarrollo de Software,2020,72.45,72.45,2,0,0,10.0,3.7,64.25,10,3,1,2,0,2,0,3,Irregular,10.0,10.0,270,1,6,0,0,0,0.0,2.4,1,0,1,1,2,0,0,09ebfb3b-e727-4ae9-b8be-a758a82e0669,b055337f-2a07-447d-8138-9163aee34a3b,
IDS20200152,2022-2,Ingeniería en Desarrollo de Software,2020,64.57,48.8,2,1,0,10.0,3.7,48.37,17,4,5,3,2,5,0,4,Irregular,7.0,0.0,270,2,6,1,1,0,-23.65,5.11,3,2,3,2,4,1,0,09ebfb3b-e727-4ae9-b8be-a758a82e0669,b055337f-2a07-447d-8138-9163aee34a3b,
IDS20200152,2023-1,Ingeniería en Desarrollo de Software,2020,58.16,53.35,2,5,0,10.0,3.7,25.35,22,3,8,7,3,4,0,8,Irregular,24.0,0.0,270,3,7,4,5,0,-11.22,86.87,6,2,6,2,2,2,0,09ebfb3b-e727-4ae9-b8be-a758a82e0669,b055337f-2a07-447d-8138-9163aee34a3b,
IDS20200152,2023-2,Ingeniería en Desarrollo de Software,2020,58.93,64.3,2,6,0,10.0,3.7,46.77,17,2,4,3,2,4,0,9,Irregular,6.0,0.0,270,4,7,1,6,0,6.14,5.96,3,1,3,1,2,2,0,09ebfb3b-e727-4ae9-b8be-a758a82e0669,b055337f-2a07-447d-8138-9163aee34a3b,
IDS20200152,2024-1,Ingeniería en Desarrollo de Software,2020,60.33,71.6,3,6,0,17.0,6.3,54.61,16,2,2,0,1,5,0,10,Irregular,7.0,7.0,270,5,8,0,6,0,12.67,9.54,2,0,2,0,4,1,0,09ebfb3b-e727-4ae9-b8be-a758a82e0669,b055337f-2a07-447d-8138-9163aee34a3b,
IDS20200174,2022-2,Ingeniería en Desarrollo de Software,2020,78.55,78.55,2,0,0,9.0,3.33,65.69,10,1,1,1,0,1,0,3,Irregular,9.0,9.0,270,1,7,0,0,0,0.0,28.62,1,0,1,1,1,0,0,7f89f5bf-0381-4fa1-b3ed-363168edacc0,b055337f-2a07-447d-8138-9163aee34a3b,
IDS20200174,2023-1,Ingeniería en Desarrollo de Software,2020,73.98,69.4,3,1,0,16.0,5.93,53.0,13,3,4,3,2,1,0,5,Irregular,14.0,7.0,270,2,8,1,1,0,-9.15,34.81,2,2,3,2,1,0,0,7f89f5bf-0381-4fa1-b3ed-363168edacc0,b055337f-2a07-447d-8138-9163aee34a3b,
IDS20200191,2022-1,Ingeniería en Desarrollo de Software,2020,69.6,69.6,0,1,0,0.0,0.0,67.11,12,1,4,2,0,3,0,4,Egresado,4.0,0.0,270,1,6,1,1,0,0.0,8.18,2,2,2,2,3,0,0,350f2165-88c0-44da-a845-6015ec96feea,b055337f-2a07-447d-8138-9163aee34a3b,
IDS20200191,2024-1,Ingeniería en Desarrollo de Software,2020,79.6,89.6,1,1,0,5.0,1.85,68.18,12,1,3,0,0,3,0,5,Egresado,5.0,5.0,270,2,8,0,1,0,20.0,9.33,1,2,1,2,2,1,0,350f2165-88c0-44da-a845-6015ec96feea,b055337f-2a07-447d-8138-9163aee34a3b,
IDS20200191,2024-2,Ingeniería en Desarrollo de Software,2020,84.5,94.3,2,1,0,12.0,4.44,73.85,6,0,3,1,0,2,0,5,Egresado,7.0,7.0,270,3,8,0,1,0,14.7,5.85,1,2,1,2,2,0,0,350f2165-88c0-44da-a845-6015ec96feea,b055337f-2a07-447d-8138-9163aee34a3b,
IDS20200195,2023-1,Ingeniería en Desarrollo de Software,2020,64.9,64.9,0,1,0,0.0,0.0,49.89,15,3,2,4,2,4,0,5,Irregular,6.0,0.0,270,1,8,1,1,0,0.0,4.07,2,0,3,0,2,2,0,83d694ba-d31a-4485-adce-db627c2f0055,b055337f-2a07-447d-8138-9163aee34a3b,
IDS20200195,2023-2,Ingeniería en Desarrollo de Software,2020,76.3,82.0,2,1,0,11.0,4.07,59.99,14,2,3,2,1,3,0,5,Irregular,11.0,11.0,270,2,8,0,1,0,17.1,0.25,1,2,1,2,1,2,0,83d694ba-d31a-4485-adce-db627c2f0055,b055337f-2a07-447d-8138-9163aee34a3b,
IDS20200195,2024-1,Ingeniería en Desarrollo de Software,2020,73.6,65.5,2,2,0,11.0,4.07,49.01,17,3,5,4,2,6,0,6,Irregular,6.0,0.0,270,3,8,1,2,0,-10.8,5.92,3,2,3,2,4,2,0,83d694ba-d31a-4485-adce-db627c2f0055,b055337f-2a07-447d-8138-9163aee34a3b,
IDS20200195,2024-2,Ingeniería en Desarrollo de Software,2020,75.64,83.8,3,2,0,15.0,5.56,67.28,11,2,3,1,0,2,0,6,Irregular,4.0,4.0,270,4,8,0,2,0,10.2,6.91,2,1,2,1,1,1,0,83d694ba-d31a-4485-adce-db627c2f0055,b055337f-2a07-447d-8138-9163aee34a3b,
IDS20210033,2022-1,Ingeniería en Desarrollo de Software,2021,86.7,86.7,1,0,1,6.0,2.22,77.72,8,0,0,0,0,3,0,1,Regular,12.0,6.0,270,1,3,0,0,1,0.0,2.82,0,0,0,0,2,1,1,5e13e4b3-4d0a-40b7-841e-4931f83d0daf,b055337f-2a07-447d-8138-9163aee34a3b,
IDS20210033,2022-2,Ingeniería en Desarrollo de Software,2021,84.1,81.5,2,0,0,13.0,4.81,77.45,7,1,1,2,0,0,0,1,Regular,7.0,7.0,270,2,3,0,0,0,-5.2,5.85,0,1,0,1,0,0,0,5e13e4b3-4d0a-40b7-841e-4931f83d0daf,b055337f-2a07-447d-8138-9163aee34a3b,
IDS20210033,2023-1,Ingeniería en Desarrollo de Software,2021,80.15,76.2,4,0,0,24.0,8.89,70.09,11,2,0,0,0,2,0,2,Regular,11.0,11.0,270,3,4,0,0,0,-7.9,13.69,0,0,0,1,2,0,0,5e13e4b3-4d0a-40b7-841e-4931f83d0daf,b055337f-2a07-447d-8138-9163aee34a3b,
IDS20210033,2024-1,Ingeniería en Desarrollo de Software,2021,80.66,82.7,5,0,0,31.0,11.48,68.12,12,2,3,0,0,3,0,3,Irregular,7.0,7.0,270,4,6,0,0,0,2.55,4.42,1,2,1,2,2,1,0,5e13e4b3-4d0a-40b7-841e-4931f83d0daf,b055337f-2a07-447d-8138-9163aee34a3b,
IDS20210038,2022-1,Ingeniería en Desarrollo de Software,2021,75.4,75.4,1,0,0,7.0,2.59,72.73,8,3,0,0,0,1,0,1,Regular,7.0,7.0,270,1,3,0,0,0,0.0,4.74,0,0,0,0,1,0,0,decdffe5-bf75-4628-b755-2145f15528c2,b055337f-2a07-447d-8138-9163aee34a3b,
IDS20210038,2022-2,Ingeniería en Desarrollo de Software,2021,79.63,81.75,3,0,0,15.0,5.56,80.17,6,1,1,0,0,3,0,1,Regular,8.0,8.0,270,2,3,0,0,0,6.35,24.5,0,1,0,2,2,1,0,decdffe5-bf75-4628-b755-2145f15528c2,b055337f-2a07-447d-8138-9163aee34a3b,
IDS20210041,2022-2,Ingeniería en Desarrollo de Software,2021,79.55,79.55,2,0,0,12.0,4.44,73.76,8,2,1,2,0,2,0,2,Regular,12.0,12.0,270,1,4,0,0,0,0.0,1.56,0,1,0,2,1,1,0,f5ee1de5-dc4a-42d4-b112-09da43e69f3c,b055337f-2a07-447d-8138-9163aee34a3b,
IDS20210041,2023-2,Ingeniería en Desarrollo de Software,2021,81.15,82.75,4,0,0,24.0,8.89,73.02,8,2,1,0,0,2,0,3,Irregular,12.0,12.0,270,2,6,0,0,0,3.2,6.0,1,0,1,1,2,0,0,f5ee1de5-dc4a-42d4-b112-09da43e69f3c,b055337f-2a07-447d-8138-9163aee34a3b,
IDS20210041,2024-2,Ingeniería en Desarrollo de Software,2021,79.6,73.4,5,0,0,30.0,11.11,61.38,12,1,3,0,0,3,0,4,Irregular,6.0,6.0,270,3,8,0,0,0,-7.75,6.08,1,2,1,2,3,0,0,f5ee1de5-dc4a-42d4-b112-09da43e69f3c,b055337f-2a07-447d-8138-9163aee34a3b,
IDS20210041,2025-1,Ingeniería en Desarrollo de Software,2021,80.62,85.7,6,0,0,36.0,13.33,71.74,9,2,1,1,0,1,0,4,Irregular,6.0,6.0,270,4,8,0,0,0,6.1,3.69,1,0,1,0,1,0,0,f5ee1de5-dc4a-42d4-b112-09da43e69f3c,b055337f-2a07-447d-8138-9163aee34a3b,
IDS20210046,2022-1,Ingeniería en Desarrollo de Software,2021,70.0,,0,0,1,0.0,0.0,79.15,7,2,1,0,0,2,0,1,Regular,6.0,0.0,270,1,3,0,0,1,,5.6,0,1,0,1,2,0,1,bd97f370-b002-4842-9e6c-c367ad0df2d8,b055337f-2a07-447d-8138-9163aee34a3b,
IDS20210046,2022-2,Ingeniería en Desarrollo de Software,2021,85.0,85.0,1,0,0,6.0,2.22,81.96,5,2,1,2,0,1,0,1,Regular,6.0,6.0,270,2,3,0,0,0,0.0,7.38,0,1,0,1,1,0,0,bd97f370-b002-4842-9e6c-c367ad0df2d8,b055337f-2a07-447d-8138-9163aee34a3b,
IDS20210046,2023-1,Ingeniería en Desarrollo de Software,2021,78.85,72.7,2,0,0,12.0,4.44,71.01,8,0,2,0,0,3,0,2,Regular,6.0,6.0,270,3,4,0,0,0,-12.3,4.91,0,2,0,2,2,1,0,bd97f370-b002-4842-9e6c-c367ad0df2d8,b055337f-2a07-447d-8138-9163aee34a3b,
IDS20210046,2023-2,Ingeniería en Desarrollo de Software,2021,80.07,82.5,3,0,0,17.0,6.3,76.56,9,0,2,2,0,1,0,2,Regular,5.0,5.0,270,4,4,0,0,0,3.65,4.19,0,2,0,2,1,0,0,bd97f370-b002-4842-9e6c-c367ad0df2d8,b055337f-2a07-447d-8138-9163aee34a3b,
IDS20210046,2024-2,Ingeniería en Desarrollo de Software,2021,80.92,83.5,4,0,0,24.0,8.89,67.02,11,1,2,2,0,2,0,3,Irregular,7.0,7.0,270,5,6,0,0,0,3.43,5.68,1,1,1,1,2,0,0,bd97f370-b002-4842-9e6c-c367ad0df2d8,b055337f-2a07-447d-8138-9163aee34a3b,
IDS20210047,2023-1,Ingeniería en Desarrollo de Software,2021,88.4,88.4,2,0,0,12.0,4.44,72.76,9,3,2,1,0,4,0,3,Irregular,12.0,12.0,270,1,6,0,0,0,0.0,2.25,1,1,1,2,3,1,0,a7c67ed2-88b8-41a3-8fcd-89fd8638111b,b055337f-2a07-447d-8138-9163aee34a3b,
IDS20210047,2023-2,Ingeniería en Desarrollo de Software,2021,85.35,82.3,4,0,0,25.0,9.26,70.88,10,1,1,2,0,1,0,3,Irregular,13.0,13.0,270,2,6,0,0,0,-6.1,29.16,1,0,1,1,1,0,0,a7c67ed2-88b8-41a3-8fcd-89fd8638111b,b055337f-2a07-447d-8138-9163aee34a3b,
IDS20210047,2024-2,Ingeniería en Desarrollo de Software,2021,86.13,87.7,6,0,0,34.0,12.59,71.22,10,1,1,2,0,3,0,4,Irregular,9.0,9.0,270,3,8,0,0,0,2.35,16.0,1,0,1,1,2,1,0,a7c67ed2-88b8-41a3-8fcd-89fd8638111b,b055337f-2a07-447d-8138-9163aee34a3b,
IDS20210047,2025-1,Ingeniería en Desarrollo de Software,2021,86.81,90.9,7,0,0,40.0,14.81,72.62,8,2,2,0,0,2,0,4,Irregular,6.0,6.0,270,4,8,0,0,0,4.77,4.66,1,1,1,1,1,1,0,a7c67ed2-88b8-41a3-8fcd-89fd8638111b,b055337f-2a07-447d-8138-9163aee34a3b,
IDS20210050,2022-1,Ingeniería en Desarrollo de Software,2021,70.0,,0,0,2,0.0,0.0,74.41,7,0,2,2,0,3,0,1,Regular,10.0,0.0,270,1,3,0,0,2,,9.51,0,2,0,2,2,1,1,2c5ef5cf-1eee-48b7-96f1-d1c09b343b9e,b055337f-2a07-447d-8138-9163aee34a3b,
IDS20210050,2022-2,Ingeniería en Desarrollo de Software,2021,70.0,,0,0,1,0.0,0.0,77.11,6,2,0,1,0,2,0,1,Regular,6.0,0.0,270,2,3,0,0,1,,8.82,0,0,0,0,1,1,1,2c5ef5cf-1eee-48b7-96f1-d1c09b343b9e,b055337f-2a07-447d-8138-9163aee34a3b,
IDS20210050,2023-2,Ingeniería en Desarrollo de Software,2021,83.03,83.03,3,0,0,14.0,5.19,71.73,11,3,2,0,0,2,0,2,Regular,14.0,14.0,270,3,5,0,0,0,0.0,1.88,0,2,0,3,2,0,0,2c5ef5cf-1eee-48b7-96f1-d1c09b343b9e,b055337f-2a07-447d-8138-9163aee34a3b,
IDS20210050,2024-1,Ingeniería en Desarrollo de Software,2021,80.53,73.0,4,0,0,21.0,7.78,65.96,10,1,3,0,0,2,0,3,Irregular,7.0,7.0,270,4,6,0,0,0,-10.03,6.01,1,2,1,2,1,1,0,2c5ef5cf-1eee-48b7-96f1-d1c09b343b9e,b055337f-2a07-447d-8138-9163aee34a3b,
IDS20210059,2022-1,Ingeniería en Desarrollo de Software,2021,76.7,76.7,1,0,0,5.0,1.85,73.61,7,3,1,2,0,2,0,1,Regular,5.0,5.0,270,1,3,0,0,0,0.0,7.3,0,1,0,1,2,0,0,30809b7c-a4fc-45f7-a68d-d08d050b4964,b055337f-2a07-447d-8138-9163aee34a3b,
IDS20210059,2023-2,Ingeniería en Desarrollo de Software,2021,84.3,91.9,2,0,0,11.0,4.07,70.25,10,2,2,1,0,3,0,3,Irregular,6.0,6.0,270,2,6,0,0,0,15.2,8.05,1,1,1,1,3,0,0,30809b7c-a4fc-45f7-a68d-d08d050b4964,b055337f-2a07-447d-8138-9163aee34a3b,
IDS20210059,2024-2,Ingeniería en Desarrollo de Software,2021,83.03,80.5,3,0,0,18.0,6.67,62.98,11,3,2,0,0,4,0,4,Irregular,7.0,7.0,270,3,8,0,0,0,-3.8,6.36,1,1,1,1,3,1,0,30809b7c-a4fc-45f7-a68d-d08d050b4964,b055337f-2a07-447d-8138-9163aee34a3b,
IDS20210068,2023-1,Ingeniería en Desarrollo de Software,2021,50.4,50.4,0,1,0,0.0,0.0,52.97,16,4,5,5,2,3,0,4,Irregular,6.0,0.0,270,1,6,1,1,0,0.0,9.29,3,2,3,2,2,1,0,9f693990-4c35-4560-a172-6944f4a79116,b055337f-2a07-447d-8138-9163aee34a3b,
IDS20210068,2023-2,Ingeniería en Desarrollo de Software,2021,49.0,47.6,0,2,0,0.0,0.0,50.44,18,1,5,4,2,4,0,5,Irregular,6.0,0.0,270,2,6,1,2,0,-2.8,6.33,3,2,3,2,2,2,0,9f693990-4c35-4560-a172-6944f4a79116,b055337f-2a07-447d-8138-9163aee34a3b,
IDS20210068,2024-1,Ingeniería en Desarrollo de Software,2021,51.3,55.9,0,3,0,0.0,0.0,51.93,16,2,3,3,2,4,0,6,Irregular,7.0,0.0,270,3,7,1,3,0,6.9,3.6,3,0,3,0,3,1,0,9f693990-4c35-4560-a172-6944f4a79116,b055337f-2a07-447d-8138-9163aee34a3b,
IDS20210068,2025-1,Ingeniería en Desarrollo de Software,2021,53.4,59.7,0,4,0,0.0,0.0,40.6,19,2,5,4,2,4,0,8,Irregular,6.0,0.0,270,4,8,1,4,0,8.4,2.06,3,2,3,2,2,2,0,9f693990-4c35-4560-a172-6944f4a79116,b055337f-2a07-447d-8138-9163aee34a3b,
IDS20210085,2022-1,Ingeniería en Desarrollo de Software,2021,87.8,87.8,1,0,0,6.0,2.22,85.52,5,0,1,0,0,2,0,1,Regular,6.0,6.0,270,1,3,0,0,0,0.0,8.75,0,1,0,1,2,0,0,26680bfa-5482-453e-87ea-299967da990f,b055337f-2a07-447d-8138-9163aee34a3b,
IDS20210085,2022-2,Ingeniería en Desarrollo de Software,2021,87.03,86.65,3,0,0,18.0,6.67,83.91,6,1,1,2,0,2,0,1,Regular,12.0,12.0,270,2,3,0,0,0,-1.15,1.56,0,1,0,2,1,1,0,26680bfa-5482-453e-87ea-299967da990f,b055337f-2a07-447d-8138-9163aee34a3b,
IDS20210085,2024-1,Ingeniería en Desarrollo de Software,2021,83.25,71.9,4,0,0,23.0,8.52,69.49,8,3,2,1,0,2,0,3,Irregular,5.0,5.0,270,3,7,0,0,0,-15.13,3.72,1,1,1,1,1,1,0,26680bfa-5482-453e-87ea-299967da990f,b055337f-2a07-447d-8138-9163aee34a3b,
IDS20210085,2024-2,Ingeniería en Desarrollo de Software,2021,83.1,82.5,5,0,0,27.0,10.0,68.84,8,1,3,0,0,1,0,3,Irregular,4.0,4.0,270,4,7,0,0,0,-0.75,3.72,1,2,1,2,0,1,0,26680bfa-5482-453e-87ea-299967da990f,b055337f-2a07-447d-8138-9163aee34a3b,
IDS20210085,2025-1,Ingeniería en Desarrollo de Software,2021,83.83,87.5,6,0,0,34.0,12.59,65.4,11,2,2,2,0,3,0,4,Irregular,7.0,7.0,270,5,8,0,0,0,4.4,3.12,1,1,1,1,2,1,0,26680bfa-5482-453e-87ea-299967da990f,b055337f-2a07-447d-8138-9163aee34a3b,
IDS20210130,2023-1,Ingeniería en Desarrollo de Software,2021,80.15,80.15,1,1,0,7.0,2.59,61.93,14,2,4,3,0,3,0,4,Irregular,11.0,7.0,270,1,6,1,1,0,0.0,126.56,2,2,2,2,1,2,0,80b35fa4-6e76-4cca-aeb9-aeab6bf3f54b,b055337f-2a07-447d-8138-9163aee34a3b,
IDS20210130,2024-1,Ingeniería en Desarrollo de Software,2021,84.27,92.5,2,1,0,13.0,4.81,69.81,12,1,3,1,0,4,0,5,Irregular,6.0,6.0,270,2,8,0,1,0,12.35,7.26,1,2,1,2,3,1,0,80b35fa4-6e76-4cca-aeb9-aeab6bf3f54b,b055337f-2a07-447d-8138-9163aee34a3b,
IDS20210142,2022-1,Ingeniería en Desarrollo de Software,2021,88.2,88.2,2,0,0,11.0,4.07,79.42,6,2,1,0,0,2,0,1,Regular,11.0,11.0,270,1,3,0,0,0,0.0,139.24,0,1,0,2,2,0,0,a7cecd2c-9831-414d-94fe-07f6e9f32124,b055337f-2a07-447d-8138-9163aee34a3b,
IDS20210142,2022-2,Ingeniería en Desarrollo de Software,2021,87.87,87.2,3,0,0,15.0,5.56,83.81,7,2,0,0,0,1,0,1,Regular,4.0,4.0,270,2,3,0,0,0,-1.0,9.62,0,0,0,0,1,0,0,a7cecd2c-9831-414d-94fe-07f6e9f32124,b055337f-2a07-447d-8138-9163aee34a3b,
IDS20210192,2022-2,Ingeniería en Desarrollo de Software,2021,87.0,87.0,1,0,2,7.0,2.59,72.45,10,1,1,2,0,3,0,2,Regular,19.0,7.0,270,1,4,0,0,2,0.0,5.02,0,1,0,1,3,0,1,d6ee35dd-7814-4f88-8388-bff30bcb6ac7,b055337f-2a07-447d-8138-9163aee34a3b,
IDS20220005,2022-2,Ingeniería en Desarrollo de Software,2022,36.7,36.7,0,1,0,0.0,0.0,54.64,16,3,3,5,2,6,0,1,Irregular,6.0,0.0,270,1,1,1,1,0,0.0,2.63,2,1,3,1,4,2,0,1f0bd803-ced1-4d76-9add-3f4d90529d8e,b055337f-2a07-447d-8138-9163aee34a3b,
IDS20220005,2023-1,Ingeniería en Desarrollo de Software,2022,52.5,68.3,0,2,0,0.0,0.0,62.0,13,1,4,1,0,3,0,3,Irregular,6.0,0.0,270,2,2,1,2,0,31.6,9.61,2,2,2,2,2,1,0,1f0bd803-ced1-4d76-9add-3f4d90529d8e,b055337f-2a07-447d-8138-9163aee34a3b,
IDS20220005,2024-1,Ingeniería en Desarrollo de Software,2022,57.48,62.45,0,4,0,0.0,0.0,45.1,18,2,6,5,2,6,0,6,Irregular,11.0,0.0,270,3,4,2,4,0,9.95,41.6,4,2,4,2,4,2,0,1f0bd803-ced1-4d76-9add-3f4d90529d8e,b055337f-2a07-447d-8138-9163aee34a3b,
IDS20220005,2024-2,Ingeniería en Desarrollo de Software,2022,59.3,62.95,1,5,0,6.0,2.22,55.33,14,2,3,3,2,3,0,7,Irregular,11.0,6.0,270,4,4,1,5,0,5.48,131.1,3,0,3,0,1,2,0,1f0bd803-ced1-4d76-9add-3f4d90529d8e,b055337f-2a07-447d-8138-9163aee34a3b,
IDS20220005,2025-1,Ingeniería en Desarrollo de Software,2022,57.1,50.5,2,6,0,10.0,3.7,43.1,17,4,6,4,2,6,0,8,Irregular,11.0,4.0,270,5,5,1,6,0,-8.8,510.76,4,2,4,2,4,2,0,1f0bd803-ced1-4d76-9add-3f4d90529d8e,b055337f-2a07-447d-8138-9163aee34a3b,
IDS20220014,2022-1,Ingeniería en Desarrollo de Software,2022,75.5,75.5,2,0,0,8.0,2.96,84.09,3,1,2,1,0,0,0,0,Regular,8.0,8.0,270,1,0,0,0,0,0.0,13.69,0,2,0,2,0,0,0,4a6f8cf8-8909-41bc-8b3e-3464d1acfb0d,b055337f-2a07-447d-8138-9163aee34a3b,
IDS20220014,2023-1,Ingeniería en Desarrollo de Software,2022,71.37,63.1,2,1,0,8.0,2.96,65.88,11,1,2,2,0,3,0,2,Regular,5.0,0.0,270,2,2,1,1,0,-12.4,4.01,2,0,2,0,3,0,0,4a6f8cf8-8909-41bc-8b3e-3464d1acfb0d,b055337f-2a07-447d-8138-9163aee34a3b,
IDS20220014,2023-2,Ingeniería en Desarrollo de Software,2022,71.92,73.6,3,1,0,12.0,4.44,70.2,9,3,1,2,0,4,0,2,Regular,4.0,4.0,270,3,2,0,1,0,2.23,9.25,0,1,0,1,3,1,0,4a6f8cf8-8909-41bc-8b3e-3464d1acfb0d,b055337f-2a07-447d-8138-9163aee34a3b,
IDS20220028,2022-2,Ingeniería en Desarrollo de Software,2022,90.9,90.9,2,0,0,10.0,3.7,82.1,6,2,1,1,0,1,0,0,Regular,10.0,10.0,270,1,1,0,0,0,0.0,22.09,0,1,0,2,0,1,0,26821e21-28da-4feb-bb44-8da5ff6546c2,b055337f-2a07-447d-8138-9163aee34a3b,
IDS20220028,2025-1,Ingeniería en Desarrollo de Software,2022,90.12,89.35,4,0,0,20.0,7.41,66.59,10,3,2,2,0,3,0,4,Irregular,10.0,10.0,270,2,8,0,0,0,-1.55,1.56,1,1,1,2,3,0,0,26821e21-28da-4feb-bb44-8da5ff6546c2,b055337f-2a07-447d-8138-9163aee34a3b,
IDS20220034,2023-1,Ingeniería en Desarrollo de Software,2022,82.25,82.25,2,0,0,13.0,4.81,81.04,5,0,2,2,0,3,0,1,Regular,13.0,13.0,270,1,3,0,0,0,0.0,1.32,0,2,0,2,2,1,0,22296342-5281-4ea5-a8ea-e33214b2dd68,b055337f-2a07-447d-8138-9163aee34a3b,
IDS20220034,2023-2,Ingeniería en Desarrollo de Software,2022,79.1,72.8,3,0,0,17.0,6.3,72.26,8,1,1,2,0,2,0,1,Regular,4.0,4.0,270,2,3,0,0,0,-9.45,6.18,0,1,0,1,1,1,0,22296342-5281-4ea5-a8ea-e33214b2dd68,b055337f-2a07-447d-8138-9163aee34a3b,
IDS20220053,2022-1,Ingeniería en Desarrollo de Software,2022,79.5,79.5,1,0,1,7.0,2.59,83.41,7,2,2,0,0,1,0,0,Regular,13.0,7.0,270,1,0,0,0,1,0.0,8.7,0,2,0,2,0,1,1,5b4df978-404e-4f8a-be3f-8eac6369912b,b055337f-2a07-447d-8138-9163aee34a3b,
IDS20220053,2023-1,Ingeniería en Desarrollo de Software,2022,81.93,83.15,3,0,0,15.0,5.56,81.22,7,2,0,1,0,0,0,1,Regular,8.0,8.0,270,2,2,0,0,0,3.65,105.06,0,0,0,1,0,0,0,5b4df978-404e-4f8a-be3f-8eac6369912b,b055337f-2a07-447d-8138-9163aee34a3b,
IDS20220069,2024-1,Ingeniería en Desarrollo de Software,2022,85.4,85.4,1,0,0,6.0,2.22,73.0,11,2,1,1,0,4,0,3,Irregular,6.0,6.0,270,1,6,0,0,0,0.0,3.88,1,0,1,0,3,1,0,899c65dc-ed3d-4be7-bf72-945688ab8faf,b055337f-2a07-447d-8138-9163aee34a3b,
IDS20220069,2024-2,Ingeniería en Desarrollo de Software,2022,85.7,85.85,3,0,0,17.0,6.3,75.83,7,2,2,1,0,2,0,3,Irregular,11.0,11.0,270,2,6,0,0,0,0.45,0.0,1,1,1,2,2,0,0,899c65dc-ed3d-4be7-bf72-945688ab8faf,b055337f-2a07-447d-8138-9163aee34a3b,
IDS20220069,2025-1,Ingeniería en Desarrollo de Software,2022,85.82,86.0,5,0,0,29.0,10.74,70.45,10,1,1,0,0,1,0,3,Irregular,12.0,12.0,270,3,7,0,0,0,0.3,1.96,1,0,1,1,1,0,0,899c65dc-ed3d-4be7-bf72-945688ab8faf,b055337f-2a07-447d-8138-9163aee34a3b,
IDS20220088,2022-1,Ingeniería en Desarrollo de Software,2022,88.6,88.6,1,0,0,6.0,2.22,91.33,1,2,1,0,0,1,0,0,Regular,6.0,6.0,270,1,0,0,0,0,0.0,5.04,0,1,0,1,0,1,0,809c47a5-7174-4d96-bd5a-8e353eb15c5f,b055337f-2a07-447d-8138-9163aee34a3b,
IDS20220088,2022-2,Ingeniería en Desarrollo de Software,2022,91.85,95.1,2,0,0,12.0,4.44,92.42,1,1,2,1,0,2,0,0,Regular,6.0,6.0,270,2,0,0,0,0,6.5,9.61,0,2,0,2,2,0,0,809c47a5-7174-4d96-bd5a-8e353eb15c5f,b055337f-2a07-447d-8138-9163aee34a3b,
IDS20220088,2023-1,Ingeniería en Desarrollo de Software,2022,88.33,81.3,3,0,0,19.0,7.04,81.52,5,2,2,1,0,1,0,0,Regular,7.0,7.0,270,3,1,0,0,0,-10.55,9.32,0,2,0,2,1,0,0,809c47a5-7174-4d96-bd5a-8e353eb15c5f,b055337f-2a07-447d-8138-9163aee34a3b,
IDS20220089,2022-1,Ingeniería en Desarrollo de Software,2022,91.57,91.57,3,0,0,15.0,5.56,86.78,4,0,2,2,0,1,0,0,Regular,15.0,15.0,270,1,0,0,0,0,0.0,25.51,0,2,0,3,0,1,0,6fa6e17c-e103-4706-96e3-81be6392184e,b055337f-2a07-447d-8138-9163aee34a3b,
IDS20220090,2022-1,Ingeniería en Desarrollo de Software,2022,87.6,87.6,1,0,1,6.0,2.22,86.71,5,1,0,2,0,1,0,0,Regular,13.0,6.0,270,1,0,0,0,1,0.0,5.67,0,0,0,0,0,1,1,188b8335-3634-4546-be54-bf4ee79f5dce,b055337f-2a07-447d-8138-9163aee34a3b,
IDS20220090,2023-2,Ingeniería en Desarrollo de Software,2022,82.37,79.75,3,0,0,18.0,6.67,76.29,8,2,0,1,0,3,0,1,Regular,12.0,12.0,270,2,3,0,0,0,-7.85,0.3,0,0,0,1,2,1,0,188b8335-3634-4546-be54-bf4ee79f5dce,b055337f-2a07-447d-8138-9163aee34a3b,
IDS20220090,2024-1,Ingeniería en Desarrollo de Software,2022,81.02,77.0,4,0,0,22.0,8.15,75.22,7,1,1,2,0,0,0,2,Regular,4.0,4.0,270,3,4,0,0,0,-5.37,8.35,0,1,0,1,0,0,0,188b8335-3634-4546-be54-bf4ee79f5dce,b055337f-2a07-447d-8138-9163aee34a3b,
IDS20220110,2022-1,Ingeniería en Desarrollo de Software,2022,73.1,73.1,2,0,0,12.0,4.44,81.29,5,2,1,1,0,3,0,0,Regular,12.0,12.0,270,1,0,0,0,0,0.0,0.16,0,1,0,2,2,1,0,e1515cc9-6e40-4fbc-a611-cc617eb84543,b055337f-2a07-447d-8138-9163aee34a3b,
IDS20220110,2022-2,Ingeniería en Desarrollo de Software,2022,77.5,81.9,4,0,0,22.0,8.15,87.51,2,0,1,2,0,3,0,0,Regular,10.0,10.0,270,2,0,0,0,0,8.8,7.29,0,1,0,2,2,1,0,e1515cc9-6e40-4fbc-a611-cc617eb84543,b055337f-2a07-447d-8138-9163aee34a3b,
IDS20220110,2023-1,Ingeniería en Desarrollo de Software,2022,77.38,76.9,5,0,0,28.0,10.37,82.84,7,2,0,0,0,3,0,0,Regular,6.0,6.0,270,3,1,0,0,0,-0.6,2.52,0,0,0,0,2,1,0,e1515cc9-6e40-4fbc-a611-cc617eb84543,b055337f-2a07-447d-8138-9163aee34a3b,
IDS20220110,2024-1,Ingeniería en Desarrollo de Software,2022,76.15,70.0,6,0,0,35.0,12.96,74.04,9,3,1,1,0,3,0,1,Regular,7.0,7.0,270,4,3,0,0,0,-7.38,4.48,0,1,0,1,2,1,0,e1515cc9-6e40-4fbc-a611-cc617eb84543,b055337f-2a07-447d-8138-9163aee34a3b,
IDS20220110,2024-2,Ingeniería en Desarrollo de Software,2022,75.88,75.05,8,0,0,46.0,17.04,75.25,8,1,1,2,0,0,0,1,Regular,11.0,11.0,270,5,3,0,0,0,-1.1,6.5,0,1,0,2,0,0,0,e1515cc9-6e40-4fbc-a611-cc617eb84543,b055337f-2a07-447d-8138-9163aee34a3b,
IDS20220164,2022-1,Ingeniería en Desarrollo de Software,2022,75.1,75.1,1,0,1,7.0,2.59,86.27,5,1,0,1,0,3,0,0,Regular,13.0,7.0,270,1,0,0,0,1,0.0,9.43,0,0,0,0,2,1,1,655c23c8-ae42-4b30-975d-7ea3e1ad0f4c,b055337f-2a07-447d-8138-9163aee34a3b,
IDS20220164,2022-2,Ingeniería en Desarrollo de Software,2022,74.45,73.8,2,0,0,14.0,5.19,79.66,8,1,1,2,0,0,0,0,Regular,7.0,7.0,270,2,0,0,0,0,-1.3,8.16,0,1,0,1,0,0,0,655c23c8-ae42-4b30-975d-7ea3e1ad0f4c,b055337f-2a07-447d-8138-9163aee34a3b,
IDS20220164,2023-1,Ingeniería en Desarrollo de Software,2022,77.67,80.9,4,0,0,26.0,9.63,81.73,6,0,0,2,0,2,0,0,Regular,12.0,12.0,270,3,1,0,0,0,6.45,1.21,0,0,0,1,2,0,0,655c23c8-ae42-4b30-975d-7ea3e1ad0f4c,b055337f-2a07-447d-8138-9163aee34a3b,
IDS20220164,2023-2,Ingeniería en Desarrollo de Software,2022,75.36,72.27,6,1,0,34.0,12.59,72.49,8,1,2,1,0,3,0,1,Regular,14.0,8.0,270,4,1,1,1,0,-5.41,5.72,1,1,1,1,2,1,0,655c23c8-ae42-4b30-975d-7ea3e1ad0f4c,b055337f-2a07-447d-8138-9163aee34a3b,
IDS20220164,2024-1,Ingeniería en Desarrollo de Software,2022,75.46,76.2,7,1,0,41.0,15.19,78.28,5,2,2,0,0,1,0,2,Regular,7.0,7.0,270,5,2,0,1,0,0.84,7.8,0,2,0,2,1,0,0,655c23c8-ae42-4b30-975d-7ea3e1ad0f4c,b055337f-2a07-447d-8138-9163aee34a3b,
IDS20220181,2022-1,Ingeniería en Desarrollo de Software,2022,90.0,90.0,1,0,0,6.0,2.22,89.05,2,0,2,0,0,1,0,0,Regular,6.0,6.0,270,1,0,0,0,0,0.0,2.1,0,2,0,2,0,1,0,967ed7c9-4edc-4206-8746-3bb55a330d9f,b055337f-2a07-447d-8138-9163aee34a3b,
IDS20220181,2022-2,Ingeniería en Desarrollo de Software,2022,82.17,78.25,3,0,0,17.0,6.3,82.74,5,0,2,1,0,0,0,0,Regular,11.0,11.0,270,2,0,0,0,0,-11.75,0.0,0,2,0,2,0,0,0,967ed7c9-4edc-4206-8746-3bb55a330d9f,b055337f-2a07-447d-8138-9163aee34a3b,
IDS20220181,2023-1,Ingeniería en Desarrollo de Software,2022,80.73,79.3,6,0,0,34.0,12.59,79.82,7,3,1,0,0,1,0,0,Regular,17.0,17.0,270,3,1,0,0,0,-2.87,32.72,0,1,0,2,1,0,0,967ed7c9-4edc-4206-8746-3bb55a330d9f,b055337f-2a07-447d-8138-9163aee34a3b,
IDS20220181,2024-1,Ingeniería en Desarrollo de Software,2022,81.2,84.0,7,0,0,38.0,14.07,83.47,6,2,1,2,0,2,0,1,Regular,4.0,4.0,270,4,3,0,0,0,3.27,2.98,0,1,0,1,2,0,0,967ed7c9-4edc-4206-8746-3bb55a330d9f,b055337f-2a07-447d-8138-9163aee34a3b,
IDS20230018,2022-1,Ingeniería en Desarrollo de Software,2023,78.4,78.4,1,0,2,7.0,2.59,80.84,4,0,2,0,0,2,0,0,Regular,15.0,7.0,270,1,0,0,0,2,0.0,3.29,0,2,0,2,2,0,1,461cf9b2-1692-424d-9860-5135de115b6b,b055337f-2a07-447d-8138-9163aee34a3b,
IDS20230022,2022-1,Ingeniería en Desarrollo de Software,2023,70.0,,0,0,1,0.0,0.0,79.03,8,1,1,2,0,2,0,0,Regular,6.0,0.0,270,1,0,0,0,1,,2.57,0,1,0,1,2,0,1,e5cf3679-00f9-410e-bd72-d13ac301e471,b055337f-2a07-447d-8138-9163aee34a3b,
IDS20230022,2022-2,Ingeniería en Desarrollo de Software,2023,70.0,,0,0,1,0.0,0.0,84.91,5,2,0,2,0,2,0,0,Regular,6.0,0.0,270,2,0,0,0,1,,4.22,0,0,0,0,1,1,1,e5cf3679-00f9-410e-bd72-d13ac301e471,b055337f-2a07-447d-8138-9163aee34a3b,
IDS20230022,2023-1,Ingeniería en Desarrollo de Software,2023,84.95,84.95,2,0,0,13.0,4.81,86.5,6,0,0,0,0,2,0,0,Regular,13.0,13.0,270,3,0,0,0,0,0.0,1.56,0,0,0,1,2,0,0,e5cf3679-00f9-410e-bd72-d13ac301e471,b055337f-2a07-447d-8138-9163aee34a3b,
IDS20230022,2024-1,Ingeniería en Desarrollo de Software,2023,82.5,77.6,3,0,0,18.0,6.67,84.45,3,1,0,0,0,2,0,0,Regular,5.0,5.0,270,4,0,0,0,0,-7.35,3.41,0,0,0,0,2,0,0,e5cf3679-00f9-410e-bd72-d13ac301e471,b055337f-2a07-447d-8138-9163aee34a3b,
IDS20230079,2022-1,Ingeniería en Desarrollo de Software,2023,83.92,83.92,4,0,0,25.0,9.26,84.23,3,0,1,1,0,1,0,0,Regular,25.0,25.0,270,1,0,0,0,0,0.0,8.83,0,1,0,2,0,1,0,8611157d-4044-4333-8cc1-81fec2db3dc6,b055337f-2a07-447d-8138-9163aee34a3b,
IDS20230158,2022-1,Ingeniería en Desarrollo de Software,2023,86.9,86.9,2,0,0,12.0,4.44,89.51,1,2,0,0,0,1,0,0,Regular,12.0,12.0,270,1,0,0,0,0,0.0,26.01,0,0,0,1,0,1,0,3dfd2fad-9c08-4a86-b40b-9eb4af15bd93,b055337f-2a07-447d-8138-9163aee34a3b,
IDS20230158,2022-2,Ingeniería en Desarrollo de Software,2023,86.8,86.7,4,0,0,22.0,8.15,84.97,4,0,0,1,0,2,0,0,Regular,10.0,10.0,270,2,0,0,0,0,-0.2,0.09,0,0,0,1,1,1,0,3dfd2fad-9c08-4a86-b40b-9eb4af15bd93,b055337f-2a07-447d-8138-9163aee34a3b,
IDS20230168,2022-1,Ingeniería en Desarrollo de Software,2023,70.0,,0,0,1,0.0,0.0,79.1,6,1,1,0,0,1,0,0,Regular,5.0,0.0,270,1,0,0,0,1,,9.71,0,1,0,1,0,1,1,acced94f-3cfe-4826-94a1-bbe4d59f071c,b055337f-2a07-447d-8138-9163aee34a3b,
IDS20230168,2022-2,Ingeniería en Desarrollo de Software,2023,64.65,64.65,0,2,1,0.0,0.0,61.66,14,1,5,5,1,1,0,2,Irregular,19.0,0.0,270,2,0,2,2,1,0.0,6.0,3,2,3,2,1,0,1,acced94f-3cfe-4826-94a1-bbe4d59f071c,b055337f-2a07-447d-8138-9163aee34a3b,
IDS20230168,2023-1,Ingeniería en Desarrollo de Software,2023,73.25,81.85,2,2,0,13.0,4.81,77.08,9,3,1,1,0,2,0,2,Regular,13.0,13.0,270,3,0,0,2,0,17.2,68.06,0,1,0,2,2,0,0,acced94f-3cfe-4826-94a1-bbe4d59f071c,b055337f-2a07-447d-8138-9163aee34a3b,
IDS20230168,2024-1,Ingeniería en Desarrollo de Software,2023,71.1,62.5,2,3,0,13.0,4.81,64.57,11,2,2,2,0,4,0,3,Irregular,7.0,0.0,270,4,0,1,3,0,-10.75,9.79,2,0,2,0,3,1,0,acced94f-3cfe-4826-94a1-bbe4d59f071c,b055337f-2a07-447d-8138-9163aee34a3b,
IDS20230180,2022-1,Ingeniería en Desarrollo de Software,2023,82.8,82.8,1,0,0,4.0,1.48,82.97,7,1,0,0,0,0,0,0,Regular,4.0,4.0,270,1,0,0,0,0,0.0,7.2,0,0,0,0,0,0,0,d6dc26ee-dad3-4e88-98a5-36fcf1c178f1,b055337f-2a07-447d-8138-9163aee34a3b,
IDS20230180,2023-1,Ingeniería en Desarrollo de Software,2023,83.75,84.7,2,0,0,8.0,2.96,89.19,5,1,0,2,0,3,0,0,Regular,4.0,4.0,270,2,0,0,0,0,1.9,7.83,0,0,0,0,2,1,0,d6dc26ee-dad3-4e88-98a5-36fcf1c178f1,b055337f-2a07-447d-8138-9163aee34a3b,
IDS20230180,2023-2,Ingeniería en Desarrollo de Software,2023,84.8,86.9,3,0,0,14.0,5.19,85.52,6,1,0,0,0,2,0,0,Regular,6.0,6.0,270,3,0,0,0,0,3.15,7.11,0,0,0,0,1,1,0,d6dc26ee-dad3-4e88-98a5-36fcf1c178f1,b055337f-2a07-447d-8138-9163aee34a3b,
IDS20230183,2022-2,Ingeniería en Desarrollo de Software,2023,71.2,71.2,1,1,0,6.0,2.22,71.57,10,1,3,3,0,2,0,1,Regular,10.0,6.0,270,1,0,1,1,0,0.0,40.96,1,2,1,2,2,0,0,7af333f2-6969-44a9-b0d0-78cf77bd5912,b055337f-2a07-447d-8138-9163aee34a3b,
IDS20230183,2023-2,Ingeniería en Desarrollo de Software,2023,69.57,66.3,1,2,0,6.0,2.22,67.32,12,2,2,1,0,3,0,2,Irregular,6.0,0.0,270,2,0,1,2,0,-4.9,9.84,2,0,2,0,3,0,0,7af333f2-6969-44a9-b0d0-78cf77bd5912,b055337f-2a07-447d-8138-9163aee34a3b,
IDS20230183,2024-1,Ingeniería en Desarrollo de Software,2023,69.57,69.6,1,3,0,6.0,2.22,65.28,13,2,2,3,0,3,0,3,Irregular,4.0,0.0,270,3,1,1,3,0,0.03,5.22,2,0,2,0,3,0,0,7af333f2-6969-44a9-b0d0-78cf77bd5912,b055337f-2a07-447d-8138-9163aee34a3b,
IDS20230189,2022-1,Ingeniería en Desarrollo de Software,2023,79.6,79.6,1,0,0,6.0,2.22,80.66,6,1,0,1,0,0,0,0,Regular,6.0,6.0,270,1,0,0,0,0,0.0,9.66,0,0,0,0,0,0,0,59d4e423-72cc-471a-ad72-c6d22c8f84fe,b055337f-2a07-447d-8138-9163aee34a3b,
IDS20230189,2022-2,Ingeniería en Desarrollo de Software,2023,82.7,85.8,2,0,0,12.0,4.44,90.65,2,0,0,2,0,2,0,0,Regular,6.0,6.0,270,2,0,0,0,0,6.2,5.94,0,0,0,0,2,0,0,59d4e423-72cc-471a-ad72-c6d22c8f84fe,b055337f-2a07-447d-8138-9163aee34a3b,
IDS20230189,2023-2,Ingeniería en Desarrollo de Software,2023,82.23,81.3,3,0,0,18.0,6.67,80.54,6,1,0,0,0,2,0,0,Regular,6.0,6.0,270,3,0,0,0,0,-1.4,3.03,0,0,0,0,1,1,0,59d4e423-72cc-471a-ad72-c6d22c8f84fe,b055337f-2a07-447d-8138-9163aee34a3b,
IDS20230189,2024-2,Ingeniería en Desarrollo de Software,2023,84.45,91.1,4,0,0,24.0,8.89,81.75,5,1,0,1,0,1,0,0,Regular,6.0,6.0,270,4,1,0,0,0,8.87,8.99,0,0,0,0,0,1,0,59d4e423-72cc-471a-ad72-c6d22c8f84fe,b055337f-2a07-447d-8138-9163aee34a3b,
IDS20230189,2025-1,Ingeniería en Desarrollo de Software,2023,83.36,82.48,9,0,0,53.0,19.63,82.52,7,1,1,0,0,1,0,1,Regular,29.0,29.0,270,5,2,0,0,0,-1.97,27.75,0,1,0,3,0,1,0,59d4e423-72cc-471a-ad72-c6d22c8f84fe,b055337f-2a07-447d-8138-9163aee34a3b,
IDS20230199,2023-1,Ingeniería en Desarrollo de Software,2023,85.4,85.4,1,0,0,6.0,2.22,83.86,5,0,1,2,0,3,0,0,Regular,6.0,6.0,270,1,0,0,0,0,0.0,2.4,0,1,0,1,2,1,0,3871a5b8-0cf7-4605-a57a-b48e612a4610,b055337f-2a07-447d-8138-9163aee34a3b,
IDS20230199,2023-2,Ingeniería en Desarrollo de Software,2023,84.35,83.3,2,0,0,12.0,4.44,86.9,6,1,1,2,0,3,0,0,Regular,6.0,6.0,270,2,0,0,0,0,-2.1,7.06,0,1,0,1,2,1,0,3871a5b8-0cf7-4605-a57a-b48e612a4610,b055337f-2a07-447d-8138-9163aee34a3b,
IDS20240036,2022-2,Ingeniería en Desarrollo de Software,2024,69.5,69.5,1,1,0,4.0,1.48,66.77,11,1,3,3,0,4,0,1,Irregular,8.0,4.0,270,1,0,1,1,0,0.0,18.49,1,2,1,2,3,1,0,b6821a6e-fda4-44f7-8676-2ae5d182dffd,b055337f-2a07-447d-8138-9163aee34a3b,
IDS20240036,2023-1,Ingeniería en Desarrollo de Software,2024,70.03,71.1,2,1,0,8.0,2.96,73.72,8,0,0,0,0,1,0,1,Regular,4.0,4.0,270,2,0,0,1,0,1.6,2.24,0,0,0,0,1,0,0,b6821a6e-fda4-44f7-8676-2ae5d182dffd,b055337f-2a07-447d-8138-9163aee34a3b,
IDS20240076,2023-1,Ingeniería en Desarrollo de Software,2024,96.6,96.6,1,0,0,6.0,2.22,88.8,6,1,2,0,0,2,0,0,Regular,6.0,6.0,270,1,0,0,0,0,0.0,9.07,0,2,0,2,2,0,0,14aaabd8-4836-4ba5-9477-4c0f70aa052e,b055337f-2a07-447d-8138-9163aee34a3b,
IDS20240076,2023-2,Ingeniería en Desarrollo de Software,2024,82.9,76.05,3,0,0,19.0,7.04,84.95,4,0,0,0,0,2,0,0,Regular,13.0,13.0,270,2,0,0,0,0,-20.55,15.6,0,0,0,1,1,1,0,14aaabd8-4836-4ba5-9477-4c0f70aa052e,b055337f-2a07-447d-8138-9163aee34a3b,
IDS20240076,2024-2,Ingeniería en Desarrollo de Software,2024,80.25,72.3,4,0,0,25.0,9.26,77.27,6,2,0,0,0,3,0,0,Regular,6.0,6.0,270,3,0,0,0,0,-10.6,8.74,0,0,0,0,2,1,0,14aaabd8-4836-4ba5-9477-4c0f70aa052e,b055337f-2a07-447d-8138-9163aee34a3b,
IDS20240104,2022-2,Ingeniería en Desarrollo de Software,2024,75.4,75.4,1,0,0,6.0,2.22,82.98,5,0,2,2,0,2,0,0,Regular,6.0,6.0,270,1,0,0,0,0,0.0,4.7,0,2,0,2,2,0,0,ef5f3fd7-3ede-475a-81cd-5c5954822dcf,b055337f-2a07-447d-8138-9163aee34a3b,
IDS20240104,2023-1,Ingeniería en Desarrollo de Software,2024,72.3,69.2,1,1,0,6.0,2.22,67.35,10,1,2,3,0,4,0,1,Regular,8.0,0.0,270,2,0,1,1,0,-6.2,9.03,1,1,1,1,3,1,0,ef5f3fd7-3ede-475a-81cd-5c5954822dcf,b055337f-2a07-447d-8138-9163aee34a3b,
IDS20240104,2023-2,Ingeniería en Desarrollo de Software,2024,75.85,79.4,3,1,0,17.0,6.3,77.1,8,1,2,1,0,0,0,1,Regular,11.0,11.0,270,3,0,0,1,0,7.1,4.84,0,2,0,2,0,0,0,ef5f3fd7-3ede-475a-81cd-5c5954822dcf,b055337f-2a07-447d-8138-9163aee34a3b,
IDS20240104,2024-1,Ingeniería en Desarrollo de Software,2024,76.9,79.0,5,1,0,27.0,10.0,76.44,9,0,2,2,0,1,0,1,Regular,10.0,10.0,270,4,0,0,1,0,3.15,1.0,0,2,0,2,1,0,0,ef5f3fd7-3ede-475a-81cd-5c5954822dcf,b055337f-2a07-447d-8138-9163aee34a3b,
IDS20240104,2024-2,Ingeniería en Desarrollo de Software,2024,77.16,77.95,7,1,0,39.0,14.44,77.69,6,0,1,0,0,3,0,1,Regular,12.0,12.0,270,5,0,0,1,0,1.05,58.52,0,1,0,2,2,1,0,ef5f3fd7-3ede-475a-81cd-5c5954822dcf,b055337f-2a07-447d-8138-9163aee34a3b,
IDS20240134,2022-2,Ingeniería en Desarrollo de Software,2024,64.2,64.2,0,1,0,0.0,0.0,69.89,9,0,1,2,0,2,0,1,Egresado,6.0,0.0,270,1,0,1,1,0,0.0,3.75,1,0,1,0,1,1,0,1c461503-db47-4aa3-8163-eab6d2706833,b055337f-2a07-447d-8138-9163aee34a3b,
IDS20240134,2023-2,Ingeniería en Desarrollo de Software,2024,71.65,79.1,1,1,0,5.0,1.85,90.53,4,0,1,1,0,1,0,1,Egresado,5.0,5.0,270,2,0,0,1,0,14.9,5.41,0,1,0,1,1,0,0,1c461503-db47-4aa3-8163-eab6d2706833,b055337f-2a07-447d-8138-9163aee34a3b,
IDS20240134,2024-1,Ingeniería en Desarrollo de Software,2024,73.27,76.5,2,1,0,11.0,4.07,80.98,5,2,2,1,0,0,0,1,Egresado,6.0,6.0,270,3,0,0,1,0,4.85,2.49,0,2,0,2,0,0,0,1c461503-db47-4aa3-8163-eab6d2706833,b055337f-2a07-447d-8138-9163aee34a3b,
IDS20240134,2024-2,Ingeniería en Desarrollo de Software,2024,72.78,71.3,3,1,0,17.0,6.3,79.53,7,0,0,2,0,1,0,1,Egresado,6.0,6.0,270,4,0,0,1,0,-1.97,3.64,0,0,0,0,0,1,0,1c461503-db47-4aa3-8163-eab6d2706833,b055337f-2a07-447d-8138-9163aee34a3b,
IDS20240134,2025-1,Ingeniería en Desarrollo de Software,2024,73.5,74.23,4,4,0,21.0,7.78,55.34,14,3,4,4,2,3,0,4,Egresado,23.0,4.0,270,5,0,3,4,0,1.45,140.62,4,0,4,0,3,0,0,1c461503-db47-4aa3-8163-eab6d2706833,b055337f-2a07-447d-8138-9163aee34a3b,
IDS20240154,2022-1,Ingeniería en Desarrollo de Software,2024,70.0,,0,0,1,0.0,0.0,81.23,6,0,2,1,0,0,0,0,Regular,6.0,0.0,270,1,0,0,0,1,,4.11,0,2,0,2,0,0,1,ff010db8-4362-450c-a0b3-761ea0d30516,b055337f-2a07-447d-8138-9163aee34a3b,
IDS20240154,2023-1,Ingeniería en Desarrollo de Software,2024,88.4,88.4,1,0,0,6.0,2.22,85.92,6,2,0,2,0,1,0,0,Regular,6.0,6.0,270,2,0,0,0,0,0.0,4.44,0,0,0,0,1,0,0,ff010db8-4362-450c-a0b3-761ea0d30516,b055337f-2a07-447d-8138-9163aee34a3b,
IDS20240154,2024-1,Ingeniería en Desarrollo de Software,2024,87.25,86.1,2,0,0,12.0,4.44,84.84,4,2,2,0,0,1,0,0,Regular,6.0,6.0,270,3,0,0,0,0,-2.3,3.75,0,2,0,2,1,0,0,ff010db8-4362-450c-a0b3-761ea0d30516,b055337f-2a07-447d-8138-9163aee34a3b,
IDS20240182,2024-1,Ingeniería en Desarrollo de Software,2024,85.2,85.2,1,0,0,7.0,2.59,88.18,6,2,1,1,0,1,0,0,Regular,7.0,7.0,270,1,0,0,0,0,0.0,2.6,0,1,0,1,0,1,0,71d33e15-abb2-4b27-94da-417989542380,b055337f-2a07-447d-8138-9163aee34a3b,
IDS20240182,2024-2,Ingeniería en Desarrollo de Software,2024,80.95,76.7,2,0,0,11.0,4.07,85.05,3,1,0,1,0,2,0,0,Regular,4.0,4.0,270,2,0,0,0,0,-8.5,7.02,0,0,0,0,2,0,0,71d33e15-abb2-4b27-94da-417989542380,b055337f-2a07-447d-8138-9163aee34a3b,
IDS20240182,2025-1,Ingeniería en Desarrollo de Software,2024,80.24,79.77,5,0,0,25.0,9.26,87.33,6,1,2,1,0,2,0,0,Regular,14.0,14.0,270,3,1,0,0,0,-1.18,16.44,0,2,0,3,1,1,0,71d33e15-abb2-4b27-94da-417989542380,b055337f-2a07-447d-8138-9163aee34a3b,
IDS20240187,2022-1,Ingeniería en Desarrollo de Software,2024,73.7,73.7,1,0,0,8.0,2.96,79.56,6,2,2,0,0,2,0,0,Regular,8.0,8.0,270,1,0,0,0,0,0.0,7.61,0,2,0,2,1,1,0,54733087-2952-4d12-8c4c-3a0f047448dc,b055337f-2a07-447d-8138-9163aee34a3b,
IDS20240187,2023-1,Ingeniería en Desarrollo de Software,2024,82.07,86.25,3,0,0,18.0,6.67,83.17,7,2,0,1,0,3,0,0,Regular,10.0,10.0,270,2,0,0,0,0,12.55,30.8,0,0,0,1,2,1,0,54733087-2952-4d12-8c4c-3a0f047448dc,b055337f-2a07-447d-8138-9163aee34a3b,
IDS20240187,2023-2,Ingeniería en Desarrollo de Software,2024,81.82,81.1,4,0,0,25.0,9.26,82.75,5,2,0,0,0,2,0,0,Regular,7.0,7.0,270,3,0,0,0,0,-0.97,9.1,0,0,0,0,2,0,0,54733087-2952-4d12-8c4c-3a0f047448dc,b055337f-2a07-447d-8138-9163aee34a3b,
IDS20240187,2025-1,Ingeniería en Desarrollo de Software,2024,78.45,71.7,5,1,0,32.0,11.85,76.16,8,1,3,3,0,1,0,1,Regular,13.0,7.0,270,4,0,1,1,0,-10.12,6.25,1,2,1,2,1,0,0,54733087-2952-4d12-8c4c-3a0f047448dc,b055337f-2a07-447d-8138-9163aee34a3b,
IEN20200008,2022-1,Ingeniería en Energía,2020,70.0,,0,0,1,0.0,0.0,62.72,11,1,1,2,0,1,0,3,Irregular,7.0,0.0,264,1,6,0,0,1,,6.41,1,0,1,0,1,0,1,48940b67-bdfb-4971-a9f9-6014b81a2812,997b4e3a-0bcc-4cd0-b561-6d1de39ea487,
IEN20200008,2023-1,Ingeniería en Energía,2020,77.65,77.65,2,0,0,9.0,3.41,61.65,12,3,3,0,0,4,0,4,Irregular,9.0,9.0,264,2,8,0,0,0,0.0,19.8,1,2,1,2,3,1,0,48940b67-bdfb-4971-a9f9-6014b81a2812,997b4e3a-0bcc-4cd0-b561-6d1de39ea487,
IEN20200019,2022-1,Ingeniería en Energía,2020,76.4,76.4,1,0,1,6.0,2.27,67.82,12,2,1,0,0,3,0,3,Irregular,10.0,6.0,264,1,6,0,0,1,0.0,6.82,1,0,1,0,2,1,1,dbef8052-a225-498c-b9b7-529fea01ea97,997b4e3a-0bcc-4cd0-b561-6d1de39ea487,
IEN20200019,2022-2,Ingeniería en Energía,2020,76.43,76.45,3,0,0,17.0,6.44,71.71,9,3,2,1,0,3,0,3,Irregular,11.0,11.0,264,2,6,0,0,0,0.05,3.42,1,1,1,2,3,0,0,dbef8052-a225-498c-b9b7-529fea01ea97,997b4e3a-0bcc-4cd0-b561-6d1de39ea487,
IEN20200019,2023-1,Ingeniería en Energía,2020,74.67,69.4,3,1,0,17.0,6.44,53.91,14,3,4,1,2,3,0,4,Irregular,6.0,0.0,264,3,7,1,1,0,-7.03,6.51,2,2,3,2,1,2,0,dbef8052-a225-498c-b9b7-529fea01ea97,997b4e3a-0bcc-4cd0-b561-6d1de39ea487,
IEN20200019,2023-2,Ingeniería en Energía,2020,77.18,87.2,4,1,0,21.0,7.95,66.88,11,3,2,2,0,1,0,4,Irregular,4.0,4.0,264,4,7,0,1,0,12.53,3.83,1,1,1,1,1,0,0,dbef8052-a225-498c-b9b7-529fea01ea97,997b4e3a-0bcc-4cd0-b561-6d1de39ea487,
IEN20200032,2024-2,Ingeniería en Energía,2020,89.6,89.6,2,0,0,11.0,4.17,72.93,7,2,2,1,0,1,0,4,Irregular,11.0,11.0,264,1,8,0,0,0,0.0,0.01,1,1,1,2,1,0,0,39b2fa65-7d09-41a7-9945-69b5b2184379,997b4e3a-0bcc-4cd0-b561-6d1de39ea487,
IEN20200032,2025-1,Ingeniería en Energía,2020,89.03,87.9,3,0,0,17.0,6.44,67.98,11,2,2,1,0,4,0,4,Irregular,6.0,6.0,264,2,8,0,0,0,-1.7,5.06,1,1,1,1,3,1,0,39b2fa65-7d09-41a7-9945-69b5b2184379,997b4e3a-0bcc-4cd0-b561-6d1de39ea487,
IEN20200052,2022-1,Ingeniería en Energía,2020,68.1,68.1,0,1,1,0.0,0.0,62.08,11,3,3,3,0,3,0,4,Irregular,12.0,0.0,264,1,6,1,1,1,0.0,8.78,2,1,2,1,2,1,1,d7bf929a-e3d9-49d6-bc4b-145757bf4573,997b4e3a-0bcc-4cd0-b561-6d1de39ea487,
IEN20200052,2022-2,Ingeniería en Energía,2020,81.95,95.8,1,1,0,5.0,1.89,70.39,10,1,1,2,0,3,0,4,Irregular,5.0,5.0,264,2,6,0,1,0,27.7,5.27,1,0,1,0,2,1,0,d7bf929a-e3d9-49d6-bc4b-145757bf4573,997b4e3a-0bcc-4cd0-b561-6d1de39ea487,
IEN20200052,2023-1,Ingeniería en Energía,2020,79.22,76.5,3,1,0,18.0,6.82,68.4,10,3,1,0,0,2,0,4,Irregular,13.0,13.0,264,3,7,0,1,0,-5.45,5.76,1,0,1,1,2,0,0,d7bf929a-e3d9-49d6-bc4b-145757bf4573,997b4e3a-0bcc-4cd0-b561-6d1de39ea487,
IEN20200052,2023-2,Ingeniería en Energía,2020,78.95,78.4,4,2,0,25.0,9.47,63.15,12,1,2,2,0,3,0,5,Irregular,13.0,7.0,264,4,7,1,2,0,-0.82,158.76,2,0,2,0,3,0,0,d7bf929a-e3d9-49d6-bc4b-145757bf4573,997b4e3a-0bcc-4cd0-b561-6d1de39ea487,
IEN20200052,2024-1,Ingeniería en Energía,2020,80.84,92.2,5,2,0,30.0,11.36,63.7,13,1,3,0,0,4,0,6,Irregular,5.0,5.0,264,5,8,0,2,0,13.25,2.75,2,1,2,1,3,1,0,d7bf929a-e3d9-49d6-bc4b-145757bf4573,997b4e3a-0bcc-4cd0-b561-6d1de39ea487,
IEN20200052,2024-2,Ingeniería en Energía,2020,82.0,90.1,6,2,0,34.0,12.88,69.46,11,0,4,1,0,3,0,6,Irregular,4.0,4.0,264,6,8,0,2,0,9.26,6.85,2,2,2,2,2,1,0,d7bf929a-e3d9-49d6-bc4b-145757bf4573,997b4e3a-0bcc-4cd0-b561-6d1de39ea487,
IEN20200086,2022-1,Ingeniería en Energía,2020,86.75,86.75,2,0,1,12.0,4.55,74.99,7,2,2,1,0,1,0,3,Irregular,18.0,12.0,264,1,6,0,0,1,0.0,44.22,1,1,1,2,1,0,1,e64f2c5d-649a-4248-a1a7-9efebd906d09,997b4e3a-0bcc-4cd0-b561-6d1de39ea487,
IEN20200086,2022-2,Ingeniería en Energía,2020,83.9,81.05,4,0,0,25.0,9.47,68.44,12,0,3,1,0,3,0,3,Irregular,13.0,13.0,264,2,6,0,0,0,-5.7,8.7,1,2,1,2,2,1,0,e64f2c5d-649a-4248-a1a7-9efebd906d09,997b4e3a-0bcc-4cd0-b561-6d1de39ea487,
IEN20200086,2023-2,Ingeniería en Energía,2020,81.23,77.67,7,0,0,41.0,15.53,65.08,11,0,4,2,0,1,0,4,Irregular,16.0,16.0,264,3,8,0,0,0,-6.23,15.3,1,3,1,4,1,0,0,e64f2c5d-649a-4248-a1a7-9efebd906d09,997b4e3a-0bcc-4cd0-b561-6d1de39ea487,
IEN20200086,2024-1,Ingeniería en Energía,2020,81.92,86.8,8,0,0,47.0,17.8,70.04,11,0,3,0,0,3,0,4,Irregular,6.0,6.0,264,4,8,0,0,0,5.57,5.3,1,2,1,2,2,1,0,e64f2c5d-649a-4248-a1a7-9efebd906d09,997b4e3a-0bcc-4cd0-b561-6d1de39ea487,
IEN20200100,2023-1,Ingeniería en Energía,2020,96.3,96.3,1,0,0,5.0,1.89,74.03,9,0,2,0,0,1,0,4,Irregular,5.0,5.0,264,1,8,0,0,0,0.0,4.68,1,1,1,1,1,0,0,4f5e95ae-3544-4aa1-9210-db8ae3dcd814,997b4e3a-0bcc-4cd0-b561-6d1de39ea487,
IEN20200100,2024-2,Ingeniería en Energía,2020,81.7,74.4,2,1,0,11.0,4.17,56.67,12,3,2,3,2,2,0,5,Irregular,10.0,6.0,264,2,8,1,1,0,-21.9,36.0,2,0,3,0,1,1,0,4f5e95ae-3544-4aa1-9210-db8ae3dcd814,997b4e3a-0bcc-4cd0-b561-6d1de39ea487,
IEN20200109,2022-2,Ingeniería en Energía,2020,87.5,87.5,2,0,0,11.0,4.17,71.98,10,1,3,0,0,3,0,3,Irregular,11.0,11.0,264,1,7,0,0,0,0.0,42.25,1,2,1,2,2,1,0,775fb2a0-292e-4d6a-878d-a519a5928b32,997b4e3a-0bcc-4cd0-b561-6d1de39ea487,
IEN20200109,2023-2,Ingeniería en Energía,2020,81.47,69.4,2,1,0,11.0,4.17,50.94,16,3,3,1,2,6,0,5,Irregular,6.0,0.0,264,2,8,1,1,0,-18.1,2.12,2,1,3,1,4,2,0,775fb2a0-292e-4d6a-878d-a519a5928b32,997b4e3a-0bcc-4cd0-b561-6d1de39ea487,
IEN20200109,2024-1,Ingeniería en Energía,2020,79.62,74.1,3,1,0,15.0,5.68,59.8,14,1,2,2,1,1,0,5,Irregular,4.0,4.0,264,3,8,0,1,0,-7.37,7.8,1,1,1,1,1,0,0,775fb2a0-292e-4d6a-878d-a519a5928b32,997b4e3a-0bcc-4cd0-b561-6d1de39ea487,
IEN20200112,2022-1,Ingeniería en Energía,2020,86.9,86.9,1,0,0,6.0,2.27,76.77,9,2,1,1,0,3,0,3,Irregular,6.0,6.0,264,1,6,0,0,0,0.0,5.01,1,0,1,0,3,0,0,07b68851-e743-4452-9d52-b6e19b40065d,997b4e3a-0bcc-4cd0-b561-6d1de39ea487,
IEN20200112,2022-2,Ingeniería en Energía,2020,67.87,58.35,1,2,0,6.0,2.27,46.88,18,3,5,3,2,4,0,5,Irregular,10.0,0.0,264,2,6,2,2,0,-28.55,51.12,4,1,4,1,2,2,0,07b68851-e743-4452-9d52-b6e19b40065d,997b4e3a-0bcc-4cd0-b561-6d1de39ea487,
IEN20200112,2023-1,Ingeniería en Energía,2020,64.48,61.1,2,4,0,10.0,3.79,43.18,17,2,5,3,2,5,0,7,Irregular,16.0,4.0,264,3,7,2,4,0,-6.77,414.42,4,1,4,1,3,2,0,07b68851-e743-4452-9d52-b6e19b40065d,997b4e3a-0bcc-4cd0-b561-6d1de39ea487,
IEN20200121,2022-1,Ingeniería en Energía,2020,78.0,78.0,1,0,0,5.0,1.89,69.04,10,2,1,1,0,3,0,3,Irregular,5.0,5.0,264,1,6,0,0,0,0.0,4.7,1,0,1,0,2,1,0,9621652a-4588-471f-94b4-488baeb2b8d8,997b4e3a-0bcc-4cd0-b561-6d1de39ea487,
IEN20200121,2022-2,Ingeniería en Energía,2020,77.2,76.4,2,0,0,11.0,4.17,65.8,9,1,2,1,0,2,0,3,Irregular,6.0,6.0,264,2,6,0,0,0,-1.6,2.28,1,1,1,1,1,1,0,9621652a-4588-471f-94b4-488baeb2b8d8,997b4e3a-0bcc-4cd0-b561-6d1de39ea487,
IEN20200121,2024-2,Ingeniería en Energía,2020,78.23,80.3,3,0,0,17.0,6.44,68.43,9,2,1,1,0,1,0,4,Irregular,6.0,6.0,264,3,8,0,0,0,3.1,4.4,1,0,1,0,1,0,0,9621652a-4588-471f-94b4-488baeb2b8d8,997b4e3a-0bcc-4cd0-b561-6d1de39ea487,
IEN20200122,2022-1,Ingeniería en Energía,2020,70.93,70.93,1,2,0,6.0,2.27,47.53,18,3,5,2,2,5,0,5,Irregular,18.0,6.0,264,1,6,2,2,0,0.0,59.96,3,2,3,2,3,2,0,70a0a0c3-9a40-494d-9ee9-001b6c8b5606,997b4e3a-0bcc-4cd0-b561-6d1de39ea487,
IEN20200129,2023-1,Ingeniería en Energía,2020,83.6,83.6,2,0,0,11.0,4.17,68.21,9,3,2,1,0,3,0,4,Irregular,11.0,11.0,264,1,8,0,0,0,0.0,96.04,1,1,1,2,2,1,0,7f729d01-29c3-472e-ac12-80545593c348,997b4e3a-0bcc-4cd0-b561-6d1de39ea487,
IEN20200129,2025-1,Ingeniería en Energía,2020,82.02,80.97,5,0,0,27.0,10.23,61.92,14,2,2,2,0,3,0,4,Irregular,16.0,16.0,264,2,8,0,0,0,-2.63,29.8,1,1,1,2,1,2,0,7f729d01-29c3-472e-ac12-80545593c348,997b4e3a-0bcc-4cd0-b561-6d1de39ea487,
IEN20200132,2022-1,Ingeniería en Energía,2020,70.0,,0,0,1,0.0,0.0,71.2,11,2,3,0,0,3,0,3,Irregular,4.0,0.0,264,1,6,0,0,1,,2.75,1,2,1,2,2,1,1,305b62d0-f9d4-46e9-93e5-c020ee455623,997b4e3a-0bcc-4cd0-b561-6d1de39ea487,
IEN20200132,2022-2,Ingeniería en Energía,2020,72.0,72.0,2,0,1,12.0,4.55,65.38,10,1,1,1,0,3,0,3,Irregular,18.0,12.0,264,2,6,0,0,1,0.0,0.09,1,0,1,1,2,1,1,305b62d0-f9d4-46e9-93e5-c020ee455623,997b4e3a-0bcc-4cd0-b561-6d1de39ea487,
IEN20200132,2023-1,Ingeniería en Energía,2020,77.8,83.6,4,0,0,23.0,8.71,69.57,9,2,1,2,0,2,0,3,Irregular,11.0,11.0,264,3,7,0,0,0,11.6,43.56,1,0,1,1,2,0,0,305b62d0-f9d4-46e9-93e5-c020ee455623,997b4e3a-0bcc-4cd0-b561-6d1de39ea487,
IEN20200132,2023-2,Ingeniería en Energía,2020,78.32,80.4,5,0,0,27.0,10.23,68.72,10,2,2,0,0,3,0,3,Irregular,4.0,4.0,264,4,7,0,0,0,2.6,7.79,1,1,1,1,2,1,0,305b62d0-f9d4-46e9-93e5-c020ee455623,997b4e3a-0bcc-4cd0-b561-6d1de39ea487,
IEN20200136,2022-1,Ingeniería en Energía,2020,70.8,70.8,1,0,0,4.0,1.52,62.84,13,1,2,0,0,4,0,3,Irregular,4.0,4.0,264,1,6,0,0,0,0.0,5.95,1,1,1,1,3,1,0,2bd70ccc-63c1-41d1-be54-9daf115e0964,997b4e3a-0bcc-4cd0-b561-6d1de39ea487,
IEN20200136,2022-2,Ingeniería en Energía,2020,76.12,77.9,4,0,0,22.0,8.33,68.91,9,2,3,1,0,4,0,3,Irregular,18.0,18.0,264,2,6,0,0,0,7.1,15.02,1,2,1,3,3,1,0,2bd70ccc-63c1-41d1-be54-9daf115e0964,997b4e3a-0bcc-4cd0-b561-6d1de39ea487,
IEN20200136,2023-1,Ingeniería en Energía,2020,76.55,77.4,6,0,0,33.0,12.5,71.18,9,3,1,0,0,2,0,3,Irregular,11.0,11.0,264,3,7,0,0,0,1.28,0.04,1,0,1,1,2,0,0,2bd70ccc-63c1-41d1-be54-9daf115e0964,997b4e3a-0bcc-4cd0-b561-6d1de39ea487,
IEN20200136,2023-2,Ingeniería en Energía,2020,79.33,96.0,7,0,0,37.0,14.02,78.2,6,1,1,1,0,1,0,3,Irregular,4.0,4.0,264,4,7,0,0,0,19.45,5.37,1,0,1,0,1,0,0,2bd70ccc-63c1-41d1-be54-9daf115e0964,997b4e3a-0bcc-4cd0-b561-6d1de39ea487,
IEN20200143,2022-1,Ingeniería en Energía,2020,70.0,,0,0,2,0.0,0.0,70.73,8,2,1,0,0,0,0,3,Irregular,13.0,0.0,264,1,6,0,0,2,,9.72,1,0,1,0,0,0,1,8525ca9e-a419-42b2-8de6-55dcb302043c,997b4e3a-0bcc-4cd0-b561-6d1de39ea487,
IEN20200143,2022-2,Ingeniería en Energía,2020,71.5,71.5,1,0,0,6.0,2.27,63.06,13,1,2,2,0,4,0,3,Irregular,6.0,6.0,264,2,6,0,0,0,0.0,7.33,1,1,1,1,3,1,0,8525ca9e-a419-42b2-8de6-55dcb302043c,997b4e3a-0bcc-4cd0-b561-6d1de39ea487,
IEN20200143,2023-1,Ingeniería en Energía,2020,74.6,77.7,2,0,0,11.0,4.17,65.71,11,2,3,1,0,1,0,3,Irregular,5.0,5.0,264,3,7,0,0,0,6.2,2.33,1,2,1,2,1,0,0,8525ca9e-a419-42b2-8de6-55dcb302043c,997b4e3a-0bcc-4cd0-b561-6d1de39ea487,
IEN20200143,2023-2,Ingeniería en Energía,2020,82.52,87.8,5,0,0,25.0,9.47,74.76,6,0,2,0,0,1,0,3,Irregular,14.0,14.0,264,4,7,0,0,0,13.2,26.85,1,1,1,2,1,0,0,8525ca9e-a419-42b2-8de6-55dcb302043c,997b4e3a-0bcc-4cd0-b561-6d1de39ea487,
IEN20200160,2022-2,Ingeniería en Energía,2020,67.1,67.1,0,1,0,0.0,0.0,59.96,11,1,3,1,2,3,0,4,Irregular,6.0,0.0,264,1,7,1,1,0,0.0,3.61,2,1,3,1,3,0,0,1b52fb07-813b-411b-a637-cffa753f77a4,997b4e3a-0bcc-4cd0-b561-6d1de39ea487,
IEN20200160,2023-1,Ingeniería en Energía,2020,73.05,79.0,1,1,0,6.0,2.27,67.42,12,3,2,1,0,3,0,5,Irregular,6.0,6.0,264,2,8,0,1,0,11.9,8.66,1,1,1,1,2,1,0,1b52fb07-813b-411b-a637-cffa753f77a4,997b4e3a-0bcc-4cd0-b561-6d1de39ea487,
IEN20200160,2024-1,Ingeniería en Energía,2020,79.33,91.9,2,1,0,12.0,4.55,63.58,11,4,2,2,0,3,0,5,Irregular,6.0,6.0,264,3,8,0,1,0,18.85,5.05,1,1,1,1,3,0,0,1b52fb07-813b-411b-a637-cffa753f77a4,997b4e3a-0bcc-4cd0-b561-6d1de39ea487,
IEN20200162,2022-1,Ingeniería en Energía,2020,82.2,82.2,2,0,2,10.0,3.79,73.24,7,0,3,0,0,2,0,3,Irregular,23.0,10.0,264,1,6,0,0,2,0.0,0.64,1,2,1,2,1,1,1,d6caa811-c255-4bd7-a5c3-e2c34c56149c,997b4e3a-0bcc-4cd0-b561-6d1de39ea487,
IEN20200162,2023-1,Ingeniería en Energía,2020,87.22,92.25,4,0,0,20.0,7.58,69.69,10,2,3,2,0,1,0,4,Irregular,10.0,10.0,264,2,8,0,0,0,10.05,34.22,1,2,1,2,1,0,0,d6caa811-c255-4bd7-a5c3-e2c34c56149c,997b4e3a-0bcc-4cd0-b561-6d1de39ea487,
IEN20200163,2022-1,Ingeniería en Energía,2020,70.0,,0,0,1,0.0,0.0,69.82,8,0,1,1,0,3,0,3,Irregular,5.0,0.0,264,1,6,0,0,1,,5.57,1,0,1,0,2,1,1,2185e954-5c48-4ed0-af64-cc1dd85c4a1a,997b4e3a-0bcc-4cd0-b561-6d1de39ea487,
IEN20200163,2022-2,Ingeniería en Energía,2020,83.6,83.6,1,0,0,8.0,3.03,76.47,8,2,1,1,0,1,0,3,Irregular,8.0,8.0,264,2,6,0,0,0,0.0,8.91,1,0,1,0,0,1,0,2185e954-5c48-4ed0-af64-cc1dd85c4a1a,997b4e3a-0bcc-4cd0-b561-6d1de39ea487,
IEN20200163,2023-2,Ingeniería en Energía,2020,81.8,80.0,2,0,0,14.0,5.3,65.51,12,1,1,2,0,3,0,4,Irregular,6.0,6.0,264,3,8,0,0,0,-3.6,5.67,1,0,1,0,3,0,0,2185e954-5c48-4ed0-af64-cc1dd85c4a1a,997b4e3a-0bcc-4cd0-b561-6d1de39ea487,
IEN20200163,2024-2,Ingeniería en Energía,2020,85.62,88.17,5,0,0,30.0,11.36,71.46,8,3,2,2,0,1,0,4,Irregular,16.0,16.0,264,4,8,0,0,0,6.37,53.18,1,1,1,2,1,0,0,2185e954-5c48-4ed0-af64-cc1dd85c4a1a,997b4e3a-0bcc-4cd0-b561-6d1de39ea487,
IEN20200163,2025-1,Ingeniería en Energía,2020,86.0,86.95,7,0,0,40.0,15.15,72.34,10,3,2,1,0,4,0,4,Irregular,10.0,10.0,264,5,8,0,0,0,1.33,14.06,1,1,1,2,3,1,0,2185e954-5c48-4ed0-af64-cc1dd85c4a1a,997b4e3a-0bcc-4cd0-b561-6d1de39ea487,
IEN20200165,2022-1,Ingeniería en Energía,2020,60.42,60.42,1,3,0,4.0,1.52,12.0,26,6,6,5,4,6,0,6,Baja Temporal,23.0,4.0,264,1,6,3,3,0,0.0,161.38,5,1,6,1,4,2,0,fca9f95f-90a7-495b-a29d-e303616e8ede,997b4e3a-0bcc-4cd0-b561-6d1de39ea487,
IEN20200165,2022-2,Ingeniería en Energía,2020,65.28,75.0,3,3,0,14.0,5.3,28.47,22,3,3,1,3,4,0,6,Baja Temporal,10.0,10.0,264,2,6,0,3,0,14.58,10.24,2,1,3,2,2,2,0,fca9f95f-90a7-495b-a29d-e303616e8ede,997b4e3a-0bcc-4cd0-b561-6d1de39ea487,
IEN20200165,2023-2,Ingeniería en Energía,2020,62.16,52.8,3,5,0,14.0,5.3,12.0,26,6,6,6,4,8,0,9,Baja Temporal,10.0,0.0,264,3,8,2,5,0,-12.48,158.76,5,1,6,1,5,3,0,fca9f95f-90a7-495b-a29d-e303616e8ede,997b4e3a-0bcc-4cd0-b561-6d1de39ea487,
IEN20200166,2022-1,Ingeniería en Energía,2020,75.75,75.75,2,0,0,9.0,3.41,73.34,8,1,3,2,0,1,0,3,Irregular,9.0,9.0,264,1,6,0,0,0,0.0,3.8,1,2,1,2,1,0,0,0ec083d2-b81a-4d3e-a0a2-c2b0f810557d,997b4e3a-0bcc-4cd0-b561-6d1de39ea487,
IEN20200166,2022-2,Ingeniería en Energía,2020,78.78,81.8,4,0,0,21.0,7.95,73.11,7,0,2,0,0,2,0,3,Irregular,12.0,12.0,264,2,6,0,0,0,6.05,2.25,1,1,1,2,1,1,0,0ec083d2-b81a-4d3e-a0a2-c2b0f810557d,997b4e3a-0bcc-4cd0-b561-6d1de39ea487,
IEN20200178,2022-1,Ingeniería en Energía,2020,70.0,,0,0,1,0.0,0.0,66.74,10,3,3,0,0,2,0,3,Irregular,8.0,0.0,264,1,6,0,0,1,,9.14,1,2,1,2,1,1,1,b7cfbf4a-3896-41c0-9868-b4ce1761b79a,997b4e3a-0bcc-4cd0-b561-6d1de39ea487,
IEN20200178,2023-1,Ingeniería en Energía,2020,82.0,82.0,2,0,0,12.0,4.55,62.28,13,4,3,1,0,2,0,4,Irregular,12.0,12.0,264,2,8,0,0,0,0.0,0.04,1,2,1,2,2,0,0,b7cfbf4a-3896-41c0-9868-b4ce1761b79a,997b4e3a-0bcc-4cd0-b561-6d1de39ea487,
IEN20200178,2023-2,Ingeniería en Energía,2020,83.45,84.9,4,0,0,23.0,8.71,68.64,11,1,2,1,0,1,0,4,Irregular,11.0,11.0,264,3,8,0,0,0,2.9,10.89,1,1,1,2,1,0,0,b7cfbf4a-3896-41c0-9868-b4ce1761b79a,997b4e3a-0bcc-4cd0-b561-6d1de39ea487,
IEN20200178,2024-2,Ingeniería en Energía,2020,81.28,76.95,6,0,0,33.0,12.5,66.59,12,2,2,2,0,3,0,4,Irregular,10.0,10.0,264,4,8,0,0,0,-6.5,9.92,1,1,1,2,3,0,0,b7cfbf4a-3896-41c0-9868-b4ce1761b79a,997b4e3a-0bcc-4cd0-b561-6d1de39ea487,
IEN20200178,2025-1,Ingeniería en Energía,2020,79.57,69.3,6,1,0,33.0,12.5,52.73,17,2,4,3,2,4,0,5,Irregular,5.0,0.0,264,5,8,1,1,0,-11.98,2.25,2,2,3,2,2,2,0,b7cfbf4a-3896-41c0-9868-b4ce1761b79a,997b4e3a-0bcc-4cd0-b561-6d1de39ea487,
IEN20200184,2022-1,Ingeniería en Energía,2020,68.9,68.9,0,1,0,0.0,0.0,55.31,15,3,3,1,2,3,0,4,Irregular,5.0,0.0,264,1,6,1,1,0,0.0,6.4,2,1,3,1,1,2,0,aa090f29-aee1-48f1-b877-305a840e5cdc,997b4e3a-0bcc-4cd0-b561-6d1de39ea487,
IEN20200184,2023-1,Ingeniería en Energía,2020,72.9,76.9,1,1,0,6.0,2.27,65.37,12,3,3,0,0,2,0,5,Irregular,6.0,6.0,264,2,8,0,1,0,8.0,7.11,1,2,1,2,2,0,0,aa090f29-aee1-48f1-b877-305a840e5cdc,997b4e3a-0bcc-4cd0-b561-6d1de39ea487,
IEN20200184,2023-2,Ingeniería en Energía,2020,73.93,76.0,2,1,0,12.0,4.55,59.25,14,2,2,0,1,1,0,5,Irregular,6.0,6.0,264,3,8,0,1,0,3.1,6.51,1,1,1,1,1,0,0,aa090f29-aee1-48f1-b877-305a840e5cdc,997b4e3a-0bcc-4cd0-b561-6d1de39ea487,
IEN20200184,2024-1,Ingeniería en Energía,2020,72.5,68.2,2,2,0,12.0,4.55,46.88,18,3,2,3,2,4,0,6,Irregular,6.0,0.0,264,4,8,1,2,0,-5.73,8.45,2,0,3,0,2,2,0,aa090f29-aee1-48f1-b877-305a840e5cdc,997b4e3a-0bcc-4cd0-b561-6d1de39ea487,
IEN20200184,2025-1,Ingeniería en Energía,2020,72.04,70.2,3,2,0,18.0,6.82,60.54,13,1,4,0,0,1,0,6,Irregular,6.0,6.0,264,5,8,0,2,0,-2.3,2.84,2,2,2,2,1,0,0,aa090f29-aee1-48f1-b877-305a840e5cdc,997b4e3a-0bcc-4cd0-b561-6d1de39ea487,
IEN20200186,2022-1,Ingeniería en Energía,2020,95.5,95.5,1,0,2,6.0,2.27,73.26,9,2,1,1,0,2,0,3,Irregular,16.0,6.0,264,1,6,0,0,2,0.0,6.86,1,0,1,0,1,1,1,89b51e40-83b3-4a42-8f2b-30144f51a09a,997b4e3a-0bcc-4cd0-b561-6d1de39ea487,
IEN20210011,2022-1,Ingeniería en Energía,2021,71.9,71.9,1,0,0,6.0,2.27,80.08,7,2,1,1,0,1,0,1,Regular,6.0,6.0,264,1,3,0,0,0,0.0,8.2,0,1,0,1,1,0,0,24f3d6ce-114f-4600-8b53-22759843b68f,997b4e3a-0bcc-4cd0-b561-6d1de39ea487,
IEN20210011,2022-2,Ingeniería en Energía,2021,71.25,70.6,2,0,0,12.0,4.55,78.96,6,2,1,0,0,3,0,1,Regular,6.0,6.0,264,2,3,0,0,0,-1.3,2.01,0,1,0,1,2,1,0,24f3d6ce-114f-4600-8b53-22759843b68f,997b4e3a-0bcc-4cd0-b561-6d1de39ea487,
IEN20210011,2023-2,Ingeniería en Energía,2021,71.1,70.8,3,0,0,18.0,6.82,67.61,9,2,2,0,0,3,0,2,Regular,6.0,6.0,264,3,5,0,0,0,-0.45,9.88,0,2,0,2,2,1,0,24f3d6ce-114f-4600-8b53-22759843b68f,997b4e3a-0bcc-4cd0-b561-6d1de39ea487,
IEN20210011,2024-1,Ingeniería en Energía,2021,74.97,86.6,4,0,0,22.0,8.33,72.32,10,1,1,2,0,4,0,3,Irregular,4.0,4.0,264,4,6,0,0,0,15.5,4.18,1,0,1,0,3,1,0,24f3d6ce-114f-4600-8b53-22759843b68f,997b4e3a-0bcc-4cd0-b561-6d1de39ea487,
IEN20210011,2024-2,Ingeniería en Energía,2021,78.4,82.97,7,0,0,38.0,14.39,71.1,10,2,4,0,0,4,0,3,Irregular,16.0,16.0,264,5,6,0,0,0,7.99,24.87,1,3,1,4,3,1,0,24f3d6ce-114f-4600-8b53-22759843b68f,997b4e3a-0bcc-4cd0-b561-6d1de39ea487,
IEN20210011,2025-1,Ingeniería en Energía,2021,79.03,81.25,9,0,0,48.0,18.18,70.27,9,1,1,2,0,3,0,3,Irregular,10.0,10.0,264,6,7,0,0,0,2.85,49.7,1,0,1,1,2,1,0,24f3d6ce-114f-4600-8b53-22759843b68f,997b4e3a-0bcc-4cd0-b561-6d1de39ea487,
IEN20210035,2022-1,Ingeniería en Energía,2021,70.0,,0,0,1,0.0,0.0,75.47,9,3,2,0,0,2,0,1,Regular,4.0,0.0,264,1,3,0,0,1,,3.88,0,2,0,2,2,0,1,4f7c85ea-9c8e-413d-92c8-c80540c05155,997b4e3a-0bcc-4cd0-b561-6d1de39ea487,
IEN20210035,2022-2,Ingeniería en Energía,2021,78.35,78.35,2,0,0,12.0,4.55,75.27,8,3,2,2,0,2,0,1,Regular,12.0,12.0,264,2,3,0,0,0,0.0,23.52,0,2,0,2,1,1,0,4f7c85ea-9c8e-413d-92c8-c80540c05155,997b4e3a-0bcc-4cd0-b561-6d1de39ea487,
IEN20210035,2023-1,Ingeniería en Energía,2021,78.58,78.8,4,0,0,20.0,7.58,76.72,9,0,2,1,0,3,0,2,Regular,8.0,8.0,264,3,4,0,0,0,0.45,3.61,0,2,0,2,3,0,0,4f7c85ea-9c8e-413d-92c8-c80540c05155,997b4e3a-0bcc-4cd0-b561-6d1de39ea487,
IEN20210035,2023-2,Ingeniería en Energía,2021,79.14,81.4,5,0,0,26.0,9.85,72.48,8,1,0,0,0,0,0,2,Regular,6.0,6.0,264,4,4,0,0,0,2.83,3.32,0,0,0,0,0,0,0,4f7c85ea-9c8e-413d-92c8-c80540c05155,997b4e3a-0bcc-4cd0-b561-6d1de39ea487,
IEN20210040,2022-2,Ingeniería en Energía,2021,65.7,65.7,1,1,1,6.0,2.27,64.46,10,2,2,4,0,3,0,3,Irregular,18.0,6.0,264,1,4,1,1,1,0.0,110.25,2,0,2,0,3,0,1,6feef132-2c52-46fb-a185-ecb3253bf018,997b4e3a-0bcc-4cd0-b561-6d1de39ea487,
IEN20210045,2022-1,Ingeniería en Energía,2021,84.7,84.7,1,0,0,12.0,4.55,83.51,5,0,1,0,0,2,0,1,Regular,12.0,12.0,264,1,3,0,0,0,0.0,4.47,0,1,0,1,2,0,0,314f098e-d7e0-4a59-b1b8-697944492a00,997b4e3a-0bcc-4cd0-b561-6d1de39ea487,
IEN20210045,2022-2,Ingeniería en Energía,2021,82.8,80.9,2,0,0,16.0,6.06,77.42,7,1,0,1,0,0,0,1,Regular,4.0,4.0,264,2,3,0,0,0,-3.8,8.52,0,0,0,0,0,0,0,314f098e-d7e0-4a59-b1b8-697944492a00,997b4e3a-0bcc-4cd0-b561-6d1de39ea487,
IEN20210045,2023-1,Ingeniería en Energía,2021,82.27,81.2,3,0,0,22.0,8.33,76.9,6,2,2,0,0,3,0,2,Regular,6.0,6.0,264,3,4,0,0,0,-1.6,2.17,0,2,0,2,2,1,0,314f098e-d7e0-4a59-b1b8-697944492a00,997b4e3a-0bcc-4cd0-b561-6d1de39ea487,
IEN20210045,2023-2,Ingeniería en Energía,2021,80.95,77.0,4,0,0,28.0,10.61,78.6,8,2,2,2,0,1,0,2,Regular,6.0,6.0,264,4,4,0,0,0,-5.27,8.82,0,2,0,2,0,1,0,314f098e-d7e0-4a59-b1b8-697944492a00,997b4e3a-0bcc-4cd0-b561-6d1de39ea487,
IEN20210045,2024-2,Ingeniería en Energía,2021,78.62,73.95,6,0,0,39.0,14.77,69.53,11,1,3,1,0,2,0,3,Irregular,11.0,11.0,264,5,6,0,0,0,-7.0,14.82,1,2,1,2,1,1,0,314f098e-d7e0-4a59-b1b8-697944492a00,997b4e3a-0bcc-4cd0-b561-6d1de39ea487,
IEN20210045,2025-1,Ingeniería en Energía,2021,78.71,79.0,8,0,0,49.0,18.56,66.04,11,1,1,0,0,2,0,3,Irregular,10.0,10.0,264,6,7,0,0,0,0.38,11.56,1,0,1,1,1,1,0,314f098e-d7e0-4a59-b1b8-697944492a00,997b4e3a-0bcc-4cd0-b561-6d1de39ea487,
IEN20210139,2022-2,Ingeniería en Energía,2021,90.6,90.6,1,0,0,5.0,1.89,77.07,9,0,0,2,0,4,0,2,Regular,5.0,5.0,264,1,4,0,0,0,0.0,9.52,0,0,0,0,3,1,0,0c00e06a-1206-4b42-a96a-b44184a6af99,997b4e3a-0bcc-4cd0-b561-6d1de39ea487,
IEN20210139,2023-1,Ingeniería en Energía,2021,87.65,84.7,2,0,0,10.0,3.79,74.59,8,1,1,0,0,0,0,2,Regular,5.0,5.0,264,2,5,0,0,0,-5.9,7.67,0,1,0,1,0,0,0,0c00e06a-1206-4b42-a96a-b44184a6af99,997b4e3a-0bcc-4cd0-b561-6d1de39ea487,
IEN20210139,2024-1,Ingeniería en Energía,2021,81.98,76.3,4,0,0,21.0,7.95,68.65,9,1,3,0,0,4,0,3,Irregular,11.0,11.0,264,3,7,0,0,0,-11.35,2.25,1,2,1,2,3,1,0,0c00e06a-1206-4b42-a96a-b44184a6af99,997b4e3a-0bcc-4cd0-b561-6d1de39ea487,
IEN20210139,2024-2,Ingeniería en Energía,2021,80.3,73.6,5,0,0,27.0,10.23,64.13,11,3,1,1,0,1,0,3,Irregular,6.0,6.0,264,4,7,0,0,0,-8.38,8.17,1,0,1,0,1,0,0,0c00e06a-1206-4b42-a96a-b44184a6af99,997b4e3a-0bcc-4cd0-b561-6d1de39ea487,
IEN20210139,2025-1,Ingeniería en Energía,2021,79.06,75.95,7,0,0,39.0,14.77,65.86,13,3,2,2,0,3,0,4,Irregular,12.0,12.0,264,5,8,0,0,0,-4.35,6.0,1,1,1,2,2,1,0,0c00e06a-1206-4b42-a96a-b44184a6af99,997b4e3a-0bcc-4cd0-b561-6d1de39ea487,
IEN20210146,2022-1,Ingeniería en Energía,2021,70.0,,0,0,1,0.0,0.0,75.75,10,3,2,2,0,1,0,1,Regular,5.0,0.0,264,1,3,0,0,1,,8.03,0,2,0,2,1,0,1,d58ae10d-01d2-4131-86d5-fc0d030ec540,997b4e3a-0bcc-4cd0-b561-6d1de39ea487,
IEN20210146,2022-2,Ingeniería en Energía,2021,82.7,82.7,1,0,0,8.0,3.03,75.33,7,2,2,2,0,1,0,1,Regular,8.0,8.0,264,2,3,0,0,0,0.0,9.93,0,2,0,2,1,0,0,d58ae10d-01d2-4131-86d5-fc0d030ec540,997b4e3a-0bcc-4cd0-b561-6d1de39ea487,
IEN20210146,2025-1,Ingeniería en Energía,2021,79.1,75.5,2,0,0,14.0,5.3,59.78,15,3,1,2,1,3,0,4,Irregular,6.0,6.0,264,3,8,0,0,0,-7.2,8.77,1,0,1,0,2,1,0,d58ae10d-01d2-4131-86d5-fc0d030ec540,997b4e3a-0bcc-4cd0-b561-6d1de39ea487,
IEN20210159,2022-1,Ingeniería en Energía,2021,57.1,57.1,0,1,0,0.0,0.0,60.75,11,2,3,3,0,2,0,2,Irregular,6.0,0.0,264,1,3,1,1,0,0.0,6.54,2,1,2,1,2,0,0,1aa496df-9b34-46cb-b2f5-be8e0fe5437d,997b4e3a-0bcc-4cd0-b561-6d1de39ea487,
IEN20210159,2022-2,Ingeniería en Energía,2021,57.45,57.8,0,2,0,0.0,0.0,57.78,12,1,3,3,2,2,0,3,Irregular,7.0,0.0,264,2,3,1,2,0,0.7,3.87,2,1,3,1,1,1,0,1aa496df-9b34-46cb-b2f5-be8e0fe5437d,997b4e3a-0bcc-4cd0-b561-6d1de39ea487,
IEN20210159,2023-1,Ingeniería en Energía,2021,65.55,73.65,2,2,0,12.0,4.55,66.59,13,1,2,0,0,2,0,4,Irregular,12.0,12.0,264,3,4,0,2,0,16.2,9.3,1,1,1,2,1,1,0,1aa496df-9b34-46cb-b2f5-be8e0fe5437d,997b4e3a-0bcc-4cd0-b561-6d1de39ea487,
IEN20210175,2022-1,Ingeniería en Energía,2021,70.0,,0,0,2,0.0,0.0,72.55,10,1,1,1,0,4,0,1,Regular,10.0,0.0,264,1,3,0,0,2,,7.34,0,1,0,1,3,1,1,80e23115-50d9-4a68-8df2-9c1f2c356fcc,997b4e3a-0bcc-4cd0-b561-6d1de39ea487,
IEN20210175,2022-2,Ingeniería en Energía,2021,74.7,74.7,1,0,0,6.0,2.27,79.45,7,2,0,1,0,1,0,1,Regular,6.0,6.0,264,2,3,0,0,0,0.0,3.57,0,0,0,0,1,0,0,80e23115-50d9-4a68-8df2-9c1f2c356fcc,997b4e3a-0bcc-4cd0-b561-6d1de39ea487,
IEN20220009,2022-1,Ingeniería en Energía,2022,70.0,,0,0,1,0.0,0.0,85.0,5,0,2,0,0,1,0,0,Regular,6.0,0.0,264,1,0,0,0,1,,9.43,0,2,0,2,1,0,1,d0508501-4f2d-4c8d-b6ec-dfec080f4a21,997b4e3a-0bcc-4cd0-b561-6d1de39ea487,
IEN20220009,2022-2,Ingeniería en Energía,2022,67.3,67.3,1,1,1,6.0,2.27,66.32,12,3,2,2,0,3,0,1,Irregular,16.0,6.0,264,2,0,1,1,1,0.0,20.25,1,1,1,1,3,0,1,d0508501-4f2d-4c8d-b6ec-dfec080f4a21,997b4e3a-0bcc-4cd0-b561-6d1de39ea487,
IEN20220015,2022-2,Ingeniería en Energía,2022,93.3,93.3,1,0,0,6.0,2.27,88.1,3,1,0,2,0,1,0,0,Regular,6.0,6.0,264,1,1,0,0,0,0.0,6.41,0,0,0,0,0,1,0,36736e67-c998-4b8b-ad6b-592a16ee112b,997b4e3a-0bcc-4cd0-b561-6d1de39ea487,
IEN20220015,2023-2,Ingeniería en Energía,2022,90.6,87.9,2,0,0,10.0,3.79,85.78,6,2,1,2,0,3,0,1,Regular,4.0,4.0,264,2,3,0,0,0,-5.4,3.6,0,1,0,1,2,1,0,36736e67-c998-4b8b-ad6b-592a16ee112b,997b4e3a-0bcc-4cd0-b561-6d1de39ea487,
IEN20220015,2024-2,Ingeniería en Energía,2022,81.93,64.6,2,1,0,10.0,3.79,58.59,14,2,2,4,2,3,0,3,Irregular,6.0,0.0,264,3,5,1,1,0,-26.0,8.95,2,0,3,0,1,2,0,36736e67-c998-4b8b-ad6b-592a16ee112b,997b4e3a-0bcc-4cd0-b561-6d1de39ea487,
IEN20220015,2025-1,Ingeniería en Energía,2022,80.17,78.85,6,1,0,30.0,11.36,70.41,10,1,4,2,0,1,0,4,Irregular,20.0,20.0,264,4,6,0,1,0,-3.08,18.26,1,3,1,4,1,0,0,36736e67-c998-4b8b-ad6b-592a16ee112b,997b4e3a-0bcc-4cd0-b561-6d1de39ea487,
IEN20220023,2023-2,Ingeniería en Energía,2022,82.8,82.8,2,0,0,14.0,5.3,74.26,10,1,1,2,0,2,0,2,Regular,14.0,14.0,264,1,4,0,0,0,0.0,36.0,0,1,0,2,2,0,0,a2a1bf89-7913-4a52-84a3-e70b4722949c,997b4e3a-0bcc-4cd0-b561-6d1de39ea487,
IEN20220023,2024-2,Ingeniería en Energía,2022,83.73,85.6,3,0,0,20.0,7.58,77.02,5,0,1,2,0,1,0,3,Irregular,6.0,6.0,264,2,6,0,0,0,2.8,8.07,1,0,1,0,0,1,0,a2a1bf89-7913-4a52-84a3-e70b4722949c,997b4e3a-0bcc-4cd0-b561-6d1de39ea487,
IEN20220023,2025-1,Ingeniería en Energía,2022,82.47,78.7,4,0,0,26.0,9.85,72.31,7,2,1,0,0,1,0,3,Irregular,6.0,6.0,264,3,7,0,0,0,-5.03,6.37,1,0,1,0,1,0,0,a2a1bf89-7913-4a52-84a3-e70b4722949c,997b4e3a-0bcc-4cd0-b561-6d1de39ea487,
IEN20220060,2022-1,Ingeniería en Energía,2022,70.0,,0,0,1,0.0,0.0,76.37,7,0,0,0,0,0,0,0,Regular,8.0,0.0,264,1,0,0,0,1,,3.63,0,0,0,0,0,0,1,fb41a223-caa5-4a5f-8a25-58e444bb309a,997b4e3a-0bcc-4cd0-b561-6d1de39ea487,
IEN20220060,2024-1,Ingeniería en Energía,2022,50.2,50.2,0,1,0,0.0,0.0,59.68,13,1,3,5,2,3,0,3,Irregular,4.0,0.0,264,2,5,1,1,0,0.0,7.17,2,1,3,1,3,0,0,fb41a223-caa5-4a5f-8a25-58e444bb309a,997b4e3a-0bcc-4cd0-b561-6d1de39ea487,
IEN20220060,2025-1,Ingeniería en Energía,2022,60.55,70.9,1,1,0,6.0,2.27,64.44,13,3,2,0,0,4,0,4,Irregular,6.0,6.0,264,3,7,0,1,0,20.7,5.43,1,1,1,1,3,1,0,fb41a223-caa5-4a5f-8a25-58e444bb309a,997b4e3a-0bcc-4cd0-b561-6d1de39ea487,
IEN20220067,2022-1,Ingeniería en Energía,2022,78.6,78.6,1,0,0,8.0,3.03,87.98,5,0,2,0,0,0,0,0,Regular,8.0,8.0,264,1,0,0,0,0,0.0,7.62,0,2,0,2,0,0,0,843d0903-37c9-4514-b7e0-5cb040321b8c,997b4e3a-0bcc-4cd0-b561-6d1de39ea487,
IEN20220067,2022-2,Ingeniería en Energía,2022,72.05,65.5,1,1,0,8.0,3.03,73.35,8,2,1,2,0,2,0,1,Regular,5.0,0.0,264,2,0,1,1,0,-13.1,7.1,1,0,1,0,2,0,0,843d0903-37c9-4514-b7e0-5cb040321b8c,997b4e3a-0bcc-4cd0-b561-6d1de39ea487,
IEN20220067,2025-1,Ingeniería en Energía,2022,64.0,55.95,1,3,0,8.0,3.03,43.97,17,2,5,5,2,5,0,6,Irregular,12.0,0.0,264,3,7,2,3,0,-16.1,24.5,4,1,4,1,4,1,0,843d0903-37c9-4514-b7e0-5cb040321b8c,997b4e3a-0bcc-4cd0-b561-6d1de39ea487,
IEN20220071,2022-2,Ingeniería en Energía,2022,76.75,76.75,2,0,0,10.0,3.79,77.75,6,0,0,2,0,3,0,0,Regular,10.0,10.0,264,1,1,0,0,0,0.0,4.2,0,0,0,1,2,1,0,85ea1271-432b-4716-b1d3-ecb804325581,997b4e3a-0bcc-4cd0-b561-6d1de39ea487,
IEN20220071,2023-1,Ingeniería en Energía,2022,77.73,79.7,3,0,0,16.0,6.06,79.99,5,2,0,1,0,1,0,1,Regular,6.0,6.0,264,2,2,0,0,0,2.95,6.61,0,0,0,0,1,0,0,85ea1271-432b-4716-b1d3-ecb804325581,997b4e3a-0bcc-4cd0-b561-6d1de39ea487,
IEN20220071,2023-2,Ingeniería en Energía,2022,79.07,83.1,4,0,0,22.0,8.33,79.22,5,0,1,0,0,2,0,1,Regular,6.0,6.0,264,3,2,0,0,0,5.37,2.26,0,1,0,1,1,1,0,85ea1271-432b-4716-b1d3-ecb804325581,997b4e3a-0bcc-4cd0-b561-6d1de39ea487,
IEN20220080,2022-1,Ingeniería en Energía,2022,70.0,70.0,1,0,1,5.0,1.89,84.52,6,0,2,0,0,2,0,0,Regular,13.0,5.0,264,1,0,0,0,1,0.0,5.44,0,2,0,2,2,0,1,44016c0a-b684-4985-b9b7-3e234c2d47e5,997b4e3a-0bcc-4cd0-b561-6d1de39ea487,
IEN20220080,2024-2,Ingeniería en Energía,2022,73.55,77.1,2,0,0,10.0,3.79,65.42,11,1,2,0,0,2,0,3,Irregular,5.0,5.0,264,2,6,0,0,0,7.1,3.16,1,1,1,1,1,1,0,44016c0a-b684-4985-b9b7-3e234c2d47e5,997b4e3a-0bcc-4cd0-b561-6d1de39ea487,
IEN20220080,2025-1,Ingeniería en Energía,2022,72.7,71.0,3,0,0,14.0,5.3,64.55,10,2,3,2,0,2,0,3,Irregular,4.0,4.0,264,3,7,0,0,0,-2.55,9.24,1,2,1,2,1,1,0,44016c0a-b684-4985-b9b7-3e234c2d47e5,997b4e3a-0bcc-4cd0-b561-6d1de39ea487,
IEN20220081,2022-1,Ingeniería en Energía,2022,82.45,82.45,2,0,0,17.0,6.44,81.29,6,2,1,1,0,2,0,0,Regular,17.0,17.0,264,1,0,0,0,0,0.0,30.8,0,1,0,2,1,1,0,154d979c-34fe-48b8-8ccd-dc5c47555b9f,997b4e3a-0bcc-4cd0-b561-6d1de39ea487,
IEN20220081,2022-2,Ingeniería en Energía,2022,82.2,81.7,3,0,0,25.0,9.47,88.12,6,0,0,1,0,2,0,0,Regular,8.0,8.0,264,2,0,0,0,0,-0.75,9.11,0,0,0,0,2,0,0,154d979c-34fe-48b8-8ccd-dc5c47555b9f,997b4e3a-0bcc-4cd0-b561-6d1de39ea487,
IEN20220081,2024-1,Ingeniería en Energía,2022,83.23,86.3,4,0,0,31.0,11.74,75.91,10,1,2,0,0,3,0,2,Regular,6.0,6.0,264,3,4,0,0,0,4.1,8.5,0,2,0,2,3,0,0,154d979c-34fe-48b8-8ccd-dc5c47555b9f,997b4e3a-0bcc-4cd0-b561-6d1de39ea487,
IEN20220081,2024-2,Ingeniería en Energía,2022,85.3,93.6,5,0,0,37.0,14.02,82.7,6,1,1,2,0,2,0,2,Regular,6.0,6.0,264,4,4,0,0,0,10.37,7.82,0,1,0,1,2,0,0,154d979c-34fe-48b8-8ccd-dc5c47555b9f,997b4e3a-0bcc-4cd0-b561-6d1de39ea487,
IEN20220081,2025-1,Ingeniería en Energía,2022,83.9,80.4,7,0,0,50.0,18.94,78.42,6,1,2,0,0,2,0,2,Regular,13.0,13.0,264,5,5,0,0,0,-4.9,7.29,0,2,0,2,2,0,0,154d979c-34fe-48b8-8ccd-dc5c47555b9f,997b4e3a-0bcc-4cd0-b561-6d1de39ea487,
IEN20220156,2023-1,Ingeniería en Energía,2022,63.7,63.7,0,1,0,0.0,0.0,63.95,12,3,4,3,0,4,0,2,Irregular,8.0,0.0,264,1,3,1,1,0,0.0,6.28,2,2,2,2,3,1,0,b21cd21c-59b9-49b6-94db-96d126f1951f,997b4e3a-0bcc-4cd0-b561-6d1de39ea487,
IEN20220156,2024-1,Ingeniería en Energía,2022,71.5,79.3,1,1,0,5.0,1.89,72.88,10,3,2,2,0,3,0,3,Irregular,5.0,5.0,264,2,5,0,1,0,15.6,2.78,1,1,1,1,2,1,0,b21cd21c-59b9-49b6-94db-96d126f1951f,997b4e3a-0bcc-4cd0-b561-6d1de39ea487,
IEN20220156,2024-2,Ingeniería en Energía,2022,75.6,83.8,2,1,0,11.0,4.17,72.45,7,2,2,1,0,1,0,3,Irregular,6.0,6.0,264,3,5,0,1,0,12.3,7.43,1,1,1,1,1,0,0,b21cd21c-59b9-49b6-94db-96d126f1951f,997b4e3a-0bcc-4cd0-b561-6d1de39ea487,
IEN20220156,2025-1,Ingeniería en Energía,2022,77.28,79.8,4,1,0,21.0,7.95,73.25,7,3,2,2,0,1,0,4,Irregular,10.0,10.0,264,4,6,0,1,0,4.2,39.69,1,1,1,2,0,1,0,b21cd21c-59b9-49b6-94db-96d126f1951f,997b4e3a-0bcc-4cd0-b561-6d1de39ea487,
IEN20220173,2022-2,Ingeniería en Energía,2022,89.2,89.2,1,0,0,6.0,2.27,85.09,5,0,2,2,0,3,0,0,Regular,6.0,6.0,264,1,1,0,0,0,0.0,4.48,0,2,0,2,2,1,0,5ee722a2-39a2-4809-aa55-845ec01b304e,997b4e3a-0bcc-4cd0-b561-6d1de39ea487,
IEN20220173,2024-1,Ingeniería en Energía,2022,83.3,77.4,2,0,0,13.0,4.92,69.93,10,1,0,2,0,2,0,2,Regular,7.0,7.0,264,2,5,0,0,0,-11.8,9.6,0,0,0,0,2,0,0,5ee722a2-39a2-4809-aa55-845ec01b304e,997b4e3a-0bcc-4cd0-b561-6d1de39ea487,
IEN20220173,2024-2,Ingeniería en Energía,2022,78.62,75.5,4,1,0,25.0,9.47,60.75,15,1,3,2,0,5,0,3,Irregular,19.0,12.0,264,3,5,1,1,0,-7.8,39.39,2,1,2,1,3,2,0,5ee722a2-39a2-4809-aa55-845ec01b304e,997b4e3a-0bcc-4cd0-b561-6d1de39ea487,
IEN20220173,2025-1,Ingeniería en Energía,2022,79.6,82.05,6,1,0,37.0,14.02,67.23,11,3,3,1,0,3,0,4,Irregular,12.0,12.0,264,4,6,0,1,0,3.43,9.92,1,2,1,2,2,1,0,5ee722a2-39a2-4809-aa55-845ec01b304e,997b4e3a-0bcc-4cd0-b561-6d1de39ea487,
IEN20220197,2022-1,Ingeniería en Energía,2022,70.3,70.3,1,0,0,5.0,1.89,84.0,3,0,0,2,0,2,0,0,Egresado,5.0,5.0,264,1,0,0,0,0,0.0,4.85,0,0,0,0,2,0,0,1e665503-c8e4-4d74-bcba-c568aef94e4f,997b4e3a-0bcc-4cd0-b561-6d1de39ea487,
IEN20220197,2022-2,Ingeniería en Energía,2022,68.25,66.2,1,1,0,5.0,1.89,77.53,8,1,1,1,0,1,0,1,Egresado,4.0,0.0,264,2,0,1,1,0,-4.1,9.89,1,0,1,0,0,1,0,1e665503-c8e4-4d74-bcba-c568aef94e4f,997b4e3a-0bcc-4cd0-b561-6d1de39ea487,
IEN20220197,2023-2,Ingeniería en Energía,2022,65.83,63.4,2,2,0,11.0,4.17,71.13,7,1,3,4,0,1,0,3,Egresado,12.0,6.0,264,3,2,1,2,0,-4.85,151.29,2,1,2,1,1,0,0,1e665503-c8e4-4d74-bcba-c568aef94e4f,997b4e3a-0bcc-4cd0-b561-6d1de39ea487,
IEN20220197,2025-1,Ingeniería en Energía,2022,65.71,65.57,3,4,0,18.0,6.82,51.94,15,3,5,5,2,5,0,7,Egresado,19.0,7.0,264,4,6,2,4,0,-0.26,164.22,4,1,4,1,3,2,0,1e665503-c8e4-4d74-bcba-c568aef94e4f,997b4e3a-0bcc-4cd0-b561-6d1de39ea487,
IEN20230016,2022-1,Ingeniería en Energía,2023,70.0,,0,0,1,0.0,0.0,84.0,5,0,2,2,0,2,0,0,Regular,6.0,0.0,264,1,0,0,0,1,,4.01,0,2,0,2,1,1,1,9e00ad71-f816-493d-8027-a8ba832cf5be,997b4e3a-0bcc-4cd0-b561-6d1de39ea487,
IEN20230016,2022-2,Ingeniería en Energía,2023,76.1,76.1,1,0,0,5.0,1.89,85.45,5,1,0,1,0,2,0,0,Regular,5.0,5.0,264,2,0,0,0,0,0.0,6.58,0,0,0,0,1,1,0,9e00ad71-f816-493d-8027-a8ba832cf5be,997b4e3a-0bcc-4cd0-b561-6d1de39ea487,
IEN20230016,2023-2,Ingeniería en Energía,2023,76.5,76.9,2,0,0,11.0,4.17,79.29,7,1,1,0,0,0,0,0,Regular,6.0,6.0,264,3,0,0,0,0,0.8,9.95,0,1,0,1,0,0,0,9e00ad71-f816-493d-8027-a8ba832cf5be,997b4e3a-0bcc-4cd0-b561-6d1de39ea487,
IEN20230016,2024-1,Ingeniería en Energía,2023,76.46,76.43,4,1,0,21.0,7.95,74.56,6,3,3,1,0,1,0,1,Regular,16.0,10.0,264,4,0,1,1,0,-0.07,98.57,1,2,1,2,0,1,0,9e00ad71-f816-493d-8027-a8ba832cf5be,997b4e3a-0bcc-4cd0-b561-6d1de39ea487,
IEN20230016,2024-2,Ingeniería en Energía,2023,77.0,79.7,5,1,0,27.0,10.23,77.8,8,1,2,1,0,0,0,1,Regular,6.0,6.0,264,5,0,0,1,0,3.24,7.81,0,2,0,2,0,0,0,9e00ad71-f816-493d-8027-a8ba832cf5be,997b4e3a-0bcc-4cd0-b561-6d1de39ea487,
IEN20230016,2025-1,Ingeniería en Energía,2023,76.44,73.1,6,1,0,33.0,12.5,78.14,7,2,1,0,0,3,0,1,Regular,6.0,6.0,264,6,1,0,1,0,-3.9,3.22,0,1,0,1,2,1,0,9e00ad71-f816-493d-8027-a8ba832cf5be,997b4e3a-0bcc-4cd0-b561-6d1de39ea487,
IEN20230020,2023-1,Ingeniería en Energía,2023,72.9,72.9,1,0,0,6.0,2.27,78.84,7,2,0,0,0,2,0,0,Regular,6.0,6.0,264,1,0,0,0,0,0.0,5.19,0,0,0,0,1,1,0,a8abc656-c3a5-4938-8a26-64ca6755bc68,997b4e3a-0bcc-4cd0-b561-6d1de39ea487,
IEN20230020,2023-2,Ingeniería en Energía,2023,74.35,75.8,2,0,0,12.0,4.55,85.43,3,1,1,0,0,2,0,0,Regular,6.0,6.0,264,2,0,0,0,0,2.9,4.31,0,1,0,1,1,1,0,a8abc656-c3a5-4938-8a26-64ca6755bc68,997b4e3a-0bcc-4cd0-b561-6d1de39ea487,
IEN20230020,2024-1,Ingeniería en Energía,2023,75.43,77.6,3,0,0,16.0,6.06,80.36,7,0,1,2,0,2,0,0,Regular,4.0,4.0,264,3,1,0,0,0,3.25,2.41,0,1,0,1,2,0,0,a8abc656-c3a5-4938-8a26-64ca6755bc68,997b4e3a-0bcc-4cd0-b561-6d1de39ea487,
IEN20230021,2022-1,Ingeniería en Energía,2023,78.9,78.9,2,0,2,11.0,4.17,83.85,5,2,2,2,0,1,0,0,Regular,23.0,11.0,264,1,0,0,0,2,0.0,0.64,0,2,0,2,1,0,1,afb7e506-e7c0-4e25-afc7-9bbff0ca9d62,997b4e3a-0bcc-4cd0-b561-6d1de39ea487,
IEN20230021,2023-1,Ingeniería en Energía,2023,75.53,68.8,2,1,0,11.0,4.17,71.25,9,3,2,2,0,1,0,1,Regular,4.0,0.0,264,2,0,1,1,0,-10.1,6.67,1,1,1,1,1,0,0,afb7e506-e7c0-4e25-afc7-9bbff0ca9d62,997b4e3a-0bcc-4cd0-b561-6d1de39ea487,
IEN20230021,2023-2,Ingeniería en Energía,2023,75.65,76.0,3,1,0,17.0,6.44,83.58,5,1,0,0,0,2,0,1,Regular,6.0,6.0,264,3,0,0,1,0,0.47,3.69,0,0,0,0,1,1,0,afb7e506-e7c0-4e25-afc7-9bbff0ca9d62,997b4e3a-0bcc-4cd0-b561-6d1de39ea487,
IEN20230063,2022-1,Ingeniería en Energía,2023,70.0,,0,0,2,0.0,0.0,84.76,3,2,0,0,0,3,0,0,Regular,13.0,0.0,264,1,0,0,0,2,,5.15,0,0,0,0,2,1,1,615e48b5-3d69-44f0-8101-31184abfb6d8,997b4e3a-0bcc-4cd0-b561-6d1de39ea487,
IEN20230063,2022-2,Ingeniería en Energía,2023,69.6,69.6,0,1,0,0.0,0.0,70.41,11,3,3,1,0,2,0,1,Irregular,6.0,0.0,264,2,0,1,1,0,0.0,4.26,1,2,1,2,1,1,0,615e48b5-3d69-44f0-8101-31184abfb6d8,997b4e3a-0bcc-4cd0-b561-6d1de39ea487,
IEN20230063,2023-1,Ingeniería en Energía,2023,77.07,80.8,2,1,0,11.0,4.17,85.24,4,0,0,1,0,2,0,1,Regular,11.0,11.0,264,3,0,0,1,0,11.2,2.25,0,0,0,1,1,1,0,615e48b5-3d69-44f0-8101-31184abfb6d8,997b4e3a-0bcc-4cd0-b561-6d1de39ea487,
IEN20230075,2022-1,Ingeniería en Energía,2023,75.2,75.2,1,0,0,5.0,1.89,85.4,3,0,1,2,0,2,0,0,Regular,5.0,5.0,264,1,0,0,0,0,0.0,3.12,0,1,0,1,2,0,0,e5f3afab-5301-46b1-bbe5-1f3263c8a809,997b4e3a-0bcc-4cd0-b561-6d1de39ea487,
IEN20230075,2022-2,Ingeniería en Energía,2023,74.25,73.3,2,0,0,11.0,4.17,78.76,5,1,2,0,0,2,0,0,Regular,6.0,6.0,264,2,0,0,0,0,-1.9,9.35,0,2,0,2,1,1,0,e5f3afab-5301-46b1-bbe5-1f3263c8a809,997b4e3a-0bcc-4cd0-b561-6d1de39ea487,
IEN20230075,2023-1,Ingeniería en Energía,2023,75.83,79.0,3,0,0,18.0,6.82,79.03,5,1,2,1,0,0,0,0,Regular,7.0,7.0,264,3,0,0,0,0,4.75,7.82,0,2,0,2,0,0,0,e5f3afab-5301-46b1-bbe5-1f3263c8a809,997b4e3a-0bcc-4cd0-b561-6d1de39ea487,
IEN20230092,2022-1,Ingeniería en Energía,2023,84.25,84.25,2,0,0,13.0,4.92,86.32,6,0,1,1,0,1,0,0,Regular,13.0,13.0,264,1,0,0,0,0,0.0,5.52,0,1,0,2,1,0,0,26df221b-4a4f-4986-8cdb-316e902b5154,997b4e3a-0bcc-4cd0-b561-6d1de39ea487,
IEN20230092,2023-2,Ingeniería en Energía,2023,84.93,86.3,3,0,0,19.0,7.2,82.91,5,2,1,0,0,1,0,0,Regular,6.0,6.0,264,2,0,0,0,0,2.05,4.15,0,1,0,1,1,0,0,26df221b-4a4f-4986-8cdb-316e902b5154,997b4e3a-0bcc-4cd0-b561-6d1de39ea487,
IEN20230103,2022-1,Ingeniería en Energía,2023,70.0,,0,0,1,0.0,0.0,77.87,6,0,0,0,0,2,0,0,Regular,4.0,0.0,264,1,0,0,0,1,,9.4,0,0,0,0,1,1,1,f022eb48-4b6b-4285-b4f0-f7918f9d05d1,997b4e3a-0bcc-4cd0-b561-6d1de39ea487,
IEN20230103,2022-2,Ingeniería en Energía,2023,70.3,70.3,1,0,0,6.0,2.27,76.39,8,1,0,2,0,2,0,0,Regular,6.0,6.0,264,2,0,0,0,0,0.0,4.69,0,0,0,0,1,1,0,f022eb48-4b6b-4285-b4f0-f7918f9d05d1,997b4e3a-0bcc-4cd0-b561-6d1de39ea487,
IEN20230103,2023-1,Ingeniería en Energía,2023,66.0,61.7,1,1,0,6.0,2.27,64.63,10,1,1,4,0,1,0,1,Irregular,6.0,0.0,264,3,0,1,1,0,-8.6,8.47,1,0,1,0,1,0,0,f022eb48-4b6b-4285-b4f0-f7918f9d05d1,997b4e3a-0bcc-4cd0-b561-6d1de39ea487,
IEN20230103,2023-2,Ingeniería en Energía,2023,63.56,61.93,2,3,0,12.0,4.55,59.19,12,3,5,3,2,2,0,3,Irregular,16.0,6.0,264,4,0,2,3,0,-4.07,214.87,3,2,3,2,2,0,0,f022eb48-4b6b-4285-b4f0-f7918f9d05d1,997b4e3a-0bcc-4cd0-b561-6d1de39ea487,
IEN20230120,2022-2,Ingeniería en Energía,2023,71.3,71.3,1,1,1,6.0,2.27,68.75,11,3,3,3,0,2,0,1,Regular,19.0,6.0,264,1,0,1,1,1,0.0,82.81,1,2,1,2,1,1,1,8b70e405-0efd-464d-bf69-f7ac631a72d7,997b4e3a-0bcc-4cd0-b561-6d1de39ea487,
IEN20230120,2023-1,Ingeniería en Energía,2023,74.93,82.2,2,1,0,12.0,4.55,81.36,4,0,0,2,0,1,0,1,Regular,6.0,6.0,264,2,0,0,1,0,10.9,2.24,0,0,0,0,0,1,0,8b70e405-0efd-464d-bf69-f7ac631a72d7,997b4e3a-0bcc-4cd0-b561-6d1de39ea487,
IEN20230120,2023-2,Ingeniería en Energía,2023,75.85,78.6,3,1,0,19.0,7.2,83.11,6,1,1,1,0,2,0,1,Regular,7.0,7.0,264,3,0,0,1,0,3.67,5.11,0,1,0,1,2,0,0,8b70e405-0efd-464d-bf69-f7ac631a72d7,997b4e3a-0bcc-4cd0-b561-6d1de39ea487,
IEN20230120,2024-1,Ingeniería en Energía,2023,76.82,78.75,5,1,0,31.0,11.74,78.89,7,1,2,0,0,2,0,1,Regular,12.0,12.0,264,4,0,0,1,0,2.9,23.52,0,2,0,2,1,1,0,8b70e405-0efd-464d-bf69-f7ac631a72d7,997b4e3a-0bcc-4cd0-b561-6d1de39ea487,
IEN20230120,2024-2,Ingeniería en Energía,2023,75.64,68.6,5,2,0,31.0,11.74,68.97,10,1,2,2,0,3,0,2,Regular,6.0,0.0,264,5,0,1,2,0,-8.22,2.4,1,1,1,1,3,0,0,8b70e405-0efd-464d-bf69-f7ac631a72d7,997b4e3a-0bcc-4cd0-b561-6d1de39ea487,
IEN20230123,2022-1,Ingeniería en Energía,2023,54.9,54.9,0,1,0,0.0,0.0,68.78,10,2,3,5,0,3,0,1,Irregular,4.0,0.0,264,1,0,1,1,0,0.0,6.04,2,1,2,1,3,0,0,7a0708c3-5d35-4d95-bf53-ca7232911bc2,997b4e3a-0bcc-4cd0-b561-6d1de39ea487,
IEN20230123,2022-2,Ingeniería en Energía,2023,64.95,75.0,1,1,0,4.0,1.52,82.93,6,0,1,2,0,2,0,1,Irregular,4.0,4.0,264,2,0,0,1,0,20.1,3.97,0,1,0,1,1,1,0,7a0708c3-5d35-4d95-bf53-ca7232911bc2,997b4e3a-0bcc-4cd0-b561-6d1de39ea487,
IEN20230123,2023-1,Ingeniería en Energía,2023,66.76,67.97,2,3,0,10.0,3.79,63.87,11,1,4,3,1,4,0,3,Irregular,18.0,6.0,264,3,0,2,3,0,3.02,62.33,3,1,3,1,3,1,0,7a0708c3-5d35-4d95-bf53-ca7232911bc2,997b4e3a-0bcc-4cd0-b561-6d1de39ea487,
IEN20230128,2022-1,Ingeniería en Energía,2023,71.1,71.1,1,0,1,6.0,2.27,83.97,6,1,2,1,0,1,0,0,Regular,12.0,6.0,264,1,0,0,0,1,0.0,8.14,0,2,0,2,0,1,1,e6285343-59a1-4ca5-b3a0-c5ea14be866e,997b4e3a-0bcc-4cd0-b561-6d1de39ea487,
IEN20230128,2022-2,Ingeniería en Energía,2023,71.9,72.7,2,0,1,12.0,4.55,84.35,5,1,1,0,0,0,0,0,Regular,11.0,6.0,264,2,0,0,0,1,1.6,6.09,0,1,0,1,0,0,1,e6285343-59a1-4ca5-b3a0-c5ea14be866e,997b4e3a-0bcc-4cd0-b561-6d1de39ea487,
IEN20230153,2023-1,Ingeniería en Energía,2023,78.75,78.75,2,0,0,14.0,5.3,88.07,4,1,1,1,0,0,0,0,Regular,14.0,14.0,264,1,0,0,0,0,0.0,69.72,0,1,0,2,0,0,0,c5407ab2-460c-4984-915d-e57c613ae3c7,997b4e3a-0bcc-4cd0-b561-6d1de39ea487,
IEN20230153,2025-1,Ingeniería en Energía,2023,77.72,76.7,4,0,0,24.0,9.09,70.34,8,0,0,2,0,2,0,2,Regular,10.0,10.0,264,2,5,0,0,0,-2.05,1.0,0,0,0,1,1,1,0,c5407ab2-460c-4984-915d-e57c613ae3c7,997b4e3a-0bcc-4cd0-b561-6d1de39ea487,
IEN20240027,2022-1,Ingeniería en Energía,2024,70.0,,0,0,1,0.0,0.0,83.94,6,0,1,2,0,1,0,0,Regular,8.0,0.0,264,1,0,0,0,1,,5.1,0,1,0,1,1,0,1,24e89840-2391-40db-ab6b-5f43831dfbb9,997b4e3a-0bcc-4cd0-b561-6d1de39ea487,
IEN20240027,2022-2,Ingeniería en Energía,2024,70.5,70.5,1,0,1,8.0,3.03,84.56,4,0,0,1,0,0,0,0,Regular,12.0,8.0,264,2,0,0,0,1,0.0,6.61,0,0,0,0,0,0,1,24e89840-2391-40db-ab6b-5f43831dfbb9,997b4e3a-0bcc-4cd0-b561-6d1de39ea487,
IEN20240027,2024-1,Ingeniería en Energía,2024,81.5,92.5,2,0,0,15.0,5.68,90.33,5,0,1,0,0,2,0,0,Regular,7.0,7.0,264,3,0,0,0,0,22.0,6.91,0,1,0,1,1,1,0,24e89840-2391-40db-ab6b-5f43831dfbb9,997b4e3a-0bcc-4cd0-b561-6d1de39ea487,
IEN20240027,2025-1,Ingeniería en Energía,2024,81.93,82.8,3,0,0,19.0,7.2,82.58,6,0,1,2,0,1,0,0,Regular,4.0,4.0,264,4,0,0,0,0,1.3,9.04,0,1,0,1,0,1,0,24e89840-2391-40db-ab6b-5f43831dfbb9,997b4e3a-0bcc-4cd0-b561-6d1de39ea487,
IEN20240054,2022-1,Ingeniería en Energía,2024,70.0,,0,0,1,0.0,0.0,80.91,8,1,2,0,0,3,0,0,Regular,7.0,0.0,264,1,0,0,0,1,,3.16,0,2,0,2,2,1,1,6906e26c-a29b-416f-a781-81c60aa9e112,997b4e3a-0bcc-4cd0-b561-6d1de39ea487,
IEN20240054,2022-2,Ingeniería en Energía,2024,86.5,86.5,1,0,1,4.0,1.52,90.31,1,2,1,1,0,1,0,0,Regular,8.0,4.0,264,2,0,0,0,1,0.0,6.59,0,1,0,1,1,0,1,6906e26c-a29b-416f-a781-81c60aa9e112,997b4e3a-0bcc-4cd0-b561-6d1de39ea487,
IEN20240054,2023-1,Ingeniería en Energía,2024,83.4,82.37,4,0,0,20.0,7.58,85.0,7,0,1,0,0,3,0,0,Regular,16.0,16.0,264,3,0,0,0,0,-4.13,57.61,0,1,0,2,2,1,0,6906e26c-a29b-416f-a781-81c60aa9e112,997b4e3a-0bcc-4cd0-b561-6d1de39ea487,
IEN20240073,2022-2,Ingeniería en Energía,2024,74.0,74.0,1,0,0,5.0,1.89,80.67,5,2,1,0,0,0,0,0,Regular,5.0,5.0,264,1,0,0,0,0,0.0,4.18,0,1,0,1,0,0,0,dc0dfcfb-f7c2-4072-a15a-d50794aa5dc7,997b4e3a-0bcc-4cd0-b561-6d1de39ea487,
IEN20240073,2023-1,Ingeniería en Energía,2024,76.25,78.5,2,0,0,11.0,4.17,86.1,3,0,1,1,0,0,0,0,Regular,6.0,6.0,264,2,0,0,0,0,4.5,5.33,0,1,0,1,0,0,0,dc0dfcfb-f7c2-4072-a15a-d50794aa5dc7,997b4e3a-0bcc-4cd0-b561-6d1de39ea487,
IEN20240073,2024-1,Ingeniería en Energía,2024,71.88,67.5,3,1,0,15.0,5.68,70.54,7,1,2,2,0,2,0,1,Regular,10.0,4.0,264,3,0,1,1,0,-8.75,108.16,1,1,1,1,2,0,0,dc0dfcfb-f7c2-4072-a15a-d50794aa5dc7,997b4e3a-0bcc-4cd0-b561-6d1de39ea487,
IEN20240094,2022-1,Ingeniería en Energía,2024,92.8,92.8,1,0,1,4.0,1.52,88.0,4,2,1,1,0,2,0,0,Regular,10.0,4.0,264,1,0,0,0,1,0.0,6.39,0,1,0,1,1,1,1,c6bce28d-b15c-4c72-b499-eb40f42cc717,997b4e3a-0bcc-4cd0-b561-6d1de39ea487,
IEN20240094,2022-2,Ingeniería en Energía,2024,92.8,,1,0,1,4.0,1.52,89.21,4,0,0,0,0,2,0,0,Regular,6.0,0.0,264,2,0,0,0,1,,3.97,0,0,0,0,1,1,1,c6bce28d-b15c-4c72-b499-eb40f42cc717,997b4e3a-0bcc-4cd0-b561-6d1de39ea487,
IEN20240119,2022-1,Ingeniería en Energía,2024,76.85,76.85,2,0,0,9.0,3.41,79.99,6,2,0,2,0,2,0,0,Regular,9.0,9.0,264,1,0,0,0,0,0.0,1.82,0,0,0,1,1,1,0,5fbdad99-1bcc-432e-a835-daffd345c862,997b4e3a-0bcc-4cd0-b561-6d1de39ea487,
IEN20240119,2023-1,Ingeniería en Energía,2024,75.75,74.65,3,1,0,15.0,5.68,72.53,9,1,2,2,0,3,0,1,Regular,10.0,6.0,264,2,0,1,1,0,-2.2,61.62,1,1,1,1,2,1,0,5fbdad99-1bcc-432e-a835-daffd345c862,997b4e3a-0bcc-4cd0-b561-6d1de39ea487,
IEN20240126,2022-2,Ingeniería en Energía,2024,85.3,85.3,2,0,0,12.0,4.55,87.86,5,0,1,1,0,2,0,0,Regular,12.0,12.0,264,1,0,0,0,0,0.0,4.84,0,1,0,2,1,1,0,89a8b45d-c1b9-4d5c-ac6a-1b7ddd0249a9,997b4e3a-0bcc-4cd0-b561-6d1de39ea487,
IEN20240126,2023-1,Ingeniería en Energía,2024,85.17,84.9,3,0,0,18.0,6.82,83.24,5,0,1,2,0,1,0,0,Regular,6.0,6.0,264,2,0,0,0,0,-0.4,2.59,0,1,0,1,1,0,0,89a8b45d-c1b9-4d5c-ac6a-1b7ddd0249a9,997b4e3a-0bcc-4cd0-b561-6d1de39ea487,
IEN20240149,2022-1,Ingeniería en Energía,2024,84.65,84.65,2,0,0,12.0,4.55,85.13,5,2,1,1,0,3,0,0,Regular,12.0,12.0,264,1,0,0,0,0,0.0,46.92,0,1,0,2,2,1,0,3d883335-f7eb-4b4f-ba96-9b2981794c6b,997b4e3a-0bcc-4cd0-b561-6d1de39ea487,
IEN20240149,2022-2,Ingeniería en Energía,2024,81.55,78.45,3,1,1,20.0,7.58,70.06,8,2,1,2,0,0,0,1,Regular,28.0,8.0,264,2,0,1,1,1,-6.2,172.92,1,0,1,0,0,0,1,3d883335-f7eb-4b4f-ba96-9b2981794c6b,997b4e3a-0bcc-4cd0-b561-6d1de39ea487,
IEN20240149,2023-2,Ingeniería en Energía,2024,82.62,86.9,4,1,0,25.0,9.47,83.49,5,1,1,2,0,2,0,1,Regular,5.0,5.0,264,3,0,0,1,0,5.35,7.02,0,1,0,1,1,1,0,3d883335-f7eb-4b4f-ba96-9b2981794c6b,997b4e3a-0bcc-4cd0-b561-6d1de39ea487,
IEN20240149,2025-1,Ingeniería en Energía,2024,81.23,74.3,5,1,0,31.0,11.74,75.69,8,0,1,2,0,3,0,1,Regular,6.0,6.0,264,4,0,0,1,0,-8.32,7.78,0,1,0,1,2,1,0,3d883335-f7eb-4b4f-ba96-9b2981794c6b,997b4e3a-0bcc-4cd0-b561-6d1de39ea487,
IEN20240172,2022-1,Ingeniería en Energía,2024,88.8,88.8,2,0,0,11.0,4.17,82.55,5,1,2,1,0,2,0,0,Regular,11.0,11.0,264,1,0,0,0,0,0.0,2.25,0,2,0,2,1,1,0,b8e022da-9500-4486-ba2d-d07e412f5316,997b4e3a-0bcc-4cd0-b561-6d1de39ea487,
IEN20240172,2022-2,Ingeniería en Energía,2024,85.25,81.7,4,0,0,21.0,7.95,86.73,2,2,0,0,0,2,0,0,Regular,10.0,10.0,264,2,0,0,0,0,-7.1,46.24,0,0,0,1,1,1,0,b8e022da-9500-4486-ba2d-d07e412f5316,997b4e3a-0bcc-4cd0-b561-6d1de39ea487,
IEN20240172,2023-1,Ingeniería en Energía,2024,87.21,89.83,7,0,0,39.0,14.77,86.84,4,1,2,1,0,1,0,0,Regular,18.0,18.0,264,3,0,0,0,0,4.58,23.32,0,2,0,3,0,1,0,b8e022da-9500-4486-ba2d-d07e412f5316,997b4e3a-0bcc-4cd0-b561-6d1de39ea487,
IEN20240172,2023-2,Ingeniería en Energía,2024,86.76,83.6,8,0,0,45.0,17.05,89.13,3,1,0,0,0,2,0,0,Regular,6.0,6.0,264,4,0,0,0,0,-3.61,3.06,0,0,0,0,2,0,0,b8e022da-9500-4486-ba2d-d07e412f5316,997b4e3a-0bcc-4cd0-b561-6d1de39ea487,
IEN20240172,2024-1,Ingeniería en Energía,2024,87.2,90.7,9,0,0,51.0,19.32,90.81,4,2,2,0,0,0,0,0,Regular,6.0,6.0,264,5,0,0,0,0,3.94,3.69,0,2,0,2,0,0,0,b8e022da-9500-4486-ba2d-d07e412f5316,997b4e3a-0bcc-4cd0-b561-6d1de39ea487,
