id_estudiante,id_periodo,programa,cohorte,estatus_academico,cluster,distance_to_centroid,membership_score
IAG20200007,2022-1,Ingeniería Agroindustrial,2020,Regular,0,3.3797888173049353,0.22832151085662192
IAG20200007,2023-1,Ingeniería Agroindustrial,2020,Regular,0,3.474535865012074,0.22348686660874528
IAG20200007,2025-1,Ingeniería Agroindustrial,2020,Irregular,0,4.810867410492333,0.1720913470154835
IAG20200029,2022-1,Ingeniería Agroindustrial,2020,Irregular,1,4.592542217611957,0.17880955763745757
IAG20200029,2022-2,Ingeniería Agroindustrial,2020,Irregular,0,3.941496961305754,0.20236782655751293
IAG20200039,2022-2,Ingeniería Agroindustrial,2020,Regular,0,6.460432641854187,0.13404048370999888
IAG20200039,2023-1,Ingeniería Agroindustrial,2020,Regular,0,3.1659533971317413,0.24004109135942328
IAG20200039,2024-1,Ingeniería Agroindustrial,2020,Irregular,0,4.176699401020781,0.19317327944574342
IAG20200039,2025-1,Ingeniería Agroindustrial,2020,Irregular,0,7.182871236884919,0.12220649342402252
IAG20200051,2022-1,Ingeniería Agroindustrial,2020,Regular,0,4.661707902171085,0.1766251486793467
IAG20200051,2022-2,Ingeniería Agroindustrial,2020,Regular,0,2.891693654005107,0.25695753286512096
IAG20200051,2023-1,Ingeniería Agroindustrial,2020,Regular,0,2.7589620647431308,0.26603088373235156
IAG20200051,2023-2,Ingeniería Agroindustrial,2020,Irregular,1,3.1050218751633087,0.2436040611745138
IAG20200051,2024-2,Ingeniería Agroindustrial,2020,Irregular,0,5.2345308720594925,0.16039699225511472
IAG20200084,2022-1,Ingeniería Agroindustrial,2020,Regular,0,4.023382093353361,0.19906906968576812
IAG20200084,2022-2,Ingeniería Agroindustrial,2020,Irregular,1,3.9437536111873355,0.2022754527525556
IAG20200095,2022-1,Ingeniería Agroindustrial,2020,Regular,0,5.403529877502378,0.15616386885510064
IAG20200095,2023-2,Ingeniería Agroindustrial,2020,Irregular,0,4.123176331470748,0.19519140769314935
IAG20200095,2024-1,Ingeniería Agroindustrial,2020,Irregular,0,4.297750408523535,0.1887593644259086
IAG20200097,2022-1,Ingeniería Agroindustrial,2020,Regular,0,4.5170355020766575,0.18125676364119675
IAG20200097,2022-2,Ingeniería Agroindustrial,2020,Regular,0,2.5962412489851894,0.2780681079953094
IAG20200097,2023-1,Ingeniería Agroindustrial,2020,Regular,0,2.566815356131398,0.2803621438606257
IAG20200097,2023-2,Ingeniería Agroindustrial,2020,Regular,0,2.560794238914098,0.2808362216135692
IAG20200097,2024-1,Ingeniería Agroindustrial,2020,Regular,0,3.26426915478498,0.23450677330672004
IAG20200097,2024-2,Ingeniería Agroindustrial,2020,Regular,0,4.893355359038669,0.16968262374782728
IAG20200098,2022-2,Ingeniería Agroindustrial,2020,Regular,0,4.63900873050689,0.17733613260607775
IAG20200098,2023-1,Ingeniería Agroindustrial,2020,Regular,0,3.521416645626379,0.22116961969592253
IAG20200098,2023-2,Ingeniería Agroindustrial,2020,Regular,0,3.495021850562248,0.22246832901933897
IAG20200098,2024-1,Ingeniería Agroindustrial,2020,Regular,0,4.608922110420585,0.17828737506305198
IAG20200124,2022-2,Ingeniería Agroindustrial,2020,Irregular,0,3.4720982028376195,0.2236086853740116
IAG20200124,2023-1,Ingeniería Agroindustrial,2020,Irregular,1,3.9733333405525317,0.20107238576710826
IAG20200124,2024-2,Ingeniería Agroindustrial,2020,Irregular,1,4.051374949686777,0.1979659023454609
IAG20200124,2025-1,Ingeniería Agroindustrial,2020,Irregular,0,5.772443384981396,0.14765719595642615
IAG20200127,2023-1,Ingeniería Agroindustrial,2020,Irregular,0,6.604447682148502,0.1315019895984698
IAG20200127,2024-1,Ingeniería Agroindustrial,2020,Irregular,0,4.230878565202006,0.1911724746684847
IAG20200127,2024-2,Ingeniería Agroindustrial,2020,Irregular,0,5.655800405710139,0.1502448900273633
IAG20200157,2022-1,Ingeniería Agroindustrial,2020,Regular,0,4.9245848815545665,0.16878819697787967
IAG20200157,2022-2,Ingeniería Agroindustrial,2020,Regular,0,2.709204791475786,0.2695995654643077
IAG20200157,2023-1,Ingeniería Agroindustrial,2020,Regular,0,3.58045407116875,0.2183189667361602
IAG20200157,2023-2,Ingeniería Agroindustrial,2020,Regular,0,2.713480261429687,0.2692891653111954
IAG20200167,2022-2,Ingeniería Agroindustrial,2020,Regular,0,5.329941593819318,0.15797934075354186
IAG20200171,2022-1,Ingeniería Agroindustrial,2020,Irregular,0,2.983361969946218,0.25104422032063073
IAG20200171,2022-2,Ingeniería Agroindustrial,2020,Irregular,0,3.360612035892781,0.22932560653616196
IAG20200171,2023-2,Ingeniería Agroindustrial,2020,Irregular,1,4.308140211836636,0.18838989930410982
IAG20200171,2024-2,Ingeniería Agroindustrial,2020,Irregular,0,5.100076543110877,0.16393236919778495
IAG20200171,2025-1,Ingeniería Agroindustrial,2020,Irregular,1,4.682824176134356,0.17596884383641673
IAG20200194,2022-1,Ingeniería Agroindustrial,2020,Regular,0,2.534984774704232,0.28288664979714623
IAG20200194,2022-2,Ingeniería Agroindustrial,2020,Regular,0,3.397215449086405,0.2274166484627827
IAG20200194,2023-2,Ingeniería Agroindustrial,2020,Regular,0,3.3556963022447874,0.22958441787702963
IAG20200249,2022-1,Ingeniería Agroindustrial,2020,Regular,0,5.469671744716779,0.1545673473799677
IAG20200249,2023-1,Ingeniería Agroindustrial,2020,Irregular,1,3.4491928281987754,0.2247598696244512
IAG20200267,2022-1,Ingeniería Agroindustrial,2020,Regular,0,4.11322803600613,0.195571172057698
IAG20200267,2022-2,Ingeniería Agroindustrial,2020,Regular,0,3.9802256737764323,0.20079411366146277
IAG20200267,2023-1,Ingeniería Agroindustrial,2020,Regular,0,2.773981595418764,0.2649721453898715
IAG20200290,2022-2,Ingeniería Agroindustrial,2020,Regular,1,5.588863601148751,0.15177124016130075
IAG20200290,2023-1,Ingeniería Agroindustrial,2020,Irregular,1,5.77264001221185,0.14765290908669068
IAG20200369,2022-1,Ingeniería Agroindustrial,2020,Regular,0,3.013053486272015,0.24918681084636246
IAG20200369,2022-2,Ingeniería Agroindustrial,2020,Regular,0,2.9587223927399684,0.2526067505602143
IAG20200369,2024-1,Ingeniería Agroindustrial,2020,Irregular,0,3.541725145383241,0.22018065118196795
IAG20200369,2025-1,Ingeniería Agroindustrial,2020,Irregular,0,6.567178083441699,0.13214965856138286
IAG20200376,2022-1,Ingeniería Agroindustrial,2020,Irregular,0,3.1038285773584438,0.243674895563908
IAG20200376,2022-2,Ingeniería Agroindustrial,2020,Irregular,1,5.276276925231062,0.15933012706624397
IAG20200376,2023-1,Ingeniería Agroindustrial,2020,Irregular,0,3.4029682221424684,0.22711951337077868
IAG20210043,2022-1,Ingeniería Agroindustrial,2021,Regular,0,5.396921893908399,0.15632518523514735
IAG20210043,2022-2,Ingeniería Agroindustrial,2021,Regular,0,2.923733344126573,0.2548593169555973
IAG20210061,2022-1,Ingeniería Agroindustrial,2021,Regular,0,4.479046629004821,0.1825135042118876
IAG20210083,2023-2,Ingeniería Agroindustrial,2021,Irregular,1,3.908036980570256,0.2037474460683081
IAG20210083,2024-1,Ingeniería Agroindustrial,2021,Irregular,0,6.443100616569976,0.13435261076194246
IAG20210083,2024-2,Ingeniería Agroindustrial,2021,Irregular,1,3.733744847966288,0.2112492396859159
IAG20210083,2025-1,Ingeniería Agroindustrial,2021,Irregular,1,8.976026447224498,0.10024031164013375
IAG20210108,2023-1,Ingeniería Agroindustrial,2021,Regular,0,3.264377678640417,0.23450080535990975
IAG20210108,2023-2,Ingeniería Agroindustrial,2021,Regular,0,3.225901490756064,0.2366358993903306
IAG20210108,2024-1,Ingeniería Agroindustrial,2021,Regular,0,3.224232744324384,0.23672938034571722
IAG20210133,2022-1,Ingeniería Agroindustrial,2021,Regular,0,5.342071577039951,0.15767718605073394
IAG20210133,2022-2,Ingeniería Agroindustrial,2021,Regular,0,2.2270544197954,0.3098801166369551
IAG20210133,2023-1,Ingeniería Agroindustrial,2021,Regular,0,4.079096890263228,0.1968853954956103
IAG20210138,2022-1,Ingeniería Agroindustrial,2021,Regular,0,2.4447064161332785,0.2903005014640729
IAG20210138,2022-2,Ingeniería Agroindustrial,2021,Regular,0,2.5792385566962035,0.2793890332146635
IAG20210176,2022-1,Ingeniería Agroindustrial,2021,Irregular,1,4.826858587112178,0.171619061120137
IAG20210176,2022-2,Ingeniería Agroindustrial,2021,Irregular,0,4.916309011494393,0.16902430181675235
IAG20210176,2023-1,Ingeniería Agroindustrial,2021,Irregular,0,3.860199241189522,0.20575288180063428
IAG20210176,2023-2,Ingeniería Agroindustrial,2021,Regular,0,2.231711897707543,0.30943352367188515
IAG20210176,2024-1,Ingeniería Agroindustrial,2021,Irregular,1,7.269117741783402,0.12093188550781594
IAG20210196,2022-1,Ingeniería Agroindustrial,2021,Irregular,1,3.7110488096576706,0.21226695803915163
IAG20210196,2022-2,Ingeniería Agroindustrial,2021,Irregular,0,3.102322877439838,0.24376433300737071
IAG20210196,2023-1,Ingeniería Agroindustrial,2021,Irregular,0,3.458716933997289,0.22427976810438355
IAG20210196,2023-2,Ingeniería Agroindustrial,2021,Irregular,0,2.2513579804954245,0.3075637951892413
IAG20210196,2024-1,Ingeniería Agroindustrial,2021,Irregular,0,3.7910042647448017,0.20872450633338482
IAG20210215,2022-1,Ingeniería Agroindustrial,2021,Irregular,1,6.033444512677979,0.14217784731186436
IAG20210238,2022-1,Ingeniería Agroindustrial,2021,Regular,0,2.087998140718042,0.32383439187158103
IAG20210238,2022-2,Ingeniería Agroindustrial,2021,Regular,0,4.439722750561531,0.18383289844997563
IAG20210238,2023-1,Ingeniería Agroindustrial,2021,Regular,0,2.8865151017439943,0.25729991362989185
IAG20210238,2023-2,Ingeniería Agroindustrial,2021,Regular,0,3.525902512842026,0.220950406501808
IAG20210238,2024-1,Ingeniería Agroindustrial,2021,Regular,0,3.483923973124081,0.22301894635008065
IAG20210238,2024-2,Ingeniería Agroindustrial,2021,Regular,0,4.8877815057426295,0.16984325913328358
IAG20210315,2022-2,Ingeniería Agroindustrial,2021,Regular,0,3.3361049956426028,0.2306217217998435
IAG20210315,2023-1,Ingeniería Agroindustrial,2021,Regular,0,2.3863130403333424,0.29530642562849474
IAG20210315,2023-2,Ingeniería Agroindustrial,2021,Regular,0,2.7387993466051066,0.26746554369332953
IAG20210316,2022-1,Ingeniería Agroindustrial,2021,Regular,0,2.7789759489327874,0.2646219540726127
IAG20210316,2022-2,Ingeniería Agroindustrial,2021,Regular,0,2.825204362272065,0.2614239411266455
IAG20210339,2022-1,Ingeniería Agroindustrial,2021,Regular,0,4.161499745187707,0.19374213879063812
IAG20210339,2023-1,Ingeniería Agroindustrial,2021,Irregular,1,6.284305848919825,0.1372814405024314
IAG20210339,2023-2,Ingeniería Agroindustrial,2021,Irregular,1,3.4876820064228355,0.22283218787979756
IAG20210339,2024-1,Ingeniería Agroindustrial,2021,Irregular,1,4.302910952829128,0.18857567266267128
IAG20210339,2024-2,Ingeniería Agroindustrial,2021,Irregular,1,5.782290996252909,0.14744280370047252
IAG20210345,2022-1,Ingeniería Agroindustrial,2021,Regular,0,4.348513546841505,0.1869678353138952
IAG20210345,2023-1,Ingeniería Agroindustrial,2021,Regular,0,2.5472069003829354,0.2819119459572674
IAG20210345,2023-2,Ingeniería Agroindustrial,2021,Regular,0,2.522696387978477,0.28387345654101537
IAG20210355,2022-2,Ingeniería Agroindustrial,2021,Regular,0,3.0428270894795313,0.24735166205902187
IAG20210355,2023-1,Ingeniería Agroindustrial,2021,Regular,1,4.488388535826231,0.18220284396273312
IAG20210355,2024-1,Ingeniería Agroindustrial,2021,Regular,0,3.544649962813818,0.22003894869404872
IAG20210355,2025-1,Ingeniería Agroindustrial,2021,Regular,0,5.982907368900907,0.14320682592090545
IAG20210361,2022-1,Ingeniería Agroindustrial,2021,Regular,0,3.9500305771856348,0.20201895410685627
IAG20210361,2022-2,Ingeniería Agroindustrial,2021,Regular,0,2.7706354968326607,0.26520728424691314
IAG20210361,2023-1,Ingeniería Agroindustrial,2021,Regular,0,3.2153367944260918,0.2372289685897204
IAG20210361,2023-2,Ingeniería Agroindustrial,2021,Regular,0,3.549025185457764,0.21982731667364266
IAG20210386,2022-1,Ingeniería Agroindustrial,2021,Regular,0,2.8607097907087597,0.2590197280320356
IAG20210386,2022-2,Ingeniería Agroindustrial,2021,Regular,0,4.311055851633269,0.1882864778559008
IAG20210386,2023-2,Ingeniería Agroindustrial,2021,Regular,0,2.4488934678956484,0.289948068651176
IAG20210386,2024-1,Ingeniería Agroindustrial,2021,Regular,0,3.473685509531832,0.22352934685939724
IAG20210386,2024-2,Ingeniería Agroindustrial,2021,Regular,0,3.519433728177936,0.22126665864467981
IAG20220048,2022-2,Ingeniería Agroindustrial,2022,Irregular,0,2.803456993770518,0.2629187083324058
IAG20220048,2023-2,Ingeniería Agroindustrial,2022,Irregular,0,2.8780352015495967,0.2578625381225052
IAG20220048,2024-1,Ingeniería Agroindustrial,2022,Irregular,0,3.0118522253119218,0.249261424359231
IAG20220062,2022-1,Ingeniería Agroindustrial,2022,Regular,0,4.1565387444403825,0.19392853415058084
IAG20220062,2022-2,Ingeniería Agroindustrial,2022,Regular,0,4.727861628012671,0.1745852230628969
IAG20220062,2023-1,Ingeniería Agroindustrial,2022,Regular,0,2.999264383859173,0.25004598446553045
IAG20220062,2023-2,Ingeniería Agroindustrial,2022,Regular,0,3.7866441027966804,0.20891463382784872
IAG20220072,2022-1,Ingeniería Agroindustrial,2022,Irregular,0,3.1244702432135365,0.2424553799716253
IAG20220072,2022-2,Ingeniería Agroindustrial,2022,Irregular,0,2.5345019691110604,0.28292529152317986
IAG20220087,2022-1,Ingeniería Agroindustrial,2022,Regular,0,4.583711117459857,0.17909235971629567
IAG20220087,2022-2,Ingeniería Agroindustrial,2022,Regular,0,2.4039080962880117,0.2937799645914376
IAG20220087,2024-1,Ingeniería Agroindustrial,2022,Regular,0,2.2554907801251476,0.3071733472891476
IAG20220087,2024-2,Ingeniería Agroindustrial,2022,Regular,1,3.4922155849152055,0.22260730392325456
IAG20220087,2025-1,Ingeniería Agroindustrial,2022,Regular,0,4.073895802510527,0.19708721639597077
IAG20220113,2022-1,Ingeniería Agroindustrial,2022,Irregular,1,4.052077761657061,0.1979383626256782
IAG20220113,2022-2,Ingeniería Agroindustrial,2022,Irregular,1,4.267739171405692,0.18983475974440678
IAG20220113,2023-1,Ingeniería Agroindustrial,2022,Irregular,1,3.7154519385275235,0.21206875036293257
IAG20220113,2023-2,Ingeniería Agroindustrial,2022,Irregular,1,5.686835632146629,0.1495475670424064
IAG20220113,2024-1,Ingeniería Agroindustrial,2022,Irregular,1,5.194331687602375,0.16143791621644135
IAG20220116,2022-2,Ingeniería Agroindustrial,2022,Egresado,0,2.903321926473355,0.25619203817592834
IAG20220116,2023-1,Ingeniería Agroindustrial,2022,Egresado,0,2.904466448276863,0.25611694023938264
IAG20220116,2024-2,Ingeniería Agroindustrial,2022,Egresado,0,3.0758626179472213,0.24534683666635526
IAG20220116,2025-1,Ingeniería Agroindustrial,2022,Egresado,0,2.7511193826432745,0.2665870898769788
IAG20220135,2022-1,Ingeniería Agroindustrial,2022,Regular,0,2.784808841311925,0.26421413654629144
IAG20220135,2022-2,Ingeniería Agroindustrial,2022,Regular,0,2.878809626193168,0.2578110545171157
IAG20220135,2023-2,Ingeniería Agroindustrial,2022,Regular,0,2.421897198757895,0.29223554710030075
IAG20220135,2024-2,Ingeniería Agroindustrial,2022,Regular,0,4.069611066193987,0.19725379066421173
IAG20220135,2025-1,Ingeniería Agroindustrial,2022,Regular,0,4.679181302286783,0.17608171790489227
IAG20220148,2022-1,Ingeniería Agroindustrial,2022,Regular,0,3.5639492047488237,0.2191084859050343
IAG20220148,2022-2,Ingeniería Agroindustrial,2022,Regular,0,4.407712157922283,0.18492108507199348
IAG20220148,2023-1,Ingeniería Agroindustrial,2022,Regular,0,3.0485617041309157,0.2470012989995085
IAG20220148,2023-2,Ingeniería Agroindustrial,2022,Regular,0,3.307992438832415,0.23212668411066845
IAG20220223,2022-1,Ingeniería Agroindustrial,2022,Regular,0,5.595053851837938,0.1516287846112607
IAG20220229,2023-1,Ingeniería Agroindustrial,2022,Egresado,1,4.5653770919528,0.1796823437976808
IAG20220229,2024-1,Ingeniería Agroindustrial,2022,Egresado,0,3.6437523424721223,0.21534309460345713
IAG20220229,2025-1,Ingeniería Agroindustrial,2022,Egresado,0,4.37965455692656,0.1858855414261595
IAG20220232,2022-1,Ingeniería Agroindustrial,2022,Irregular,0,2.608045331910407,0.2771583802331316
IAG20220232,2023-1,Ingeniería Agroindustrial,2022,Irregular,0,2.33042589683496,0.3002618977201507
IAG20220232,2024-1,Ingeniería Agroindustrial,2022,Irregular,0,2.7571396946867384,0.26615991984918136
IAG20220232,2025-1,Ingeniería Agroindustrial,2022,Irregular,0,6.34383298192818,0.13616867410530928
IAG20220242,2022-1,Ingeniería Agroindustrial,2022,Regular,0,3.817876580212762,0.20756031902250163
IAG20220244,2022-2,Ingeniería Agroindustrial,2022,Regular,0,3.9934350621438415,0.20026294275481535
IAG20220244,2023-1,Ingeniería Agroindustrial,2022,Regular,0,1.8208066434301193,0.3545085241234378
IAG20220244,2023-2,Ingeniería Agroindustrial,2022,Regular,0,3.0681598614738754,0.24581138255410268
IAG20220244,2024-1,Ingeniería Agroindustrial,2022,Regular,0,3.229467120054022,0.2364364047798124
IAG20220258,2022-2,Ingeniería Agroindustrial,2022,Regular,0,2.390259916830239,0.29496263547101753
IAG20220258,2023-1,Ingeniería Agroindustrial,2022,Regular,0,2.976943096564484,0.2514494111982287
IAG20220258,2023-2,Ingeniería Agroindustrial,2022,Regular,0,2.8686957405375466,0.2584850469168848
IAG20220258,2024-2,Ingeniería Agroindustrial,2022,Regular,0,2.8941328029280773,0.25679658363168295
IAG20220258,2025-1,Ingeniería Agroindustrial,2022,Regular,0,5.409860324236065,0.15600963974502538
IAG20220262,2022-2,Ingeniería Agroindustrial,2022,Regular,0,5.444404555904521,0.1551733742543794
IAG20220262,2023-1,Ingeniería Agroindustrial,2022,Regular,0,2.5515787832007963,0.2815649211359372
IAG20220262,2023-2,Ingeniería Agroindustrial,2022,Regular,0,3.209679005377429,0.23754780322266933
IAG20220262,2024-1,Ingeniería Agroindustrial,2022,Regular,0,3.315712399298335,0.23171145513834146
IAG20220264,2022-1,Ingeniería Agroindustrial,2022,Regular,0,4.741413386663612,0.17417314041919374
IAG20220264,2022-2,Ingeniería Agroindustrial,2022,Regular,0,3.847115778509106,0.20630825540288283
IAG20220264,2023-1,Ingeniería Agroindustrial,2022,Regular,0,3.957496206061071,0.2017147282487867
IAG20220276,2022-1,Ingeniería Agroindustrial,2022,Baja Temporal,1,6.6221701229965095,0.13119623202622369
IAG20220276,2023-1,Ingeniería Agroindustrial,2022,Baja Temporal,0,6.236611139866327,0.13818622842548808
IAG20220276,2024-1,Ingeniería Agroindustrial,2022,Baja Temporal,0,4.7211975725986,0.17478858006747605
IAG20220276,2024-2,Ingeniería Agroindustrial,2022,Baja Temporal,1,6.192306549096444,0.13903745525496658
IAG20220279,2022-1,Ingeniería Agroindustrial,2022,Regular,0,4.807264851375791,0.17219810454539392
IAG20220279,2023-2,Ingeniería Agroindustrial,2022,Regular,0,2.3949481880468513,0.29455530529769597
IAG20220279,2024-2,Ingeniería Agroindustrial,2022,Regular,0,2.4971470865743597,0.2859473665946241
IAG20220279,2025-1,Ingeniería Agroindustrial,2022,Regular,0,3.637758636596206,0.21562139782546572
IAG20220280,2022-1,Ingeniería Agroindustrial,2022,Regular,0,3.600379768061953,0.21737335837847138
IAG20220280,2022-2,Ingeniería Agroindustrial,2022,Regular,0,4.913727370127247,0.1690980894809973
IAG20220280,2023-1,Ingeniería Agroindustrial,2022,Regular,0,6.695013124666473,0.12995429426812619
IAG20220289,2023-2,Ingeniería Agroindustrial,2022,Regular,0,4.238991098463339,0.19087644571362458
IAG20220289,2024-1,Ingeniería Agroindustrial,2022,Regular,0,1.7803320538004161,0.35966926994677023
IAG20220289,2024-2,Ingeniería Agroindustrial,2022,Regular,0,2.9139559106024713,0.2554959797301526
IAG20220371,2022-1,Ingeniería Agroindustrial,2022,Irregular,1,5.849071629611104,0.1460051893276492
IAG20220371,2022-2,Ingeniería Agroindustrial,2022,Irregular,1,5.007521031941384,0.16645801066414928
IAG20220371,2023-1,Ingeniería Agroindustrial,2022,Irregular,1,5.164775375516054,0.1622119118843466
IAG20220371,2023-2,Ingeniería Agroindustrial,2022,Irregular,1,5.974316280959089,0.143383230658774
IAG20220382,2022-1,Ingeniería Agroindustrial,2022,Regular,0,3.2768286972794853,0.23381810934726133
IAG20220382,2022-2,Ingeniería Agroindustrial,2022,Regular,0,4.693539803379071,0.17563765856286942
IAG20220382,2023-1,Ingeniería Agroindustrial,2022,Regular,0,3.632565281345407,0.21586312102860994
IAG20220382,2023-2,Ingeniería Agroindustrial,2022,Regular,0,3.3097387071048248,0.23203262841699634
IAG20220383,2024-1,Ingeniería Agroindustrial,2022,Egresado,0,2.5137002619039945,0.28460025769475356
IAG20220383,2025-1,Ingeniería Agroindustrial,2022,Egresado,0,3.0670998228282773,0.24587545021321755
IAG20220384,2023-1,Ingeniería Agroindustrial,2022,Irregular,0,2.2658047671463395,0.3062032397220732
IAG20220384,2025-1,Ingeniería Agroindustrial,2022,Irregular,1,3.1086927749589726,0.2433864138235513
IAG20230002,2022-1,Ingeniería Agroindustrial,2023,Regular,0,2.6157655977801815,0.27656660061535177
IAG20230002,2022-2,Ingeniería Agroindustrial,2023,Regular,0,3.957855173362524,0.20170012334623694
IAG20230002,2023-1,Ingeniería Agroindustrial,2023,Regular,0,4.338717386956446,0.18731090775533463
IAG20230002,2023-2,Ingeniería Agroindustrial,2023,Regular,1,4.347550466098539,0.18700150776315702
IAG20230002,2024-1,Ingeniería Agroindustrial,2023,Regular,0,3.9058566311468566,0.2038379991887833
IAG20230024,2022-1,Ingeniería Agroindustrial,2023,Regular,0,4.397969495721051,0.18525484458418967
IAG20230024,2022-2,Ingeniería Agroindustrial,2023,Irregular,0,4.2290905516693025,0.19123784339147964
IAG20230024,2023-1,Ingeniería Agroindustrial,2023,Regular,0,2.9228064977703894,0.2549195328824838
IAG20230024,2023-2,Ingeniería Agroindustrial,2023,Regular,0,2.4349217121504307,0.29112745028880166
IAG20230024,2024-1,Ingeniería Agroindustrial,2023,Regular,0,3.464063029687016,0.2240111739797975
IAG20230024,2024-2,Ingeniería Agroindustrial,2023,Regular,0,4.168947260565926,0.19346299151261107
IAG20230030,2022-2,Ingeniería Agroindustrial,2023,Irregular,0,4.566909618315622,0.1796328786639381
IAG20230030,2024-1,Ingeniería Agroindustrial,2023,Irregular,1,3.727266108013749,0.21153875774092376
IAG20230030,2025-1,Ingeniería Agroindustrial,2023,Irregular,0,5.066768694572287,0.1648323927191526
IAG20230074,2023-1,Ingeniería Agroindustrial,2023,Regular,0,2.501266873797063,0.28561090486527735
IAG20230074,2023-2,Ingeniería Agroindustrial,2023,Regular,0,2.12599652516381,0.3198979883535211
IAG20230074,2024-1,Ingeniería Agroindustrial,2023,Regular,0,2.7858282624056225,0.26414299082985127
IAG20230074,2025-1,Ingeniería Agroindustrial,2023,Regular,0,4.368256283303967,0.18628022717733148
IAG20230105,2022-1,Ingeniería Agroindustrial,2023,Irregular,0,5.365887246219683,0.15708729377728764
IAG20230105,2022-2,Ingeniería Agroindustrial,2023,Irregular,1,3.441846637185721,0.2251315909082316
IAG20230105,2023-2,Ingeniería Agroindustrial,2023,Irregular,1,4.4512697510160475,0.18344349952845623
IAG20230105,2024-1,Ingeniería Agroindustrial,2023,Irregular,1,4.554454128311699,0.1800356933191479
IAG20230105,2025-1,Ingeniería Agroindustrial,2023,Irregular,1,4.917369428281147,0.16899401197103825
IAG20230140,2022-1,Ingeniería Agroindustrial,2023,Regular,0,4.1937285306025816,0.19253990540856764
IAG20230140,2022-2,Ingeniería Agroindustrial,2023,Regular,0,4.6812985127850135,0.1760160987403904
IAG20230140,2023-1,Ingeniería Agroindustrial,2023,Regular,0,3.516285524262718,0.22142089879564236
IAG20230141,2022-1,Ingeniería Agroindustrial,2023,Regular,0,3.084850451376416,0.24480700380672285
IAG20230141,2022-2,Ingeniería Agroindustrial,2023,Regular,0,4.208196337524068,0.19200505034635298
IAG20230155,2022-1,Ingeniería Agroindustrial,2023,Regular,0,3.771796073855822,0.20956469734297672
IAG20230155,2022-2,Ingeniería Agroindustrial,2023,Regular,0,5.20148098039354,0.1612518047159343
IAG20230179,2022-2,Ingeniería Agroindustrial,2023,Regular,0,3.263288646711058,0.23456070720697195
IAG20230179,2023-2,Ingeniería Agroindustrial,2023,Regular,0,2.7522301347198574,0.26650817356506845
IAG20230179,2024-1,Ingeniería Agroindustrial,2023,Regular,0,2.4626158597909047,0.2887990006666193
IAG20230179,2025-1,Ingeniería Agroindustrial,2023,Regular,0,3.2246173987946407,0.23670782596438628
IAG20230188,2022-2,Ingeniería Agroindustrial,2023,Irregular,0,3.5409083318221803,0.22022025703362283
IAG20230188,2023-1,Ingeniería Agroindustrial,2023,Irregular,0,3.7961651385189468,0.2084999100570585
IAG20230188,2023-2,Ingeniería Agroindustrial,2023,Irregular,0,3.66933377089719,0.2141633151677343
IAG20230188,2024-1,Ingeniería Agroindustrial,2023,Irregular,0,3.9241133224988998,0.20308224740297362
IAG20230188,2025-1,Ingeniería Agroindustrial,2023,Irregular,0,5.0150021883980465,0.16625097858298973
IAG20230213,2023-2,Ingeniería Agroindustrial,2023,Irregular,0,2.6730910866033706,0.2722502590930118
IAG20230213,2024-2,Ingeniería Agroindustrial,2023,Irregular,0,3.059353380140177,0.24634465304064465
IAG20230219,2022-1,Ingeniería Agroindustrial,2023,Irregular,0,2.9354802207943287,0.25409859633296855
IAG20230219,2022-2,Ingeniería Agroindustrial,2023,Irregular,0,2.8416346329851767,0.2603058581921782
IAG20230219,2023-2,Ingeniería Agroindustrial,2023,Irregular,0,2.4739051511883052,0.28786047876348436
IAG20230236,2022-1,Ingeniería Agroindustrial,2023,Baja Temporal,1,7.590353130541514,0.11640964984834827
IAG20230236,2022-2,Ingeniería Agroindustrial,2023,Baja Temporal,1,5.6682200687824125,0.1499650565945697
IAG20230261,2022-1,Ingeniería Agroindustrial,2023,Irregular,0,3.147003548577611,0.24113796583149583
IAG20230261,2022-2,Ingeniería Agroindustrial,2023,Irregular,0,2.3863318819928208,0.29530478253404696
IAG20230261,2023-2,Ingeniería Agroindustrial,2023,Irregular,0,4.513237909884433,0.18138161573023098
IAG20230261,2024-2,Ingeniería Agroindustrial,2023,Irregular,0,3.7263999158738823,0.21157752576997205
IAG20230261,2025-1,Ingeniería Agroindustrial,2023,Irregular,0,5.2540776769618365,0.1598956795314044
IAG20230266,2022-1,Ingeniería Agroindustrial,2023,Regular,0,2.9899969762540994,0.25062675634877873
IAG20230266,2022-2,Ingeniería Agroindustrial,2023,Regular,0,3.1544466617033744,0.24070594267540496
IAG20230266,2023-1,Ingeniería Agroindustrial,2023,Regular,0,2.4383909994951534,0.2908337068549872
IAG20230281,2022-1,Ingeniería Agroindustrial,2023,Irregular,0,4.447969405387377,0.1835546284476418
IAG20230281,2022-2,Ingeniería Agroindustrial,2023,Irregular,1,3.819553499070769,0.20748810033809237
IAG20230281,2023-2,Ingeniería Agroindustrial,2023,Irregular,1,3.3916946313016405,0.22770253488768027
IAG20230306,2022-1,Ingeniería Agroindustrial,2023,Regular,0,3.0676735871336636,0.24584076833575585
IAG20230306,2022-2,Ingeniería Agroindustrial,2023,Irregular,1,3.7120175233856885,0.21222331942464384
IAG20230337,2022-2,Ingeniería Agroindustrial,2023,Regular,0,3.378534431506442,0.22838692161567598
IAG20230337,2023-1,Ingeniería Agroindustrial,2023,Regular,0,5.364633101258024,0.1571182476806623
IAG20230337,2024-2,Ingeniería Agroindustrial,2023,Regular,0,2.8076111753314033,0.26263185865162897
IAG20230337,2025-1,Ingeniería Agroindustrial,2023,Regular,0,4.7708581116399325,0.17328445452210664
IAG20230363,2022-1,Ingeniería Agroindustrial,2023,Irregular,0,4.824761631202118,0.17168084521144936
IAG20230363,2023-2,Ingeniería Agroindustrial,2023,Regular,0,2.8512609935396678,0.2596552146627972
IAG20230363,2025-1,Ingeniería Agroindustrial,2023,Regular,1,3.997324871429731,0.2001070624239606
IAG20230365,2022-1,Ingeniería Agroindustrial,2023,Regular,0,5.349164682259576,0.1575010336074815
IAG20230365,2022-2,Ingeniería Agroindustrial,2023,Regular,0,4.235311425387096,0.1910106044791902
IAG20230387,2022-1,Ingeniería Agroindustrial,2023,Regular,0,4.286458238890052,0.18916256495576905
IAG20230387,2023-1,Ingeniería Agroindustrial,2023,Regular,0,2.582754863716734,0.27911482589199654
IAG20230387,2023-2,Ingeniería Agroindustrial,2023,Regular,0,2.766884470515609,0.26547137503877855
IAG20230387,2024-1,Ingeniería Agroindustrial,2023,Regular,0,3.474801468184776,0.22347360147927517
IAG20230387,2024-2,Ingeniería Agroindustrial,2023,Regular,0,3.4539157690878524,0.22452153382433562
IAG20240031,2023-1,Ingeniería Agroindustrial,2024,Irregular,0,4.119031477273607,0.1953494532001978
IAG20240031,2024-1,Ingeniería Agroindustrial,2024,Regular,0,3.757107334723499,0.2102117798984083
IAG20240106,2022-1,Ingeniería Agroindustrial,2024,Regular,0,4.698133118087568,0.17549607551738355
IAG20240106,2023-1,Ingeniería Agroindustrial,2024,Regular,0,2.9466783624822206,0.2533776275021968
IAG20240106,2023-2,Ingeniería Agroindustrial,2024,Regular,1,3.681777252797625,0.21359410027515593
IAG20240170,2022-1,Ingeniería Agroindustrial,2024,Irregular,0,3.1191455681474305,0.2427687935412649
IAG20240170,2022-2,Ingeniería Agroindustrial,2024,Irregular,0,3.4797238570931968,0.22322804527707654
IAG20240170,2023-1,Ingeniería Agroindustrial,2024,Irregular,0,2.585874312912152,0.2788720163445668
IAG20240170,2023-2,Ingeniería Agroindustrial,2024,Irregular,0,6.076014386347382,0.14132249390694032
IAG20240177,2022-2,Ingeniería Agroindustrial,2024,Regular,0,3.21286446648289,0.23736818688469466
IAG20240177,2023-2,Ingeniería Agroindustrial,2024,Regular,0,3.204777406284841,0.23782471778537184
IAG20240177,2024-2,Ingeniería Agroindustrial,2024,Regular,0,2.306663398055451,0.30241965377790486
IAG20240177,2025-1,Ingeniería Agroindustrial,2024,Regular,0,3.126945813271738,0.24230994184225194
IAG20240207,2022-1,Ingeniería Agroindustrial,2024,Regular,0,3.1019050062044164,0.2437891658844928
IAG20240207,2022-2,Ingeniería Agroindustrial,2024,Regular,0,3.0121898691357747,0.24924044788922214
IAG20240207,2024-2,Ingeniería Agroindustrial,2024,Regular,0,2.778355402110497,0.26466541486315037
IAG20240207,2025-1,Ingeniería Agroindustrial,2024,Regular,0,3.5626990994412058,0.21916851806477225
IAG20240211,2022-1,Ingeniería Agroindustrial,2024,Egresado,0,3.1891970467811213,0.2387092296764546
IAG20240211,2022-2,Ingeniería Agroindustrial,2024,Egresado,1,4.279593595943673,0.18940851825570493
IAG20240211,2023-1,Ingeniería Agroindustrial,2024,Egresado,1,3.0703893199165835,0.2456767452457087
IAG20240211,2025-1,Ingeniería Agroindustrial,2024,Egresado,1,4.2962205896083665,0.18881388776783292
IAG20240216,2022-2,Ingeniería Agroindustrial,2024,Regular,0,5.54213371112653,0.1528553288813481
IAG20240216,2024-1,Ingeniería Agroindustrial,2024,Regular,0,3.6448142988195746,0.21529386013433052
IAG20240230,2022-2,Ingeniería Agroindustrial,2024,Regular,0,4.052245261447777,0.19793180026922105
IAG20240237,2022-1,Ingeniería Agroindustrial,2024,Regular,0,4.6354292497358305,0.17744877198961845
IAG20240237,2022-2,Ingeniería Agroindustrial,2024,Regular,1,3.8528519718283896,0.20606439384616837
IAG20240237,2023-1,Ingeniería Agroindustrial,2024,Irregular,1,2.497559717677234,0.2859136314230284
IAG20240237,2023-2,Ingeniería Agroindustrial,2024,Irregular,0,3.7341361964139512,0.21123177671937016
IAG20240250,2022-2,Ingeniería Agroindustrial,2024,Regular,0,4.301438883773618,0.18862803512849136
IAG20240250,2023-1,Ingeniería Agroindustrial,2024,Regular,0,2.2438785894850417,0.3082729431494376
IAG20240250,2023-2,Ingeniería Agroindustrial,2024,Regular,1,2.979182475174689,0.25130790212280957
IAG20240250,2024-1,Ingeniería Agroindustrial,2024,Irregular,1,3.689694609507328,0.21323350095605784
IAG20240250,2024-2,Ingeniería Agroindustrial,2024,Irregular,0,4.658114916563008,0.17673730822834627
IAG20240250,2025-1,Ingeniería Agroindustrial,2024,Irregular,1,4.572073245466272,0.17946641329843463
IAG20240277,2023-1,Ingeniería Agroindustrial,2024,Regular,0,2.723928158256011,0.2685336444482645
IAG20240277,2023-2,Ingeniería Agroindustrial,2024,Regular,0,3.178441084915264,0.23932370462518546
IAG20240277,2024-2,Ingeniería Agroindustrial,2024,Regular,0,2.821269540296917,0.26169313351350215
IAG20240277,2025-1,Ingeniería Agroindustrial,2024,Regular,0,3.9213644877068843,0.20319567926698134
IAG20240286,2022-2,Ingeniería Agroindustrial,2024,Irregular,1,5.107868585396478,0.16372323438505798
IAG20240302,2022-1,Ingeniería Agroindustrial,2024,Irregular,0,6.294591150844858,0.13708787501876377
IAG20240302,2022-2,Ingeniería Agroindustrial,2024,Regular,0,4.672888633126516,0.17627703709192455
IAG20240302,2023-1,Ingeniería Agroindustrial,2024,Regular,1,6.6224910313469145,0.1311907086394167
IAG20240302,2024-1,Ingeniería Agroindustrial,2024,Irregular,1,3.416614970015508,0.2264177445371673
IAG20240321,2022-2,Ingeniería Agroindustrial,2024,Regular,0,4.927303515353572,0.16871078010594312
IAG20240347,2022-1,Ingeniería Agroindustrial,2024,Irregular,1,4.389555591196216,0.1855440551784065
IAG20240347,2022-2,Ingeniería Agroindustrial,2024,Irregular,1,3.435179013451685,0.22547004235162732
IAG20240347,2023-1,Ingeniería Agroindustrial,2024,Irregular,0,4.458076817327154,0.1832147171006114
IAG20240347,2024-1,Ingeniería Agroindustrial,2024,Irregular,1,3.867178570045531,0.20545784084323115
IBM20200010,2022-1,Ingeniería Biomédica,2020,Regular,0,3.608563719499976,0.21698734375066833
IBM20200010,2022-2,Ingeniería Biomédica,2020,Regular,0,2.719448132079082,0.26885708967825395
IBM20200010,2023-2,Ingeniería Biomédica,2020,Regular,0,2.8800799623451137,0.2577266473125986
IBM20200017,2022-1,Ingeniería Biomédica,2020,Baja Temporal,1,6.097479605164683,0.14089508609116982
IBM20200017,2022-2,Ingeniería Biomédica,2020,Baja Temporal,1,5.663328680583767,0.15007514231046323
IBM20200017,2023-2,Ingeniería Biomédica,2020,Baja Temporal,1,5.4866523292677805,0.15416272512217113
IBM20200017,2024-1,Ingeniería Biomédica,2020,Baja Temporal,1,6.719638910160987,0.12953973775687208
IBM20200042,2022-1,Ingeniería Biomédica,2020,Regular,0,4.264213489621969,0.18996190066596472
IBM20200042,2022-2,Ingeniería Biomédica,2020,Irregular,1,2.6896458643689054,0.27102872111848186
IBM20200042,2024-2,Ingeniería Biomédica,2020,Irregular,0,4.958945806765635,0.16781491767631543
IBM20200056,2022-1,Ingeniería Biomédica,2020,Regular,0,6.906544878316307,0.12647749622499446
IBM20200057,2022-1,Ingeniería Biomédica,2020,Regular,0,5.279954461189676,0.15923682348017534
IBM20200057,2022-2,Ingeniería Biomédica,2020,Regular,0,2.8842397521121916,0.2574506374011066
IBM20200057,2024-1,Ingeniería Biomédica,2020,Irregular,0,3.5051237173549463,0.22196948690836868
IBM20200058,2022-2,Ingeniería Biomédica,2020,Regular,0,3.0730813673079367,0.24551436856291925
IBM20200058,2023-2,Ingeniería Biomédica,2020,Irregular,0,3.58146955413739,0.21827057632565286
IBM20200058,2024-1,Ingeniería Biomédica,2020,Irregular,0,3.750334932140489,0.2105114721983198
IBM20200077,2022-1,Ingeniería Biomédica,2020,Regular,0,3.3432855192237487,0.23024044713936387
IBM20200077,2022-2,Ingeniería Biomédica,2020,Regular,0,5.7401712095629485,0.14836418377343308
IBM20200077,2023-1,Ingeniería Biomédica,2020,Regular,0,3.401039800330406,0.22721903126732132
IBM20200082,2022-1,Ingeniería Biomédica,2020,Irregular,0,3.0671630224327684,0.24587162955711847
IBM20200082,2023-1,Ingeniería Biomédica,2020,Irregular,0,3.489216761102255,0.22275600694194728
IBM20200093,2022-2,Ingeniería Biomédica,2020,Regular,0,4.492608661164762,0.18206285240571649
IBM20200093,2023-1,Ingeniería Biomédica,2020,Regular,0,3.215249584634515,0.2372338766475925
IBM20200093,2024-1,Ingeniería Biomédica,2020,Irregular,0,4.470831236103011,0.1827875795913458
IBM20200093,2024-2,Ingeniería Biomédica,2020,Irregular,0,4.181456477263618,0.19299592776433214
IBM20200093,2025-1,Ingeniería Biomédica,2020,Irregular,0,3.996094282867918,0.20015635081769675
IBM20200107,2022-1,Ingeniería Biomédica,2020,Irregular,1,3.7893027648855933,0.20879866007466497
IBM20200150,2022-1,Ingeniería Biomédica,2020,Regular,0,4.666436032176169,0.17647777091660813
IBM20200150,2022-2,Ingeniería Biomédica,2020,Regular,0,2.543433290443247,0.2822121705231567
IBM20200150,2023-1,Ingeniería Biomédica,2020,Regular,0,3.510503026924918,0.22170476198122863
IBM20200150,2023-2,Ingeniería Biomédica,2020,Regular,0,3.145131985264828,0.24124684173020636
IBM20200203,2022-1,Ingeniería Biomédica,2020,Irregular,1,4.866809920096455,0.1704503833632911
IBM20200203,2022-2,Ingeniería Biomédica,2020,Irregular,1,2.728960639235258,0.2681712403928945
IBM20200203,2023-1,Ingeniería Biomédica,2020,Irregular,1,7.957367121010166,0.11163994804393204
IBM20200203,2024-1,Ingeniería Biomédica,2020,Irregular,1,6.1350435119213325,0.14015331487876503
IBM20200226,2022-1,Ingeniería Biomédica,2020,Regular,0,4.444727263408262,0.18366392871881432
IBM20200226,2022-2,Ingeniería Biomédica,2020,Regular,0,4.0531135382405585,0.1978977896364841
IBM20200226,2023-2,Ingeniería Biomédica,2020,Regular,0,3.0254100311773557,0.24842189795694405
IBM20200255,2022-1,Ingeniería Biomédica,2020,Regular,0,3.2156196240544532,0.23721305268956663
IBM20200255,2023-1,Ingeniería Biomédica,2020,Regular,0,3.302754256855726,0.23240927561844035
IBM20200255,2023-2,Ingeniería Biomédica,2020,Regular,0,3.60330652619777,0.21723515353777192
IBM20200260,2022-1,Ingeniería Biomédica,2020,Regular,0,5.382938622900936,0.15666765091742604
IBM20200260,2022-2,Ingeniería Biomédica,2020,Regular,0,4.350456587268837,0.18689993717161513
IBM20200311,2022-1,Ingeniería Biomédica,2020,Regular,0,3.995374753157041,0.20018518117544779
IBM20200329,2022-1,Ingeniería Biomédica,2020,Regular,0,3.477491324675958,0.22333934953461276
IBM20200329,2022-2,Ingeniería Biomédica,2020,Regular,0,2.780557582308128,0.2645112468805393
IBM20200329,2023-1,Ingeniería Biomédica,2020,Regular,0,3.0947795669713023,0.2442133901580564
IBM20200331,2022-2,Ingeniería Biomédica,2020,Irregular,1,4.430032593293865,0.18416095719849052
IBM20200331,2024-2,Ingeniería Biomédica,2020,Irregular,1,5.656079150600303,0.15023859803557343
IBM20200331,2025-1,Ingeniería Biomédica,2020,Irregular,1,7.233726444604912,0.1214516910086614
IBM20200333,2022-2,Ingeniería Biomédica,2020,Irregular,0,5.588008301118967,0.15179094413559724
IBM20200333,2023-1,Ingeniería Biomédica,2020,Irregular,0,2.260606368596823,0.30669142084462725
IBM20200333,2023-2,Ingeniería Biomédica,2020,Irregular,0,3.5526773513661007,0.2196509708073063
IBM20200336,2022-1,Ingeniería Biomédica,2020,Regular,0,3.7971675793048005,0.20845634084455283
IBM20200336,2022-2,Ingeniería Biomédica,2020,Regular,0,3.317721772794443,0.2316036216832927
IBM20200338,2022-1,Ingeniería Biomédica,2020,Regular,0,4.497978199660962,0.18188504277111647
IBM20200338,2022-2,Ingeniería Biomédica,2020,Irregular,1,4.978597181617697,0.16726331773525152
IBM20200338,2023-1,Ingeniería Biomédica,2020,Irregular,0,3.310704908368556,0.23198062063089897
IBM20200338,2023-2,Ingeniería Biomédica,2020,Irregular,0,3.187051440111511,0.238831553493732
IBM20200343,2022-1,Ingeniería Biomédica,2020,Regular,0,4.239574987812492,0.1908551747662833
IBM20200343,2022-2,Ingeniería Biomédica,2020,Regular,0,2.3871041907362973,0.29523744877260993
IBM20200343,2023-1,Ingeniería Biomédica,2020,Irregular,1,4.7762073463069346,0.17312397911743216
IBM20200343,2023-2,Ingeniería Biomédica,2020,Irregular,1,2.1918144418076047,0.3133014209415241
IBM20200343,2025-1,Ingeniería Biomédica,2020,Irregular,0,6.01606025006242,0.14253013291770167
IBM20200375,2022-1,Ingeniería Biomédica,2020,Regular,0,4.610180780351397,0.17824737546824015
IBM20200375,2023-2,Ingeniería Biomédica,2020,Irregular,0,4.382773970666513,0.1857778174319619
IBM20200375,2024-1,Ingeniería Biomédica,2020,Irregular,1,4.4463456242430555,0.1836093536827241
IBM20200375,2024-2,Ingeniería Biomédica,2020,Irregular,0,4.624615054303137,0.17778994479541238
IBM20210004,2022-1,Ingeniería Biomédica,2021,Regular,0,3.983973668617748,0.20064311460885773
IBM20210004,2023-1,Ingeniería Biomédica,2021,Regular,0,3.066118242019854,0.24593480574811016
IBM20210004,2024-1,Ingeniería Biomédica,2021,Regular,0,3.0186042778585294,0.24884261570857863
IBM20210004,2024-2,Ingeniería Biomédica,2021,Regular,0,3.543047570775547,0.22011655929662413
IBM20210004,2025-1,Ingeniería Biomédica,2021,Regular,0,6.256519946078853,0.13780710415332928
IBM20210044,2022-1,Ingeniería Biomédica,2021,Regular,0,4.063101014055687,0.19750741634897223
IBM20210044,2023-2,Ingeniería Biomédica,2021,Regular,0,2.3790698255569183,0.29593943056065314
IBM20210044,2024-1,Ingeniería Biomédica,2021,Regular,0,2.492878917345261,0.2862967837316397
IBM20210049,2022-2,Ingeniería Biomédica,2021,Regular,0,4.288940868916846,0.18907377200547074
IBM20210049,2023-2,Ingeniería Biomédica,2021,Irregular,0,3.281386523986634,0.23356919409108737
IBM20210049,2024-1,Ingeniería Biomédica,2021,Irregular,0,3.3611038617662,0.22929974421544982
IBM20210049,2024-2,Ingeniería Biomédica,2021,Irregular,0,3.9887267502262924,0.2004519489776904
IBM20210070,2022-1,Ingeniería Biomédica,2021,Regular,0,5.254526732779086,0.15988419951251343
IBM20210102,2022-1,Ingeniería Biomédica,2021,Egresado,1,6.190928361527071,0.1390641026755604
IBM20210102,2023-1,Ingeniería Biomédica,2021,Egresado,0,5.043956760843344,0.16545452582960982
IBM20210102,2023-2,Ingeniería Biomédica,2021,Egresado,0,3.4768707790472284,0.2233703069296141
IBM20210102,2024-2,Ingeniería Biomédica,2021,Egresado,1,3.7332943581671225,0.21126934526574231
IBM20210102,2025-1,Ingeniería Biomédica,2021,Egresado,1,6.921338767969634,0.12624128689503278
IBM20210111,2022-1,Ingeniería Biomédica,2021,Irregular,0,3.3164097058766657,0.2316740226578884
IBM20210111,2022-2,Ingeniería Biomédica,2021,Irregular,0,4.611097813348373,0.17821824414129378
IBM20210111,2023-2,Ingeniería Biomédica,2021,Irregular,0,2.0015991908680526,0.33315574012758287
IBM20210111,2024-2,Ingeniería Biomédica,2021,Irregular,0,4.792492526212348,0.1726372533887221
IBM20210147,2022-1,Ingeniería Biomédica,2021,Irregular,1,4.067231051393819,0.19734643829294796
IBM20210147,2024-1,Ingeniería Biomédica,2021,Irregular,0,5.265232529160777,0.15961099533746265
IBM20210147,2024-2,Ingeniería Biomédica,2021,Irregular,1,6.2118339177352775,0.13866098573634772
IBM20210151,2024-1,Ingeniería Biomédica,2021,Irregular,1,4.375562365019647,0.18602704835261363
IBM20210151,2024-2,Ingeniería Biomédica,2021,Irregular,0,5.205192854144683,0.16115534577334886
IBM20210151,2025-1,Ingeniería Biomédica,2021,Irregular,0,5.071168550633373,0.16471293650637905
IBM20210204,2022-1,Ingeniería Biomédica,2021,Regular,0,4.365523667707609,0.18637509811362823
IBM20210204,2022-2,Ingeniería Biomédica,2021,Regular,0,3.5808594616079428,0.21829964625218748
IBM20210204,2023-2,Ingeniería Biomédica,2021,Regular,1,4.519627286939276,0.181171653087199
IBM20210204,2024-1,Ingeniería Biomédica,2021,Regular,0,5.393464393203125,0.15640972382095336
IBM20210205,2022-1,Ingeniería Biomédica,2021,Regular,0,2.764997669100664,0.26560441410282937
IBM20210205,2022-2,Ingeniería Biomédica,2021,Regular,0,2.6692375323827044,0.27253618529041557
IBM20210205,2023-1,Ingeniería Biomédica,2021,Regular,0,3.0211562929660722,0.24868468846864522
IBM20210263,2022-2,Ingeniería Biomédica,2021,Regular,0,3.781005158091649,0.20916103767584152
IBM20210294,2022-1,Ingeniería Biomédica,2021,Regular,0,4.166631017682129,0.19354972255181932
IBM20210294,2022-2,Ingeniería Biomédica,2021,Regular,0,3.202920711448293,0.2379297799447204
IBM20210294,2023-1,Ingeniería Biomédica,2021,Regular,0,1.4998353062871852,0.400026352730102
IBM20210294,2023-2,Ingeniería Biomédica,2021,Regular,0,2.937947875144522,0.2539393693633642
IBM20210294,2024-1,Ingeniería Biomédica,2021,Regular,0,2.8268050778429488,0.26131459001922014
IBM20210298,2022-2,Ingeniería Biomédica,2021,Regular,0,4.350784899668261,0.1868884694023111
IBM20210310,2023-1,Ingeniería Biomédica,2021,Regular,0,3.2806783530026293,0.23360783444487535
IBM20210310,2023-2,Ingeniería Biomédica,2021,Regular,0,2.9254282072382836,0.25474927758353916
IBM20210310,2024-2,Ingeniería Biomédica,2021,Regular,0,3.1594086923094578,0.24041878881701403
IBM20210310,2025-1,Ingeniería Biomédica,2021,Regular,0,3.4885684145205467,0.22278818270096848
IBM20210325,2022-1,Ingeniería Biomédica,2021,Irregular,0,2.127322674451303,0.3197623347822439
IBM20210325,2022-2,Ingeniería Biomédica,2021,Irregular,0,2.7594667867421,0.2659951681250483
IBM20210325,2023-2,Ingeniería Biomédica,2021,Irregular,0,2.441909345561098,0.2905364144147674
IBM20210325,2024-2,Ingeniería Biomédica,2021,Irregular,0,3.1791711759330203,0.23928189535733604
IBM20210325,2025-1,Ingeniería Biomédica,2021,Irregular,0,4.0337430149992795,0.19865932706939016
IBM20210330,2022-1,Ingeniería Biomédica,2021,Regular,0,4.465005209045043,0.18298244223901486
IBM20210330,2023-2,Ingeniería Biomédica,2021,Irregular,1,3.9552651192695754,0.20180554943696005
IBM20210330,2024-1,Ingeniería Biomédica,2021,Irregular,1,5.131090217428077,0.16310312922119888
IBM20210330,2024-2,Ingeniería Biomédica,2021,Irregular,1,3.697801907117939,0.2128655102474279
IBM20210335,2022-1,Ingeniería Biomédica,2021,Regular,0,4.492500292582475,0.1820664445572233
IBM20210335,2023-2,Ingeniería Biomédica,2021,Regular,0,2.810871105340163,0.26240719571929444
IBM20210335,2024-2,Ingeniería Biomédica,2021,Regular,0,3.1957526345645184,0.23833626219096468
IBM20220096,2022-1,Ingeniería Biomédica,2022,Irregular,0,2.5035507666694667,0.2854247209754624
IBM20220096,2023-1,Ingeniería Biomédica,2022,Irregular,0,2.4414714139354587,0.2905733855439643
IBM20220096,2023-2,Ingeniería Biomédica,2022,Irregular,0,2.8557708435132874,0.2593515124692482
IBM20220115,2022-1,Ingeniería Biomédica,2022,Irregular,1,5.753576450097707,0.14806969424112057
IBM20220115,2023-1,Ingeniería Biomédica,2022,Regular,0,3.9220007343392287,0.20316941300380537
IBM20220115,2024-1,Ingeniería Biomédica,2022,Irregular,1,3.170510517288928,0.23977879826809728
IBM20220125,2022-2,Ingeniería Biomédica,2022,Regular,0,2.8129406893487534,0.262264766612669
IBM20220125,2023-1,Ingeniería Biomédica,2022,Regular,0,2.287752136231223,0.30415918188598856
IBM20220125,2023-2,Ingeniería Biomédica,2022,Regular,0,3.542382195658171,0.2201488023081476
IBM20220125,2024-1,Ingeniería Biomédica,2022,Regular,0,3.5362673227466823,0.22044556214436367
IBM20220144,2022-1,Ingeniería Biomédica,2022,Irregular,1,5.476027165847258,0.15441565861145828
IBM20220144,2022-2,Ingeniería Biomédica,2022,Regular,0,4.675297396495999,0.176202219925499
IBM20220144,2023-2,Ingeniería Biomédica,2022,Irregular,1,6.640688204912943,0.13087826294979588
IBM20220185,2022-1,Ingeniería Biomédica,2022,Irregular,1,4.172096359648174,0.19334519901868646
IBM20220185,2023-1,Ingeniería Biomédica,2022,Irregular,1,4.779237437322873,0.1730332091119675
IBM20220185,2024-1,Ingeniería Biomédica,2022,Irregular,1,4.409130708447297,0.18487258931242434
IBM20220185,2024-2,Ingeniería Biomédica,2022,Irregular,1,4.746363880886659,0.17402309020599316
IBM20220185,2025-1,Ingeniería Biomédica,2022,Irregular,1,4.280404504632367,0.18937943089828155
IBM20220193,2022-2,Ingeniería Biomédica,2022,Regular,0,2.4536850704536155,0.28954579806799163
IBM20220193,2023-2,Ingeniería Biomédica,2022,Regular,0,2.9290335094033253,0.25451551828374785
IBM20220193,2024-1,Ingeniería Biomédica,2022,Regular,1,3.9548537916388584,0.20182230234269774
IBM20220193,2024-2,Ingeniería Biomédica,2022,Irregular,1,4.055803004596604,0.19779251665676573
IBM20220193,2025-1,Ingeniería Biomédica,2022,Irregular,0,6.010981525947222,0.14263338111775933
IBM20220209,2022-2,Ingeniería Biomédica,2022,Regular,0,3.4777462461188144,0.22332663465840036
IBM20220218,2023-1,Ingeniería Biomédica,2022,Baja Temporal,1,7.107397370624167,0.1233441453879314
IBM20220218,2023-2,Ingeniería Biomédica,2022,Baja Temporal,1,5.8199728807134985,0.14662814903970425
IBM20220218,2024-2,Ingeniería Biomédica,2022,Baja Temporal,1,6.499189883894881,0.13334773695323826
IBM20220218,2025-1,Ingeniería Biomédica,2022,Baja Temporal,0,7.0618454500639904,0.12404107796336662
IBM20220278,2022-1,Ingeniería Biomédica,2022,Regular,0,3.1926412477977806,0.23851313310559502
IBM20220278,2022-2,Ingeniería Biomédica,2022,Regular,0,3.842241533481162,0.20651592719727152
IBM20220278,2023-1,Ingeniería Biomédica,2022,Regular,0,2.459215348362386,0.2890828986618038
IBM20220278,2023-2,Ingeniería Biomédica,2022,Regular,0,2.92191000782329,0.25497780367352507
IBM20220278,2024-1,Ingeniería Biomédica,2022,Regular,0,3.6530970358802297,0.2149106266834664
IBM20220295,2022-1,Ingeniería Biomédica,2022,Regular,0,4.8124678098587275,0.17204396354743942
IBM20220295,2022-2,Ingeniería Biomédica,2022,Regular,0,3.782451406313294,0.2090977858509768
IBM20220359,2022-2,Ingeniería Biomédica,2022,Regular,0,2.5881768552515685,0.2786930634526624
IBM20220359,2024-2,Ingeniería Biomédica,2022,Regular,0,2.314763611795095,0.30168063763028174
IBM20220362,2023-1,Ingeniería Biomédica,2022,Irregular,1,3.483794605908898,0.22302538093117955
IBM20220362,2023-2,Ingeniería Biomédica,2022,Irregular,0,4.353528891535286,0.186792678298822
IBM20220362,2024-1,Ingeniería Biomédica,2022,Irregular,0,3.240767645799925,0.23580636420634937
IBM20230006,2022-1,Ingeniería Biomédica,2023,Regular,0,3.006113841979044,0.24961846803284904
IBM20230006,2022-2,Ingeniería Biomédica,2023,Regular,0,2.87593657069164,0.2580021581265339
IBM20230013,2025-1,Ingeniería Biomédica,2023,Egresado,0,3.5370957625169845,0.2204053104326022
IBM20230025,2022-1,Ingeniería Biomédica,2023,Regular,0,3.0238845333415316,0.2485160773660609
IBM20230025,2023-1,Ingeniería Biomédica,2023,Regular,0,2.824719683805778,0.2614570694511532
IBM20230025,2023-2,Ingeniería Biomédica,2023,Regular,0,2.826834554322406,0.2613125772240404
IBM20230025,2024-1,Ingeniería Biomédica,2023,Regular,0,4.699858442341814,0.1754429535602897
IBM20230064,2022-1,Ingeniería Biomédica,2023,Regular,0,5.777300869633413,0.14755136583660192
IBM20230064,2022-2,Ingeniería Biomédica,2023,Irregular,1,3.3482358234886913,0.2299783269799007
IBM20230064,2023-1,Ingeniería Biomédica,2023,Irregular,1,3.9498573095703304,0.20202602569301226
IBM20230091,2022-1,Ingeniería Biomédica,2023,Regular,0,4.488058434990765,0.18221380326860218
IBM20230091,2022-2,Ingeniería Biomédica,2023,Regular,0,2.791101016806599,0.26377561441038605
IBM20230091,2023-1,Ingeniería Biomédica,2023,Regular,0,2.5195897493935875,0.28412402331047143
IBM20230091,2023-2,Ingeniería Biomédica,2023,Regular,0,2.9211502902574757,0.2550272052781575
IBM20230091,2024-1,Ingeniería Biomédica,2023,Regular,0,3.325787060932379,0.23117180432465861
IBM20230091,2025-1,Ingeniería Biomédica,2023,Regular,0,3.719386688967098,0.2118919397594147
IBM20230131,2022-1,Ingeniería Biomédica,2023,Irregular,0,4.289108767561489,0.1890677700056155
IBM20230131,2022-2,Ingeniería Biomédica,2023,Irregular,0,2.9321903021488507,0.2543111912598745
IBM20230131,2023-2,Ingeniería Biomédica,2023,Irregular,0,3.106725600894076,0.2435029990273248
IBM20230228,2022-2,Ingeniería Biomédica,2023,Regular,0,3.6876623585790065,0.2133259444699287
IBM20230228,2023-1,Ingeniería Biomédica,2023,Regular,0,3.2905567766156927,0.2330699841685303
IBM20230233,2022-2,Ingeniería Biomédica,2023,Regular,0,3.339275795132501,0.23045320168903086
IBM20230233,2023-2,Ingeniería Biomédica,2023,Irregular,1,3.9524111888274063,0.20192184410211952
IBM20230233,2025-1,Ingeniería Biomédica,2023,Regular,0,2.935398905457493,0.25410384665534924
IBM20230257,2022-1,Ingeniería Biomédica,2023,Regular,0,4.144931642301099,0.19436604206324196
IBM20230257,2023-1,Ingeniería Biomédica,2023,Irregular,1,4.196768244551493,0.19242728421619365
IBM20230257,2023-2,Ingeniería Biomédica,2023,Irregular,1,3.543153551737454,0.22011142450106413
IBM20230257,2024-2,Ingeniería Biomédica,2023,Irregular,0,5.874686580659158,0.1454611767776209
IBM20230269,2022-1,Ingeniería Biomédica,2023,Regular,0,2.5340711214857374,0.28295978366717084
IBM20230269,2023-1,Ingeniería Biomédica,2023,Regular,1,5.007434956744106,0.1664603956930692
IBM20230269,2023-2,Ingeniería Biomédica,2023,Regular,0,3.6979639546386203,0.2128581678479316
IBM20230288,2022-1,Ingeniería Biomédica,2023,Irregular,1,4.935726514188478,0.16847137374163845
IBM20230288,2022-2,Ingeniería Biomédica,2023,Regular,0,4.700345339797057,0.17542796802475863
IBM20230288,2023-1,Ingeniería Biomédica,2023,Regular,1,4.218566150801372,0.19162351709318434
IBM20230288,2023-2,Ingeniería Biomédica,2023,Irregular,1,4.329226261139266,0.18764450053322057
IBM20230288,2025-1,Ingeniería Biomédica,2023,Irregular,1,4.250199167220628,0.19046896472870078
IBM20230300,2022-1,Ingeniería Biomédica,2023,Regular,0,2.597006426742367,0.278008955604133
IBM20230300,2022-2,Ingeniería Biomédica,2023,Regular,0,4.895866275412641,0.16961035974819694
IBM20230300,2024-1,Ingeniería Biomédica,2023,Regular,0,2.688544950377235,0.2711096146185579
IBM20230341,2023-1,Ingeniería Biomédica,2023,Regular,0,3.9000239641342396,0.20408063456821987
IBM20230351,2022-1,Ingeniería Biomédica,2023,Regular,0,3.779812030024724,0.20921324807721098
IBM20230351,2022-2,Ingeniería Biomédica,2023,Regular,0,4.264179118362172,0.18996314097897318
IBM20230372,2023-2,Ingeniería Biomédica,2023,Regular,0,3.1799544524671397,0.23923705661667408
IBM20230372,2024-1,Ingeniería Biomédica,2023,Regular,0,2.5862801491870733,0.27884045819082953
IBM20230372,2025-1,Ingeniería Biomédica,2023,Regular,0,1.9389606963935093,0.34025633661148696
IBM20240003,2022-1,Ingeniería Biomédica,2024,Regular,0,4.674721069188858,0.1762201151047834
IBM20240003,2022-2,Ingeniería Biomédica,2024,Regular,0,3.4704042264817967,0.22369341771739484
IBM20240003,2023-1,Ingeniería Biomédica,2024,Regular,0,2.6061502868149877,0.27730402797028647
IBM20240037,2022-1,Ingeniería Biomédica,2024,Regular,0,5.084846588704981,0.16434268069407923
IBM20240037,2022-2,Ingeniería Biomédica,2024,Regular,0,3.484309763965933,0.22299975974799696
IBM20240118,2023-1,Ingeniería Biomédica,2024,Regular,1,4.413644816212189,0.1847184353515971
IBM20240118,2025-1,Ingeniería Biomédica,2024,Regular,0,3.1533245356716546,0.24077097549476353
IBM20240137,2022-2,Ingeniería Biomédica,2024,Regular,0,2.9616180839629624,0.25242211106822815
IBM20240137,2023-1,Ingeniería Biomédica,2024,Regular,0,3.295409425611706,0.2328066782266258
IBM20240145,2022-1,Ingeniería Biomédica,2024,Regular,0,4.307948244723745,0.18839671260812105
IBM20240145,2022-2,Ingeniería Biomédica,2024,Regular,0,3.4810905091310773,0.22315996473677763
IBM20240145,2023-2,Ingeniería Biomédica,2024,Regular,0,3.724360577729526,0.21166885624987344
IBM20240145,2024-1,Ingeniería Biomédica,2024,Regular,0,3.1669994747052197,0.23998083178801977
IBM20240161,2022-1,Ingeniería Biomédica,2024,Irregular,1,4.173318871315491,0.1932995094396175
IBM20240161,2022-2,Ingeniería Biomédica,2024,Irregular,0,4.767125240411308,0.17339661587246555
IBM20240161,2023-1,Ingeniería Biomédica,2024,Irregular,0,3.105693999607125,0.24356418186442788
IBM20240169,2022-1,Ingeniería Biomédica,2024,Regular,0,4.373188169829779,0.18610924620413574
IBM20240169,2023-1,Ingeniería Biomédica,2024,Irregular,1,4.294749463359027,0.1888663489972938
IBM20240169,2023-2,Ingeniería Biomédica,2024,Irregular,0,4.481312426774035,0.18243805901582932
IBM20240169,2024-1,Ingeniería Biomédica,2024,Regular,0,3.6052966298444606,0.21714127891774349
IBM20240169,2024-2,Ingeniería Biomédica,2024,Regular,0,4.384760643302056,0.18570927590697467
IBM20240190,2022-1,Ingeniería Biomédica,2024,Regular,0,6.006643855922744,0.14272168252917494
IBM20240198,2022-1,Ingeniería Biomédica,2024,Irregular,1,4.185225579959,0.19285564043057643
IBM20240198,2023-1,Ingeniería Biomédica,2024,Irregular,0,4.4571640161267,0.1832453628010551
IBM20240198,2023-2,Ingeniería Biomédica,2024,Irregular,1,3.580016933726388,0.21833980408154982
IBM20240198,2024-1,Ingeniería Biomédica,2024,Irregular,1,4.827212131103194,0.17160864878462598
IBM20240201,2022-1,Ingeniería Biomédica,2024,Regular,0,4.3223595386236076,0.1878865929186373
IBM20240201,2023-1,Ingeniería Biomédica,2024,Regular,0,2.357031060706078,0.2978822602224216
IBM20240201,2024-1,Ingeniería Biomédica,2024,Regular,0,3.6750753117645205,0.21390029749543618
IBM20240201,2024-2,Ingeniería Biomédica,2024,Regular,0,3.6916768169991068,0.2131434109819228
IBM20240201,2025-1,Ingeniería Biomédica,2024,Regular,0,3.696930604443105,0.21290499779878388
IBM20240285,2022-2,Ingeniería Biomédica,2024,Irregular,1,4.51608921366027,0.1812878583478235
IBM20240285,2024-1,Ingeniería Biomédica,2024,Regular,0,3.408777510583871,0.22682024611116433
IBM20240285,2025-1,Ingeniería Biomédica,2024,Regular,0,2.4947447573731716,0.28614393022271845
IBM20240296,2022-1,Ingeniería Biomédica,2024,Regular,0,4.3789568111470505,0.18590965406668739
IBM20240296,2022-2,Ingeniería Biomédica,2024,Regular,0,4.047838903329743,0.19810457884073177
IBM20240296,2023-2,Ingeniería Biomédica,2024,Regular,0,4.3928417248513645,0.18543099371742858
IBM20240296,2024-1,Ingeniería Biomédica,2024,Regular,0,3.1530439945646958,0.2407872397472196
IBM20240296,2024-2,Ingeniería Biomédica,2024,Regular,0,2.8424639574982296,0.26024967600505095
IBM20240305,2023-2,Ingeniería Biomédica,2024,Regular,0,3.1290784392411184,0.2421847912833038
IBM20240305,2024-1,Ingeniería Biomédica,2024,Regular,0,3.2927597406158746,0.23295037701237195
IBM20240305,2024-2,Ingeniería Biomédica,2024,Regular,0,2.62040888131056,0.276211895612743
IBM20240307,2024-1,Ingeniería Biomédica,2024,Regular,0,2.9278625569678924,0.2545913930277511
IBM20240307,2025-1,Ingeniería Biomédica,2024,Regular,0,2.552764636174841,0.281470939509427
IBM20240364,2022-1,Ingeniería Biomédica,2024,Irregular,0,2.4056422093633625,0.29363037527859864
IBM20240364,2022-2,Ingeniería Biomédica,2024,Irregular,0,3.677311424071131,0.21379803680670895
IBM20240364,2024-1,Ingeniería Biomédica,2024,Irregular,0,3.1766008905553336,0.2394291497330589
IBM20240364,2024-2,Ingeniería Biomédica,2024,Irregular,0,4.0279393303288895,0.1988886369348032
IBM20240364,2025-1,Ingeniería Biomédica,2024,Irregular,0,4.231113384905658,0.1911638931179533
IBM20240370,2022-1,Ingeniería Biomédica,2024,Irregular,0,6.008869739762633,0.14267635683494193
IBM20240370,2022-2,Ingeniería Biomédica,2024,Irregular,1,3.5492123510507896,0.2198182724464417
IBM20240370,2023-1,Ingeniería Biomédica,2024,Irregular,1,6.843381935748375,0.1274960225310748
IBM20240370,2023-2,Ingeniería Biomédica,2024,Irregular,0,7.522931962637033,0.1173305154122802
IBM20240380,2023-1,Ingeniería Biomédica,2024,Irregular,0,3.3864250867044454,0.2279760808023528
IBM20240380,2024-1,Ingeniería Biomédica,2024,Irregular,1,4.0867085563612955,0.19659077946375125
IBM20240380,2024-2,Ingeniería Biomédica,2024,Irregular,1,5.703799131593645,0.14916914728056258
IBM20240380,2025-1,Ingeniería Biomédica,2024,Irregular,0,4.3259693520272915,0.18775924792345214
IDS20200001,2022-1,Ingeniería en Desarrollo de Software,2020,Regular,0,3.738086636100528,0.21105565955269354
IDS20200001,2022-2,Ingeniería en Desarrollo de Software,2020,Regular,0,2.8373898066451098,0.26059380213819444
IDS20200001,2023-1,Ingeniería en Desarrollo de Software,2020,Regular,0,2.7947147423712937,0.26352441959184164
IDS20200001,2024-1,Ingeniería en Desarrollo de Software,2020,Regular,0,3.3106744905535486,0.23198225757741836
IDS20200001,2024-2,Ingeniería en Desarrollo de Software,2020,Regular,0,3.361533872134923,0.22927713719909987
IDS20200012,2022-1,Ingeniería en Desarrollo de Software,2020,Irregular,1,4.926127491434773,0.16874426030242057
IDS20200012,2022-2,Ingeniería en Desarrollo de Software,2020,Irregular,0,3.801425697449629,0.20827147247767877
IDS20200012,2023-1,Ingeniería en Desarrollo de Software,2020,Irregular,0,3.1152445966178015,0.24299892181909932
IDS20200012,2023-2,Ingeniería en Desarrollo de Software,2020,Irregular,0,4.3677507051027264,0.18629777255664526
IDS20200012,2024-1,Ingeniería en Desarrollo de Software,2020,Irregular,0,3.9433868811148294,0.20229045875820276
IDS20200012,2024-2,Ingeniería en Desarrollo de Software,2020,Irregular,0,4.569973575855357,0.17953406535621388
IDS20200012,2025-1,Ingeniería en Desarrollo de Software,2020,Irregular,0,5.16154173090378,0.16229704247305637
IDS20200026,2022-1,Ingeniería en Desarrollo de Software,2020,Regular,0,4.712150972734031,0.17506540089247075
IDS20200026,2022-2,Ingeniería en Desarrollo de Software,2020,Irregular,1,3.325388814967399,0.23119308870907532
IDS20200026,2023-2,Ingeniería en Desarrollo de Software,2020,Irregular,0,4.125743010584067,0.19509366699327602
IDS20200026,2024-2,Ingeniería en Desarrollo de Software,2020,Irregular,0,4.461990013318161,0.18308345448484253
IDS20200026,2025-1,Ingeniería en Desarrollo de Software,2020,Irregular,1,4.49565248315977,0.1819620150772419
IDS20200055,2022-1,Ingeniería en Desarrollo de Software,2020,Regular,0,4.696956027736498,0.17553233606356583
IDS20200055,2022-2,Ingeniería en Desarrollo de Software,2020,Regular,0,1.9994710354415464,0.33339211753808184
IDS20200055,2023-1,Ingeniería en Desarrollo de Software,2020,Regular,0,3.202364548575072,0.23796126881450058
IDS20200065,2022-1,Ingeniería en Desarrollo de Software,2020,Baja Temporal,0,7.202803471095737,0.12190954025946193
IDS20200065,2022-2,Ingeniería en Desarrollo de Software,2020,Baja Temporal,0,5.791318103651988,0.14724682082882504
IDS20200066,2022-1,Ingeniería en Desarrollo de Software,2020,Regular,0,4.637788716956229,0.17737450802162863
IDS20200066,2022-2,Ingeniería en Desarrollo de Software,2020,Regular,0,2.9704568885705567,0.2518601833654514
IDS20200066,2023-1,Ingeniería en Desarrollo de Software,2020,Irregular,1,4.149382363011602,0.19419804735866472
IDS20200066,2024-2,Ingeniería en Desarrollo de Software,2020,Irregular,0,4.79417563875964,0.1725871051113097
IDS20200066,2025-1,Ingeniería en Desarrollo de Software,2020,Irregular,1,7.179363670473747,0.1222588993823379
IDS20200078,2022-1,Ingeniería en Desarrollo de Software,2020,Irregular,0,2.7701601581999435,0.26524072135902266
IDS20200078,2022-2,Ingeniería en Desarrollo de Software,2020,Irregular,0,2.2490013257113928,0.3077868857997596
IDS20200078,2024-2,Ingeniería en Desarrollo de Software,2020,Irregular,0,4.299084031119598,0.1887118592812197
IDS20200078,2025-1,Ingeniería en Desarrollo de Software,2020,Irregular,1,4.109903227713586,0.19569842234516202
IDS20200099,2022-1,Ingeniería en Desarrollo de Software,2020,Regular,0,5.789806146899255,0.14727960980987306
IDS20200099,2022-2,Ingeniería en Desarrollo de Software,2020,Irregular,1,5.878958179086076,0.14537085034769873
IDS20200101,2022-2,Ingeniería en Desarrollo de Software,2020,Regular,0,4.054799245001049,0.19783179341671214
IDS20200101,2024-1,Ingeniería en Desarrollo de Software,2020,Irregular,0,4.24737820856519,0.19057135968734254
IDS20200101,2024-2,Ingeniería en Desarrollo de Software,2020,Irregular,1,5.205189759437555,0.16115542614616848
IDS20200114,2022-1,Ingeniería en Desarrollo de Software,2020,Irregular,0,2.613119779435351,0.27676912503473033
IDS20200114,2022-2,Ingeniería en Desarrollo de Software,2020,Irregular,0,3.699296851073957,0.21279779330634632
IDS20200114,2023-1,Ingeniería en Desarrollo de Software,2020,Irregular,1,4.033062423442332,0.1986861906068028
IDS20200114,2023-2,Ingeniería en Desarrollo de Software,2020,Irregular,1,3.298555057865617,0.23263631302573917
IDS20200117,2022-2,Ingeniería en Desarrollo de Software,2020,Irregular,0,2.777851487132629,0.2647007176978773
IDS20200117,2023-1,Ingeniería en Desarrollo de Software,2020,Irregular,0,3.0100191935886706,0.24937536498549126
IDS20200117,2023-2,Ingeniería en Desarrollo de Software,2020,Irregular,0,3.3766118426174807,0.22848724903187648
IDS20200152,2022-1,Ingeniería en Desarrollo de Software,2020,Irregular,0,3.378882543867059,0.22836876531446867
IDS20200152,2022-2,Ingeniería en Desarrollo de Software,2020,Irregular,1,4.749432263226664,0.17393021679653387
IDS20200152,2023-1,Ingeniería en Desarrollo de Software,2020,Irregular,1,10.588802177866414,0.08629019502204563
IDS20200152,2023-2,Ingeniería en Desarrollo de Software,2020,Irregular,1,5.824052013389949,0.14654050086925338
IDS20200152,2024-1,Ingeniería en Desarrollo de Software,2020,Irregular,1,7.337968603443587,0.1199332892171121
IDS20200174,2022-2,Ingeniería en Desarrollo de Software,2020,Regular,0,2.7288669703684714,0.2681779768349269
IDS20200174,2023-1,Ingeniería en Desarrollo de Software,2020,Irregular,1,4.124675971839855,0.1951342885862462
IDS20200191,2022-1,Ingeniería en Desarrollo de Software,2020,Egresado,1,4.344761491055467,0.1870990878963475
IDS20200191,2024-1,Ingeniería en Desarrollo de Software,2020,Egresado,0,4.961408693908132,0.1677455868814839
IDS20200191,2024-2,Ingeniería en Desarrollo de Software,2020,Egresado,0,4.837719247037644,0.17129977610818659
IDS20200195,2023-1,Ingeniería en Desarrollo de Software,2020,Irregular,1,4.349246699165841,0.1869422100416381
IDS20200195,2023-2,Ingeniería en Desarrollo de Software,2020,Irregular,0,4.569156370387321,0.179560409780782
IDS20200195,2024-1,Ingeniería en Desarrollo de Software,2020,Irregular,1,4.514557481112705,0.18133821316125334
IDS20200195,2024-2,Ingeniería en Desarrollo de Software,2020,Irregular,0,4.657211607711968,0.17676552855770675
IDS20200210,2022-1,Ingeniería en Desarrollo de Software,2020,Regular,1,4.502685311157645,0.18172945452147285
IDS20200210,2022-2,Ingeniería en Desarrollo de Software,2020,Regular,0,2.9142400787954745,0.25547743108995224
IDS20200309,2022-1,Ingeniería en Desarrollo de Software,2020,Regular,0,5.738091984573989,0.1484099656533888
IDS20200309,2022-2,Ingeniería en Desarrollo de Software,2020,Regular,0,3.111205183721155,0.24323767735058038
IDS20200353,2022-1,Ingeniería en Desarrollo de Software,2020,Regular,0,4.513386068883543,0.18137674153526118
IDS20200353,2023-1,Ingeniería en Desarrollo de Software,2020,Regular,0,3.3042588318567105,0.23232803580462982
IDS20200353,2023-2,Ingeniería en Desarrollo de Software,2020,Regular,0,2.540773629160796,0.28242415492599887
IDS20200353,2024-1,Ingeniería en Desarrollo de Software,2020,Irregular,1,5.955625056182861,0.143768531501148
IDS20200353,2024-2,Ingeniería en Desarrollo de Software,2020,Irregular,0,4.723696252733974,0.17471227609647197
IDS20200377,2022-1,Ingeniería en Desarrollo de Software,2020,Regular,0,5.004373209639127,0.16654527709814057
IDS20200377,2022-2,Ingeniería en Desarrollo de Software,2020,Regular,0,4.8055888278495855,0.17224781665607625
IDS20200377,2023-1,Ingeniería en Desarrollo de Software,2020,Regular,0,3.1648486690583497,0.24010476237209713
IDS20200377,2023-2,Ingeniería en Desarrollo de Software,2020,Regular,0,2.9690133160812056,0.2519517876012941
IDS20200377,2025-1,Ingeniería en Desarrollo de Software,2020,Irregular,0,4.799463768760059,0.17242973486388424
IDS20210033,2022-1,Ingeniería en Desarrollo de Software,2021,Regular,0,4.228571145005946,0.19125684097368492
IDS20210033,2022-2,Ingeniería en Desarrollo de Software,2021,Regular,0,1.913378724494691,0.3432440800066062
IDS20210033,2023-1,Ingeniería en Desarrollo de Software,2021,Regular,0,2.535806841246266,0.2828208793350063
IDS20210033,2024-1,Ingeniería en Desarrollo de Software,2021,Regular,0,2.8309613972441876,0.2610310823594706
IDS20210038,2022-1,Ingeniería en Desarrollo de Software,2021,Irregular,0,3.192491193429411,0.23852166978125744
IDS20210038,2022-2,Ingeniería en Desarrollo de Software,2021,Irregular,0,1.599866599999551,0.3846351193558057
IDS20210041,2022-2,Ingeniería en Desarrollo de Software,2021,Regular,0,2.250029523635227,0.30768951258063615
IDS20210041,2023-2,Ingeniería en Desarrollo de Software,2021,Regular,0,2.7979922685054195,0.2632970078144784
IDS20210041,2024-2,Ingeniería en Desarrollo de Software,2021,Regular,0,3.6744439050299103,0.21392919036293392
IDS20210041,2025-1,Ingeniería en Desarrollo de Software,2021,Regular,0,3.7948598447157296,0.20855666951393165
IDS20210046,2022-1,Ingeniería en Desarrollo de Software,2021,Regular,0,4.038632368660714,0.19846655338853456
IDS20210046,2022-2,Ingeniería en Desarrollo de Software,2021,Regular,0,1.8231664562890086,0.35421219948698257
IDS20210046,2023-1,Ingeniería en Desarrollo de Software,2021,Regular,0,2.8703190077388196,0.2583766345876063
IDS20210046,2023-2,Ingeniería en Desarrollo de Software,2021,Regular,0,2.8016034163023553,0.2630469016604194
IDS20210046,2024-2,Ingeniería en Desarrollo de Software,2021,Regular,0,2.3334824227948507,0.2999865825485836
IDS20210047,2023-1,Ingeniería en Desarrollo de Software,2021,Regular,0,2.7249557200811387,0.26845956707861685
IDS20210047,2023-2,Ingeniería en Desarrollo de Software,2021,Regular,0,3.091372317775518,0.24441676834331733
IDS20210047,2024-2,Ingeniería en Desarrollo de Software,2021,Regular,0,2.8919244959343677,0.2569422919290014
IDS20210047,2025-1,Ingeniería en Desarrollo de Software,2021,Regular,0,3.4836243792263315,0.22303384838240048
IDS20210050,2022-1,Ingeniería en Desarrollo de Software,2021,Regular,0,5.438368228254893,0.15531885790742478
IDS20210050,2022-2,Ingeniería en Desarrollo de Software,2021,Regular,0,4.268565024772825,0.18980500293685165
IDS20210050,2023-2,Ingeniería en Desarrollo de Software,2021,Regular,0,3.582692928381293,0.21821230783473455
IDS20210050,2024-1,Ingeniería en Desarrollo de Software,2021,Regular,0,3.0660797631673304,0.24593713312230644
IDS20210059,2022-1,Ingeniería en Desarrollo de Software,2021,Regular,0,2.440792612162546,0.2906307100477927
IDS20210059,2023-2,Ingeniería en Desarrollo de Software,2021,Regular,0,3.410239574721154,0.22674505161394254
IDS20210059,2024-2,Ingeniería en Desarrollo de Software,2021,Regular,0,3.3255764593894424,0.23118305950396972
IDS20210068,2023-1,Ingeniería en Desarrollo de Software,2021,Irregular,1,4.341961853431138,0.18719714356584197
IDS20210068,2023-2,Ingeniería en Desarrollo de Software,2021,Irregular,1,4.245779666421624,0.19062943234177882
IDS20210068,2024-1,Ingeniería en Desarrollo de Software,2021,Irregular,1,3.8589627460889298,0.20580524121221527
IDS20210068,2025-1,Ingeniería en Desarrollo de Software,2021,Irregular,1,5.256050398693201,0.15984525959204
IDS20210085,2022-1,Ingeniería en Desarrollo de Software,2021,Irregular,0,2.6241632048932924,0.2759257636769267
IDS20210085,2022-2,Ingeniería en Desarrollo de Software,2021,Irregular,0,2.1402030394335028,0.3184507458410719
IDS20210085,2024-1,Ingeniería en Desarrollo de Software,2021,Irregular,0,3.190464798014271,0.23863701240823415
IDS20210085,2024-2,Ingeniería en Desarrollo de Software,2021,Irregular,0,3.285841693170069,0.23332639691139392
IDS20210085,2025-1,Ingeniería en Desarrollo de Software,2021,Irregular,0,3.1527915198848797,0.24080187873908035
IDS20210130,2023-1,Ingeniería en Desarrollo de Software,2021,Irregular,1,4.522285920530512,0.18108443032300153
IDS20210130,2024-1,Ingeniería en Desarrollo de Software,2021,Irregular,0,3.9091164591863086,0.2037026435029311
IDS20210142,2022-1,Ingeniería en Desarrollo de Software,2021,Regular,0,3.9110735993260675,0.20362146479279541
IDS20210142,2022-2,Ingeniería en Desarrollo de Software,2021,Regular,0,2.9649002342153876,0.2522131556729799
IDS20210192,2022-2,Ingeniería en Desarrollo de Software,2021,Regular,0,5.52466552229128,0.15326456146809928
IDS20210202,2022-1,Ingeniería en Desarrollo de Software,2021,Regular,0,2.531340593142786,0.2831785758478851
IDS20210202,2022-2,Ingeniería en Desarrollo de Software,2021,Regular,0,3.7956776046355944,0.20852110638825694
IDS20210202,2023-2,Ingeniería en Desarrollo de Software,2021,Regular,0,2.3392011311863388,0.2994728261980205
IDS20210202,2024-1,Ingeniería en Desarrollo de Software,2021,Regular,0,2.7307509309321008,0.2680425518918673
IDS20210239,2022-1,Ingeniería en Desarrollo de Software,2021,Regular,0,5.958109668748448,0.14371719441149158
IDS20210268,2022-1,Ingeniería en Desarrollo de Software,2021,Irregular,0,5.044069007831897,0.16545145310290157
IDS20210284,2022-1,Ingeniería en Desarrollo de Software,2021,Regular,0,4.431013180256538,0.18412770634314024
IDS20210284,2022-2,Ingeniería en Desarrollo de Software,2021,Regular,0,2.89380635846223,0.2568181126487572
IDS20210284,2023-1,Ingeniería en Desarrollo de Software,2021,Regular,0,2.3220741477089577,0.3010167610767033
IDS20210284,2024-1,Ingeniería en Desarrollo de Software,2021,Regular,0,3.2530876775111732,0.23512329766622192
IDS20210284,2025-1,Ingeniería en Desarrollo de Software,2021,Regular,0,3.0601581335798094,0.24629582570428304
IDS20210326,2022-1,Ingeniería en Desarrollo de Software,2021,Irregular,0,3.6815242670420902,0.21360564272623672
IDS20210327,2022-1,Ingeniería en Desarrollo de Software,2021,Irregular,1,4.431818229672179,0.18410041678812805
IDS20210327,2022-2,Ingeniería en Desarrollo de Software,2021,Irregular,1,14.681878316881436,0.06376787141139252
IDS20210327,2024-2,Ingeniería en Desarrollo de Software,2021,Irregular,1,4.567771904862797,0.17960505873572463
IDS20210346,2022-1,Ingeniería en Desarrollo de Software,2021,Regular,0,3.5410503214180684,0.22021337118495582
IDS20210346,2022-2,Ingeniería en Desarrollo de Software,2021,Regular,0,2.948255149252193,0.25327643786886517
IDS20210346,2023-2,Ingeniería en Desarrollo de Software,2021,Regular,0,2.0980365763532465,0.32278508511901355
IDS20210356,2022-1,Ingeniería en Desarrollo de Software,2021,Regular,0,4.319523602461421,0.18798675872728252
IDS20210356,2022-2,Ingeniería en Desarrollo de Software,2021,Regular,0,1.74604052392052,0.36416068564505405
IDS20210356,2023-1,Ingeniería en Desarrollo de Software,2021,Regular,0,1.794767307748066,0.35781154202986865
IDS20210356,2023-2,Ingeniería en Desarrollo de Software,2021,Regular,0,3.195029599323147,0.23837734068940689
IDS20210356,2024-1,Ingeniería en Desarrollo de Software,2021,Regular,0,2.6863875661854646,0.27126827606863985
IDS20210360,2022-1,Ingeniería en Desarrollo de Software,2021,Regular,0,4.197047745793365,0.19241693532822124
IDS20210360,2022-2,Ingeniería en Desarrollo de Software,2021,Regular,0,2.062455310767183,0.3265353771805694
IDS20210360,2023-2,Ingeniería en Desarrollo de Software,2021,Regular,0,2.694351724106518,0.27068348513617796
IDS20220005,2022-2,Ingeniería en Desarrollo de Software,2022,Irregular,1,5.548479199759195,0.15270721178083188
IDS20220005,2023-1,Ingeniería en Desarrollo de Software,2022,Irregular,1,5.809957225715155,0.14684380046087353
IDS20220005,2024-1,Ingeniería en Desarrollo de Software,2022,Irregular,1,4.773080596193933,0.17321774455379654
IDS20220005,2024-2,Ingeniería en Desarrollo de Software,2022,Irregular,1,6.0112843592662895,0.1426272204576006
IDS20220005,2025-1,Ingeniería en Desarrollo de Software,2022,Irregular,1,12.875616721356986,0.07206886872716989
IDS20220014,2022-1,Ingeniería en Desarrollo de Software,2022,Regular,0,2.857442285723725,0.25923913462061876
IDS20220014,2023-1,Ingeniería en Desarrollo de Software,2022,Regular,1,4.825859105967384,0.17164850399071743
IDS20220014,2023-2,Ingeniería en Desarrollo de Software,2022,Regular,0,3.3277445153274576,0.2310672444868976
IDS20220028,2022-2,Ingeniería en Desarrollo de Software,2022,Regular,0,2.845898401904592,0.2600172691781908
IDS20220028,2025-1,Ingeniería en Desarrollo de Software,2022,Regular,0,2.7271264943144087,0.2683032093290803
IDS20220034,2023-1,Ingeniería en Desarrollo de Software,2022,Regular,0,2.99960669335798,0.250024584082397
IDS20220034,2023-2,Ingeniería en Desarrollo de Software,2022,Regular,0,2.386205276500793,0.295315823567959
IDS20220053,2022-1,Ingeniería en Desarrollo de Software,2022,Regular,0,4.131857310784581,0.19486122458987767
IDS20220053,2023-1,Ingeniería en Desarrollo de Software,2022,Regular,0,3.20471395585531,0.2378283066336633
IDS20220069,2024-1,Ingeniería en Desarrollo de Software,2022,Regular,0,3.480292506684007,0.22319971263218452
IDS20220069,2024-2,Ingeniería en Desarrollo de Software,2022,Regular,0,2.3274092970187805,0.3005341124988615
IDS20220069,2025-1,Ingeniería en Desarrollo de Software,2022,Regular,0,3.0577431116467158,0.24644241207131998
IDS20220088,2022-1,Ingeniería en Desarrollo de Software,2022,Regular,0,3.0165594045697364,0.24896930414181745
IDS20220088,2022-2,Ingeniería en Desarrollo de Software,2022,Regular,0,3.4336587961755023,0.22554735174087043
IDS20220088,2023-1,Ingeniería en Desarrollo de Software,2022,Regular,0,2.9775013385083233,0.25141412029669574
IDS20220089,2022-1,Ingeniería en Desarrollo de Software,2022,Regular,0,4.4748981240686305,0.18265180051548746
IDS20220090,2022-1,Ingeniería en Desarrollo de Software,2022,Regular,0,4.3825685263094645,0.18578490828534713
IDS20220090,2023-2,Ingeniería en Desarrollo de Software,2022,Regular,0,2.5349567017031127,0.28288889635287706
IDS20220090,2024-1,Ingeniería en Desarrollo de Software,2022,Regular,0,2.394583579046288,0.29458694320348744
IDS20220110,2022-1,Ingeniería en Desarrollo de Software,2022,Irregular,0,2.844569146440843,0.26010716985692983
IDS20220110,2022-2,Ingeniería en Desarrollo de Software,2022,Irregular,0,2.593496196737901,0.27828052271427994
IDS20220110,2023-1,Ingeniería en Desarrollo de Software,2022,Irregular,0,3.080288870075828,0.24508068713806924
IDS20220110,2024-1,Ingeniería en Desarrollo de Software,2022,Irregular,0,3.4023848994974,0.2271496070491622
IDS20220110,2024-2,Ingeniería en Desarrollo de Software,2022,Irregular,0,4.0076454293417925,0.1996946497331063
IDS20220164,2022-1,Ingeniería en Desarrollo de Software,2022,Regular,0,4.198417575517463,0.19236623173744513
IDS20220164,2022-2,Ingeniería en Desarrollo de Software,2022,Regular,0,2.3259852240172982,0.3006627909164755
IDS20220164,2023-1,Ingeniería en Desarrollo de Software,2022,Regular,0,3.053771525173718,0.24668385817751448
IDS20220164,2023-2,Ingeniería en Desarrollo de Software,2022,Regular,0,4.340977283507145,0.18723165198398886
IDS20220164,2024-1,Ingeniería en Desarrollo de Software,2022,Regular,0,4.529564200803132,0.1808460782234442
IDS20220181,2022-1,Ingeniería en Desarrollo de Software,2022,Regular,0,3.5768450884774348,0.21849111793571038
IDS20220181,2022-2,Ingeniería en Desarrollo de Software,2022,Regular,0,3.1304192722542137,0.24210617230009218
IDS20220181,2023-1,Ingeniería en Desarrollo de Software,2022,Regular,0,3.9386180414290846,0.20248579493518207
IDS20220181,2024-1,Ingeniería en Desarrollo de Software,2022,Regular,0,3.049530407571123,0.24694221288729434
IDS20220206,2022-1,Ingeniería en Desarrollo de Software,2022,Irregular,0,3.898759540178788,0.20413331003454466
IDS20220208,2022-1,Ingeniería en Desarrollo de Software,2022,Regular,0,4.510770155859947,0.18146283944298372
IDS20220208,2022-2,Ingeniería en Desarrollo de Software,2022,Irregular,1,5.026435858825204,0.1659355585002344
IDS20220208,2023-2,Ingeniería en Desarrollo de Software,2022,Irregular,1,5.185870830147532,0.1616587263876233
IDS20220208,2024-1,Ingeniería en Desarrollo de Software,2022,Irregular,1,6.87614675092609,0.12696563835385855
IDS20220217,2022-1,Ingeniería en Desarrollo de Software,2022,Regular,0,2.6217060262121024,0.27611296796661533
IDS20220217,2022-2,Ingeniería en Desarrollo de Software,2022,Regular,0,3.832579208946835,0.20692883794819997
IDS20220217,2023-1,Ingeniería en Desarrollo de Software,2022,Regular,0,2.5081566675593883,0.28504998344207255
IDS20220222,2022-1,Ingeniería en Desarrollo de Software,2022,Regular,0,4.664008152884314,0.17655341818156892
IDS20220222,2022-2,Ingeniería en Desarrollo de Software,2022,Regular,0,2.848673829920489,0.25982976063748675
IDS20220222,2023-1,Ingeniería en Desarrollo de Software,2022,Regular,0,2.4522168590935554,0.2896689405145217
IDS20220222,2025-1,Ingeniería en Desarrollo de Software,2022,Regular,0,2.8180655498075047,0.2619127374726233
IDS20220240,2022-2,Ingeniería en Desarrollo de Software,2022,Regular,0,2.9388680071666933,0.2538800483236604
IDS20220240,2023-1,Ingeniería en Desarrollo de Software,2022,Regular,0,3.5163294150638875,0.22141874697283437
IDS20220240,2023-2,Ingeniería en Desarrollo de Software,2022,Regular,0,2.891225333323064,0.25698845847768237
IDS20220240,2024-1,Ingeniería en Desarrollo de Software,2022,Regular,0,3.6270421101449952,0.21612079081957256
IDS20220240,2024-2,Ingeniería en Desarrollo de Software,2022,Regular,0,3.6902841767382717,0.2132066975727305
IDS20220240,2025-1,Ingeniería en Desarrollo de Software,2022,Regular,0,4.703158818719992,0.17534142600371042
IDS20220283,2022-1,Ingeniería en Desarrollo de Software,2022,Irregular,1,4.399031245493567,0.18521841318008198
IDS20220283,2022-2,Ingeniería en Desarrollo de Software,2022,Irregular,1,3.488095365387903,0.2228116647680838
IDS20220283,2023-1,Ingeniería en Desarrollo de Software,2022,Irregular,0,3.930339185862226,0.20282580210049347
IDS20220283,2023-2,Ingeniería en Desarrollo de Software,2022,Irregular,1,5.886096514554823,0.1452201545369494
IDS20220303,2022-1,Ingeniería en Desarrollo de Software,2022,Regular,0,5.696579046278896,0.14932997775269632
IDS20220303,2022-2,Ingeniería en Desarrollo de Software,2022,Regular,0,3.852750679049551,0.20606869508405443
IDS20220303,2023-2,Ingeniería en Desarrollo de Software,2022,Regular,1,4.540647067173658,0.18048433474939066
IDS20220314,2022-1,Ingeniería en Desarrollo de Software,2022,Baja Temporal,0,5.386055594710003,0.1565911829562472
IDS20220314,2022-2,Ingeniería en Desarrollo de Software,2022,Baja Temporal,0,4.790420489055549,0.17269902969742804
IDS20220322,2022-1,Ingeniería en Desarrollo de Software,2022,Regular,0,4.469096989185562,0.18284554140790915
IDS20220322,2022-2,Ingeniería en Desarrollo de Software,2022,Regular,0,3.2539993924223234,0.23507290616479787
IDS20220322,2023-2,Ingeniería en Desarrollo de Software,2022,Regular,0,3.3913754045969906,0.22771908749891379
IDS20220322,2025-1,Ingeniería en Desarrollo de Software,2022,Regular,0,2.9607024858667415,0.2524804636471363
IDS20220368,2022-1,Ingeniería en Desarrollo de Software,2022,Irregular,0,2.761428694029068,0.26585642885837785
IDS20220368,2022-2,Ingeniería en Desarrollo de Software,2022,Irregular,0,2.677570948762879,0.27191861528501476
IDS20220378,2022-2,Ingeniería en Desarrollo de Software,2022,Baja Temporal,0,4.654593891245013,0.17684735972786592
IDS20220378,2023-1,Ingeniería en Desarrollo de Software,2022,Baja Temporal,0,5.371771163961483,0.1569422338416617
IDS20220378,2024-1,Ingeniería en Desarrollo de Software,2022,Baja Temporal,0,5.497952578450279,0.15389462879682844
IDS20230018,2022-1,Ingeniería en Desarrollo de Software,2023,Regular,0,5.340264004708986,0.15772213889788952
IDS20230022,2022-1,Ingeniería en Desarrollo de Software,2023,Regular,0,4.238994212004172,0.19087633227551343
IDS20230022,2022-2,Ingeniería en Desarrollo de Software,2023,Regular,0,4.418317655382669,0.18455913137661453
IDS20230022,2023-1,Ingeniería en Desarrollo de Software,2023,Regular,0,2.9025017491939047,0.2562458813007729
IDS20230022,2024-1,Ingeniería en Desarrollo de Software,2023,Regular,0,3.3248554175264724,0.23122160244883586
IDS20230079,2022-1,Ingeniería en Desarrollo de Software,2023,Regular,0,5.928956847156939,0.14432186865333357
IDS20230158,2022-1,Ingeniería en Desarrollo de Software,2023,Irregular,0,3.229404490774821,0.2364399059444895
IDS20230158,2022-2,Ingeniería en Desarrollo de Software,2023,Irregular,0,2.78968124558519,0.2638744356573407
IDS20230168,2022-1,Ingeniería en Desarrollo de Software,2023,Regular,0,4.346828464715595,0.18702675924599563
IDS20230168,2022-2,Ingeniería en Desarrollo de Software,2023,Irregular,1,5.708472345973275,0.14906523399477747
IDS20230168,2023-1,Ingeniería en Desarrollo de Software,2023,Regular,0,4.002591336415306,0.1998964002357561
IDS20230168,2024-1,Ingeniería en Desarrollo de Software,2023,Irregular,1,3.0402463103657418,0.24750966232785826
IDS20230180,2022-1,Ingeniería en Desarrollo de Software,2023,Regular,0,3.3736153398758977,0.22864379290117803
IDS20230180,2023-1,Ingeniería en Desarrollo de Software,2023,Regular,0,3.11166406221465,0.2432105310328718
IDS20230180,2023-2,Ingeniería en Desarrollo de Software,2023,Regular,0,2.903601572043954,0.256173685132623
IDS20230183,2022-2,Ingeniería en Desarrollo de Software,2023,Regular,0,4.030892141627622,0.19877190205005557
IDS20230183,2023-2,Ingeniería en Desarrollo de Software,2023,Irregular,1,3.728355470097118,0.21149002149355334
IDS20230183,2024-1,Ingeniería en Desarrollo de Software,2023,Irregular,1,4.083657934704317,0.1967087504399848
IDS20230189,2022-1,Ingeniería en Desarrollo de Software,2023,Regular,0,3.0903493740737122,0.24447789382941326
IDS20230189,2022-2,Ingeniería en Desarrollo de Software,2023,Regular,0,3.2816121070227617,0.23355688815429723
IDS20230189,2023-2,Ingeniería en Desarrollo de Software,2023,Regular,0,2.769647693931286,0.2652767794746148
IDS20230189,2024-2,Ingeniería en Desarrollo de Software,2023,Regular,0,3.5239048352994238,0.22104797435108134
IDS20230189,2025-1,Ingeniería en Desarrollo de Software,2023,Regular,0,8.177559927149057,0.1089614241626252
IDS20230199,2022-1,Ingeniería en Desarrollo de Software,2023,Regular,0,2.8790320149902975,0.25779627395070653
IDS20230199,2022-2,Ingeniería en Desarrollo de Software,2023,Regular,0,5.723727843270463,0.14872701919380393
IDS20230199,2023-1,Ingeniería en Desarrollo de Software,2023,Regular,0,3.782306688453618,0.2091041133799294
IDS20230199,2023-2,Ingeniería en Desarrollo de Software,2023,Regular,0,3.66862568955121,0.21419579689973584
IDS20230199,2024-1,Ingeniería en Desarrollo de Software,2023,Regular,0,5.209743028044432,0.1610372595909044
IDS20230252,2022-1,Ingeniería en Desarrollo de Software,2023,Regular,0,4.547693390841716,0.18025509514473662
IDS20230252,2022-2,Ingeniería en Desarrollo de Software,2023,Regular,0,2.980431529462883,0.2512290420267421
IDS20230252,2023-2,Ingeniería en Desarrollo de Software,2023,Regular,0,2.6941165614914033,0.2707007164918142
IDS20230252,2024-1,Ingeniería en Desarrollo de Software,2023,Regular,0,3.127875355280154,0.24225537690251578
IDS20230252,2024-2,Ingeniería en Desarrollo de Software,2023,Regular,0,2.9819087325714477,0.2511358414169923
IDS20230291,2022-1,Ingeniería en Desarrollo de Software,2023,Regular,0,4.228930572147485,0.1912436943275969
IDS20230291,2022-2,Ingeniería en Desarrollo de Software,2023,Regular,0,2.4208142311983214,0.2923280635586274
IDS20230297,2022-1,Ingeniería en Desarrollo de Software,2023,Regular,0,5.82804302144397,0.1464548475836234
IDS20230304,2022-1,Ingeniería en Desarrollo de Software,2023,Regular,0,4.30614983295239,0.1884605658494176
IDS20230304,2023-1,Ingeniería en Desarrollo de Software,2023,Regular,0,3.9672152076157383,0.20132004718998267
IDS20230304,2023-2,Ingeniería en Desarrollo de Software,2023,Regular,0,3.610408066735778,0.2169005401528398
IDS20230304,2024-2,Ingeniería en Desarrollo de Software,2023,Regular,0,2.4898949506193397,0.28654157622209614
IDS20230323,2022-1,Ingeniería en Desarrollo de Software,2023,Regular,0,5.58869846692277,0.15177504404250675
IDS20230323,2023-1,Ingeniería en Desarrollo de Software,2023,Regular,0,2.8100069821264952,0.262466710610033
IDS20230323,2023-2,Ingeniería en Desarrollo de Software,2023,Regular,0,2.5746189561754225,0.27975009707606036
IDS20230334,2022-1,Ingeniería en Desarrollo de Software,2023,Regular,0,3.152880936152825,0.24079669399970494
IDS20230334,2022-2,Ingeniería en Desarrollo de Software,2023,Regular,0,4.014288410725712,0.19943009218635496
IDS20230334,2023-2,Ingeniería en Desarrollo de Software,2023,Regular,0,2.882224354776999,0.2575842889578291
IDS20230357,2022-1,Ingeniería en Desarrollo de Software,2023,Baja Temporal,1,6.44181721546031,0.1343757809480336
IDS20230357,2022-2,Ingeniería en Desarrollo de Software,2023,Baja Temporal,1,6.066621841344819,0.1415103315914375
IDS20240036,2022-2,Ingeniería en Desarrollo de Software,2024,Irregular,1,4.425267150496009,0.18432272038595818
IDS20240036,2023-1,Ingeniería en Desarrollo de Software,2024,Irregular,0,3.8404307868247667,0.20659318230970544
IDS20240076,2023-1,Ingeniería en Desarrollo de Software,2024,Irregular,0,3.7462436684053335,0.21069293316244442
IDS20240076,2023-2,Ingeniería en Desarrollo de Software,2024,Irregular,0,3.8685776716789007,0.20539879764414967
IDS20240076,2024-2,Ingeniería en Desarrollo de Software,2024,Irregular,0,3.4655958722928157,0.2239342807988041
IDS20240104,2022-2,Ingeniería en Desarrollo de Software,2024,Regular,0,3.1106311231365074,0.24327164614006444
IDS20240104,2023-1,Ingeniería en Desarrollo de Software,2024,Regular,1,3.747535663027994,0.2106355951757499
IDS20240104,2023-2,Ingeniería en Desarrollo de Software,2024,Regular,0,2.674660281901917,0.272133999685659
IDS20240104,2024-1,Ingeniería en Desarrollo de Software,2024,Regular,0,2.91242711177731,0.25559581595520814
IDS20240104,2024-2,Ingeniería en Desarrollo de Software,2024,Regular,0,3.7047232993004933,0.21255235141005674
IDS20240134,2022-2,Ingeniería en Desarrollo de Software,2024,Egresado,0,4.817392151236131,0.17189833073012126
IDS20240134,2023-2,Ingeniería en Desarrollo de Software,2024,Egresado,0,3.1416937939601657,0.24144711071067124
IDS20240134,2024-1,Ingeniería en Desarrollo de Software,2024,Egresado,0,2.8320549002822553,0.2609565953573222
IDS20240134,2024-2,Ingeniería en Desarrollo de Software,2024,Egresado,0,3.4413939225085843,0.22515453874336389
IDS20240134,2025-1,Ingeniería en Desarrollo de Software,2024,Egresado,1,7.250325582156776,0.12120733782467077
IDS20240154,2022-1,Ingeniería en Desarrollo de Software,2024,Regular,0,4.5615465195041915,0.17980610186267926
IDS20240154,2023-1,Ingeniería en Desarrollo de Software,2024,Regular,0,3.0129566059902544,0.24919282668227002
IDS20240154,2024-1,Ingeniería en Desarrollo de Software,2024,Regular,0,2.7475211858551902,0.2668430544901105
IDS20240182,2024-1,Ingeniería en Desarrollo de Software,2024,Irregular,0,2.6671527953304763,0.27269111919016237
IDS20240182,2024-2,Ingeniería en Desarrollo de Software,2024,Irregular,0,3.271969745352525,0.23408405480584216
IDS20240182,2025-1,Ingeniería en Desarrollo de Software,2024,Irregular,0,3.5772015225934717,0.2184741036775225
IDS20240187,2022-1,Ingeniería en Desarrollo de Software,2024,Irregular,0,2.7717991820833796,0.26512546180882385
IDS20240187,2023-1,Ingeniería en Desarrollo de Software,2024,Irregular,0,2.755114850101699,0.266303439420213
IDS20240187,2023-2,Ingeniería en Desarrollo de Software,2024,Irregular,0,3.053398561540216,0.24670655619417264
IDS20240187,2025-1,Ingeniería en Desarrollo de Software,2024,Irregular,0,4.336888681212845,0.1873750905692009
IDS20240246,2022-1,Ingeniería en Desarrollo de Software,2024,Regular,0,5.550221992607737,0.15266658154922863
IDS20240253,2022-1,Ingeniería en Desarrollo de Software,2024,Regular,0,2.97824126867775,0.2513673587053131
IDS20240253,2022-2,Ingeniería en Desarrollo de Software,2024,Regular,0,2.811088263304812,0.26239224360887486
IDS20240253,2023-1,Ingeniería en Desarrollo de Software,2024,Regular,0,4.127799094272925,0.19501544066281146
IDS20240253,2023-2,Ingeniería en Desarrollo de Software,2024,Regular,0,4.105842738037899,0.1958540541309906
IDS20240256,2022-1,Ingeniería en Desarrollo de Software,2024,Regular,0,5.226145286029365,0.16061302042595535
IDS20240256,2023-1,Ingeniería en Desarrollo de Software,2024,Regular,0,2.579365273299052,0.2793791422908659
IDS20240256,2023-2,Ingeniería en Desarrollo de Software,2024,Regular,1,4.572931912011984,0.1794387614613745
IDS20240256,2024-1,Ingeniería en Desarrollo de Software,2024,Regular,0,3.8126557399516243,0.2077854835322278
IDS20240272,2022-1,Ingeniería en Desarrollo de Software,2024,Regular,0,5.41590351462134,0.15586269302851555
IDS20240272,2022-2,Ingeniería en Desarrollo de Software,2024,Regular,0,3.0427247443921703,0.24735792398113204
IEN20200008,2022-1,Ingeniería en Energía,2020,Regular,0,4.56976482975151,0.17954079401313144
IEN20200008,2023-1,Ingeniería en Energía,2020,Regular,0,3.255644154930936,0.234982052914673
IEN20200019,2022-1,Ingeniería en Energía,2020,Regular,0,4.226893298507782,0.19131823492273864
IEN20200019,2022-2,Ingeniería en Energía,2020,Regular,0,2.7794802290314604,0.264586646681907
IEN20200019,2023-1,Ingeniería en Energía,2020,Irregular,1,3.7039349024887342,0.21258797596687082
IEN20200019,2023-2,Ingeniería en Energía,2020,Irregular,0,3.882828566596451,0.20479932612031973
IEN20200032,2024-2,Ingeniería en Energía,2020,Irregular,0,4.437367618787633,0.18391252350580803
IEN20200032,2025-1,Ingeniería en Energía,2020,Irregular,0,4.721608218738889,0.1747760352980638
IEN20200052,2022-1,Ingeniería en Energía,2020,Irregular,1,4.692702262005708,0.17566349933215553
IEN20200052,2022-2,Ingeniería en Energía,2020,Regular,0,5.120357868678976,0.16338913858575413
IEN20200052,2023-1,Ingeniería en Energía,2020,Regular,0,3.359465110729803,0.22938593946737507
IEN20200052,2023-2,Ingeniería en Energía,2020,Irregular,1,5.5526530693545135,0.1526099412582677
IEN20200052,2024-1,Ingeniería en Energía,2020,Irregular,0,5.344203952534084,0.15762418854781096
IEN20200052,2024-2,Ingeniería en Energía,2020,Irregular,0,5.5719539198200305,0.1521617485758915
IEN20200086,2022-1,Ingeniería en Energía,2020,Regular,0,4.335954596411896,0.1874078914900136
IEN20200086,2022-2,Ingeniería en Energía,2020,Regular,0,3.258887585992478,0.23480309818202516
IEN20200086,2023-2,Ingeniería en Energía,2020,Regular,0,5.754264615244054,0.14805460800914544
IEN20200086,2024-1,Ingeniería en Energía,2020,Regular,0,3.8846016634602516,0.20472498453263843
IEN20200100,2023-1,Ingeniería en Energía,2020,Irregular,0,4.268228004140953,0.189817145198343
IEN20200100,2024-2,Ingeniería en Energía,2020,Irregular,1,5.340769117429527,0.15770957457687532
IEN20200109,2022-2,Ingeniería en Energía,2020,Regular,0,3.2533903847640344,0.23510656430269733
IEN20200109,2023-2,Ingeniería en Energía,2020,Irregular,1,4.685434887934107,0.17588804017828896
IEN20200109,2024-1,Ingeniería en Energía,2020,Irregular,0,4.122120132657566,0.1952316568337024
IEN20200112,2022-1,Ingeniería en Energía,2020,Regular,0,3.147519692967445,0.24110795705095867
IEN20200112,2022-2,Ingeniería en Energía,2020,Irregular,1,4.430326303304111,0.18415099648644406
IEN20200112,2023-1,Ingeniería en Energía,2020,Irregular,1,8.803257856350688,0.10200690573003605
IEN20200121,2022-1,Ingeniería en Energía,2020,Irregular,0,3.230215485635205,0.23639457691830584
IEN20200121,2022-2,Ingeniería en Energía,2020,Irregular,0,2.3765949057755273,0.29615634327041745
IEN20200121,2024-2,Ingeniería en Energía,2020,Irregular,0,4.096888076823864,0.19619814775747482
IEN20200122,2022-1,Ingeniería en Energía,2020,Irregular,1,4.432070581067419,0.18409186424884355
IEN20200129,2023-1,Ingeniería en Energía,2020,Irregular,0,3.9273853538915025,0.2029473905892564
IEN20200129,2025-1,Ingeniería en Energía,2020,Irregular,0,5.672417112337621,0.149870726479457
IEN20200132,2022-1,Ingeniería en Energía,2020,Regular,0,4.546031669906797,0.18030910379146922
IEN20200132,2022-2,Ingeniería en Energía,2020,Regular,0,4.5030944958908,0.1817159419571492
IEN20200132,2023-1,Ingeniería en Energía,2020,Regular,0,2.8542605396931005,0.2594531401552906
IEN20200132,2023-2,Ingeniería en Energía,2020,Regular,0,2.759617092243054,0.26598453392054944
IEN20200136,2022-1,Ingeniería en Energía,2020,Regular,0,3.460393769146812,0.22419545263405766
IEN20200136,2022-2,Ingeniería en Energía,2020,Regular,0,4.438118909735843,0.1838871154894579
IEN20200136,2023-1,Ingeniería en Energía,2020,Regular,0,2.976658452736404,0.25146740960664693
IEN20200136,2023-2,Ingeniería en Energía,2020,Regular,0,4.41017212188117,0.18483700286642454
IEN20200143,2022-1,Ingeniería en Energía,2020,Regular,0,5.877432544113903,0.14540309826169895
IEN20200143,2022-2,Ingeniería en Energía,2020,Regular,0,3.162944473139313,0.24021459004613896
IEN20200143,2023-1,Ingeniería en Energía,2020,Regular,0,2.5437277889927747,0.28218871751552554
IEN20200143,2023-2,Ingeniería en Energía,2020,Regular,0,3.5902876265561376,0.21785127237228266
IEN20200160,2022-2,Ingeniería en Energía,2020,Irregular,1,4.310699891651911,0.1882990981230059
IEN20200160,2023-1,Ingeniería en Energía,2020,Irregular,0,3.298253350985046,0.23265264244389558
IEN20200160,2024-1,Ingeniería en Energía,2020,Irregular,0,4.997609618754186,0.1667330926096051
IEN20200162,2022-1,Ingeniería en Energía,2020,Regular,0,6.044949785809404,0.14194565332662745
IEN20200162,2023-1,Ingeniería en Energía,2020,Regular,0,3.3699092628499816,0.22883770345103613
IEN20200163,2022-1,Ingeniería en Energía,2020,Regular,0,4.725871861509087,0.17464589222163351
IEN20200163,2022-2,Ingeniería en Energía,2020,Regular,0,2.91484286720642,0.25543809392114547
IEN20200163,2023-2,Ingeniería en Energía,2020,Regular,0,3.5946831550676426,0.2176428637733298
IEN20200163,2024-2,Ingeniería en Energía,2020,Irregular,0,4.611869556043907,0.17819373561935586
IEN20200163,2025-1,Ingeniería en Energía,2020,Irregular,0,4.779176482670713,0.17303503414345864
IEN20200165,2022-1,Ingeniería en Energía,2020,Baja Temporal,1,9.866420668142538,0.09202662316688462
IEN20200165,2022-2,Ingeniería en Energía,2020,Baja Temporal,1,5.191340666803611,0.16151590645976643
IEN20200165,2023-2,Ingeniería en Energía,2020,Baja Temporal,1,10.229712503814252,0.0890494747448203
IEN20200166,2022-1,Ingeniería en Energía,2020,Regular,0,2.595070303652636,0.2781586771707879
IEN20200166,2022-2,Ingeniería en Energía,2020,Regular,0,2.6153004362890218,0.2766021849698513
IEN20200178,2022-1,Ingeniería en Energía,2020,Regular,0,4.445198896963984,0.1836480207467827
IEN20200178,2023-1,Ingeniería en Energía,2020,Regular,0,3.278854282719855,0.23370742117545298
IEN20200178,2023-2,Ingeniería en Energía,2020,Regular,0,2.4975109258645762,0.2859176200436893
IEN20200178,2024-2,Ingeniería en Energía,2020,Irregular,0,4.382307168350455,0.18579392976311224
IEN20200178,2025-1,Ingeniería en Energía,2020,Irregular,1,5.096996693721123,0.1640151783303132
IEN20200184,2022-1,Ingeniería en Energía,2020,Irregular,1,3.8671121125808736,0.2054606462454657
IEN20200184,2023-1,Ingeniería en Energía,2020,Regular,0,3.9326777063111025,0.20272964493920867
IEN20200184,2023-2,Ingeniería en Energía,2020,Regular,0,3.127025058501707,0.2423052891186089
IEN20200184,2024-1,Ingeniería en Energía,2020,Irregular,1,3.8958601261548766,0.20425420135223157
IEN20200184,2025-1,Ingeniería en Energía,2020,Irregular,0,5.221584400978696,0.16073076174015954
IEN20200186,2022-1,Ingeniería en Energía,2020,Regular,0,5.881273997547546,0.145321927357695
IEN20200224,2022-1,Ingeniería en Energía,2020,Baja Temporal,1,7.505321244163767,0.11757345446372013
IEN20200224,2022-2,Ingeniería en Energía,2020,Baja Temporal,1,7.801158529219133,0.11362140525932819
IEN20200224,2023-1,Ingeniería en Energía,2020,Baja Temporal,1,5.733786239451163,0.14850486256028003
IEN20200231,2022-2,Ingeniería en Energía,2020,Regular,0,3.0503251840099193,0.24689375656746057
IEN20200231,2023-1,Ingeniería en Energía,2020,Regular,0,6.318499332688191,0.1366400343214468
IEN20200243,2022-2,Ingeniería en Energía,2020,Regular,0,3.485223211906737,0.22295434424430455
IEN20200243,2023-2,Ingeniería en Energía,2020,Irregular,0,4.176279284731728,0.19318895774222647
IEN20200243,2024-2,Ingeniería en Energía,2020,Irregular,0,4.495432481612787,0.1819692996585634
IEN20200287,2022-2,Ingeniería en Energía,2020,Regular,0,3.3034800919602834,0.23237007692174283
IEN20200287,2023-1,Ingeniería en Energía,2020,Regular,0,3.4144633525384305,0.22652810095817746
IEN20200287,2023-2,Ingeniería en Energía,2020,Regular,0,3.160363197226034,0.24036362995104862
IEN20200287,2024-1,Ingeniería en Energía,2020,Regular,0,3.3842392646381434,0.22808974137558521
IEN20200287,2024-2,Ingeniería en Energía,2020,Regular,0,4.3823384575502145,0.18579284968547902
IEN20200287,2025-1,Ingeniería en Energía,2020,Regular,1,5.455126909253966,0.15491562196343747
IEN20200292,2022-1,Ingeniería en Energía,2020,Regular,0,4.537174766989272,0.18059751445117017
IEN20200292,2022-2,Ingeniería en Energía,2020,Regular,0,3.4778206412420896,0.22332292427921205
IEN20200292,2023-1,Ingeniería en Energía,2020,Regular,0,3.5053743948640568,0.22195713660111338
IEN20200292,2023-2,Ingeniería en Energía,2020,Regular,0,3.666227721279721,0.21430587183725106
IEN20200312,2022-1,Ingeniería en Energía,2020,Regular,0,4.6917308678003735,0.17569347940487917
IEN20200312,2022-2,Ingeniería en Energía,2020,Irregular,1,3.422840321015998,0.22609905115685563
IEN20200312,2025-1,Ingeniería en Energía,2020,Irregular,0,5.726898648216125,0.1486569149165322
IEN20200313,2022-1,Ingeniería en Energía,2020,Regular,0,5.3235984429745145,0.158137808562306
IEN20200313,2022-2,Ingeniería en Energía,2020,Regular,0,3.896695862601156,0.20421934056341282
IEN20200313,2023-1,Ingeniería en Energía,2020,Irregular,1,3.552485647087768,0.21966022026663642
IEN20200319,2022-1,Ingeniería en Energía,2020,Regular,0,2.4366345884253806,0.29098234748844404
IEN20200319,2024-1,Ingeniería en Energía,2020,Irregular,0,4.030106841664948,0.19880293430685925
IEN20200324,2022-1,Ingeniería en Energía,2020,Regular,0,4.911860742118625,0.1691514810008247
IEN20200324,2022-2,Ingeniería en Energía,2020,Regular,0,3.6387800870019027,0.21557391841058615
IEN20200324,2023-2,Ingeniería en Energía,2020,Regular,0,5.422390608030145,0.15570526008643326
IEN20200358,2022-2,Ingeniería en Energía,2020,Regular,0,4.7139804154945315,0.1750093502750398
IEN20200358,2023-1,Ingeniería en Energía,2020,Regular,0,3.3393893446409413,0.23044717138253104
IEN20200374,2022-2,Ingeniería en Energía,2020,Regular,0,3.2657142482049135,0.2344273295898377
IEN20200374,2023-1,Ingeniería en Energía,2020,Irregular,1,3.8355477639240507,0.2068018038122943
IEN20200374,2023-2,Ingeniería en Energía,2020,Irregular,0,3.896676733003817,0.2042201383766986
IEN20200374,2024-1,Ingeniería en Energía,2020,Irregular,0,3.729348963649474,0.21144559381981717
IEN20200374,2025-1,Ingeniería en Energía,2020,Irregular,0,4.936569877136074,0.16844744030578496
IEN20200379,2022-1,Ingeniería en Energía,2020,Regular,0,4.056576156164741,0.1977622741389639
IEN20200379,2022-2,Ingeniería en Energía,2020,Regular,0,4.153982270875539,0.1940247264044476
IEN20200381,2022-1,Ingeniería en Energía,2020,Regular,0,3.0325371030656156,0.24798283920060643
IEN20200381,2022-2,Ingeniería en Energía,2020,Regular,0,3.2101955164642537,0.23751866061550647
IEN20200381,2023-2,Ingeniería en Energía,2020,Regular,0,3.2205475604591736,0.23693608132002786
IEN20210011,2022-1,Ingeniería en Energía,2021,Irregular,0,2.365037998421666,0.2971734644509331
IEN20210011,2022-2,Ingeniería en Energía,2021,Irregular,0,2.146800571364955,0.31778308708207725
IEN20210011,2023-2,Ingeniería en Energía,2021,Irregular,0,2.55393994303781,0.2813778555709716
IEN20210011,2024-1,Ingeniería en Energía,2021,Irregular,0,3.1511912853767114,0.24089470497846552
IEN20210011,2024-2,Ingeniería en Energía,2021,Irregular,0,5.603030393245381,0.15144561518646915
IEN20210011,2025-1,Ingeniería en Energía,2021,Irregular,0,4.225605248362268,0.19136539261426322
IEN20210035,2022-1,Ingeniería en Energía,2021,Regular,0,4.6682853702392055,0.1764201931770064
IEN20210035,2022-2,Ingeniería en Energía,2021,Regular,0,2.618185960942505,0.27638159309520643
IEN20210035,2023-1,Ingeniería en Energía,2021,Regular,0,2.2775810944806216,0.3051030534939255
IEN20210035,2023-2,Ingeniería en Energía,2021,Regular,0,3.081310175495843,0.24501935824529897
IEN20210040,2022-2,Ingeniería en Energía,2021,Irregular,1,5.456015935304922,0.15489428929867866
IEN20210045,2022-1,Ingeniería en Energía,2021,Regular,0,2.389863689342192,0.29499711246326
IEN20210045,2022-2,Ingeniería en Energía,2021,Regular,0,2.8244647397454417,0.2614744985376857
IEN20210045,2023-1,Ingeniería en Energía,2021,Regular,0,2.3386749927886394,0.29952001981622856
IEN20210045,2023-2,Ingeniería en Energía,2021,Regular,0,3.006585067705289,0.24958910970352483
IEN20210045,2024-2,Ingeniería en Energía,2021,Regular,0,3.9612116237229116,0.20156366545992976
IEN20210045,2025-1,Ingeniería en Energía,2021,Regular,0,4.66768838407516,0.17643877578198533
IEN20210139,2022-2,Ingeniería en Energía,2021,Regular,0,3.5348740822299813,0.2205132892043299
IEN20210139,2023-1,Ingeniería en Energía,2021,Regular,0,2.4651213057802637,0.288590185380198
IEN20210139,2024-1,Ingeniería en Energía,2021,Regular,0,3.2147173062399506,0.23726383701214915
IEN20210139,2024-2,Ingeniería en Energía,2021,Regular,0,3.5530491200421452,0.21963303571623746
IEN20210139,2025-1,Ingeniería en Energía,2021,Regular,0,4.0623725285934436,0.19753583805849337
IEN20210146,2022-1,Ingeniería en Energía,2021,Regular,0,4.53883154917076,0.18054349389804317
IEN20210146,2022-2,Ingeniería en Energía,2021,Regular,0,2.073522236267107,0.32535961126298296
IEN20210146,2025-1,Ingeniería en Energía,2021,Irregular,0,4.402418881096479,0.18510227029952908
IEN20210159,2022-1,Ingeniería en Energía,2021,Irregular,1,3.594248240416765,0.21766346694171787
IEN20210159,2022-2,Ingeniería en Energía,2021,Irregular,1,2.773636792795168,0.2649963562760609
IEN20210159,2023-1,Ingeniería en Energía,2021,Irregular,0,3.9058362679513405,0.20383884528164176
IEN20210175,2022-1,Ingeniería en Energía,2021,Regular,0,5.398940725397602,0.15627586547738562
IEN20210175,2022-2,Ingeniería en Energía,2021,Regular,0,2.6805435746356916,0.27169899764030975
IEN20210221,2022-1,Ingeniería en Energía,2021,Regular,0,2.366744324953699,0.2970228515982581
IEN20210221,2022-2,Ingeniería en Energía,2021,Regular,0,2.9251988661336648,0.2547641620474133
IEN20210221,2023-1,Ingeniería en Energía,2021,Irregular,1,4.315117193814752,0.18814260599252802
IEN20210221,2023-2,Ingeniería en Energía,2021,Irregular,1,3.076109332240717,0.24533198658100772
IEN20210221,2024-1,Ingeniería en Energía,2021,Irregular,1,3.6272215627516644,0.21611240923707384
IEN20210234,2022-1,Ingeniería en Energía,2021,Irregular,0,2.9598748249109152,0.25253323506823144
IEN20210245,2022-1,Ingeniería en Energía,2021,Regular,0,3.4903521856270623,0.22269968115214855
IEN20210245,2022-2,Ingeniería en Energía,2021,Regular,0,4.107777141289418,0.19577988082454942
IEN20210245,2023-1,Ingeniería en Energía,2021,Regular,0,2.4060304662201704,0.2935969040552201
IEN20210245,2023-2,Ingeniería en Energía,2021,Regular,0,2.907552068459939,0.2559146960757261
IEN20210245,2024-2,Ingeniería en Energía,2021,Regular,1,4.344253764816864,0.1871168630844886
IEN20210270,2023-1,Ingeniería en Energía,2021,Regular,0,3.842421418677123,0.20650825558944952
IEN20210270,2024-2,Ingeniería en Energía,2021,Irregular,0,3.339145443132696,0.23046012471940522
IEN20210270,2025-1,Ingeniería en Energía,2021,Irregular,1,8.211956135772255,0.10855457681965701
IEN20210271,2022-1,Ingeniería en Energía,2021,Regular,0,3.958741794501635,0.20166405944121202
IEN20210271,2022-2,Ingeniería en Energía,2021,Regular,0,1.5985959623357848,0.3848231947151707
IEN20210271,2023-1,Ingeniería en Energía,2021,Regular,0,2.511943809170691,0.28474259678891034
IEN20210271,2024-1,Ingeniería en Energía,2021,Regular,0,3.202472318701238,0.23795516642666362
IEN20210271,2025-1,Ingeniería en Energía,2021,Regular,0,6.169268991181999,0.13948423489618986
IEN20210274,2022-1,Ingeniería en Energía,2021,Regular,0,4.293432915141575,0.18891332260763233
IEN20210274,2022-2,Ingeniería en Energía,2021,Regular,0,5.467837727100732,0.15461117643844463
IEN20210274,2023-2,Ingeniería en Energía,2021,Regular,0,2.933974124972302,0.25419587629012197
IEN20210274,2024-1,Ingeniería en Energía,2021,Regular,0,3.2060841331905348,0.2377508314940547
IEN20210274,2025-1,Ingeniería en Energía,2021,Regular,0,5.996020618780806,0.14293840091258475
IEN20210301,2022-1,Ingeniería en Energía,2021,Irregular,1,3.686794053424945,0.21336546658567918
IEN20210301,2022-2,Ingeniería en Energía,2021,Irregular,1,3.598749640031374,0.21745041114983982
IEN20210318,2022-2,Ingeniería en Energía,2021,Regular,0,4.2750034321825,0.1895733363696137
IEN20210318,2023-2,Ingeniería en Energía,2021,Regular,0,3.3462123878381,0.23008539637829842
IEN20210318,2024-1,Ingeniería en Energía,2021,Regular,0,3.2650030131827514,0.2344664228627946
IEN20210318,2025-1,Ingeniería en Energía,2021,Regular,0,6.067561437517611,0.14149151851607208
IEN20210332,2022-2,Ingeniería en Energía,2021,Regular,0,2.463637467457386,0.28871381875138563
IEN20210332,2023-1,Ingeniería en Energía,2021,Regular,0,2.370085803236975,0.296728350073312
IEN20210332,2023-2,Ingeniería en Energía,2021,Regular,0,2.5512227702501047,0.2815931482466734
IEN20210332,2024-1,Ingeniería en Energía,2021,Regular,0,3.7631848781905313,0.20994356204369846
IEN20210332,2024-2,Ingeniería en Energía,2021,Regular,0,3.8917868435912193,0.20442427930197127
IEN20210332,2025-1,Ingeniería en Energía,2021,Regular,0,4.307002274934722,0.18843029420263446
IEN20210348,2022-2,Ingeniería en Energía,2021,Regular,0,2.3272371181613676,0.30054966462762966
IEN20210348,2023-1,Ingeniería en Energía,2021,Regular,0,4.224182122564714,0.19141752269330703
IEN20210350,2022-1,Ingeniería en Energía,2021,Baja Temporal,1,6.420190812035045,0.13476742382124027
IEN20210350,2023-1,Ingeniería en Energía,2021,Baja Temporal,1,5.988265049777694,0.14309703379550712
IEN20210350,2024-2,Ingeniería en Energía,2021,Baja Temporal,1,9.369827901232151,0.09643361582511695
IEN20220009,2022-1,Ingeniería en Energía,2022,Regular,0,4.433504894694794,0.18404326845760044
IEN20220009,2022-2,Ingeniería en Energía,2022,Irregular,0,5.368048217365762,0.1570339868459201
IEN20220015,2022-2,Ingeniería en Energía,2022,Regular,0,3.644016428625533,0.2153308489255205
IEN20220015,2023-2,Ingeniería en Energía,2022,Regular,0,2.4207302306070315,0.2923352420639564
IEN20220015,2024-2,Ingeniería en Energía,2022,Regular,1,4.6757058853246205,0.17618953839480095
IEN20220015,2025-1,Ingeniería en Energía,2022,Regular,0,6.047575807646476,0.14189276246096144
IEN20220023,2023-2,Ingeniería en Energía,2022,Regular,0,2.9723091268199746,0.2517427441002177
IEN20220023,2024-2,Ingeniería en Energía,2022,Regular,0,3.1487133567317898,0.24103858570450015
IEN20220023,2025-1,Ingeniería en Energía,2022,Regular,0,3.082883671453388,0.2449249306297353
IEN20220060,2022-1,Ingeniería en Energía,2022,Regular,0,4.6384182957356455,0.17735470260450584
IEN20220060,2024-1,Ingeniería en Energía,2022,Irregular,1,4.172056008084237,0.19334670746738616
IEN20220060,2025-1,Ingeniería en Energía,2022,Irregular,0,4.770560058981767,0.17329340476121013
IEN20220067,2022-1,Ingeniería en Energía,2022,Irregular,0,2.9302486197967488,0.25443683001705747
IEN20220067,2022-2,Ingeniería en Energía,2022,Irregular,0,4.688062217858811,0.17580679706004262
IEN20220067,2025-1,Ingeniería en Energía,2022,Irregular,1,4.82573005340836,0.17165230637745515
IEN20220071,2022-2,Ingeniería en Energía,2022,Regular,0,2.787000023821451,0.2640612605518029
IEN20220071,2023-1,Ingeniería en Energía,2022,Regular,0,2.4915494135900342,0.28640579912967445
IEN20220071,2023-2,Ingeniería en Energía,2022,Regular,0,2.1200032081496434,0.32051249094486106
IEN20220080,2022-1,Ingeniería en Energía,2022,Regular,0,4.313204853314812,0.18821032269744278
IEN20220080,2024-2,Ingeniería en Energía,2022,Regular,0,2.3227395086775133,0.3009564840663694
IEN20220080,2025-1,Ingeniería en Energía,2022,Regular,0,3.074306522195181,0.24544054173450197
IEN20220081,2022-1,Ingeniería en Energía,2022,Irregular,0,3.576514965401102,0.21850687860961826
IEN20220081,2022-2,Ingeniería en Energía,2022,Irregular,0,3.0461816222751903,0.24714659235630024
IEN20220081,2024-1,Ingeniería en Energía,2022,Irregular,0,2.637256975208251,0.274932457842835
IEN20220081,2024-2,Ingeniería en Energía,2022,Irregular,0,3.2147668131219684,0.23726105009811407
IEN20220081,2025-1,Ingeniería en Energía,2022,Irregular,0,4.640278289828477,0.17729621635928364
IEN20220156,2023-1,Ingeniería en Energía,2022,Irregular,1,3.74753461632896,0.2106356416150267
IEN20220156,2024-1,Ingeniería en Energía,2022,Regular,0,3.408693864390721,0.22682454957398124
IEN20220156,2024-2,Ingeniería en Energía,2022,Regular,0,2.923032690156688,0.2549048348511364
IEN20220156,2025-1,Ingeniería en Energía,2022,Regular,0,3.2881832874918624,0.23319898730002633
IEN20220173,2022-2,Ingeniería en Energía,2022,Regular,0,3.2547151756751083,0.23503335915813142
IEN20220173,2024-1,Ingeniería en Energía,2022,Regular,0,3.141032353373982,0.24148567667799836
IEN20220173,2024-2,Ingeniería en Energía,2022,Regular,0,4.467591417854062,0.18289589026981157
IEN20220173,2025-1,Ingeniería en Energía,2022,Regular,0,3.397544036770489,0.2273996557256513
IEN20220197,2022-1,Ingeniería en Energía,2022,Egresado,0,3.660980000678385,0.21454715528804125
IEN20220197,2022-2,Ingeniería en Energía,2022,Egresado,0,4.326394714564548,0.18774425358781427
IEN20220197,2023-2,Ingeniería en Energía,2022,Egresado,1,4.298949581877338,0.18871664743141697
IEN20220197,2025-1,Ingeniería en Energía,2022,Egresado,1,5.958313833764668,0.1437129775819508
IEN20220200,2023-2,Ingeniería en Energía,2022,Baja Temporal,0,5.963400666570581,0.14360799383564582
IEN20220200,2025-1,Ingeniería en Energía,2022,Baja Temporal,0,6.146152633626239,0.13993543816773482
IEN20220214,2022-1,Ingeniería en Energía,2022,Irregular,0,3.108369851286404,0.24340554433941286
IEN20220214,2022-2,Ingeniería en Energía,2022,Irregular,0,2.913712242480019,0.2555118869358483
IEN20220220,2022-1,Ingeniería en Energía,2022,Regular,0,2.9746115189043802,0.2515969158856699
IEN20220220,2023-2,Ingeniería en Energía,2022,Regular,0,2.6192334714541015,0.2763016002938958
IEN20220220,2024-2,Ingeniería en Energía,2022,Regular,0,3.5963488722282375,0.2175639899839056
IEN20220220,2025-1,Ingeniería en Energía,2022,Regular,0,2.8413655737904056,0.2603240906887355
IEN20220227,2022-1,Ingeniería en Energía,2022,Regular,0,5.871318513127312,0.14553247649480225
IEN20220241,2022-1,Ingeniería en Energía,2022,Regular,0,7.142937736501384,0.12280580207772168
IEN20220247,2022-2,Ingeniería en Energía,2022,Regular,0,3.755949604940225,0.21026295126450745
IEN20220247,2024-1,Ingeniería en Energía,2022,Regular,0,2.9505981917276514,0.253126223287893
IEN20220265,2023-1,Ingeniería en Energía,2022,Regular,0,2.932877728578048,0.25426674028881013
IEN20220265,2023-2,Ingeniería en Energía,2022,Regular,0,2.0580352177882655,0.3270073523624275
IEN20220265,2024-1,Ingeniería en Energía,2022,Regular,0,4.402545161705225,0.18509794366704865
IEN20220265,2024-2,Ingeniería en Energía,2022,Regular,1,4.292916936309554,0.18893173878093056
IEN20220265,2025-1,Ingeniería en Energía,2022,Regular,0,4.328811414165385,0.1876591086225601
IEN20220273,2022-1,Ingeniería en Energía,2022,Regular,0,5.320946621766812,0.1582041519788191
IEN20220273,2022-2,Ingeniería en Energía,2022,Regular,0,2.461433455119422,0.2888976526534147
IEN20220273,2023-1,Ingeniería en Energía,2022,Regular,1,4.292747199934979,0.18893779774939656
IEN20220273,2023-2,Ingeniería en Energía,2022,Irregular,1,4.090754824065637,0.19643452386916732
IEN20220273,2024-1,Ingeniería en Energía,2022,Regular,0,4.310768380048815,0.18829666979202891
IEN20220340,2022-2,Ingeniería en Energía,2022,Irregular,0,2.658495951173267,0.2733363691927289
IEN20220340,2023-2,Ingeniería en Energía,2022,Irregular,1,4.0587639448814254,0.19767674690807094
IEN20220340,2024-1,Ingeniería en Energía,2022,Irregular,1,4.334133069742931,0.1874718884821884
IEN20220344,2022-2,Ingeniería en Energía,2022,Regular,0,2.532665418066801,0.2830723778384977
IEN20220344,2023-2,Ingeniería en Energía,2022,Irregular,1,5.769886683370643,0.14771295987218983
IEN20220344,2024-2,Ingeniería en Energía,2022,Irregular,1,4.358429596244296,0.18662184172409327
IEN20220354,2022-1,Ingeniería en Energía,2022,Regular,0,4.107219232134526,0.19580126768555753
IEN20220354,2022-2,Ingeniería en Energía,2022,Regular,0,2.5992673595809754,0.2778343201813214
IEN20220367,2022-1,Ingeniería en Energía,2022,Regular,0,4.3845148390974025,0.18571775357343587
IEN20220367,2022-2,Ingeniería en Energía,2022,Regular,0,2.004532435406117,0.3328304891023191
IEN20220367,2023-1,Ingeniería en Energía,2022,Regular,0,3.380041529741613,0.2283083375373822
IEN20220367,2023-2,Ingeniería en Energía,2022,Regular,0,3.0277259871782762,0.24827905452937102
IEN20220367,2024-2,Ingeniería en Energía,2022,Regular,0,2.9684864047025665,0.2519852402203073
IEN20220367,2025-1,Ingeniería en Energía,2022,Regular,0,4.141851995843156,0.19448245511703433
IEN20230016,2022-1,Ingeniería en Energía,2023,Regular,0,4.485126899424576,0.18231118775117242
IEN20230016,2022-2,Ingeniería en Energía,2023,Regular,0,2.9466984806928074,0.2533763359151923
IEN20230016,2023-2,Ingeniería en Energía,2023,Regular,0,2.1647800823776384,0.31597772166485555
IEN20230016,2024-1,Ingeniería en Energía,2023,Regular,0,4.434333201301868,0.18401521639498228
IEN20230016,2024-2,Ingeniería en Energía,2023,Regular,0,3.360318296438342,0.22934105540341732
IEN20230016,2025-1,Ingeniería en Energía,2023,Regular,0,3.8360003053259937,0.20678245179155136
IEN20230020,2023-1,Ingeniería en Energía,2023,Irregular,0,3.236749329537243,0.2360300131585138
IEN20230020,2023-2,Ingeniería en Energía,2023,Irregular,0,2.0421811243206354,0.32871152608420545
IEN20230020,2024-1,Ingeniería en Energía,2023,Irregular,0,2.5542527541412197,0.28135309140152037
IEN20230021,2022-1,Ingeniería en Energía,2023,Regular,0,5.945610354675244,0.1439758277437602
IEN20230021,2023-1,Ingeniería en Energía,2023,Regular,0,4.159319072986104,0.19382402713488725
IEN20230021,2023-2,Ingeniería en Energía,2023,Regular,0,2.6243160472972806,0.2759141275070971
IEN20230063,2022-1,Ingeniería en Energía,2023,Regular,0,5.7514759918531855,0.14811576034731838
IEN20230063,2022-2,Ingeniería en Energía,2023,Irregular,0,4.584204201890611,0.1790765458865985
IEN20230063,2023-1,Ingeniería en Energía,2023,Regular,0,3.6162061685668654,0.21662810617283526
IEN20230075,2022-1,Ingeniería en Energía,2023,Irregular,0,2.9413104750138963,0.253722716426311
IEN20230075,2022-2,Ingeniería en Energía,2023,Irregular,0,2.4515682455778105,0.2897233746663453
IEN20230075,2023-1,Ingeniería en Energía,2023,Irregular,0,2.5539583421552083,0.2813763988560359
IEN20230092,2022-1,Ingeniería en Energía,2023,Irregular,0,2.850765090492569,0.2596886531637497
IEN20230092,2023-2,Ingeniería en Energía,2023,Irregular,0,2.2276602292287224,0.3098219542888375
IEN20230103,2022-1,Ingeniería en Energía,2023,Regular,0,4.693411986051809,0.1756416016353432
IEN20230103,2022-2,Ingeniería en Energía,2023,Regular,0,3.129357940210566,0.24216839869033188
IEN20230103,2023-1,Ingeniería en Energía,2023,Irregular,1,4.576934604238747,0.17930997419979613
IEN20230103,2023-2,Ingeniería en Energía,2023,Irregular,1,5.553763372370259,0.15258408691040917
IEN20230120,2022-2,Ingeniería en Energía,2023,Regular,0,5.652182950580918,0.15032659315430774
IEN20230120,2023-1,Ingeniería en Energía,2023,Regular,0,3.345319608913529,0.230132669170918
IEN20230120,2023-2,Ingeniería en Energía,2023,Regular,0,1.9726380030431596,0.33640153929818445
IEN20230120,2024-1,Ingeniería en Energía,2023,Regular,0,3.0207347979750767,0.2487107581687855
IEN20230120,2024-2,Ingeniería en Energía,2023,Regular,1,4.912877010206265,0.16912240830883035
IEN20230123,2022-1,Ingeniería en Energía,2023,Irregular,1,4.326678111916491,0.1877342649564024
IEN20230123,2022-2,Ingeniería en Energía,2023,Irregular,0,3.714273374470028,0.21212176735771474
IEN20230123,2023-1,Ingeniería en Energía,2023,Irregular,1,4.554234827879691,0.18004280175200052
IEN20230128,2022-1,Ingeniería en Energía,2023,Regular,0,4.231191994365787,0.19116102048577874
IEN20230128,2022-2,Ingeniería en Energía,2023,Regular,0,3.6691870970881513,0.21417004270906828
IEN20230153,2023-1,Ingeniería en Energía,2023,Irregular,0,3.3851387218993727,0.22804295677261072
IEN20230153,2025-1,Ingeniería en Energía,2023,Irregular,0,2.3985042971028387,0.2942470900662039
IEN20230212,2022-1,Ingeniería en Energía,2023,Regular,0,4.233614111873213,0.19107255113275448
IEN20230212,2022-2,Ingeniería en Energía,2023,Regular,1,5.976271514463711,0.1433430447663523
IEN20230212,2023-1,Ingeniería en Energía,2023,Regular,0,2.723248125320888,0.2685826907960412
IEN20230212,2023-2,Ingeniería en Energía,2023,Regular,0,2.711786431042496,0.269412052276709
IEN20230254,2022-2,Ingeniería en Energía,2023,Regular,0,2.9627734574667346,0.2523485156881175
IEN20230254,2023-1,Ingeniería en Energía,2023,Regular,0,4.247297586718285,0.1905742877116696
IEN20230259,2022-1,Ingeniería en Energía,2023,Irregular,0,5.5056540168066626,0.15371244726765468
IEN20230259,2022-2,Ingeniería en Energía,2023,Irregular,0,4.170349115197939,0.1934105372228267
IEN20230282,2022-1,Ingeniería en Energía,2023,Regular,0,4.337275998414435,0.1873614930719479
IEN20230282,2022-2,Ingeniería en Energía,2023,Regular,0,3.999774960722799,0.20000900197624766
IEN20230293,2024-1,Ingeniería en Energía,2023,Regular,0,2.390566503856064,0.29493596390535565
IEN20230293,2025-1,Ingeniería en Energía,2023,Regular,0,1.8044317962382361,0.35657847031308226
IEN20230317,2022-1,Ingeniería en Energía,2023,Regular,0,4.699632721817051,0.17544990156509568
IEN20230317,2022-2,Ingeniería en Energía,2023,Regular,0,4.605687741075472,0.17839024330102024
IEN20230317,2023-1,Ingeniería en Energía,2023,Regular,0,2.9893649838709586,0.2506664604625071
IEN20230342,2023-2,Ingeniería en Energía,2023,Regular,0,3.085981984219805,0.24473920929216833
IEN20230342,2024-1,Ingeniería en Energía,2023,Regular,0,1.9526551766956355,0.33867822016356014
IEN20230342,2025-1,Ingeniería en Energía,2023,Regular,0,2.90931765837856,0.2557991156990714
IEN20240027,2022-1,Ingeniería en Energía,2024,Regular,0,4.257753442522586,0.19019530126924628
IEN20240027,2022-2,Ingeniería en Energía,2024,Regular,0,4.286503037893887,0.18916096195007473
IEN20240027,2024-1,Ingeniería en Energía,2024,Regular,0,3.6304538159947817,0.2159615536053382
IEN20240027,2025-1,Ingeniería en Energía,2024,Regular,0,2.9143586475330623,0.2554696924948939
IEN20240054,2022-1,Ingeniería en Energía,2024,Regular,0,4.37978842857901,0.18588091581589108
IEN20240054,2022-2,Ingeniería en Energía,2024,Regular,0,3.665392361176128,0.21434424429586535
IEN20240054,2023-1,Ingeniería en Energía,2024,Regular,0,3.6020750410103397,0.2172932842443308
IEN20240073,2022-2,Ingeniería en Energía,2024,Regular,0,2.915060158504303,0.2554239167507548
IEN20240073,2023-1,Ingeniería en Energía,2024,Regular,0,2.510661217401274,0.2848466252007758
IEN20240073,2024-1,Ingeniería en Energía,2024,Regular,0,4.0826021177542575,0.19674961305880245
IEN20240094,2022-1,Ingeniería en Energía,2024,Regular,0,4.023426465492934,0.1990673113002109
IEN20240094,2022-2,Ingeniería en Energía,2024,Regular,0,4.5577830660218295,0.17992785758652932
IEN20240119,2022-1,Ingeniería en Energía,2024,Irregular,0,2.5443404325854204,0.28213994084946
IEN20240119,2023-1,Ingeniería en Energía,2024,Irregular,0,3.035364768011261,0.24780907241077677
IEN20240126,2022-2,Ingeniería en Energía,2024,Irregular,0,2.90876662460039,0.25583517667858574
IEN20240126,2023-1,Ingeniería en Energía,2024,Irregular,0,2.322509403599972,0.3009773272323895
IEN20240149,2022-1,Ingeniería en Energía,2024,Regular,0,2.807235262537561,0.26265778998209055
IEN20240149,2022-2,Ingeniería en Energía,2024,Regular,0,7.328070697320053,0.1200758298463769
IEN20240149,2023-2,Ingeniería en Energía,2024,Regular,0,2.1048338423852693,0.322078426983312
IEN20240149,2025-1,Ingeniería en Energía,2024,Regular,0,3.0802649995995184,0.2450821209157128
IEN20240172,2022-1,Ingeniería en Energía,2024,Regular,0,2.8580354135768795,0.2591992796335883
IEN20240172,2022-2,Ingeniería en Energía,2024,Regular,0,2.8498769255319387,0.2597485632249996
IEN20240172,2023-1,Ingeniería en Energía,2024,Regular,0,5.10645197879056,0.16376121575561123
IEN20240172,2023-2,Ingeniería en Energía,2024,Regular,0,4.217847990621518,0.19164989125735074
IEN20240172,2024-1,Ingeniería en Energía,2024,Regular,0,4.940777953184885,0.16832812266007927
IEN20240225,2022-1,Ingeniería en Energía,2024,Regular,0,3.0546752272163644,0.24662887752085755
IEN20240225,2022-2,Ingeniería en Energía,2024,Regular,0,7.877149281106073,0.11264877590020682
IEN20240225,2023-1,Ingeniería en Energía,2024,Regular,0,3.3111401874790545,0.23195719844701954
IEN20240235,2022-2,Ingeniería en Energía,2024,Regular,0,3.4283799464524534,0.22581621543135508
IEN20240235,2023-1,Ingeniería en Energía,2024,Regular,1,4.542911586636508,0.18041059908134122
IEN20240235,2023-2,Ingeniería en Energía,2024,Irregular,1,2.7889144875930483,0.26392783560424493
IEN20240235,2024-2,Ingeniería en Energía,2024,Irregular,0,4.1390537521614394,0.19458835190805487
IEN20240235,2025-1,Ingeniería en Energía,2024,Irregular,1,5.649631477500498,0.15038427368246965
IEN20240248,2022-1,Ingeniería en Energía,2024,Irregular,0,3.8589063158846564,0.20580763138626823
IEN20240248,2022-2,Ingeniería en Energía,2024,Irregular,0,4.6938807912330365,0.1756271401993025
IEN20240251,2022-1,Ingeniería en Energía,2024,Egresado,0,3.2200390810331507,0.23696463013683272
IEN20240251,2024-2,Ingeniería en Energía,2024,Egresado,0,2.8208779731205134,0.2617199520725074
IEN20240251,2025-1,Ingeniería en Energía,2024,Egresado,0,2.7062044692901095,0.26981781719979986
IEN20240275,2023-1,Ingeniería en Energía,2024,Regular,0,2.9316975112568864,0.2543430661023359
IEN20240275,2023-2,Ingeniería en Energía,2024,Regular,0,3.8253606787343135,0.2072383945115371
IEN20240275,2024-1,Ingeniería en Energía,2024,Regular,0,3.6915449774542255,0.2131494006357433
IEN20240275,2024-2,Ingeniería en Energía,2024,Regular,0,5.530843713877485,0.15311957287771033
IEN20240299,2022-1,Ingeniería en Energía,2024,Regular,0,4.540753498841785,0.18048086784749323
IEN20240299,2023-2,Ingeniería en Energía,2024,Regular,0,3.549495820588021,0.21980457603118544
IEN20240299,2024-2,Ingeniería en Energía,2024,Regular,0,3.516356919536254,0.22141739853959141
IEN20240308,2022-1,Ingeniería en Energía,2024,Regular,0,2.7902863928301533,0.26383230615281134
IEN20240308,2022-2,Ingeniería en Energía,2024,Regular,0,3.3253851278792497,0.23119328578500553
IEN20240308,2023-2,Ingeniería en Energía,2024,Regular,0,2.754071260349834,0.26637746879285723
IEN20240308,2024-1,Ingeniería en Energía,2024,Regular,0,3.3122414027218317,0.23189796363645432
IEN20240308,2024-2,Ingeniería en Energía,2024,Regular,0,4.337710167133448,0.1873462531100743
IEN20240308,2025-1,Ingeniería en Energía,2024,Regular,0,5.016809324268934,0.16620104545551706
IEN20240320,2022-1,Ingeniería en Energía,2024,Baja Temporal,1,4.852210467234774,0.17087560428641071
IEN20240320,2023-1,Ingeniería en Energía,2024,Baja Temporal,1,4.926804281413765,0.16872499116192555
IEN20240320,2023-2,Ingeniería en Energía,2024,Baja Temporal,1,5.852086565710302,0.14594094666057944
IEN20240320,2024-2,Ingeniería en Energía,2024,Baja Temporal,1,5.481923855948392,0.1542751846864586
IEN20240320,2025-1,Ingeniería en Energía,2024,Baja Temporal,1,7.2966737787578175,0.12053023014600443
IEN20240328,2022-1,Ingeniería en Energía,2024,Regular,0,4.364685027459773,0.18640423340445564
IEN20240328,2022-2,Ingeniería en Energía,2024,Regular,0,3.1335012563809763,0.24192565526774143
IEN20240328,2023-1,Ingeniería en Energía,2024,Regular,0,3.115544310802145,0.24298122544210776
IEN20240328,2023-2,Ingeniería en Energía,2024,Regular,0,3.728623719995241,0.21147802388492998
IEN20240328,2024-1,Ingeniería en Energía,2024,Regular,0,4.098224581090188,0.19614671423245997
IEN20240349,2022-1,Ingeniería en Energía,2024,Regular,0,4.4031202614434735,0.18507824212908497
IEN20240349,2022-2,Ingeniería en Energía,2024,Regular,0,2.850647855957365,0.25969655949008497
IEN20240349,2023-2,Ingeniería en Energía,2024,Regular,0,3.1408573900474397,0.24149588015358903
IEN20240349,2024-1,Ingeniería en Energía,2024,Regular,0,3.3582303498415755,0.22945092841096634
IEN20240349,2025-1,Ingeniería en Energía,2024,Regular,0,4.939282012474449,0.1683705198540279
IEN20240352,2022-1,Ingeniería en Energía,2024,Regular,0,4.294101847671391,0.18888945259711043
IEN20240352,2023-1,Ingeniería en Energía,2024,Regular,0,3.6914193695754265,0.21315510748946329
IEN20240352,2023-2,Ingeniería en Energía,2024,Regular,1,4.388507494655928,0.18558014459323915
IEN20240366,2023-2,Ingeniería en Energía,2024,Irregular,1,3.6655361597087563,0.21433763789806842
IEN20240366,2024-1,Ingeniería en Energía,2024,Irregular,1,7.188914402236231,0.1221163088146238
IEN20240366,2025-1,Ingeniería en Energía,2024,Irregular,1,6.354398236297541,0.13597305556075442
IEN20240373,2022-1,Ingeniería en Energía,2024,Regular,0,4.211304865566142,0.19189051989791098
IEN20240373,2022-2,Ingeniería en Energía,2024,Regular,0,3.2665147674125716,0.2343833443723084
IEN20240373,2023-1,Ingeniería en Energía,2024,Regular,0,3.118311372947152,0.24281796820146176
IEN20240373,2023-2,Ingeniería en Energía,2024,Regular,0,3.6922601280364904,0.21311691438949634
IEN20240385,2022-1,Ingeniería en Energía,2024,Regular,0,2.9841861205546403,0.25099229045574545
IEN20240385,2022-2,Ingeniería en Energía,2024,Regular,0,3.630584174667175,0.2159554739271909
