Matricula,Carrera,EstatusAlumno,CuatrimestreActual,Materia,Periodo,EstatusMateria,Final,Extr,EstatusCardex,PeriodoCursado,PlanEstudiosClave,Credito
IDS20200001,Ingeniería en Desarrollo de Software,Activo,8,Estadía Profesional I,3,Aprobada,70.9,,ordinario,Septiembre-Diciembre 2022,004,8
IDS20200001,Ingeniería en Desarrollo de Software,Activo,8,Sistemas Operativos,3,Aprobada,79.6,,ordinario,Septiembre-Diciembre 2023,004,6
IDS20200001,Ingeniería en Desarrollo de Software,Activo,8,DevOps,1,Aprobada,70.1,,ordinario,Enero-Abril 2023,004,5
IDS20200001,Ingeniería en Desarrollo de Software,Activo,8,Minería de Datos,2,Aprobada,76.5,,ordinario,Mayo-Agosto 2023,004,6
IDS20200001,Ingeniería en Desarrollo de Software,Activo,8,Cálculo Integral,3,Aprobada,79.0,,ordinario,Septiembre-Diciembre 2023,004,6
IAG20230002,Ingeniería Agroindustrial,Activo,5,Procesos Agroindustriales,3,Aprobada,66.7,75.3,repeticion,Septiembre-Diciembre 2022,NME,7
IAG20230002,Ingeniería Agroindustrial,Activo,5,Biología,3,Aprobada,59.6,72.4,repeticion,Septiembre-Diciembre 2023,NME,6
IAG20230002,Ingeniería Agroindustrial,Activo,5,Tecnología de Lácteos,1,Cursando,,,ordinario,Enero-Abril 2023,NME,6
IAG20230002,Ingeniería Agroindustrial,Activo,5,Operaciones Unitarias I,2,Reprobada,63.1,,repeticion,Mayo-Agosto 2023,NME,7
IAG20230002,Ingeniería Agroindustrial,Activo,5,Inglés II,3,Reprobada,58.4,69.7,repeticion,Septiembre-Diciembre 2023,NME,4
IAG20230002,Ingeniería Agroindustrial,Activo,5,Bioquímica,2,Aprobada,58.8,77.9,repeticion,Mayo-Agosto 2023,NME,6
IBM20240003,Ingeniería Biomédica,Activo,3,Electrónica Analógica,1,Aprobada,93.8,,ordinario,Enero-Abril 2023,NME,6
IBM20240003,Ingeniería Biomédica,Activo,3,Biología Celular,2,Aprobada,84.0,,ordinario,Mayo-Agosto 2023,NME,6
IBM20240003,Ingeniería Biomédica,Activo,3,Inglés III,3,Cursando,,,ordinario,Septiembre-Diciembre 2022,NME,4
IBM20210004,Ingeniería Biomédica,Activo,8,Física Médica,3,Aprobada,95.3,,ordinario,Septiembre-Diciembre 2023,004,6
IBM20210004,Ingeniería Biomédica,Activo,8,Bioinstrumentación II,3,Aprobada,90.2,,ordinario,Septiembre-Diciembre 2023,004,7
IBM20210004,Ingeniería Biomédica,Activo,8,Cálculo Diferencial,3,Aprobada,86.6,,ordinario,Septiembre-Diciembre 2023,004,6
IBM20210004,Ingeniería Biomédica,Activo,8,Probabilidad y Estadística,3,Aprobada,80.9,,ordinario,Septiembre-Diciembre 2023,004,5
IBM20210004,Ingeniería Biomédica,Activo,8,Inglés II,3,Aprobada,85.7,,ordinario,Septiembre-Diciembre 2023,004,4
IBM20210004,Ingeniería Biomédica,Activo,8,Gestión de Tecnología Médica,3,Aprobada,87.8,,ordinario,Septiembre-Diciembre 2022,004,5
IBM20210004,Ingeniería Biomédica,Activo,8,Bioética,3,Cursando,,,ordinario,Septiembre-Diciembre 2022,004,4
IBM20210004,Ingeniería Biomédica,Activo,8,Anatomía y Fisiología II,3,Aprobada,88.7,,ordinario,Septiembre-Diciembre 2023,004,7
IBM20210004,Ingeniería Biomédica,Activo,8,Normatividad Sanitaria,2,Aprobada,90.0,,ordinario,Mayo-Agosto 2023,004,5
IDS20220005,Ingeniería en Desarrollo de Software,Inscrito,8,Arquitecturas Empresariales,1,Reprobada,36.7,,repeticion,Enero-Abril 2023,NME,6
IDS20220005,Ingeniería en Desarrollo de Software,Inscrito,8,Fundamentos de Programación,3,Reprobada,27.9,,repeticion,Septiembre-Diciembre 2023,NME,7
IDS20220005,Ingeniería en Desarrollo de Software,Inscrito,8,Seguridad Informática,2,Reprobada,36.6,68.3,repeticion,Mayo-Agosto 2023,NME,6
IDS20220005,Ingeniería en Desarrollo de Software,Inscrito,8,Estructuras de Datos,3,Reprobada,56.0,,repeticion,Septiembre-Diciembre 2023,NME,7
IDS20220005,Ingeniería en Desarrollo de Software,Inscrito,8,Probabilidad y Estadística,3,Reprobada,51.5,,repeticion,Septiembre-Diciembre 2023,NME,5
IDS20220005,Ingeniería en Desarrollo de Software,Inscrito,8,Comunicación Oral y Escrita,3,Aprobada,73.1,,ordinario,Septiembre-Diciembre 2023,NME,4
IDS20220005,Ingeniería en Desarrollo de Software,Inscrito,8,Inglés IV,3,Reprobada,39.7,68.9,repeticion,Septiembre-Diciembre 2023,NME,4
IDS20220005,Ingeniería en Desarrollo de Software,Inscrito,8,Bases de Datos II,3,Aprobada,48.8,74.4,repeticion,Septiembre-Diciembre 2023,NME,6
IBM20230006,Ingeniería Biomédica,Activo,2,Anatomía y Fisiología I,3,Aprobada,71.2,,ordinario,Septiembre-Diciembre 2022,NME,7
IBM20230006,Ingeniería Biomédica,Activo,2,Biología Celular,1,Aprobada,73.8,,ordinario,Enero-Abril 2023,NME,6
IBM20230006,Ingeniería Biomédica,Activo,2,Introducción a la Ingeniería Biomédica,3,Aprobada,74.1,,ordinario,Septiembre-Diciembre 2022,NME,4
IBM20230006,Ingeniería Biomédica,Activo,2,Química General,1,Aprobada,83.5,,ordinario,Enero-Abril 2023,NME,6
IAG20200007,Ingeniería Agroindustrial,Activo,7,Bioprocesos,3,Aprobada,81.8,,ordinario,Septiembre-Diciembre 2022,004,6
IAG20200007,Ingeniería Agroindustrial,Activo,7,Proyecto Agroindustrial I,3,Aprobada,84.4,,ordinario,Septiembre-Diciembre 2022,004,8
IAG20200007,Ingeniería Agroindustrial,Activo,7,Biología,3,Aprobada,84.9,,ordinario,Septiembre-Diciembre 2023,004,6
IAG20200007,Ingeniería Agroindustrial,Activo,7,Envases y Embalajes,2,Aprobada,91.1,,ordinario,Mayo-Agosto 2023,004,5
IEN20200008,Ingeniería en Energía,Activo,4,Termodinámica II,3,Cursando,,,ordinario,Septiembre-Diciembre 2022,004,7
IEN20200008,Ingeniería en Energía,Activo,4,Inglés III,2,Aprobada,82.1,,ordinario,Mayo-Agosto 2023,004,4
IEN20200008,Ingeniería en Energía,Activo,4,Estadística,2,Aprobada,73.2,,ordinario,Mayo-Agosto 2023,004,5
IEN20220009,Ingeniería en Energía,Activo,2,Física I,1,Aprobada,71.8,,ordinario,Enero-Abril 2023,NME,6
IEN20220009,Ingeniería en Energía,Activo,2,Inglés II,1,Cursando,,,ordinario,Enero-Abril 2023,NME,4
IEN20220009,Ingeniería en Energía,Activo,2,Circuitos Eléctricos,3,Cursando,,,ordinario,Septiembre-Diciembre 2022,NME,6
IEN20220009,Ingeniería en Energía,Activo,2,Química General,1,Reprobada,53.5,62.8,repeticion,Enero-Abril 2023,NME,6
IBM20200010,Ingeniería Biomédica,Activo,3,Anatomía y Fisiología I,1,Aprobada,70.0,,ordinario,Enero-Abril 2023,004,7
IBM20200010,Ingeniería Biomédica,Activo,3,Inglés II,3,Aprobada,71.5,,ordinario,Septiembre-Diciembre 2022,004,4
IBM20200010,Ingeniería Biomédica,Activo,3,Introducción a la Ingeniería Biomédica,3,Aprobada,73.0,,ordinario,Septiembre-Diciembre 2023,004,4
IEN20210011,Ingeniería en Energía,Inscrito,7,Control de Sistemas,3,Aprobada,71.9,,ordinario,Septiembre-Diciembre 2022,004,6
IEN20210011,Ingeniería en Energía,Inscrito,7,Auditoría Energética,1,Aprobada,70.6,,ordinario,Enero-Abril 2023,004,6
IEN20210011,Ingeniería en Energía,Inscrito,7,Introducción a la Energía,3,Aprobada,74.2,,ordinario,Septiembre-Diciembre 2023,004,4
IEN20210011,Ingeniería en Energía,Inscrito,7,Física II,3,Aprobada,76.0,,ordinario,Septiembre-Diciembre 2023,004,6
IEN20210011,Ingeniería en Energía,Inscrito,7,Energía Eólica,3,Aprobada,62.9,70.8,repeticion,Septiembre-Diciembre 2023,004,6
IEN20210011,Ingeniería en Energía,Inscrito,7,Física I,3,Aprobada,88.3,,ordinario,Septiembre-Diciembre 2023,004,6
IEN20210011,Ingeniería en Energía,Inscrito,7,Cálculo Integral,3,Aprobada,87.4,,ordinario,Septiembre-Diciembre 2023,004,6
IEN20210011,Ingeniería en Energía,Inscrito,7,Inglés II,3,Aprobada,85.5,,ordinario,Septiembre-Diciembre 2023,004,4
IEN20210011,Ingeniería en Energía,Inscrito,7,Inglés III,3,Aprobada,86.6,,ordinario,Septiembre-Diciembre 2023,004,4
IDS20200012,Ingeniería en Desarrollo de Software,Activo,6,Programación Orientada a Objetos,3,Aprobada,97.5,,ordinario,Septiembre-Diciembre 2023,004,7
IDS20200012,Ingeniería en Desarrollo de Software,Activo,6,Gestión de Proyectos,1,Aprobada,72.4,,ordinario,Enero-Abril 2023,004,5
IDS20200012,Ingeniería en Desarrollo de Software,Activo,6,Programación Estructurada,3,Aprobada,77.3,,ordinario,Septiembre-Diciembre 2023,004,7
IDS20200012,Ingeniería en Desarrollo de Software,Activo,6,Aplicaciones Móviles,3,Reprobada,68.1,,repeticion,Septiembre-Diciembre 2022,004,7
IDS20200012,Ingeniería en Desarrollo de Software,Activo,6,Comunicación Oral y Escrita,3,Aprobada,92.5,,ordinario,Septiembre-Diciembre 2023,004,4
IDS20200012,Ingeniería en Desarrollo de Software,Activo,6,Pruebas de Software,3,Cursando,,,ordinario,Septiembre-Diciembre 2022,004,5
IDS20200012,Ingeniería en Desarrollo de Software,Activo,6,Álgebra Lineal,3,Aprobada,75.4,,ordinario,Septiembre-Diciembre 2023,004,6
IDS20200012,Ingeniería en Desarrollo de Software,Activo,6,Arquitectura de Software,2,Aprobada,84.1,,ordinario,Mayo-Agosto 2023,004,6
IDS20200012,Ingeniería en Desarrollo de Software,Activo,6,Inglés I,3,Aprobada,80.9,,ordinario,Septiembre-Diciembre 2023,004,4
IBM20230013,Ingeniería Biomédica,Egresado,9,Inglés II,3,Aprobada,79.9,,ordinario,Septiembre-Diciembre 2023,NME,4
IBM20230013,Ingeniería Biomédica,Egresado,9,Biología Celular,3,Aprobada,83.9,,ordinario,Septiembre-Diciembre 2023,NME,6
IBM20230013,Ingeniería Biomédica,Egresado,9,Inglés I,3,Aprobada,79.1,,ordinario,Septiembre-Diciembre 2023,NME,4
IDS20220014,Ingeniería en Desarrollo de Software,Activo,4,Probabilidad y Estadística,2,Reprobada,63.1,,repeticion,Mayo-Agosto 2023,NME,5
IDS20220014,Ingeniería en Desarrollo de Software,Activo,4,Introducción a la Ingeniería,3,Aprobada,59.1,73.6,repeticion,Septiembre-Diciembre 2023,NME,4
IDS20220014,Ingeniería en Desarrollo de Software,Activo,4,Inglés IV,3,Aprobada,71.8,,ordinario,Septiembre-Diciembre 2022,NME,4
IDS20220014,Ingeniería en Desarrollo de Software,Activo,4,Inglés III,3,Aprobada,79.2,,ordinario,Septiembre-Diciembre 2022,NME,4
IEN20220015,Ingeniería en Energía,Activo,7,Álgebra Lineal,3,Aprobada,82.9,,ordinario,Septiembre-Diciembre 2023,NME,6
IEN20220015,Ingeniería en Energía,Activo,7,Inglés II,3,Aprobada,69.7,75.2,repeticion,Septiembre-Diciembre 2023,NME,4
IEN20220015,Ingeniería en Energía,Activo,7,Auditoría Energética,1,Aprobada,93.3,,ordinario,Enero-Abril 2023,NME,6
IEN20220015,Ingeniería en Energía,Activo,7,Introducción a la Energía,3,Aprobada,83.3,,ordinario,Septiembre-Diciembre 2023,NME,4
IEN20220015,Ingeniería en Energía,Activo,7,Física II,3,Aprobada,74.0,,ordinario,Septiembre-Diciembre 2023,NME,6
IEN20220015,Ingeniería en Energía,Activo,7,Inglés IV,3,Aprobada,87.9,,ordinario,Septiembre-Diciembre 2023,NME,4
IEN20220015,Ingeniería en Energía,Activo,7,Química General,3,Reprobada,66.8,64.6,repeticion,Septiembre-Diciembre 2023,NME,6
IEN20230016,Ingeniería en Energía,Activo,7,Química General,3,Aprobada,73.1,,ordinario,Septiembre-Diciembre 2023,NME,6
IEN20230016,Ingeniería en Energía,Activo,7,Cálculo Diferencial,3,Aprobada,84.9,,ordinario,Septiembre-Diciembre 2023,NME,6
IEN20230016,Ingeniería en Energía,Activo,7,Energía Solar,3,Aprobada,76.9,,ordinario,Septiembre-Diciembre 2023,NME,6
IEN20230016,Ingeniería en Energía,Activo,7,Álgebra Lineal,3,Aprobada,79.7,,ordinario,Septiembre-Diciembre 2023,NME,6
IEN20230016,Ingeniería en Energía,Activo,7,Máquinas Eléctricas,3,Reprobada,62.5,,repeticion,Septiembre-Diciembre 2023,NME,6
IEN20230016,Ingeniería en Energía,Activo,7,Mercados de Energía,1,Aprobada,76.1,,ordinario,Enero-Abril 2023,NME,5
IEN20230016,Ingeniería en Energía,Activo,7,Inglés III,3,Aprobada,81.9,,ordinario,Septiembre-Diciembre 2023,NME,4
IEN20230016,Ingeniería en Energía,Activo,7,Modelado Energético,3,Cursando,,,ordinario,Septiembre-Diciembre 2022,NME,6
IBM20200017,Ingeniería Biomédica,Baja Temporal,6,Álgebra Lineal,3,Aprobada,76.8,,ordinario,Septiembre-Diciembre 2023,004,6
IBM20200017,Ingeniería Biomédica,Baja Temporal,6,Señales Biomédicas,3,Aprobada,60.6,73.1,repeticion,Septiembre-Diciembre 2023,004,6
IBM20200017,Ingeniería Biomédica,Baja Temporal,6,Cálculo Diferencial,3,Aprobada,73.4,,ordinario,Septiembre-Diciembre 2023,004,6
IBM20200017,Ingeniería Biomédica,Baja Temporal,6,Dispositivos Médicos,3,Aprobada,73.6,,ordinario,Septiembre-Diciembre 2022,004,7
IBM20200017,Ingeniería Biomédica,Baja Temporal,6,Normatividad Sanitaria,1,Aprobada,76.0,,ordinario,Enero-Abril 2023,004,5
IDS20230018,Ingeniería en Desarrollo de Software,Activo,1,Inglés I,3,Cursando,,,ordinario,Septiembre-Diciembre 2022,NME,4
IDS20230018,Ingeniería en Desarrollo de Software,Activo,1,Fundamentos de Programación,3,Aprobada,78.4,,ordinario,Septiembre-Diciembre 2022,NME,7
IDS20230018,Ingeniería en Desarrollo de Software,Activo,1,Comunicación Oral y Escrita,3,Cursando,,,ordinario,Septiembre-Diciembre 2022,NME,4
IEN20200019,Ingeniería en Energía,Activo,3,Cálculo Integral,1,Aprobada,57.4,78.3,repeticion,Enero-Abril 2023,004,6
IEN20200019,Ingeniería en Energía,Activo,3,Máquinas Eléctricas,3,Aprobada,76.4,,ordinario,Septiembre-Diciembre 2022,004,6
IEN20200019,Ingeniería en Energía,Activo,3,Estadística,1,Aprobada,54.9,74.6,repeticion,Enero-Abril 2023,004,5
IEN20200019,Ingeniería en Energía,Activo,3,Introducción a la Energía,3,Aprobada,63.8,87.2,repeticion,Septiembre-Diciembre 2023,004,4
IEN20200019,Ingeniería en Energía,Activo,3,Física I,2,Reprobada,69.4,,repeticion,Mayo-Agosto 2023,004,6
IEN20200019,Ingeniería en Energía,Activo,3,Inglés III,3,Cursando,,,ordinario,Septiembre-Diciembre 2022,004,4
IEN20230020,Ingeniería en Energía,Inscrito,6,Transferencia de Calor,2,Aprobada,72.9,,ordinario,Mayo-Agosto 2023,NME,6
IEN20230020,Ingeniería en Energía,Inscrito,6,Máquinas Eléctricas,3,Aprobada,75.8,,ordinario,Septiembre-Diciembre 2023,NME,6
IEN20230020,Ingeniería en Energía,Inscrito,6,Introducción a la Energía,3,Aprobada,77.6,,ordinario,Septiembre-Diciembre 2023,NME,4
IEN20230021,Ingeniería en Energía,Activo,4,Física I,3,Aprobada,76.0,,ordinario,Septiembre-Diciembre 2023,NME,6
IEN20230021,Ingeniería en Energía,Activo,4,Energía Eólica,3,Cursando,,,ordinario,Septiembre-Diciembre 2022,NME,6
IEN20230021,Ingeniería en Energía,Activo,4,Termodinámica II,3,Aprobada,79.7,,ordinario,Septiembre-Diciembre 2022,NME,7
IEN20230021,Ingeniería en Energía,Activo,4,Energía Solar,3,Cursando,,,ordinario,Septiembre-Diciembre 2022,NME,6
IEN20230021,Ingeniería en Energía,Activo,4,Inglés III,3,Aprobada,78.1,,ordinario,Septiembre-Diciembre 2022,NME,4
IEN20230021,Ingeniería en Energía,Activo,4,Inglés I,2,Reprobada,68.3,68.8,repeticion,Mayo-Agosto 2023,NME,4
IDS20230022,Ingeniería en Desarrollo de Software,Activo,6,Probabilidad y Estadística,3,Aprobada,77.6,,ordinario,Septiembre-Diciembre 2023,NME,5
IDS20230022,Ingeniería en Desarrollo de Software,Activo,6,Estructuras de Datos,2,Aprobada,83.7,,ordinario,Mayo-Agosto 2023,NME,7
IDS20230022,Ingeniería en Desarrollo de Software,Activo,6,Matemáticas Discretas,2,Aprobada,86.2,,ordinario,Mayo-Agosto 2023,NME,6
IDS20230022,Ingeniería en Desarrollo de Software,Activo,6,Inteligencia Artificial,3,Cursando,,,ordinario,Septiembre-Diciembre 2022,NME,6
IDS20230022,Ingeniería en Desarrollo de Software,Activo,6,Seguridad Informática,1,Cursando,,,ordinario,Enero-Abril 2023,NME,6
IEN20220023,Ingeniería en Energía,Activo,9,Química General,3,Aprobada,78.7,,ordinario,Septiembre-Diciembre 2023,NME,6
IEN20220023,Ingeniería en Energía,Activo,9,Estadía Profesional I,3,Aprobada,88.8,,ordinario,Septiembre-Diciembre 2023,NME,8
IEN20220023,Ingeniería en Energía,Activo,9,Energía Eólica,3,Aprobada,85.6,,ordinario,Septiembre-Diciembre 2023,NME,6
IEN20220023,Ingeniería en Energía,Activo,9,Auditoría Energética,3,Aprobada,76.8,,ordinario,Septiembre-Diciembre 2023,NME,6
IAG20230024,Ingeniería Agroindustrial,Activo,6,Gestión Ambiental,1,Reprobada,68.6,,repeticion,Enero-Abril 2023,NME,5
IAG20230024,Ingeniería Agroindustrial,Activo,6,Microbiología,3,Aprobada,79.2,,ordinario,Septiembre-Diciembre 2023,NME,6
IAG20230024,Ingeniería Agroindustrial,Activo,6,Bioprocesos,3,Cursando,,,ordinario,Septiembre-Diciembre 2022,NME,6
IAG20230024,Ingeniería Agroindustrial,Activo,6,Conservación de Alimentos,3,Aprobada,79.8,,ordinario,Septiembre-Diciembre 2023,NME,6
IAG20230024,Ingeniería Agroindustrial,Activo,6,Termodinámica,3,Aprobada,77.9,,ordinario,Septiembre-Diciembre 2023,NME,6
IAG20230024,Ingeniería Agroindustrial,Activo,6,Operaciones Unitarias II,2,Aprobada,78.1,,ordinario,Mayo-Agosto 2023,NME,7
IAG20230024,Ingeniería Agroindustrial,Activo,6,Estadística,3,Aprobada,89.6,,ordinario,Septiembre-Diciembre 2023,NME,5
IAG20230024,Ingeniería Agroindustrial,Activo,6,Envases y Embalajes,2,Aprobada,74.9,,ordinario,Mayo-Agosto 2023,NME,5
IBM20230025,Ingeniería Biomédica,Activo,7,Telemedicina,3,Aprobada,71.1,,ordinario,Septiembre-Diciembre 2022,NME,6
IBM20230025,Ingeniería Biomédica,Activo,7,Química Orgánica,3,Aprobada,82.9,,ordinario,Septiembre-Diciembre 2023,NME,6
IBM20230025,Ingeniería Biomédica,Activo,7,Bioinstrumentación I,3,Aprobada,81.6,,ordinario,Septiembre-Diciembre 2023,NME,7
IBM20230025,Ingeniería Biomédica,Activo,7,Imágenes Médicas,3,Aprobada,73.4,,ordinario,Septiembre-Diciembre 2023,NME,7
IBM20230025,Ingeniería Biomédica,Activo,7,Inglés III,3,Aprobada,90.6,,ordinario,Septiembre-Diciembre 2023,NME,4
IBM20230025,Ingeniería Biomédica,Activo,7,Mantenimiento Hospitalario,2,Aprobada,71.7,,ordinario,Mayo-Agosto 2023,NME,6
IDS20200026,Ingeniería en Desarrollo de Software,Activo,9,Estadía Profesional II,1,Reprobada,65.0,65.1,repeticion,Enero-Abril 2023,004,8
IDS20200026,Ingeniería en Desarrollo de Software,Activo,9,Matemáticas Discretas,3,Aprobada,56.9,76.1,repeticion,Septiembre-Diciembre 2023,004,6
IDS20200026,Ingeniería en Desarrollo de Software,Activo,9,Residencia Profesional,3,Cursando,,,ordinario,Septiembre-Diciembre 2022,004,12
IDS20200026,Ingeniería en Desarrollo de Software,Activo,9,Inglés I,3,Aprobada,46.5,76.9,repeticion,Septiembre-Diciembre 2023,004,4
IDS20200026,Ingeniería en Desarrollo de Software,Activo,9,Arquitectura de Software,3,Aprobada,74.3,,ordinario,Septiembre-Diciembre 2023,004,6
IDS20200026,Ingeniería en Desarrollo de Software,Activo,9,Analítica de Datos,3,Aprobada,85.5,,ordinario,Septiembre-Diciembre 2023,004,6
IDS20200026,Ingeniería en Desarrollo de Software,Activo,9,Introducción a la Ingeniería,3,Reprobada,59.6,,repeticion,Septiembre-Diciembre 2023,004,4
IEN20240027,Ingeniería en Energía,Activo,8,Inglés II,3,Aprobada,82.8,,ordinario,Septiembre-Diciembre 2023,NME,4
IEN20240027,Ingeniería en Energía,Activo,8,Proyecto Energético I,1,Aprobada,70.5,,ordinario,Enero-Abril 2023,NME,8
IEN20240027,Ingeniería en Energía,Activo,8,Emprendimiento,1,Cursando,,,ordinario,Enero-Abril 2023,NME,4
IEN20240027,Ingeniería en Energía,Activo,8,Estadía Profesional II,3,Cursando,,,ordinario,Septiembre-Diciembre 2022,NME,8
IEN20240027,Ingeniería en Energía,Activo,8,Termodinámica II,3,Aprobada,92.5,,ordinario,Septiembre-Diciembre 2023,NME,7
IDS20220028,Ingeniería en Desarrollo de Software,Activo,8,Minería de Datos,1,Aprobada,86.2,,ordinario,Enero-Abril 2023,NME,6
IDS20220028,Ingeniería en Desarrollo de Software,Activo,8,UX/UI,1,Aprobada,95.6,,ordinario,Enero-Abril 2023,NME,4
IDS20220028,Ingeniería en Desarrollo de Software,Activo,8,Cálculo Integral,3,Aprobada,88.1,,ordinario,Septiembre-Diciembre 2023,NME,6
IDS20220028,Ingeniería en Desarrollo de Software,Activo,8,Comunicación Oral y Escrita,3,Aprobada,90.6,,ordinario,Septiembre-Diciembre 2023,NME,4
IAG20200029,Ingeniería Agroindustrial,Activo,3,Inglés III,3,Aprobada,75.2,,ordinario,Septiembre-Diciembre 2022,004,4
IAG20200029,Ingeniería Agroindustrial,Activo,3,Dibujo Industrial,3,Reprobada,69.9,58.6,repeticion,Septiembre-Diciembre 2022,004,4
IAG20200029,Ingeniería Agroindustrial,Activo,3,Inglés I,1,Aprobada,82.9,,ordinario,Enero-Abril 2023,004,4
IAG20200029,Ingeniería Agroindustrial,Activo,3,Inglés II,1,Aprobada,79.5,,ordinario,Enero-Abril 2023,004,4
IAG20200029,Ingeniería Agroindustrial,Activo,3,Microbiología,1,Aprobada,89.0,,ordinario,Enero-Abril 2023,004,6
IAG20200029,Ingeniería Agroindustrial,Activo,3,Bioquímica,3,Cursando,,,ordinario,Septiembre-Diciembre 2022,004,6
IAG20230030,Ingeniería Agroindustrial,Activo,8,Administración de la Producción,1,Reprobada,69.4,66.4,repeticion,Enero-Abril 2023,NME,5
IAG20230030,Ingeniería Agroindustrial,Activo,8,Gestión Ambiental,3,Reprobada,69.4,,repeticion,Septiembre-Diciembre 2023,NME,5
IAG20230030,Ingeniería Agroindustrial,Activo,8,Estadística,3,Aprobada,96.6,,ordinario,Septiembre-Diciembre 2023,NME,5
IAG20240031,Ingeniería Agroindustrial,Activo,6,Inglés II,3,Aprobada,77.3,,ordinario,Septiembre-Diciembre 2023,NME,4
IAG20240031,Ingeniería Agroindustrial,Activo,6,Control de Calidad,2,Reprobada,67.7,,repeticion,Mayo-Agosto 2023,NME,6
IAG20240031,Ingeniería Agroindustrial,Activo,6,Álgebra Lineal,3,Aprobada,95.8,,ordinario,Septiembre-Diciembre 2023,NME,6
IAG20240031,Ingeniería Agroindustrial,Activo,6,Introducción a la Agroindustria,3,Aprobada,71.5,,ordinario,Septiembre-Diciembre 2023,NME,4
IEN20200032,Ingeniería en Energía,Activo,8,Termodinámica I,3,Aprobada,89.5,,ordinario,Septiembre-Diciembre 2023,004,7
IEN20200032,Ingeniería en Energía,Activo,8,Circuitos Eléctricos,3,Aprobada,87.9,,ordinario,Septiembre-Diciembre 2023,004,6
IEN20200032,Ingeniería en Energía,Activo,8,Inglés III,3,Aprobada,89.7,,ordinario,Septiembre-Diciembre 2023,004,4
IDS20210033,Ingeniería en Desarrollo de Software,Activo,4,Inglés II,2,Aprobada,79.9,,ordinario,Mayo-Agosto 2023,004,4
IDS20210033,Ingeniería en Desarrollo de Software,Activo,4,Ingeniería de Software,3,Aprobada,86.7,,ordinario,Septiembre-Diciembre 2022,004,6
IDS20210033,Ingeniería en Desarrollo de Software,Activo,4,Programación Orientada a Objetos,2,Aprobada,72.5,,ordinario,Mayo-Agosto 2023,004,7
IDS20210033,Ingeniería en Desarrollo de Software,Activo,4,Matemáticas Discretas,3,Cursando,,,ordinario,Septiembre-Diciembre 2022,004,6
IDS20210033,Ingeniería en Desarrollo de Software,Activo,4,Programación Estructurada,1,Aprobada,81.5,,ordinario,Enero-Abril 2023,004,7
IDS20210033,Ingeniería en Desarrollo de Software,Activo,4,Fundamentos de Programación,3,Aprobada,82.7,,ordinario,Septiembre-Diciembre 2023,004,7
IDS20220034,Ingeniería en Desarrollo de Software,Activo,7,Aplicaciones Móviles,2,Aprobada,81.1,,ordinario,Mayo-Agosto 2023,NME,7
IDS20220034,Ingeniería en Desarrollo de Software,Activo,7,Arquitectura de Software,2,Aprobada,83.4,,ordinario,Mayo-Agosto 2023,NME,6
IDS20220034,Ingeniería en Desarrollo de Software,Activo,7,Inglés IV,3,Aprobada,72.8,,ordinario,Septiembre-Diciembre 2023,NME,4
IEN20210035,Ingeniería en Energía,Activo,3,Inglés I,2,Aprobada,76.9,,ordinario,Mayo-Agosto 2023,004,4
IEN20210035,Ingeniería en Energía,Activo,3,Álgebra Lineal,3,Aprobada,81.4,,ordinario,Septiembre-Diciembre 2023,004,6
IEN20210035,Ingeniería en Energía,Activo,3,Introducción a la Energía,2,Aprobada,80.7,,ordinario,Mayo-Agosto 2023,004,4
IEN20210035,Ingeniería en Energía,Activo,3,Química General,1,Aprobada,73.5,,ordinario,Enero-Abril 2023,004,6
IEN20210035,Ingeniería en Energía,Activo,3,Inglés III,3,Cursando,,,ordinario,Septiembre-Diciembre 2022,004,4
IEN20210035,Ingeniería en Energía,Activo,3,Física II,1,Aprobada,83.2,,ordinario,Enero-Abril 2023,004,6
IDS20240036,Ingeniería en Desarrollo de Software,Inscrito,2,Comunicación Oral y Escrita,2,Aprobada,71.1,,ordinario,Mayo-Agosto 2023,NME,4
IDS20240036,Ingeniería en Desarrollo de Software,Inscrito,2,Inglés I,1,Aprobada,73.8,,ordinario,Enero-Abril 2023,NME,4
IDS20240036,Ingeniería en Desarrollo de Software,Inscrito,2,Introducción a la Ingeniería,1,Reprobada,65.2,,repeticion,Enero-Abril 2023,NME,4
IBM20240037,Ingeniería Biomédica,Activo,3,Cálculo Diferencial,3,Reprobada,65.8,,repeticion,Septiembre-Diciembre 2022,NME,6
IBM20240037,Ingeniería Biomédica,Activo,3,Inglés III,3,Aprobada,85.4,,ordinario,Septiembre-Diciembre 2022,NME,4
IBM20240037,Ingeniería Biomédica,Activo,3,Probabilidad y Estadística,1,Aprobada,80.1,,ordinario,Enero-Abril 2023,NME,5
IDS20210038,Ingeniería en Desarrollo de Software,Inscrito,2,Programación Estructurada,3,Aprobada,75.4,,ordinario,Septiembre-Diciembre 2022,004,7
IDS20210038,Ingeniería en Desarrollo de Software,Inscrito,2,Comunicación Oral y Escrita,1,Aprobada,76.8,,ordinario,Enero-Abril 2023,004,4
IDS20210038,Ingeniería en Desarrollo de Software,Inscrito,2,Inglés I,1,Aprobada,86.7,,ordinario,Enero-Abril 2023,004,4
IAG20200039,Ingeniería Agroindustrial,Activo,9,Estadística,3,Aprobada,93.9,,ordinario,Septiembre-Diciembre 2023,004,5
IAG20200039,Ingeniería Agroindustrial,Activo,9,Conservación de Alimentos,3,Aprobada,83.5,,ordinario,Septiembre-Diciembre 2023,004,6
IAG20200039,Ingeniería Agroindustrial,Activo,9,Estadía Profesional II,1,Aprobada,94.0,,ordinario,Enero-Abril 2023,004,8
IAG20200039,Ingeniería Agroindustrial,Activo,9,Inglés I,3,Aprobada,89.8,,ordinario,Septiembre-Diciembre 2023,004,4
IAG20200039,Ingeniería Agroindustrial,Activo,9,Innovación Agroalimentaria,1,Aprobada,80.8,,ordinario,Enero-Abril 2023,004,6
IAG20200039,Ingeniería Agroindustrial,Activo,9,Proyecto Agroindustrial I,2,Aprobada,88.0,,ordinario,Mayo-Agosto 2023,004,8
IAG20200039,Ingeniería Agroindustrial,Activo,9,Estadía Profesional I,1,Aprobada,87.4,,ordinario,Enero-Abril 2023,004,8
IAG20200039,Ingeniería Agroindustrial,Activo,9,Control de Calidad,3,Aprobada,86.5,,ordinario,Septiembre-Diciembre 2023,004,6
IAG20200039,Ingeniería Agroindustrial,Activo,9,Inglés II,3,Aprobada,87.1,,ordinario,Septiembre-Diciembre 2023,004,4
IEN20210040,Ingeniería en Energía,Activo,2,Química General,1,Aprobada,76.2,,ordinario,Enero-Abril 2023,004,6
IEN20210040,Ingeniería en Energía,Activo,2,Física I,1,Reprobada,62.4,55.2,repeticion,Enero-Abril 2023,004,6
IEN20210040,Ingeniería en Energía,Activo,2,Circuitos Eléctricos,1,Cursando,,,ordinario,Enero-Abril 2023,004,6
IDS20210041,Ingeniería en Desarrollo de Software,Activo,7,Redes de Computadoras,3,Aprobada,80.3,,ordinario,Septiembre-Diciembre 2023,004,6
IDS20210041,Ingeniería en Desarrollo de Software,Activo,7,Minería de Datos,1,Aprobada,78.3,,ordinario,Enero-Abril 2023,004,6
IDS20210041,Ingeniería en Desarrollo de Software,Activo,7,Álgebra Lineal,3,Aprobada,85.7,,ordinario,Septiembre-Diciembre 2023,004,6
IDS20210041,Ingeniería en Desarrollo de Software,Activo,7,Desarrollo en la Nube,1,Aprobada,80.8,,ordinario,Enero-Abril 2023,004,6
IDS20210041,Ingeniería en Desarrollo de Software,Activo,7,Ingeniería de Software,3,Aprobada,85.2,,ordinario,Septiembre-Diciembre 2023,004,6
IDS20210041,Ingeniería en Desarrollo de Software,Activo,7,Cálculo Diferencial,3,Aprobada,73.4,,ordinario,Septiembre-Diciembre 2023,004,6
IBM20200042,Ingeniería Biomédica,Activo,6,Inglés IV,1,Aprobada,66.9,70.4,repeticion,Enero-Abril 2023,004,4
IBM20200042,Ingeniería Biomédica,Activo,6,Introducción a la Ingeniería Biomédica,3,Aprobada,86.0,,ordinario,Septiembre-Diciembre 2023,004,4
IBM20200042,Ingeniería Biomédica,Activo,6,Metrología Biomédica,3,Cursando,,,ordinario,Septiembre-Diciembre 2022,004,5
IBM20200042,Ingeniería Biomédica,Activo,6,Procesamiento de Señales,1,Reprobada,60.8,,repeticion,Enero-Abril 2023,004,6
IAG20210043,Ingeniería Agroindustrial,Activo,2,Biología,1,Aprobada,89.7,,ordinario,Enero-Abril 2023,004,6
IAG20210043,Ingeniería Agroindustrial,Activo,2,Estadística,3,Cursando,,,ordinario,Septiembre-Diciembre 2022,004,5
IAG20210043,Ingeniería Agroindustrial,Activo,2,Química General,3,Aprobada,74.2,,ordinario,Septiembre-Diciembre 2022,004,6
IAG20210043,Ingeniería Agroindustrial,Activo,2,Inglés II,3,Cursando,,,ordinario,Septiembre-Diciembre 2022,004,4
IBM20210044,Ingeniería Biomédica,Activo,6,Imágenes Médicas,3,Aprobada,69.4,73.0,repeticion,Septiembre-Diciembre 2022,004,7
IBM20210044,Ingeniería Biomédica,Activo,6,Biología Celular,3,Aprobada,88.9,,ordinario,Septiembre-Diciembre 2023,004,6
IBM20210044,Ingeniería Biomédica,Activo,6,Electrónica Analógica,3,Aprobada,83.1,,ordinario,Septiembre-Diciembre 2023,004,6
IBM20210044,Ingeniería Biomédica,Activo,6,Mantenimiento Hospitalario,3,Cursando,,,ordinario,Septiembre-Diciembre 2022,004,6
IEN20210045,Ingeniería en Energía,Activo,9,Mecánica de Fluidos,3,Aprobada,70.1,,ordinario,Septiembre-Diciembre 2023,004,6
IEN20210045,Ingeniería en Energía,Activo,9,Instrumentación,3,Aprobada,77.8,,ordinario,Septiembre-Diciembre 2023,004,5
IEN20210045,Ingeniería en Energía,Activo,9,Cálculo Integral,3,Aprobada,82.4,,ordinario,Septiembre-Diciembre 2023,004,6
IEN20210045,Ingeniería en Energía,Activo,9,Residencia Profesional,3,Aprobada,84.7,,ordinario,Septiembre-Diciembre 2022,004,12
IEN20210045,Ingeniería en Energía,Activo,9,Introducción a la Energía,3,Aprobada,75.6,,ordinario,Septiembre-Diciembre 2023,004,4
IEN20210045,Ingeniería en Energía,Activo,9,Emprendimiento,1,Aprobada,80.9,,ordinario,Enero-Abril 2023,004,4
IEN20210045,Ingeniería en Energía,Activo,9,Control de Sistemas,2,Aprobada,81.2,,ordinario,Mayo-Agosto 2023,004,6
IEN20210045,Ingeniería en Energía,Activo,9,Redes Eléctricas,3,Aprobada,77.0,,ordinario,Septiembre-Diciembre 2023,004,6
IDS20210046,Ingeniería en Desarrollo de Software,Activo,6,Probabilidad y Estadística,3,Aprobada,62.6,82.5,repeticion,Septiembre-Diciembre 2023,004,5
IDS20210046,Ingeniería en Desarrollo de Software,Activo,6,Bases de Datos II,2,Aprobada,72.7,,ordinario,Mayo-Agosto 2023,004,6
IDS20210046,Ingeniería en Desarrollo de Software,Activo,6,Fundamentos de Programación,3,Aprobada,83.5,,ordinario,Septiembre-Diciembre 2023,004,7
IDS20210046,Ingeniería en Desarrollo de Software,Activo,6,Inteligencia Artificial,3,Cursando,,,ordinario,Septiembre-Diciembre 2022,004,6
IDS20210046,Ingeniería en Desarrollo de Software,Activo,6,Redes de Computadoras,1,Aprobada,67.6,85.0,repeticion,Enero-Abril 2023,004,6
IDS20210047,Ingeniería en Desarrollo de Software,Activo,7,Probabilidad y Estadística,3,Aprobada,83.7,,ordinario,Septiembre-Diciembre 2023,004,5
IDS20210047,Ingeniería en Desarrollo de Software,Activo,7,Estructuras de Datos,3,Aprobada,76.9,,ordinario,Septiembre-Diciembre 2023,004,7
IDS20210047,Ingeniería en Desarrollo de Software,Activo,7,Ingeniería de Software,3,Aprobada,87.7,,ordinario,Septiembre-Diciembre 2023,004,6
IDS20210047,Ingeniería en Desarrollo de Software,Activo,7,Arquitectura de Software,2,Aprobada,86.9,,ordinario,Mayo-Agosto 2023,004,6
IDS20210047,Ingeniería en Desarrollo de Software,Activo,7,Inglés III,3,Aprobada,91.7,,ordinario,Septiembre-Diciembre 2023,004,4
IDS20210047,Ingeniería en Desarrollo de Software,Activo,7,Redes de Computadoras,2,Aprobada,89.9,,ordinario,Mayo-Agosto 2023,004,6
IDS20210047,Ingeniería en Desarrollo de Software,Activo,7,Cálculo Diferencial,3,Aprobada,90.9,,ordinario,Septiembre-Diciembre 2023,004,6
IAG20220048,Ingeniería Agroindustrial,Inscrito,7,Diseño de Plantas,1,Aprobada,71.4,,ordinario,Enero-Abril 2023,NME,7
IAG20220048,Ingeniería Agroindustrial,Inscrito,7,Conservación de Alimentos,3,Aprobada,71.2,,ordinario,Septiembre-Diciembre 2023,NME,6
IAG20220048,Ingeniería Agroindustrial,Inscrito,7,Dibujo Industrial,3,Aprobada,92.5,,ordinario,Septiembre-Diciembre 2023,NME,4
IAG20220048,Ingeniería Agroindustrial,Inscrito,7,Inocuidad Alimentaria,3,Aprobada,69.4,71.2,repeticion,Septiembre-Diciembre 2023,NME,6
IBM20210049,Ingeniería Biomédica,Activo,6,Ingeniería de Rehabilitación,1,Aprobada,83.1,,ordinario,Enero-Abril 2023,004,6
IBM20210049,Ingeniería Biomédica,Activo,6,Biología Celular,3,Aprobada,86.1,,ordinario,Septiembre-Diciembre 2023,004,6
IBM20210049,Ingeniería Biomédica,Activo,6,Control Biomédico,1,Reprobada,68.2,67.8,repeticion,Enero-Abril 2023,004,6
IBM20210049,Ingeniería Biomédica,Activo,6,Álgebra Lineal,3,Aprobada,82.3,,ordinario,Septiembre-Diciembre 2023,004,6
IBM20210049,Ingeniería Biomédica,Activo,6,Probabilidad y Estadística,3,Aprobada,78.3,,ordinario,Septiembre-Diciembre 2023,004,5
IBM20210049,Ingeniería Biomédica,Activo,6,Cálculo Diferencial,3,Aprobada,75.3,,ordinario,Septiembre-Diciembre 2023,004,6
IBM20210049,Ingeniería Biomédica,Activo,6,Química Orgánica,3,Aprobada,71.5,,ordinario,Septiembre-Diciembre 2023,004,6
IBM20210049,Ingeniería Biomédica,Activo,6,Metrología Biomédica,1,Aprobada,80.1,,ordinario,Enero-Abril 2023,004,5
IDS20210050,Ingeniería en Desarrollo de Software,Activo,5,Inglés III,3,Aprobada,52.2,83.4,repeticion,Septiembre-Diciembre 2023,004,4
IDS20210050,Ingeniería en Desarrollo de Software,Activo,5,Arquitectura de Software,1,Cursando,,,ordinario,Enero-Abril 2023,004,6
IDS20210050,Ingeniería en Desarrollo de Software,Activo,5,Cálculo Diferencial,3,Aprobada,48.6,84.5,repeticion,Septiembre-Diciembre 2023,004,6
IDS20210050,Ingeniería en Desarrollo de Software,Activo,5,Inglés II,3,Aprobada,81.2,,ordinario,Septiembre-Diciembre 2023,004,4
IDS20210050,Ingeniería en Desarrollo de Software,Activo,5,Calidad de Software,3,Cursando,,,ordinario,Septiembre-Diciembre 2022,004,5
IDS20210050,Ingeniería en Desarrollo de Software,Activo,5,Fundamentos de Programación,3,Aprobada,55.4,73.0,repeticion,Septiembre-Diciembre 2023,004,7
IDS20210050,Ingeniería en Desarrollo de Software,Activo,5,Gestión de Proyectos,3,Cursando,,,ordinario,Septiembre-Diciembre 2022,004,5
IAG20200051,Ingeniería Agroindustrial,Activo,5,Química General,3,Aprobada,87.2,,ordinario,Septiembre-Diciembre 2023,004,6
IAG20200051,Ingeniería Agroindustrial,Activo,5,Termodinámica,1,Aprobada,73.6,,ordinario,Enero-Abril 2023,004,6
IAG20200051,Ingeniería Agroindustrial,Activo,5,Química de Alimentos,3,Reprobada,69.0,,repeticion,Septiembre-Diciembre 2023,004,6
IAG20200051,Ingeniería Agroindustrial,Activo,5,Control de Calidad,3,Cursando,,,ordinario,Septiembre-Diciembre 2022,004,6
IAG20200051,Ingeniería Agroindustrial,Activo,5,Microbiología,3,Reprobada,55.1,66.9,repeticion,Septiembre-Diciembre 2023,004,6
IAG20200051,Ingeniería Agroindustrial,Activo,5,Inglés III,2,Aprobada,74.7,,ordinario,Mayo-Agosto 2023,004,4
IEN20200052,Ingeniería en Energía,Activo,6,Gestión Ambiental,1,Aprobada,95.8,,ordinario,Enero-Abril 2023,004,5
IEN20200052,Ingeniería en Energía,Activo,6,Inglés I,3,Aprobada,90.1,,ordinario,Septiembre-Diciembre 2023,004,4
IEN20200052,Ingeniería en Energía,Activo,6,Termodinámica II,2,Aprobada,74.1,,ordinario,Mayo-Agosto 2023,004,7
IEN20200052,Ingeniería en Energía,Activo,6,Control de Sistemas,3,Reprobada,68.1,,repeticion,Septiembre-Diciembre 2022,004,6
IEN20200052,Ingeniería en Energía,Activo,6,Cálculo Integral,3,Reprobada,65.8,,repeticion,Septiembre-Diciembre 2023,004,6
IEN20200052,Ingeniería en Energía,Activo,6,Estadística,3,Aprobada,92.2,,ordinario,Septiembre-Diciembre 2023,004,5
IEN20200052,Ingeniería en Energía,Activo,6,Auditoría Energética,3,Cursando,,,ordinario,Septiembre-Diciembre 2022,004,6
IEN20200052,Ingeniería en Energía,Activo,6,Energía Solar,2,Aprobada,78.9,,ordinario,Mayo-Agosto 2023,004,6
IEN20200052,Ingeniería en Energía,Activo,6,Termodinámica I,3,Aprobada,68.0,91.0,repeticion,Septiembre-Diciembre 2023,004,7
IDS20220053,Ingeniería en Desarrollo de Software,Activo,3,Cálculo Integral,3,Cursando,,,ordinario,Septiembre-Diciembre 2022,NME,6
IDS20220053,Ingeniería en Desarrollo de Software,Activo,3,Inglés II,2,Aprobada,93.4,,ordinario,Mayo-Agosto 2023,NME,4
IDS20220053,Ingeniería en Desarrollo de Software,Activo,3,Comunicación Oral y Escrita,2,Aprobada,72.9,,ordinario,Mayo-Agosto 2023,NME,4
IDS20220053,Ingeniería en Desarrollo de Software,Activo,3,Programación Orientada a Objetos,3,Aprobada,79.5,,ordinario,Septiembre-Diciembre 2022,NME,7
IEN20240054,Ingeniería en Energía,Activo,3,Álgebra Lineal,2,Aprobada,76.9,,ordinario,Mayo-Agosto 2023,NME,6
IEN20240054,Ingeniería en Energía,Activo,3,Inglés III,1,Cursando,,,ordinario,Enero-Abril 2023,NME,4
IEN20240054,Ingeniería en Energía,Activo,3,Física I,2,Aprobada,77.1,,ordinario,Mayo-Agosto 2023,NME,6
IEN20240054,Ingeniería en Energía,Activo,3,Inglés I,2,Aprobada,93.1,,ordinario,Mayo-Agosto 2023,NME,4
IEN20240054,Ingeniería en Energía,Activo,3,Introducción a la Energía,1,Aprobada,86.5,,ordinario,Enero-Abril 2023,NME,4
IEN20240054,Ingeniería en Energía,Activo,3,Termodinámica I,3,Cursando,,,ordinario,Septiembre-Diciembre 2022,NME,7
IDS20200055,Ingeniería en Desarrollo de Software,Activo,2,Comunicación Oral y Escrita,1,Aprobada,81.1,,ordinario,Enero-Abril 2023,004,4
IDS20200055,Ingeniería en Desarrollo de Software,Activo,2,Introducción a la Ingeniería,1,Aprobada,83.3,,ordinario,Enero-Abril 2023,004,4
IDS20200055,Ingeniería en Desarrollo de Software,Activo,2,Inglés I,2,Aprobada,91.9,,ordinario,Mayo-Agosto 2023,004,4
IDS20200055,Ingeniería en Desarrollo de Software,Activo,2,Programación Estructurada,3,Cursando,,,ordinario,Septiembre-Diciembre 2022,004,7
IBM20200056,Ingeniería Biomédica,Activo,1,Introducción a la Ingeniería Biomédica,3,Cursando,,,ordinario,Septiembre-Diciembre 2022,004,4
IBM20200056,Ingeniería Biomédica,Activo,1,Inglés I,3,Cursando,,,ordinario,Septiembre-Diciembre 2022,004,4
IBM20200056,Ingeniería Biomédica,Activo,1,Química General,3,Cursando,,,ordinario,Septiembre-Diciembre 2022,004,6
IBM20200057,Ingeniería Biomédica,Activo,5,Álgebra Lineal,3,Aprobada,88.7,,ordinario,Septiembre-Diciembre 2023,004,6
IBM20200057,Ingeniería Biomédica,Activo,5,Ingeniería Clínica,3,Cursando,,,ordinario,Septiembre-Diciembre 2022,004,6
IBM20200057,Ingeniería Biomédica,Activo,5,Inglés IV,1,Aprobada,90.5,,ordinario,Enero-Abril 2023,004,4
IBM20200058,Ingeniería Biomédica,Activo,7,Bioinstrumentación II,3,Aprobada,93.0,,ordinario,Septiembre-Diciembre 2023,004,7
IBM20200058,Ingeniería Biomédica,Activo,7,Dispositivos Médicos,1,Aprobada,84.8,,ordinario,Enero-Abril 2023,004,7
IBM20200058,Ingeniería Biomédica,Activo,7,Mantenimiento Hospitalario,1,Aprobada,85.5,,ordinario,Enero-Abril 2023,004,6
IBM20200058,Ingeniería Biomédica,Activo,7,Electrónica Analógica,3,Aprobada,87.4,,ordinario,Septiembre-Diciembre 2023,004,6
IDS20210059,Ingeniería en Desarrollo de Software,Activo,8,Programación Estructurada,3,Aprobada,80.5,,ordinario,Septiembre-Diciembre 2023,004,7
IDS20210059,Ingeniería en Desarrollo de Software,Activo,8,Redes de Computadoras,3,Aprobada,91.9,,ordinario,Septiembre-Diciembre 2023,004,6
IDS20210059,Ingeniería en Desarrollo de Software,Activo,8,DevOps,3,Aprobada,76.7,,ordinario,Septiembre-Diciembre 2022,004,5
IEN20220060,Ingeniería en Energía,Activo,8,Inglés IV,3,Reprobada,50.2,,repeticion,Septiembre-Diciembre 2023,NME,4
IEN20220060,Ingeniería en Energía,Activo,8,Proyecto Energético II,3,Cursando,,,ordinario,Septiembre-Diciembre 2022,NME,8
IEN20220060,Ingeniería en Energía,Activo,8,Cálculo Diferencial,3,Aprobada,70.9,,ordinario,Septiembre-Diciembre 2023,NME,6
IAG20210061,Ingeniería Agroindustrial,Activo,2,Microbiología,3,Aprobada,85.1,,ordinario,Septiembre-Diciembre 2022,004,6
IAG20210061,Ingeniería Agroindustrial,Activo,2,Cálculo Diferencial,3,Cursando,,,ordinario,Septiembre-Diciembre 2022,004,6
IAG20210061,Ingeniería Agroindustrial,Activo,2,Inglés I,3,Aprobada,78.2,,ordinario,Septiembre-Diciembre 2022,004,4
IAG20220062,Ingeniería Agroindustrial,Activo,5,Inglés II,3,Aprobada,87.4,,ordinario,Septiembre-Diciembre 2023,NME,4
IAG20220062,Ingeniería Agroindustrial,Activo,5,Envases y Embalajes,1,Cursando,,,ordinario,Enero-Abril 2023,NME,5
IAG20220062,Ingeniería Agroindustrial,Activo,5,Operaciones Unitarias II,2,Aprobada,87.4,,ordinario,Mayo-Agosto 2023,NME,7
IAG20220062,Ingeniería Agroindustrial,Activo,5,Operaciones Unitarias I,1,Aprobada,96.3,,ordinario,Enero-Abril 2023,NME,7
IAG20220062,Ingeniería Agroindustrial,Activo,5,Inocuidad Alimentaria,3,Aprobada,77.9,,ordinario,Septiembre-Diciembre 2022,NME,6
IAG20220062,Ingeniería Agroindustrial,Activo,5,Tecnología de Cereales,3,Cursando,,,ordinario,Septiembre-Diciembre 2022,NME,6
IAG20220062,Ingeniería Agroindustrial,Activo,5,Cálculo Diferencial,2,Aprobada,82.9,,ordinario,Mayo-Agosto 2023,NME,6
IEN20230063,Ingeniería en Energía,Activo,3,Estadística,2,Aprobada,82.3,,ordinario,Mayo-Agosto 2023,NME,5
IEN20230063,Ingeniería en Energía,Activo,3,Cálculo Integral,3,Cursando,,,ordinario,Septiembre-Diciembre 2022,NME,6
IEN20230063,Ingeniería en Energía,Activo,3,Química General,2,Aprobada,79.3,,ordinario,Mayo-Agosto 2023,NME,6
IEN20230063,Ingeniería en Energía,Activo,3,Física I,1,Reprobada,69.6,,repeticion,Enero-Abril 2023,NME,6
IEN20230063,Ingeniería en Energía,Activo,3,Termodinámica I,3,Cursando,,,ordinario,Septiembre-Diciembre 2022,NME,7
IBM20230064,Ingeniería Biomédica,Activo,3,Biomecánica,3,Cursando,,,ordinario,Septiembre-Diciembre 2022,NME,6
IBM20230064,Ingeniería Biomédica,Activo,3,Anatomía y Fisiología II,3,Cursando,,,ordinario,Septiembre-Diciembre 2022,NME,7
IBM20230064,Ingeniería Biomédica,Activo,3,Introducción a la Ingeniería Biomédica,2,Reprobada,61.7,,repeticion,Mayo-Agosto 2023,NME,4
IBM20230064,Ingeniería Biomédica,Activo,3,Química General,1,Reprobada,58.5,,repeticion,Enero-Abril 2023,NME,6
IBM20230064,Ingeniería Biomédica,Activo,3,Electrónica Analógica,3,Aprobada,66.8,72.4,repeticion,Septiembre-Diciembre 2022,NME,6
IDS20200065,Ingeniería en Desarrollo de Software,Baja Temporal,2,Cálculo Diferencial,3,Aprobada,94.0,,ordinario,Septiembre-Diciembre 2022,004,6
IDS20200065,Ingeniería en Desarrollo de Software,Baja Temporal,2,Programación Estructurada,3,Baja,,,repeticion,Septiembre-Diciembre 2022,004,7
IDS20200065,Ingeniería en Desarrollo de Software,Baja Temporal,2,Comunicación Oral y Escrita,1,Aprobada,85.7,,ordinario,Enero-Abril 2023,004,4
IDS20200065,Ingeniería en Desarrollo de Software,Baja Temporal,2,Inglés I,1,Aprobada,89.0,,ordinario,Enero-Abril 2023,004,4
IDS20200066,Ingeniería en Desarrollo de Software,Activo,9,Inglés II,3,Reprobada,64.5,,repeticion,Septiembre-Diciembre 2023,004,4
IDS20200066,Ingeniería en Desarrollo de Software,Activo,9,UX/UI,1,Aprobada,80.9,,ordinario,Enero-Abril 2023,004,4
IDS20200066,Ingeniería en Desarrollo de Software,Activo,9,Bases de Datos II,3,Reprobada,37.9,,repeticion,Septiembre-Diciembre 2023,004,6
IDS20200066,Ingeniería en Desarrollo de Software,Activo,9,Seminario de Titulación,3,Cursando,,,ordinario,Septiembre-Diciembre 2022,004,6
IDS20200066,Ingeniería en Desarrollo de Software,Activo,9,Inglés IV,3,Aprobada,88.0,,ordinario,Septiembre-Diciembre 2023,004,4
IDS20200066,Ingeniería en Desarrollo de Software,Activo,9,Estadía Profesional I,2,Reprobada,54.6,,repeticion,Mayo-Agosto 2023,004,8
IEN20220067,Ingeniería en Energía,Inscrito,9,Cálculo Diferencial,3,Reprobada,60.9,,repeticion,Septiembre-Diciembre 2023,NME,6
IEN20220067,Ingeniería en Energía,Inscrito,9,Mecánica de Fluidos,3,Reprobada,51.0,,repeticion,Septiembre-Diciembre 2023,NME,6
IEN20220067,Ingeniería en Energía,Inscrito,9,Proyecto Energético II,3,Aprobada,78.6,,ordinario,Septiembre-Diciembre 2022,NME,8
IEN20220067,Ingeniería en Energía,Inscrito,9,Mercados de Energía,1,Reprobada,65.5,,repeticion,Enero-Abril 2023,NME,5
IDS20210068,Ingeniería en Desarrollo de Software,Activo,8,Cálculo Diferencial,3,Reprobada,59.7,,repeticion,Septiembre-Diciembre 2023,004,6
IDS20210068,Ingeniería en Desarrollo de Software,Activo,8,Arquitectura de Software,3,Reprobada,47.6,,repeticion,Septiembre-Diciembre 2023,004,6
IDS20210068,Ingeniería en Desarrollo de Software,Activo,8,Inteligencia Artificial,2,Reprobada,50.4,,repeticion,Mayo-Agosto 2023,004,6
IDS20210068,Ingeniería en Desarrollo de Software,Activo,8,Estructuras de Datos,3,Reprobada,55.9,,repeticion,Septiembre-Diciembre 2023,004,7
IDS20220069,Ingeniería en Desarrollo de Software,Activo,8,Inglés III,3,Aprobada,85.9,,ordinario,Septiembre-Diciembre 2023,NME,4
IDS20220069,Ingeniería en Desarrollo de Software,Activo,8,Bases de Datos I,3,Aprobada,87.4,,ordinario,Septiembre-Diciembre 2023,NME,6
IDS20220069,Ingeniería en Desarrollo de Software,Activo,8,Programación Orientada a Objetos,3,Aprobada,85.8,,ordinario,Septiembre-Diciembre 2023,NME,7
IDS20220069,Ingeniería en Desarrollo de Software,Activo,8,Cálculo Diferencial,3,Aprobada,84.6,,ordinario,Septiembre-Diciembre 2023,NME,6
IDS20220069,Ingeniería en Desarrollo de Software,Activo,8,Matemáticas Discretas,3,Aprobada,85.4,,ordinario,Septiembre-Diciembre 2023,NME,6
IBM20210070,Ingeniería Biomédica,Activo,1,Álgebra Lineal,3,Aprobada,73.1,,ordinario,Septiembre-Diciembre 2022,004,6
IBM20210070,Ingeniería Biomédica,Activo,1,Química General,3,Cursando,,,ordinario,Septiembre-Diciembre 2022,004,6
IBM20210070,Ingeniería Biomédica,Activo,1,Introducción a la Ingeniería Biomédica,3,Cursando,,,ordinario,Septiembre-Diciembre 2022,004,4
IEN20220071,Ingeniería en Energía,Activo,3,Inglés II,1,Aprobada,64.8,74.7,repeticion,Enero-Abril 2023,NME,4
IEN20220071,Ingeniería en Energía,Activo,3,Cálculo Diferencial,1,Aprobada,78.8,,ordinario,Enero-Abril 2023,NME,6
IEN20220071,Ingeniería en Energía,Activo,3,Física II,2,Aprobada,79.7,,ordinario,Mayo-Agosto 2023,NME,6
IEN20220071,Ingeniería en Energía,Activo,3,Química General,3,Aprobada,83.1,,ordinario,Septiembre-Diciembre 2023,NME,6
IAG20220072,Ingeniería Agroindustrial,Inscrito,1,Química General,3,Aprobada,82.4,,ordinario,Septiembre-Diciembre 2022,NME,6
IAG20220072,Ingeniería Agroindustrial,Inscrito,1,Álgebra Lineal,1,Aprobada,87.5,,ordinario,Enero-Abril 2023,NME,6
IAG20220072,Ingeniería Agroindustrial,Inscrito,1,Biología,3,Aprobada,83.3,,ordinario,Septiembre-Diciembre 2022,NME,6
IEN20240073,Ingeniería en Energía,Activo,7,Inglés IV,3,Aprobada,77.9,,ordinario,Septiembre-Diciembre 2023,NME,4
IEN20240073,Ingeniería en Energía,Activo,7,Electrónica de Potencia,2,Aprobada,68.1,78.5,repeticion,Mayo-Agosto 2023,NME,6
IEN20240073,Ingeniería en Energía,Activo,7,Biomasa,1,Aprobada,74.0,,ordinario,Enero-Abril 2023,NME,5
IEN20240073,Ingeniería en Energía,Activo,7,Máquinas Eléctricas,3,Reprobada,57.1,,repeticion,Septiembre-Diciembre 2023,NME,6
IAG20230074,Ingeniería Agroindustrial,Activo,8,Inglés I,3,Aprobada,73.4,,ordinario,Septiembre-Diciembre 2023,NME,4
IAG20230074,Ingeniería Agroindustrial,Activo,8,Estadía Profesional I,2,Aprobada,79.9,,ordinario,Mayo-Agosto 2023,NME,8
IAG20230074,Ingeniería Agroindustrial,Activo,8,Bioprocesos,3,Aprobada,81.0,,ordinario,Septiembre-Diciembre 2023,NME,6
IAG20230074,Ingeniería Agroindustrial,Activo,8,Dibujo Industrial,3,Aprobada,82.2,,ordinario,Septiembre-Diciembre 2023,NME,4
IAG20230074,Ingeniería Agroindustrial,Activo,8,Cálculo Diferencial,3,Aprobada,100,,ordinario,Septiembre-Diciembre 2023,NME,6
IEN20230075,Ingeniería en Energía,Inscrito,5,Energía Eólica,1,Aprobada,56.4,73.3,repeticion,Enero-Abril 2023,NME,6
IEN20230075,Ingeniería en Energía,Inscrito,5,Termodinámica I,2,Aprobada,64.1,79.0,repeticion,Mayo-Agosto 2023,NME,7
IEN20230075,Ingeniería en Energía,Inscrito,5,Instrumentación,3,Aprobada,64.9,75.2,repeticion,Septiembre-Diciembre 2022,NME,5
IDS20240076,Ingeniería en Desarrollo de Software,Inscrito,6,Estructuras de Datos,3,Aprobada,72.1,,ordinario,Septiembre-Diciembre 2023,NME,7
IDS20240076,Ingeniería en Desarrollo de Software,Inscrito,6,Álgebra Lineal,3,Aprobada,72.3,,ordinario,Septiembre-Diciembre 2023,NME,6
IDS20240076,Ingeniería en Desarrollo de Software,Inscrito,6,Bases de Datos I,3,Aprobada,80.0,,ordinario,Septiembre-Diciembre 2023,NME,6
IDS20240076,Ingeniería en Desarrollo de Software,Inscrito,6,Matemáticas Discretas,2,Aprobada,96.6,,ordinario,Mayo-Agosto 2023,NME,6
IBM20200077,Ingeniería Biomédica,Activo,3,Anatomía y Fisiología I,3,Aprobada,78.3,,ordinario,Septiembre-Diciembre 2022,004,7
IBM20200077,Ingeniería Biomédica,Activo,3,Inglés II,1,Aprobada,81.7,,ordinario,Enero-Abril 2023,004,4
IBM20200077,Ingeniería Biomédica,Activo,3,Inglés I,1,Aprobada,78.2,,ordinario,Enero-Abril 2023,004,4
IBM20200077,Ingeniería Biomédica,Activo,3,Química Orgánica,1,Aprobada,74.6,,ordinario,Enero-Abril 2023,004,6
IBM20200077,Ingeniería Biomédica,Activo,3,Álgebra Lineal,1,Aprobada,78.1,,ordinario,Enero-Abril 2023,004,6
IBM20200077,Ingeniería Biomédica,Activo,3,Introducción a la Ingeniería Biomédica,2,Aprobada,89.1,,ordinario,Mayo-Agosto 2023,004,4
IDS20200078,Ingeniería en Desarrollo de Software,Inscrito,7,Comunicación Oral y Escrita,3,Reprobada,66.0,64.9,repeticion,Septiembre-Diciembre 2023,004,4
IDS20200078,Ingeniería en Desarrollo de Software,Inscrito,7,Redes de Computadoras,1,Aprobada,77.9,,ordinario,Enero-Abril 2023,004,6
IDS20200078,Ingeniería en Desarrollo de Software,Inscrito,7,Cálculo Diferencial,3,Aprobada,71.9,,ordinario,Septiembre-Diciembre 2023,004,6
IDS20200078,Ingeniería en Desarrollo de Software,Inscrito,7,Estadía Profesional I,3,Aprobada,72.4,,ordinario,Septiembre-Diciembre 2022,004,8
IDS20230079,Ingeniería en Desarrollo de Software,Activo,3,Programación Estructurada,3,Aprobada,86.7,,ordinario,Septiembre-Diciembre 2022,NME,7
IDS20230079,Ingeniería en Desarrollo de Software,Activo,3,Cálculo Integral,3,Aprobada,82.4,,ordinario,Septiembre-Diciembre 2022,NME,6
IDS20230079,Ingeniería en Desarrollo de Software,Activo,3,Programación Orientada a Objetos,3,Aprobada,79.8,,ordinario,Septiembre-Diciembre 2022,NME,7
IDS20230079,Ingeniería en Desarrollo de Software,Activo,3,Probabilidad y Estadística,3,Aprobada,86.8,,ordinario,Septiembre-Diciembre 2022,NME,5
IEN20220080,Ingeniería en Energía,Activo,7,Proyecto Energético I,3,Cursando,,,ordinario,Septiembre-Diciembre 2022,NME,8
IEN20220080,Ingeniería en Energía,Activo,7,Mercados de Energía,3,Aprobada,70.0,,ordinario,Septiembre-Diciembre 2022,NME,5
IEN20220080,Ingeniería en Energía,Activo,7,Estadística,3,Aprobada,77.1,,ordinario,Septiembre-Diciembre 2023,NME,5
IEN20220080,Ingeniería en Energía,Activo,7,Introducción a la Energía,3,Aprobada,71.0,,ordinario,Septiembre-Diciembre 2023,NME,4
IEN20220081,Ingeniería en Energía,Inscrito,9,Eficiencia Energética,3,Aprobada,93.6,,ordinario,Septiembre-Diciembre 2023,NME,6
IEN20220081,Ingeniería en Energía,Inscrito,9,Electrónica de Potencia,3,Aprobada,86.3,,ordinario,Septiembre-Diciembre 2023,NME,6
IEN20220081,Ingeniería en Energía,Inscrito,9,Estadía Profesional II,1,Aprobada,81.7,,ordinario,Enero-Abril 2023,NME,8
IEN20220081,Ingeniería en Energía,Inscrito,9,Termodinámica I,3,Aprobada,83.1,,ordinario,Septiembre-Diciembre 2023,NME,7
IEN20220081,Ingeniería en Energía,Inscrito,9,Cálculo Integral,3,Aprobada,77.7,,ordinario,Septiembre-Diciembre 2023,NME,6
IEN20220081,Ingeniería en Energía,Inscrito,9,Sustentabilidad Energética,3,Aprobada,88.0,,ordinario,Septiembre-Diciembre 2022,NME,5
IEN20220081,Ingeniería en Energía,Inscrito,9,Residencia Profesional,3,Aprobada,76.9,,ordinario,Septiembre-Diciembre 2022,NME,12
IBM20200082,Ingeniería Biomédica,Inscrito,6,Dispositivos Médicos,3,Aprobada,80.1,,ordinario,Septiembre-Diciembre 2022,004,7
IBM20200082,Ingeniería Biomédica,Inscrito,6,Control Biomédico,3,Aprobada,84.6,,ordinario,Septiembre-Diciembre 2022,004,6
IBM20200082,Ingeniería Biomédica,Inscrito,6,Física Médica,2,Aprobada,81.3,,ordinario,Mayo-Agosto 2023,004,6
IAG20210083,Ingeniería Agroindustrial,Activo,7,Cálculo Diferencial,3,Reprobada,19.7,,repeticion,Septiembre-Diciembre 2023,004,6
IAG20210083,Ingeniería Agroindustrial,Activo,7,Operaciones Unitarias II,3,Aprobada,73.7,,ordinario,Septiembre-Diciembre 2023,004,7
IAG20210083,Ingeniería Agroindustrial,Activo,7,Inglés I,3,Reprobada,44.6,57.4,repeticion,Septiembre-Diciembre 2023,004,4
IAG20210083,Ingeniería Agroindustrial,Activo,7,Operaciones Unitarias I,3,Reprobada,61.5,,repeticion,Septiembre-Diciembre 2023,004,7
IAG20210083,Ingeniería Agroindustrial,Activo,7,Inglés III,3,Reprobada,46.8,,repeticion,Septiembre-Diciembre 2023,004,4
IAG20200084,Ingeniería Agroindustrial,Activo,2,Inglés II,1,Reprobada,66.1,,repeticion,Enero-Abril 2023,004,4
IAG20200084,Ingeniería Agroindustrial,Activo,2,Química de Alimentos,3,Cursando,,,ordinario,Septiembre-Diciembre 2022,004,6
IAG20200084,Ingeniería Agroindustrial,Activo,2,Cálculo Diferencial,3,Aprobada,88.7,,ordinario,Septiembre-Diciembre 2022,004,6
IAG20200084,Ingeniería Agroindustrial,Activo,2,Química General,1,Aprobada,82.7,,ordinario,Enero-Abril 2023,004,6
IDS20210085,Ingeniería en Desarrollo de Software,Inscrito,8,Ciberseguridad Aplicada,3,Aprobada,87.8,,ordinario,Septiembre-Diciembre 2022,004,6
IDS20210085,Ingeniería en Desarrollo de Software,Inscrito,8,Fundamentos de Programación,3,Aprobada,87.5,,ordinario,Septiembre-Diciembre 2023,004,7
IDS20210085,Ingeniería en Desarrollo de Software,Inscrito,8,Sistemas Distribuidos,1,Aprobada,87.9,,ordinario,Enero-Abril 2023,004,6
IDS20210085,Ingeniería en Desarrollo de Software,Inscrito,8,Analítica de Datos,1,Aprobada,85.4,,ordinario,Enero-Abril 2023,004,6
IDS20210085,Ingeniería en Desarrollo de Software,Inscrito,8,Gestión de Proyectos,3,Aprobada,71.9,,ordinario,Septiembre-Diciembre 2023,004,5
IDS20210085,Ingeniería en Desarrollo de Software,Inscrito,8,Inglés III,3,Aprobada,68.3,82.5,repeticion,Septiembre-Diciembre 2023,004,4
IEN20200086,Ingeniería en Energía,Activo,5,Energía Solar,3,Aprobada,93.4,,ordinario,Septiembre-Diciembre 2022,004,6
IEN20200086,Ingeniería en Energía,Activo,5,Mecánica de Fluidos,3,Aprobada,76.6,,ordinario,Septiembre-Diciembre 2023,004,6
IEN20200086,Ingeniería en Energía,Activo,5,Energía Eólica,1,Aprobada,84.0,,ordinario,Enero-Abril 2023,004,6
IEN20200086,Ingeniería en Energía,Activo,5,Transferencia de Calor,3,Aprobada,80.1,,ordinario,Septiembre-Diciembre 2022,004,6
IEN20200086,Ingeniería en Energía,Activo,5,Electrónica de Potencia,3,Cursando,,,ordinario,Septiembre-Diciembre 2022,004,6
IEN20200086,Ingeniería en Energía,Activo,5,Termodinámica I,1,Aprobada,78.1,,ordinario,Enero-Abril 2023,004,7
IEN20200086,Ingeniería en Energía,Activo,5,Física I,3,Aprobada,86.8,,ordinario,Septiembre-Diciembre 2023,004,6
IEN20200086,Ingeniería en Energía,Activo,5,Inglés III,3,Aprobada,82.9,,ordinario,Septiembre-Diciembre 2023,004,4
IEN20200086,Ingeniería en Energía,Activo,5,Circuitos Eléctricos,3,Aprobada,73.5,,ordinario,Septiembre-Diciembre 2023,004,6
IAG20220087,Ingeniería Agroindustrial,Activo,7,Biología,3,Aprobada,83.0,,ordinario,Septiembre-Diciembre 2023,NME,6
IAG20220087,Ingeniería Agroindustrial,Activo,7,Microbiología,3,Reprobada,67.4,,repeticion,Septiembre-Diciembre 2023,NME,6
IAG20220087,Ingeniería Agroindustrial,Activo,7,Introducción a la Agroindustria,3,Aprobada,75.6,,ordinario,Septiembre-Diciembre 2023,NME,4
IAG20220087,Ingeniería Agroindustrial,Activo,7,Bioprocesos,1,Aprobada,82.4,,ordinario,Enero-Abril 2023,NME,6
IAG20220087,Ingeniería Agroindustrial,Activo,7,Bioquímica,3,Aprobada,77.2,,ordinario,Septiembre-Diciembre 2023,NME,6
IAG20220087,Ingeniería Agroindustrial,Activo,7,Conservación de Alimentos,3,Aprobada,77.0,,ordinario,Septiembre-Diciembre 2023,NME,6
IAG20220087,Ingeniería Agroindustrial,Activo,7,Innovación Agroalimentaria,3,Cursando,,,ordinario,Septiembre-Diciembre 2022,NME,6
IAG20220087,Ingeniería Agroindustrial,Activo,7,Cálculo Diferencial,3,Aprobada,85.3,,ordinario,Septiembre-Diciembre 2023,NME,6
IDS20220088,Ingeniería en Desarrollo de Software,Activo,3,Fundamentos de Programación,2,Aprobada,81.3,,ordinario,Mayo-Agosto 2023,NME,7
IDS20220088,Ingeniería en Desarrollo de Software,Activo,3,Bases de Datos II,3,Aprobada,88.6,,ordinario,Septiembre-Diciembre 2022,NME,6
IDS20220088,Ingeniería en Desarrollo de Software,Activo,3,Bases de Datos I,1,Aprobada,95.1,,ordinario,Enero-Abril 2023,NME,6
IDS20220089,Ingeniería en Desarrollo de Software,Activo,1,Comunicación Oral y Escrita,3,Aprobada,94.2,,ordinario,Septiembre-Diciembre 2022,NME,4
IDS20220089,Ingeniería en Desarrollo de Software,Activo,1,Fundamentos de Programación,3,Aprobada,84.5,,ordinario,Septiembre-Diciembre 2022,NME,7
IDS20220089,Ingeniería en Desarrollo de Software,Activo,1,Inglés I,3,Aprobada,96.0,,ordinario,Septiembre-Diciembre 2022,NME,4
IDS20220090,Ingeniería en Desarrollo de Software,Activo,5,Aplicaciones Móviles,3,Cursando,,,ordinario,Septiembre-Diciembre 2022,NME,7
IDS20220090,Ingeniería en Desarrollo de Software,Activo,5,Matemáticas Discretas,3,Aprobada,87.6,,ordinario,Septiembre-Diciembre 2022,NME,6
IDS20220090,Ingeniería en Desarrollo de Software,Activo,5,Probabilidad y Estadística,3,Aprobada,79.2,,ordinario,Septiembre-Diciembre 2023,NME,5
IDS20220090,Ingeniería en Desarrollo de Software,Activo,5,Fundamentos de Programación,3,Aprobada,80.3,,ordinario,Septiembre-Diciembre 2023,NME,7
IDS20220090,Ingeniería en Desarrollo de Software,Activo,5,Inglés I,3,Aprobada,77.0,,ordinario,Septiembre-Diciembre 2023,NME,4
IBM20230091,Ingeniería Biomédica,Activo,8,Biología Celular,3,Aprobada,78.0,,ordinario,Septiembre-Diciembre 2023,NME,6
IBM20230091,Ingeniería Biomédica,Activo,8,Bioética,3,Cursando,,,ordinario,Septiembre-Diciembre 2022,NME,4
IBM20230091,Ingeniería Biomédica,Activo,8,Señales Biomédicas,3,Aprobada,75.9,,ordinario,Septiembre-Diciembre 2023,NME,6
IBM20230091,Ingeniería Biomédica,Activo,8,Bioinstrumentación II,3,Aprobada,82.8,,ordinario,Septiembre-Diciembre 2023,NME,7
IBM20230091,Ingeniería Biomédica,Activo,8,Biomateriales,2,Aprobada,74.7,,ordinario,Mayo-Agosto 2023,NME,6
IBM20230091,Ingeniería Biomédica,Activo,8,Mantenimiento Hospitalario,1,Aprobada,70.3,,ordinario,Enero-Abril 2023,NME,6
IEN20230092,Ingeniería en Energía,Inscrito,4,Termodinámica II,3,Aprobada,86.6,,ordinario,Septiembre-Diciembre 2022,NME,7
IEN20230092,Ingeniería en Energía,Inscrito,4,Química General,3,Aprobada,86.3,,ordinario,Septiembre-Diciembre 2023,NME,6
IEN20230092,Ingeniería en Energía,Inscrito,4,Transferencia de Calor,3,Aprobada,81.9,,ordinario,Septiembre-Diciembre 2022,NME,6
IBM20200093,Ingeniería Biomédica,Activo,8,Administración Hospitalaria,1,Cursando,,,ordinario,Enero-Abril 2023,004,5
IBM20200093,Ingeniería Biomédica,Activo,8,Física Médica,3,Aprobada,70.4,,ordinario,Septiembre-Diciembre 2023,004,6
IBM20200093,Ingeniería Biomédica,Activo,8,Control Biomédico,2,Aprobada,80.8,,ordinario,Mayo-Agosto 2023,004,6
IBM20200093,Ingeniería Biomédica,Activo,8,Química Orgánica,3,Aprobada,77.3,,ordinario,Septiembre-Diciembre 2023,004,6
IBM20200093,Ingeniería Biomédica,Activo,8,Inglés II,3,Aprobada,84.2,,ordinario,Septiembre-Diciembre 2023,004,4
IEN20240094,Ingeniería en Energía,Activo,1,Física I,1,Cursando,,,ordinario,Enero-Abril 2023,NME,6
IEN20240094,Ingeniería en Energía,Activo,1,Introducción a la Energía,3,Aprobada,92.8,,ordinario,Septiembre-Diciembre 2022,NME,4
IEN20240094,Ingeniería en Energía,Activo,1,Álgebra Lineal,3,Cursando,,,ordinario,Septiembre-Diciembre 2022,NME,6
IAG20200095,Ingeniería Agroindustrial,Activo,5,Cálculo Diferencial,3,Aprobada,91.5,,ordinario,Septiembre-Diciembre 2023,004,6
IAG20200095,Ingeniería Agroindustrial,Activo,5,Química General,3,Aprobada,91.3,,ordinario,Septiembre-Diciembre 2023,004,6
IAG20200095,Ingeniería Agroindustrial,Activo,5,Estadística,3,Aprobada,88.2,,ordinario,Septiembre-Diciembre 2023,004,5
IAG20200095,Ingeniería Agroindustrial,Activo,5,Termodinámica,3,Aprobada,89.7,,ordinario,Septiembre-Diciembre 2022,004,6
IAG20200095,Ingeniería Agroindustrial,Activo,5,Tecnología de Cereales,3,Cursando,,,ordinario,Septiembre-Diciembre 2022,004,6
IAG20200095,Ingeniería Agroindustrial,Activo,5,Tecnología de Lácteos,3,Cursando,,,ordinario,Septiembre-Diciembre 2022,004,6
IBM20220096,Ingeniería Biomédica,Inscrito,3,Álgebra Lineal,2,Aprobada,91.2,,ordinario,Mayo-Agosto 2023,NME,6
IBM20220096,Ingeniería Biomédica,Inscrito,3,Química General,3,Aprobada,87.0,,ordinario,Septiembre-Diciembre 2023,NME,6
IBM20220096,Ingeniería Biomédica,Inscrito,3,Anatomía y Fisiología II,3,Aprobada,86.4,,ordinario,Septiembre-Diciembre 2022,NME,7
IAG20200097,Ingeniería Agroindustrial,Activo,5,Tecnología de Cereales,3,Cursando,,,ordinario,Septiembre-Diciembre 2022,004,6
IAG20200097,Ingeniería Agroindustrial,Activo,5,Química General,3,Aprobada,90.7,,ordinario,Septiembre-Diciembre 2023,004,6
IAG20200097,Ingeniería Agroindustrial,Activo,5,Álgebra Lineal,3,Aprobada,78.6,,ordinario,Septiembre-Diciembre 2023,004,6
IAG20200097,Ingeniería Agroindustrial,Activo,5,Estadística,3,Aprobada,71.7,,ordinario,Septiembre-Diciembre 2023,004,5
IAG20200097,Ingeniería Agroindustrial,Activo,5,Termodinámica,1,Aprobada,80.6,,ordinario,Enero-Abril 2023,004,6
IAG20200097,Ingeniería Agroindustrial,Activo,5,Inglés III,2,Aprobada,87.6,,ordinario,Mayo-Agosto 2023,004,4
IAG20200097,Ingeniería Agroindustrial,Activo,5,Microbiología,3,Aprobada,76.3,,ordinario,Septiembre-Diciembre 2023,004,6
IAG20200098,Ingeniería Agroindustrial,Activo,6,Inglés II,3,Aprobada,78.7,,ordinario,Septiembre-Diciembre 2023,004,4
IAG20200098,Ingeniería Agroindustrial,Activo,6,Álgebra Lineal,3,Aprobada,73.9,,ordinario,Septiembre-Diciembre 2023,004,6
IAG20200098,Ingeniería Agroindustrial,Activo,6,Control de Calidad,1,Aprobada,77.2,,ordinario,Enero-Abril 2023,004,6
IAG20200098,Ingeniería Agroindustrial,Activo,6,Operaciones Unitarias II,2,Aprobada,78.3,,ordinario,Mayo-Agosto 2023,004,7
IAG20200098,Ingeniería Agroindustrial,Activo,6,Gestión Ambiental,1,Aprobada,72.4,,ordinario,Enero-Abril 2023,004,5
IAG20200098,Ingeniería Agroindustrial,Activo,6,Procesos Agroindustriales,3,Aprobada,79.3,,ordinario,Septiembre-Diciembre 2023,004,7
IAG20200098,Ingeniería Agroindustrial,Activo,6,Diseño de Plantas,1,Cursando,,,ordinario,Enero-Abril 2023,004,7
IAG20200098,Ingeniería Agroindustrial,Activo,6,Operaciones Unitarias I,3,Aprobada,73.6,,ordinario,Septiembre-Diciembre 2023,004,7
IAG20200098,Ingeniería Agroindustrial,Activo,6,Inglés III,3,Aprobada,88.2,,ordinario,Septiembre-Diciembre 2023,004,4
IDS20200099,Ingeniería en Desarrollo de Software,Activo,2,Programación Estructurada,3,Cursando,,,ordinario,Septiembre-Diciembre 2022,004,7
IDS20200099,Ingeniería en Desarrollo de Software,Activo,2,Comunicación Oral y Escrita,1,Aprobada,44.6,74.5,repeticion,Enero-Abril 2023,004,4
IDS20200099,Ingeniería en Desarrollo de Software,Activo,2,Inglés I,1,Reprobada,36.6,,repeticion,Enero-Abril 2023,004,4
IDS20200099,Ingeniería en Desarrollo de Software,Activo,2,Probabilidad y Estadística,3,Cursando,,,ordinario,Septiembre-Diciembre 2022,004,5
IEN20200100,Ingeniería en Energía,Activo,7,Cálculo Diferencial,3,Aprobada,80.4,,ordinario,Septiembre-Diciembre 2023,004,6
IEN20200100,Ingeniería en Energía,Activo,7,Inglés II,3,Reprobada,68.4,,repeticion,Septiembre-Diciembre 2023,004,4
IEN20200100,Ingeniería en Energía,Activo,7,Instrumentación,2,Aprobada,96.3,,ordinario,Mayo-Agosto 2023,004,5
IDS20200101,Ingeniería en Desarrollo de Software,Activo,8,Probabilidad y Estadística,3,Reprobada,62.9,,repeticion,Septiembre-Diciembre 2023,004,5
IDS20200101,Ingeniería en Desarrollo de Software,Activo,8,Matemáticas Discretas,3,Aprobada,85.1,,ordinario,Septiembre-Diciembre 2023,004,6
IDS20200101,Ingeniería en Desarrollo de Software,Activo,8,Arquitecturas Empresariales,1,Aprobada,97.9,,ordinario,Enero-Abril 2023,004,6
IDS20200101,Ingeniería en Desarrollo de Software,Activo,8,Cálculo Diferencial,3,Aprobada,76.9,,ordinario,Septiembre-Diciembre 2023,004,6
IBM20210102,Ingeniería Biomédica,Egresado,9,Química Orgánica,3,Aprobada,81.2,,ordinario,Septiembre-Diciembre 2023,004,6
IBM20210102,Ingeniería Biomédica,Egresado,9,Bioética,3,Reprobada,47.3,,repeticion,Septiembre-Diciembre 2022,004,4
IBM20210102,Ingeniería Biomédica,Egresado,9,Estadía Profesional I,3,Aprobada,68.5,75.8,repeticion,Septiembre-Diciembre 2023,004,8
IBM20210102,Ingeniería Biomédica,Egresado,9,Evaluación de Tecnología Médica,3,Aprobada,75.3,,ordinario,Septiembre-Diciembre 2022,004,5
IBM20210102,Ingeniería Biomédica,Egresado,9,Gestión de Tecnología Médica,2,Aprobada,89.8,,ordinario,Mayo-Agosto 2023,004,5
IBM20210102,Ingeniería Biomédica,Egresado,9,Álgebra Lineal,3,Reprobada,46.8,,repeticion,Septiembre-Diciembre 2023,004,6
IBM20210102,Ingeniería Biomédica,Egresado,9,Biomateriales,3,Reprobada,62.6,66.3,repeticion,Septiembre-Diciembre 2023,004,6
IEN20230103,Ingeniería en Energía,Activo,4,Inglés I,3,Reprobada,43.8,,repeticion,Septiembre-Diciembre 2023,NME,4
IEN20230103,Ingeniería en Energía,Activo,4,Física I,2,Reprobada,61.7,,repeticion,Mayo-Agosto 2023,NME,6
IEN20230103,Ingeniería en Energía,Activo,4,Máquinas Eléctricas,1,Aprobada,70.3,,ordinario,Enero-Abril 2023,NME,6
IEN20230103,Ingeniería en Energía,Activo,4,Química General,3,Reprobada,62.3,,repeticion,Septiembre-Diciembre 2023,NME,6
IEN20230103,Ingeniería en Energía,Activo,4,Álgebra Lineal,3,Aprobada,79.7,,ordinario,Septiembre-Diciembre 2023,NME,6
IEN20230103,Ingeniería en Energía,Activo,4,Inglés IV,3,Cursando,,,ordinario,Septiembre-Diciembre 2022,NME,4
IDS20240104,Ingeniería en Desarrollo de Software,Activo,8,Inglés IV,3,Aprobada,80.0,,ordinario,Septiembre-Diciembre 2023,NME,4
IDS20240104,Ingeniería en Desarrollo de Software,Activo,8,Ingeniería de Software,3,Aprobada,78.0,,ordinario,Septiembre-Diciembre 2023,NME,6
IDS20240104,Ingeniería en Desarrollo de Software,Activo,8,Matemáticas Discretas,3,Aprobada,81.6,,ordinario,Septiembre-Diciembre 2023,NME,6
IDS20240104,Ingeniería en Desarrollo de Software,Activo,8,Inteligencia Artificial,1,Aprobada,75.4,,ordinario,Enero-Abril 2023,NME,6
IDS20240104,Ingeniería en Desarrollo de Software,Activo,8,Cálculo Integral,3,Aprobada,85.6,,ordinario,Septiembre-Diciembre 2023,NME,6
IDS20240104,Ingeniería en Desarrollo de Software,Activo,8,Estadía Profesional I,2,Reprobada,69.2,,repeticion,Mayo-Agosto 2023,NME,8
IDS20240104,Ingeniería en Desarrollo de Software,Activo,8,Pruebas de Software,3,Aprobada,77.2,,ordinario,Septiembre-Diciembre 2023,NME,5
IDS20240104,Ingeniería en Desarrollo de Software,Activo,8,Bases de Datos I,3,Aprobada,70.3,,ordinario,Septiembre-Diciembre 2023,NME,6
IAG20230105,Ingeniería Agroindustrial,Activo,7,Inglés III,3,Reprobada,60.3,,repeticion,Septiembre-Diciembre 2023,NME,4
IAG20230105,Ingeniería Agroindustrial,Activo,7,Diseño de Plantas,3,Reprobada,68.5,,repeticion,Septiembre-Diciembre 2022,NME,7
IAG20230105,Ingeniería Agroindustrial,Activo,7,Álgebra Lineal,3,Reprobada,67.2,,repeticion,Septiembre-Diciembre 2023,NME,6
IAG20230105,Ingeniería Agroindustrial,Activo,7,Tecnología de Cárnicos,1,Reprobada,65.8,,repeticion,Enero-Abril 2023,NME,6
IAG20230105,Ingeniería Agroindustrial,Activo,7,Evaluación Sensorial,1,Reprobada,48.5,,repeticion,Enero-Abril 2023,NME,5
IAG20230105,Ingeniería Agroindustrial,Activo,7,Química de Alimentos,3,Aprobada,78.6,,ordinario,Septiembre-Diciembre 2023,NME,6
IAG20230105,Ingeniería Agroindustrial,Activo,7,Termodinámica,3,Reprobada,45.2,,repeticion,Septiembre-Diciembre 2023,NME,6
IAG20230105,Ingeniería Agroindustrial,Activo,7,Innovación Agroalimentaria,3,Cursando,,,ordinario,Septiembre-Diciembre 2022,NME,6
IAG20240106,Ingeniería Agroindustrial,Activo,4,Microbiología,3,Reprobada,65.6,,repeticion,Septiembre-Diciembre 2023,NME,6
IAG20240106,Ingeniería Agroindustrial,Activo,4,Termodinámica,3,Cursando,,,ordinario,Septiembre-Diciembre 2022,NME,6
IAG20240106,Ingeniería Agroindustrial,Activo,4,Química de Alimentos,2,Aprobada,58.2,78.5,repeticion,Mayo-Agosto 2023,NME,6
IBM20200107,Ingeniería Biomédica,Inscrito,1,Inglés I,3,Aprobada,71.6,,ordinario,Septiembre-Diciembre 2022,004,4
IBM20200107,Ingeniería Biomédica,Inscrito,1,Introducción a la Ingeniería Biomédica,3,Reprobada,62.7,,repeticion,Septiembre-Diciembre 2022,004,4
IBM20200107,Ingeniería Biomédica,Inscrito,1,Química General,3,Reprobada,54.1,,repeticion,Septiembre-Diciembre 2022,004,6
IAG20210108,Ingeniería Agroindustrial,Activo,8,Control de Calidad,2,Aprobada,68.9,71.7,repeticion,Mayo-Agosto 2023,004,6
IAG20210108,Ingeniería Agroindustrial,Activo,8,Operaciones Unitarias II,3,Aprobada,79.8,,ordinario,Septiembre-Diciembre 2023,004,7
IAG20210108,Ingeniería Agroindustrial,Activo,8,Tecnología de Cereales,3,Aprobada,72.3,,ordinario,Septiembre-Diciembre 2023,004,6
IAG20210108,Ingeniería Agroindustrial,Activo,8,Bioprocesos,3,Aprobada,69.3,75.9,repeticion,Septiembre-Diciembre 2023,004,6
IEN20200109,Ingeniería en Energía,Activo,7,Máquinas Eléctricas,3,Reprobada,66.2,69.4,repeticion,Septiembre-Diciembre 2023,004,6
IEN20200109,Ingeniería en Energía,Activo,7,Almacenamiento de Energía,1,Aprobada,81.0,,ordinario,Enero-Abril 2023,004,6
IEN20200109,Ingeniería en Energía,Activo,7,Gestión Ambiental,1,Aprobada,94.0,,ordinario,Enero-Abril 2023,004,5
IEN20200109,Ingeniería en Energía,Activo,7,Inglés III,3,Aprobada,74.1,,ordinario,Septiembre-Diciembre 2023,004,4
IDS20220110,Ingeniería en Desarrollo de Software,Inscrito,8,Desarrollo Web,3,Aprobada,77.6,,ordinario,Septiembre-Diciembre 2023,NME,7
IDS20220110,Ingeniería en Desarrollo de Software,Inscrito,8,Programación Orientada a Objetos,3,Aprobada,70.0,,ordinario,Septiembre-Diciembre 2023,NME,7
IDS20220110,Ingeniería en Desarrollo de Software,Inscrito,8,Inglés III,3,Aprobada,72.5,,ordinario,Septiembre-Diciembre 2023,NME,4
IDS20220110,Ingeniería en Desarrollo de Software,Inscrito,8,Desarrollo en la Nube,2,Aprobada,76.9,,ordinario,Mayo-Agosto 2023,NME,6
IDS20220110,Ingeniería en Desarrollo de Software,Inscrito,8,UX/UI,1,Aprobada,79.2,,ordinario,Enero-Abril 2023,NME,4
IDS20220110,Ingeniería en Desarrollo de Software,Inscrito,8,Estadía Profesional II,3,Aprobada,72.7,,ordinario,Septiembre-Diciembre 2022,NME,8
IDS20220110,Ingeniería en Desarrollo de Software,Inscrito,8,Minería de Datos,1,Aprobada,60.3,84.6,repeticion,Enero-Abril 2023,NME,6
IDS20220110,Ingeniería en Desarrollo de Software,Inscrito,8,Emprendimiento,3,Aprobada,73.5,,ordinario,Septiembre-Diciembre 2022,NME,4
IBM20210111,Ingeniería Biomédica,Inscrito,6,Imágenes Médicas,1,Aprobada,86.5,,ordinario,Enero-Abril 2023,004,7
IBM20210111,Ingeniería Biomédica,Inscrito,6,Metrología Biomédica,1,Reprobada,66.9,,repeticion,Enero-Abril 2023,004,5
IBM20210111,Ingeniería Biomédica,Inscrito,6,Cálculo Diferencial,3,Aprobada,90.8,,ordinario,Septiembre-Diciembre 2023,004,6
IBM20210111,Ingeniería Biomédica,Inscrito,6,Ingeniería de Rehabilitación,3,Aprobada,74.2,,ordinario,Septiembre-Diciembre 2022,004,6
IBM20210111,Ingeniería Biomédica,Inscrito,6,Anatomía y Fisiología II,3,Aprobada,82.8,,ordinario,Septiembre-Diciembre 2023,004,7
IBM20210111,Ingeniería Biomédica,Inscrito,6,Álgebra Lineal,3,Aprobada,83.9,,ordinario,Septiembre-Diciembre 2023,004,6
IBM20210111,Ingeniería Biomédica,Inscrito,6,Química Orgánica,3,Aprobada,74.7,,ordinario,Septiembre-Diciembre 2023,004,6
IEN20200112,Ingeniería en Energía,Activo,4,Física II,2,Reprobada,45.4,68.9,repeticion,Mayo-Agosto 2023,004,6
IEN20200112,Ingeniería en Energía,Activo,4,Cálculo Diferencial,2,Reprobada,33.2,,repeticion,Mayo-Agosto 2023,004,6
IEN20200112,Ingeniería en Energía,Activo,4,Energía Solar,3,Aprobada,86.9,,ordinario,Septiembre-Diciembre 2022,004,6
IEN20200112,Ingeniería en Energía,Activo,4,Inglés III,1,Reprobada,46.4,65.5,repeticion,Enero-Abril 2023,004,4
IEN20200112,Ingeniería en Energía,Activo,4,Inglés II,2,Aprobada,43.6,81.2,repeticion,Mayo-Agosto 2023,004,4
IEN20200112,Ingeniería en Energía,Activo,4,Mecánica de Fluidos,1,Reprobada,51.2,,repeticion,Enero-Abril 2023,004,6
IAG20220113,Ingeniería Agroindustrial,Inscrito,4,Inglés I,3,Reprobada,24.5,55.8,repeticion,Septiembre-Diciembre 2023,NME,4
IAG20220113,Ingeniería Agroindustrial,Inscrito,4,Química de Alimentos,2,Aprobada,31.4,70.1,repeticion,Mayo-Agosto 2023,NME,6
IAG20220113,Ingeniería Agroindustrial,Inscrito,4,Inglés IV,3,Reprobada,56.3,,repeticion,Septiembre-Diciembre 2022,NME,4
IAG20220113,Ingeniería Agroindustrial,Inscrito,4,Termodinámica,3,Reprobada,25.4,66.3,repeticion,Septiembre-Diciembre 2022,NME,6
IAG20220113,Ingeniería Agroindustrial,Inscrito,4,Álgebra Lineal,3,Reprobada,56.2,,repeticion,Septiembre-Diciembre 2023,NME,6
IAG20220113,Ingeniería Agroindustrial,Inscrito,4,Conservación de Alimentos,1,Reprobada,51.1,,repeticion,Enero-Abril 2023,NME,6
IAG20220113,Ingeniería Agroindustrial,Inscrito,4,Inglés II,3,Reprobada,58.0,,repeticion,Septiembre-Diciembre 2023,NME,4
IAG20220113,Ingeniería Agroindustrial,Inscrito,4,Operaciones Unitarias I,2,Reprobada,53.6,,repeticion,Mayo-Agosto 2023,NME,7
IDS20200114,Ingeniería en Desarrollo de Software,Inscrito,4,Bases de Datos I,2,Reprobada,64.9,66.3,repeticion,Mayo-Agosto 2023,004,6
IDS20200114,Ingeniería en Desarrollo de Software,Inscrito,4,Introducción a la Ingeniería,3,Reprobada,68.4,,repeticion,Septiembre-Diciembre 2023,004,4
IDS20200114,Ingeniería en Desarrollo de Software,Inscrito,4,Inglés IV,3,Aprobada,83.2,,ordinario,Septiembre-Diciembre 2022,004,4
IDS20200114,Ingeniería en Desarrollo de Software,Inscrito,4,Inglés III,1,Aprobada,72.7,,ordinario,Enero-Abril 2023,004,4
IDS20200114,Ingeniería en Desarrollo de Software,Inscrito,4,Ingeniería de Software,3,Aprobada,77.9,,ordinario,Septiembre-Diciembre 2022,004,6
IDS20200114,Ingeniería en Desarrollo de Software,Inscrito,4,Comunicación Oral y Escrita,2,Aprobada,71.8,,ordinario,Mayo-Agosto 2023,004,4
IBM20220115,Ingeniería Biomédica,Activo,4,Señales Biomédicas,3,Reprobada,64.3,,repeticion,Septiembre-Diciembre 2022,NME,6
IBM20220115,Ingeniería Biomédica,Activo,4,Introducción a la Ingeniería Biomédica,3,Reprobada,69.6,,repeticion,Septiembre-Diciembre 2023,NME,4
IBM20220115,Ingeniería Biomédica,Activo,4,Química General,2,Aprobada,86.6,,ordinario,Mayo-Agosto 2023,NME,6
IBM20220115,Ingeniería Biomédica,Activo,4,Bioinstrumentación II,3,Cursando,,,ordinario,Septiembre-Diciembre 2022,NME,7
IAG20220116,Ingeniería Agroindustrial,Egresado,9,Procesos Agroindustriales,3,Aprobada,75.2,,ordinario,Septiembre-Diciembre 2023,NME,7
IAG20220116,Ingeniería Agroindustrial,Egresado,9,Tecnología de Lácteos,3,Aprobada,80.2,,ordinario,Septiembre-Diciembre 2023,NME,6
IAG20220116,Ingeniería Agroindustrial,Egresado,9,Comercialización Agroindustrial,1,Aprobada,77.0,,ordinario,Enero-Abril 2023,NME,5
IAG20220116,Ingeniería Agroindustrial,Egresado,9,Bioquímica,3,Aprobada,67.6,78.4,repeticion,Septiembre-Diciembre 2023,NME,6
IAG20220116,Ingeniería Agroindustrial,Egresado,9,Estadía Profesional I,2,Aprobada,91.1,,ordinario,Mayo-Agosto 2023,NME,8
IDS20200117,Ingeniería en Desarrollo de Software,Inscrito,4,Álgebra Lineal,3,Aprobada,79.4,,ordinario,Septiembre-Diciembre 2023,004,6
IDS20200117,Ingeniería en Desarrollo de Software,Inscrito,4,Bases de Datos I,1,Aprobada,81.0,,ordinario,Enero-Abril 2023,004,6
IDS20200117,Ingeniería en Desarrollo de Software,Inscrito,4,Inglés II,1,Aprobada,90.3,,ordinario,Enero-Abril 2023,004,4
IDS20200117,Ingeniería en Desarrollo de Software,Inscrito,4,Probabilidad y Estadística,2,Aprobada,88.6,,ordinario,Mayo-Agosto 2023,004,5
IDS20200117,Ingeniería en Desarrollo de Software,Inscrito,4,Programación Estructurada,3,Aprobada,89.8,,ordinario,Septiembre-Diciembre 2023,004,7
IBM20240118,Ingeniería Biomédica,Activo,7,Álgebra Lineal,3,Aprobada,75.5,,ordinario,Septiembre-Diciembre 2023,NME,6
IBM20240118,Ingeniería Biomédica,Activo,7,Metrología Biomédica,2,Reprobada,67.7,,repeticion,Mayo-Agosto 2023,NME,5
IBM20240118,Ingeniería Biomédica,Activo,7,Procesamiento de Señales,2,Aprobada,86.0,,ordinario,Mayo-Agosto 2023,NME,6
IBM20240118,Ingeniería Biomédica,Activo,7,Biomateriales,2,Reprobada,67.7,,repeticion,Mayo-Agosto 2023,NME,6
IEN20240119,Ingeniería en Energía,Inscrito,2,Inglés I,2,Reprobada,66.8,,repeticion,Mayo-Agosto 2023,NME,4
IEN20240119,Ingeniería en Energía,Inscrito,2,Estadística,3,Aprobada,68.4,75.5,repeticion,Septiembre-Diciembre 2022,NME,5
IEN20240119,Ingeniería en Energía,Inscrito,2,Física I,2,Aprobada,82.5,,ordinario,Mayo-Agosto 2023,NME,6
IEN20240119,Ingeniería en Energía,Inscrito,2,Inglés II,3,Aprobada,78.2,,ordinario,Septiembre-Diciembre 2022,NME,4
IEN20230120,Ingeniería en Energía,Activo,7,Circuitos Eléctricos,3,Reprobada,68.6,,repeticion,Septiembre-Diciembre 2023,NME,6
IEN20230120,Ingeniería en Energía,Activo,7,Instrumentación,1,Reprobada,62.2,,repeticion,Enero-Abril 2023,NME,5
IEN20230120,Ingeniería en Energía,Activo,7,Electrónica de Potencia,2,Aprobada,82.2,,ordinario,Mayo-Agosto 2023,NME,6
IEN20230120,Ingeniería en Energía,Activo,7,Almacenamiento de Energía,1,Aprobada,80.4,,ordinario,Enero-Abril 2023,NME,6
IEN20230120,Ingeniería en Energía,Activo,7,Estadía Profesional I,1,Cursando,,,ordinario,Enero-Abril 2023,NME,8
IEN20230120,Ingeniería en Energía,Activo,7,Cálculo Integral,3,Aprobada,83.6,,ordinario,Septiembre-Diciembre 2023,NME,6
IEN20230120,Ingeniería en Energía,Activo,7,Termodinámica II,3,Aprobada,78.6,,ordinario,Septiembre-Diciembre 2023,NME,7
IEN20230120,Ingeniería en Energía,Activo,7,Mecánica de Fluidos,3,Aprobada,73.9,,ordinario,Septiembre-Diciembre 2023,NME,6
IEN20200121,Ingeniería en Energía,Inscrito,6,Redes Eléctricas,1,Aprobada,76.4,,ordinario,Enero-Abril 2023,004,6
IEN20200121,Ingeniería en Energía,Inscrito,6,Física II,3,Aprobada,80.3,,ordinario,Septiembre-Diciembre 2023,004,6
IEN20200121,Ingeniería en Energía,Inscrito,6,Instrumentación,3,Aprobada,78.0,,ordinario,Septiembre-Diciembre 2022,004,5
IEN20200122,Ingeniería en Energía,Inscrito,1,Química General,3,Aprobada,81.2,,ordinario,Septiembre-Diciembre 2022,004,6
IEN20200122,Ingeniería en Energía,Inscrito,1,Álgebra Lineal,3,Reprobada,67.3,69.1,repeticion,Septiembre-Diciembre 2022,004,6
IEN20200122,Ingeniería en Energía,Inscrito,1,Física I,3,Reprobada,62.5,,repeticion,Septiembre-Diciembre 2022,004,6
IEN20230123,Ingeniería en Energía,Activo,3,Física I,2,Reprobada,69.3,,repeticion,Mayo-Agosto 2023,NME,6
IEN20230123,Ingeniería en Energía,Activo,3,Física II,2,Reprobada,57.7,,repeticion,Mayo-Agosto 2023,NME,6
IEN20230123,Ingeniería en Energía,Activo,3,Álgebra Lineal,2,Aprobada,76.9,,ordinario,Mayo-Agosto 2023,NME,6
IEN20230123,Ingeniería en Energía,Activo,3,Introducción a la Energía,1,Aprobada,75.0,,ordinario,Enero-Abril 2023,NME,4
IEN20230123,Ingeniería en Energía,Activo,3,Inglés III,3,Reprobada,59.3,54.9,repeticion,Septiembre-Diciembre 2022,NME,4
IAG20200124,Ingeniería Agroindustrial,Inscrito,9,Emprendimiento,1,Aprobada,77.1,,ordinario,Enero-Abril 2023,004,4
IAG20200124,Ingeniería Agroindustrial,Inscrito,9,Operaciones Unitarias I,3,Aprobada,81.7,,ordinario,Septiembre-Diciembre 2023,004,7
IAG20200124,Ingeniería Agroindustrial,Inscrito,9,Procesos Agroindustriales,3,Reprobada,67.2,,repeticion,Septiembre-Diciembre 2023,004,7
IAG20200124,Ingeniería Agroindustrial,Inscrito,9,Operaciones Unitarias II,3,Aprobada,73.9,,ordinario,Septiembre-Diciembre 2023,004,7
IAG20200124,Ingeniería Agroindustrial,Inscrito,9,Administración de la Producción,2,Reprobada,67.6,,repeticion,Mayo-Agosto 2023,004,5
IAG20200124,Ingeniería Agroindustrial,Inscrito,9,Estadística,3,Aprobada,90.5,,ordinario,Septiembre-Diciembre 2023,004,5
IBM20220125,Ingeniería Biomédica,Activo,6,Bioinstrumentación I,3,Aprobada,92.9,,ordinario,Septiembre-Diciembre 2023,NME,7
IBM20220125,Ingeniería Biomédica,Activo,6,Electrónica Analógica,3,Aprobada,83.0,,ordinario,Septiembre-Diciembre 2023,NME,6
IBM20220125,Ingeniería Biomédica,Activo,6,Biomateriales,1,Aprobada,82.6,,ordinario,Enero-Abril 2023,NME,6
IBM20220125,Ingeniería Biomédica,Activo,6,Bioinstrumentación II,2,Aprobada,72.6,,ordinario,Mayo-Agosto 2023,NME,7
IBM20220125,Ingeniería Biomédica,Activo,6,Imágenes Médicas,1,Aprobada,67.1,76.7,repeticion,Enero-Abril 2023,NME,7
IBM20220125,Ingeniería Biomédica,Activo,6,Electrónica Digital,3,Aprobada,76.6,,ordinario,Septiembre-Diciembre 2023,NME,6
IEN20240126,Ingeniería en Energía,Inscrito,6,Electrónica de Potencia,1,Aprobada,83.1,,ordinario,Enero-Abril 2023,NME,6
IEN20240126,Ingeniería en Energía,Inscrito,6,Eficiencia Energética,2,Aprobada,84.9,,ordinario,Mayo-Agosto 2023,NME,6
IEN20240126,Ingeniería en Energía,Inscrito,6,Almacenamiento de Energía,1,Aprobada,87.5,,ordinario,Enero-Abril 2023,NME,6
IAG20200127,Ingeniería Agroindustrial,Activo,6,Operaciones Unitarias II,2,Aprobada,69.9,84.2,repeticion,Mayo-Agosto 2023,004,7
IAG20200127,Ingeniería Agroindustrial,Activo,6,Química General,3,Aprobada,75.1,,ordinario,Septiembre-Diciembre 2023,004,6
IAG20200127,Ingeniería Agroindustrial,Activo,6,Termodinámica,2,Aprobada,82.1,,ordinario,Mayo-Agosto 2023,004,6
IAG20200127,Ingeniería Agroindustrial,Activo,6,Biología,3,Aprobada,80.7,,ordinario,Septiembre-Diciembre 2023,004,6
IAG20200127,Ingeniería Agroindustrial,Activo,6,Inglés II,3,Aprobada,76.9,,ordinario,Septiembre-Diciembre 2023,004,4
IAG20200127,Ingeniería Agroindustrial,Activo,6,Tecnología de Lácteos,2,Aprobada,90.4,,ordinario,Mayo-Agosto 2023,004,6
IAG20200127,Ingeniería Agroindustrial,Activo,6,Introducción a la Agroindustria,3,Aprobada,73.6,,ordinario,Septiembre-Diciembre 2023,004,4
IAG20200127,Ingeniería Agroindustrial,Activo,6,Bioquímica,2,Aprobada,84.6,,ordinario,Mayo-Agosto 2023,004,6
IAG20200127,Ingeniería Agroindustrial,Activo,6,Inglés III,3,Aprobada,87.3,,ordinario,Septiembre-Diciembre 2023,004,4
IEN20230128,Ingeniería en Energía,Activo,2,Estadística,1,Cursando,,,ordinario,Enero-Abril 2023,NME,5
IEN20230128,Ingeniería en Energía,Activo,2,Química General,3,Aprobada,71.1,,ordinario,Septiembre-Diciembre 2022,NME,6
IEN20230128,Ingeniería en Energía,Activo,2,Física I,1,Aprobada,60.9,72.7,repeticion,Enero-Abril 2023,NME,6
IEN20230128,Ingeniería en Energía,Activo,2,Circuitos Eléctricos,3,Cursando,,,ordinario,Septiembre-Diciembre 2022,NME,6
IEN20200129,Ingeniería en Energía,Activo,8,Biomasa,2,Aprobada,73.8,,ordinario,Mayo-Agosto 2023,004,5
IEN20200129,Ingeniería en Energía,Activo,8,Almacenamiento de Energía,2,Aprobada,93.4,,ordinario,Mayo-Agosto 2023,004,6
IEN20200129,Ingeniería en Energía,Activo,8,Cálculo Integral,3,Aprobada,83.0,,ordinario,Septiembre-Diciembre 2023,004,6
IEN20200129,Ingeniería en Energía,Activo,8,Cálculo Diferencial,3,Aprobada,86.4,,ordinario,Septiembre-Diciembre 2023,004,6
IEN20200129,Ingeniería en Energía,Activo,8,Inglés I,3,Aprobada,73.5,,ordinario,Septiembre-Diciembre 2023,004,4
IDS20210130,Ingeniería en Desarrollo de Software,Activo,5,Programación Orientada a Objetos,2,Aprobada,91.4,,ordinario,Mayo-Agosto 2023,004,7
IDS20210130,Ingeniería en Desarrollo de Software,Activo,5,Álgebra Lineal,3,Aprobada,92.5,,ordinario,Septiembre-Diciembre 2023,004,6
IDS20210130,Ingeniería en Desarrollo de Software,Activo,5,Inglés III,2,Reprobada,68.7,68.9,repeticion,Mayo-Agosto 2023,004,4
IBM20230131,Ingeniería Biomédica,Activo,4,Bioinstrumentación II,3,Aprobada,57.9,75.7,repeticion,Septiembre-Diciembre 2022,NME,7
IBM20230131,Ingeniería Biomédica,Activo,4,Física Médica,3,Reprobada,59.7,,repeticion,Septiembre-Diciembre 2022,NME,6
IBM20230131,Ingeniería Biomédica,Activo,4,Probabilidad y Estadística,3,Aprobada,70.8,,ordinario,Septiembre-Diciembre 2023,NME,5
IBM20230131,Ingeniería Biomédica,Activo,4,Anatomía y Fisiología II,1,Aprobada,73.4,,ordinario,Enero-Abril 2023,NME,7
IEN20200132,Ingeniería en Energía,Activo,4,Cálculo Diferencial,2,Aprobada,77.0,,ordinario,Mayo-Agosto 2023,004,6
IEN20200132,Ingeniería en Energía,Activo,4,Máquinas Eléctricas,1,Aprobada,72.3,,ordinario,Enero-Abril 2023,004,6
IEN20200132,Ingeniería en Energía,Activo,4,Transferencia de Calor,1,Cursando,,,ordinario,Enero-Abril 2023,004,6
IEN20200132,Ingeniería en Energía,Activo,4,Mecánica de Fluidos,1,Aprobada,71.7,,ordinario,Enero-Abril 2023,004,6
IEN20200132,Ingeniería en Energía,Activo,4,Estadística,2,Aprobada,90.2,,ordinario,Mayo-Agosto 2023,004,5
IEN20200132,Ingeniería en Energía,Activo,4,Inglés I,3,Aprobada,80.4,,ordinario,Septiembre-Diciembre 2023,004,4
IEN20200132,Ingeniería en Energía,Activo,4,Inglés IV,3,Cursando,,,ordinario,Septiembre-Diciembre 2022,004,4
IAG20210133,Ingeniería Agroindustrial,Activo,3,Bioquímica,3,Cursando,,,ordinario,Septiembre-Diciembre 2022,004,6
IAG20210133,Ingeniería Agroindustrial,Activo,3,Biología,1,Aprobada,72.5,,ordinario,Enero-Abril 2023,004,6
IAG20210133,Ingeniería Agroindustrial,Activo,3,Inglés II,1,Aprobada,80.2,,ordinario,Enero-Abril 2023,004,4
IAG20210133,Ingeniería Agroindustrial,Activo,3,Química General,2,Aprobada,98.8,,ordinario,Mayo-Agosto 2023,004,6
IAG20210133,Ingeniería Agroindustrial,Activo,3,Dibujo Industrial,3,Cursando,,,ordinario,Septiembre-Diciembre 2022,004,4
IDS20240134,Ingeniería en Desarrollo de Software,Egresado,9,Programación Orientada a Objetos,3,Reprobada,63.9,,repeticion,Septiembre-Diciembre 2023,NME,7
IDS20240134,Ingeniería en Desarrollo de Software,Egresado,9,Bases de Datos II,3,Reprobada,68.9,,repeticion,Septiembre-Diciembre 2023,NME,6
IDS20240134,Ingeniería en Desarrollo de Software,Egresado,9,Redes de Computadoras,3,Aprobada,76.5,,ordinario,Septiembre-Diciembre 2023,NME,6
IDS20240134,Ingeniería en Desarrollo de Software,Egresado,9,Gestión de Proyectos,3,Aprobada,79.1,,ordinario,Septiembre-Diciembre 2023,NME,5
IDS20240134,Ingeniería en Desarrollo de Software,Egresado,9,Sistemas Operativos,3,Aprobada,71.3,,ordinario,Septiembre-Diciembre 2023,NME,6
IDS20240134,Ingeniería en Desarrollo de Software,Egresado,9,Inglés II,3,Aprobada,94.4,,ordinario,Septiembre-Diciembre 2023,NME,4
IDS20240134,Ingeniería en Desarrollo de Software,Egresado,9,Cálculo Integral,3,Reprobada,69.7,,repeticion,Septiembre-Diciembre 2023,NME,6
IDS20240134,Ingeniería en Desarrollo de Software,Egresado,9,Analítica de Datos,1,Reprobada,68.4,64.2,repeticion,Enero-Abril 2023,NME,6
IAG20220135,Ingeniería Agroindustrial,Activo,7,Álgebra Lineal,3,Aprobada,73.9,,ordinario,Septiembre-Diciembre 2023,NME,6
IAG20220135,Ingeniería Agroindustrial,Activo,7,Bioprocesos,1,Aprobada,84.8,,ordinario,Enero-Abril 2023,NME,6
IAG20220135,Ingeniería Agroindustrial,Activo,7,Operaciones Unitarias I,3,Aprobada,85.4,,ordinario,Septiembre-Diciembre 2023,NME,7
IAG20220135,Ingeniería Agroindustrial,Activo,7,Dibujo Industrial,3,Aprobada,78.2,,ordinario,Septiembre-Diciembre 2023,NME,4
IAG20220135,Ingeniería Agroindustrial,Activo,7,Control de Calidad,3,Aprobada,74.6,,ordinario,Septiembre-Diciembre 2023,NME,6
IAG20220135,Ingeniería Agroindustrial,Activo,7,Bioquímica,3,Aprobada,80.7,,ordinario,Septiembre-Diciembre 2023,NME,6
IAG20220135,Ingeniería Agroindustrial,Activo,7,Tecnología de Cárnicos,3,Aprobada,73.8,,ordinario,Septiembre-Diciembre 2022,NME,6
IAG20220135,Ingeniería Agroindustrial,Activo,7,Introducción a la Agroindustria,3,Aprobada,87.4,,ordinario,Septiembre-Diciembre 2023,NME,4
IEN20200136,Ingeniería en Energía,Activo,4,Inglés III,2,Aprobada,77.2,,ordinario,Mayo-Agosto 2023,004,4
IEN20200136,Ingeniería en Energía,Activo,4,Máquinas Eléctricas,1,Aprobada,79.0,,ordinario,Enero-Abril 2023,004,6
IEN20200136,Ingeniería en Energía,Activo,4,Termodinámica I,2,Aprobada,77.6,,ordinario,Mayo-Agosto 2023,004,7
IEN20200136,Ingeniería en Energía,Activo,4,Cálculo Diferencial,1,Aprobada,82.0,,ordinario,Enero-Abril 2023,004,6
IEN20200136,Ingeniería en Energía,Activo,4,Inglés IV,3,Aprobada,70.8,,ordinario,Septiembre-Diciembre 2022,004,4
IEN20200136,Ingeniería en Energía,Activo,4,Mecánica de Fluidos,1,Aprobada,72.7,,ordinario,Enero-Abril 2023,004,6
IEN20200136,Ingeniería en Energía,Activo,4,Introducción a la Energía,3,Aprobada,96.0,,ordinario,Septiembre-Diciembre 2023,004,4
IBM20240137,Ingeniería Biomédica,Activo,4,Biología Celular,2,Aprobada,72.0,,ordinario,Mayo-Agosto 2023,NME,6
IBM20240137,Ingeniería Biomédica,Activo,4,Química Orgánica,1,Aprobada,84.5,,ordinario,Enero-Abril 2023,NME,6
IBM20240137,Ingeniería Biomédica,Activo,4,Biomecánica,1,Aprobada,86.0,,ordinario,Enero-Abril 2023,NME,6
IAG20210138,Ingeniería Agroindustrial,Activo,1,Álgebra Lineal,3,Aprobada,73.0,,ordinario,Septiembre-Diciembre 2022,004,6
IAG20210138,Ingeniería Agroindustrial,Activo,1,Inglés I,3,Aprobada,85.2,,ordinario,Septiembre-Diciembre 2022,004,4
IAG20210138,Ingeniería Agroindustrial,Activo,1,Química General,1,Aprobada,78.3,,ordinario,Enero-Abril 2023,004,6
IEN20210139,Ingeniería en Energía,Activo,9,Gestión Ambiental,3,Aprobada,77.8,,ordinario,Septiembre-Diciembre 2023,004,5
IEN20210139,Ingeniería en Energía,Activo,9,Cálculo Integral,3,Aprobada,78.4,,ordinario,Septiembre-Diciembre 2023,004,6
IEN20210139,Ingeniería en Energía,Activo,9,Máquinas Eléctricas,3,Aprobada,69.4,73.6,repeticion,Septiembre-Diciembre 2023,004,6
IEN20210139,Ingeniería en Energía,Activo,9,Eficiencia Energética,3,Aprobada,74.8,,ordinario,Septiembre-Diciembre 2023,004,6
IEN20210139,Ingeniería en Energía,Activo,9,Mercados de Energía,2,Aprobada,84.7,,ordinario,Mayo-Agosto 2023,004,5
IEN20210139,Ingeniería en Energía,Activo,9,Mecánica de Fluidos,3,Aprobada,73.5,,ordinario,Septiembre-Diciembre 2023,004,6
IEN20210139,Ingeniería en Energía,Activo,9,Normatividad Energética,1,Aprobada,90.6,,ordinario,Enero-Abril 2023,004,5
IAG20230140,Ingeniería Agroindustrial,Activo,2,Inglés II,1,Cursando,,,ordinario,Enero-Abril 2023,NME,4
IAG20230140,Ingeniería Agroindustrial,Activo,2,Microbiología,3,Cursando,,,ordinario,Septiembre-Diciembre 2022,NME,6
IAG20230140,Ingeniería Agroindustrial,Activo,2,Inglés I,2,Aprobada,90.2,,ordinario,Mayo-Agosto 2023,NME,4
IAG20230141,Ingeniería Agroindustrial,Activo,1,Biología,3,Aprobada,84.6,,ordinario,Septiembre-Diciembre 2022,NME,6
IAG20230141,Ingeniería Agroindustrial,Activo,1,Química General,3,Aprobada,84.8,,ordinario,Septiembre-Diciembre 2022,NME,6
IAG20230141,Ingeniería Agroindustrial,Activo,1,Álgebra Lineal,1,Cursando,,,ordinario,Enero-Abril 2023,NME,6
IDS20210142,Ingeniería en Desarrollo de Software,Activo,1,Fundamentos de Programación,3,Aprobada,76.4,,ordinario,Septiembre-Diciembre 2022,004,7
IDS20210142,Ingeniería en Desarrollo de Software,Activo,1,Comunicación Oral y Escrita,1,Aprobada,87.2,,ordinario,Enero-Abril 2023,004,4
IDS20210142,Ingeniería en Desarrollo de Software,Activo,1,Inglés I,3,Aprobada,100,,ordinario,Septiembre-Diciembre 2022,004,4
IEN20200143,Ingeniería en Energía,Activo,4,Inglés I,3,Aprobada,95.1,,ordinario,Septiembre-Diciembre 2023,004,4
IEN20200143,Ingeniería en Energía,Activo,4,Energía Solar,3,Cursando,,,ordinario,Septiembre-Diciembre 2022,004,6
IEN20200143,Ingeniería en Energía,Activo,4,Estadística,2,Aprobada,77.7,,ordinario,Mayo-Agosto 2023,004,5
IEN20200143,Ingeniería en Energía,Activo,4,Termodinámica II,3,Cursando,,,ordinario,Septiembre-Diciembre 2022,004,7
IEN20200143,Ingeniería en Energía,Activo,4,Introducción a la Energía,3,Aprobada,83.6,,ordinario,Septiembre-Diciembre 2023,004,4
IEN20200143,Ingeniería en Energía,Activo,4,Máquinas Eléctricas,1,Aprobada,71.5,,ordinario,Enero-Abril 2023,004,6
IEN20200143,Ingeniería en Energía,Activo,4,Química General,3,Aprobada,84.7,,ordinario,Septiembre-Diciembre 2023,004,6
IBM20220144,Ingeniería Biomédica,Activo,5,Inglés I,3,Reprobada,53.1,,repeticion,Septiembre-Diciembre 2023,NME,4
IBM20220144,Ingeniería Biomédica,Activo,5,Imágenes Médicas,3,Cursando,,,ordinario,Septiembre-Diciembre 2022,NME,7
IBM20220144,Ingeniería Biomédica,Activo,5,Álgebra Lineal,3,Reprobada,69.8,65.0,repeticion,Septiembre-Diciembre 2023,NME,6
IBM20220144,Ingeniería Biomédica,Activo,5,Electrónica Digital,1,Aprobada,88.1,,ordinario,Enero-Abril 2023,NME,6
IBM20220144,Ingeniería Biomédica,Activo,5,Anatomía y Fisiología I,3,Reprobada,64.8,,repeticion,Septiembre-Diciembre 2023,NME,7
IBM20220144,Ingeniería Biomédica,Activo,5,Ingeniería Clínica,3,Reprobada,64.7,,repeticion,Septiembre-Diciembre 2022,NME,6
IBM20220144,Ingeniería Biomédica,Activo,5,Señales Biomédicas,1,Reprobada,68.3,,repeticion,Enero-Abril 2023,NME,6
IBM20240145,Ingeniería Biomédica,Activo,5,Procesamiento de Señales,3,Cursando,,,ordinario,Septiembre-Diciembre 2022,NME,6
IBM20240145,Ingeniería Biomédica,Activo,5,Álgebra Lineal,3,Aprobada,81.7,,ordinario,Septiembre-Diciembre 2023,NME,6
IBM20240145,Ingeniería Biomédica,Activo,5,Inglés IV,1,Aprobada,95.4,,ordinario,Enero-Abril 2023,NME,4
IBM20240145,Ingeniería Biomédica,Activo,5,Inglés I,3,Aprobada,74.4,,ordinario,Septiembre-Diciembre 2023,NME,4
IEN20210146,Ingeniería en Energía,Activo,8,Física II,3,Aprobada,75.5,,ordinario,Septiembre-Diciembre 2023,004,6
IEN20210146,Ingeniería en Energía,Activo,8,Estadía Profesional I,1,Aprobada,82.7,,ordinario,Enero-Abril 2023,004,8
IEN20210146,Ingeniería en Energía,Activo,8,Normatividad Energética,3,Cursando,,,ordinario,Septiembre-Diciembre 2022,004,5
IBM20210147,Ingeniería Biomédica,Activo,8,Anatomía y Fisiología II,3,Reprobada,40.2,,repeticion,Septiembre-Diciembre 2023,004,7
IBM20210147,Ingeniería Biomédica,Activo,8,Proyecto Biomédico II,3,Reprobada,50.0,,repeticion,Septiembre-Diciembre 2022,004,8
IBM20210147,Ingeniería Biomédica,Activo,8,Ingeniería Clínica,3,Aprobada,79.5,,ordinario,Septiembre-Diciembre 2023,004,6
IBM20210147,Ingeniería Biomédica,Activo,8,Biomecánica,3,Reprobada,55.8,68.5,repeticion,Septiembre-Diciembre 2023,004,6
IAG20220148,Ingeniería Agroindustrial,Activo,6,Dibujo Industrial,3,Aprobada,86.3,,ordinario,Septiembre-Diciembre 2023,NME,4
IAG20220148,Ingeniería Agroindustrial,Activo,6,Tecnología de Cárnicos,3,Aprobada,89.4,,ordinario,Septiembre-Diciembre 2022,NME,6
IAG20220148,Ingeniería Agroindustrial,Activo,6,Conservación de Alimentos,3,Aprobada,73.4,,ordinario,Septiembre-Diciembre 2023,NME,6
IAG20220148,Ingeniería Agroindustrial,Activo,6,Bioprocesos,1,Cursando,,,ordinario,Enero-Abril 2023,NME,6
IAG20220148,Ingeniería Agroindustrial,Activo,6,Operaciones Unitarias I,2,Aprobada,92.9,,ordinario,Mayo-Agosto 2023,NME,7
IEN20240149,Ingeniería en Energía,Activo,9,Estadía Profesional II,3,Aprobada,77.8,,ordinario,Septiembre-Diciembre 2022,NME,8
IEN20240149,Ingeniería en Energía,Activo,9,Estadía Profesional I,1,Aprobada,91.6,,ordinario,Enero-Abril 2023,NME,8
IEN20240149,Ingeniería en Energía,Activo,9,Proyecto Energético II,1,Reprobada,66.8,65.3,repeticion,Enero-Abril 2023,NME,8
IEN20240149,Ingeniería en Energía,Activo,9,Biomasa,3,Aprobada,65.1,86.9,repeticion,Septiembre-Diciembre 2023,NME,5
IEN20240149,Ingeniería en Energía,Activo,9,Emprendimiento,3,Aprobada,91.5,,ordinario,Septiembre-Diciembre 2022,NME,4
IEN20240149,Ingeniería en Energía,Activo,9,Cálculo Diferencial,3,Aprobada,74.3,,ordinario,Septiembre-Diciembre 2023,NME,6
IEN20240149,Ingeniería en Energía,Activo,9,Residencia Profesional,1,Cursando,,,ordinario,Enero-Abril 2023,NME,12
IBM20200150,Ingeniería Biomédica,Activo,4,Química General,3,Aprobada,76.9,,ordinario,Septiembre-Diciembre 2023,004,6
IBM20200150,Ingeniería Biomédica,Activo,4,Señales Biomédicas,3,Cursando,,,ordinario,Septiembre-Diciembre 2022,004,6
IBM20200150,Ingeniería Biomédica,Activo,4,Inglés III,2,Aprobada,96.2,,ordinario,Mayo-Agosto 2023,004,4
IBM20200150,Ingeniería Biomédica,Activo,4,Inglés I,2,Aprobada,74.0,,ordinario,Mayo-Agosto 2023,004,4
IBM20200150,Ingeniería Biomédica,Activo,4,Electrónica Analógica,1,Aprobada,86.1,,ordinario,Enero-Abril 2023,004,6
IBM20210151,Ingeniería Biomédica,Activo,8,Cálculo Diferencial,3,Aprobada,76.1,,ordinario,Septiembre-Diciembre 2023,004,6
IBM20210151,Ingeniería Biomédica,Activo,8,Inglés II,3,Aprobada,93.4,,ordinario,Septiembre-Diciembre 2023,004,4
IBM20210151,Ingeniería Biomédica,Activo,8,Inglés III,3,Reprobada,57.9,58.8,repeticion,Septiembre-Diciembre 2023,004,4
IBM20210151,Ingeniería Biomédica,Activo,8,Bioinstrumentación II,3,Aprobada,71.1,,ordinario,Septiembre-Diciembre 2023,004,7
IBM20210151,Ingeniería Biomédica,Activo,8,Biomecánica,3,Aprobada,89.4,,ordinario,Septiembre-Diciembre 2023,004,6
IBM20210151,Ingeniería Biomédica,Activo,8,Anatomía y Fisiología I,3,Aprobada,78.2,,ordinario,Septiembre-Diciembre 2023,004,7
IDS20200152,Ingeniería en Desarrollo de Software,Inscrito,5,Gestión de Proyectos,3,Aprobada,44.2,70.9,repeticion,Septiembre-Diciembre 2022,004,5
IDS20200152,Ingeniería en Desarrollo de Software,Inscrito,5,Fundamentos de Programación,3,Aprobada,47.3,71.6,repeticion,Septiembre-Diciembre 2023,004,7
IDS20200152,Ingeniería en Desarrollo de Software,Inscrito,5,Bases de Datos II,2,Reprobada,53.1,,repeticion,Mayo-Agosto 2023,004,6
IDS20200152,Ingeniería en Desarrollo de Software,Inscrito,5,Inglés III,2,Reprobada,50.7,65.7,repeticion,Mayo-Agosto 2023,004,4
IDS20200152,Ingeniería en Desarrollo de Software,Inscrito,5,Calidad de Software,3,Aprobada,41.2,74.0,repeticion,Septiembre-Diciembre 2022,004,5
IDS20200152,Ingeniería en Desarrollo de Software,Inscrito,5,Estructuras de Datos,2,Reprobada,55.1,,repeticion,Mayo-Agosto 2023,004,7
IDS20200152,Ingeniería en Desarrollo de Software,Inscrito,5,Desarrollo Web,1,Reprobada,48.8,,repeticion,Enero-Abril 2023,004,7
IDS20200152,Ingeniería en Desarrollo de Software,Inscrito,5,Álgebra Lineal,3,Reprobada,64.3,,repeticion,Septiembre-Diciembre 2023,004,6
IDS20200152,Ingeniería en Desarrollo de Software,Inscrito,5,Programación Estructurada,2,Reprobada,39.5,,repeticion,Mayo-Agosto 2023,004,7
IEN20230153,Ingeniería en Energía,Inscrito,9,Modelado Energético,2,Aprobada,87.1,,ordinario,Mayo-Agosto 2023,NME,6
IEN20230153,Ingeniería en Energía,Inscrito,9,Proyecto Energético I,2,Aprobada,70.4,,ordinario,Mayo-Agosto 2023,NME,8
IEN20230153,Ingeniería en Energía,Inscrito,9,Inglés II,3,Aprobada,75.7,,ordinario,Septiembre-Diciembre 2023,NME,4
IEN20230153,Ingeniería en Energía,Inscrito,9,Física II,3,Aprobada,77.7,,ordinario,Septiembre-Diciembre 2023,NME,6
IDS20240154,Ingeniería en Desarrollo de Software,Activo,6,Bases de Datos I,3,Aprobada,86.1,,ordinario,Septiembre-Diciembre 2023,NME,6
IDS20240154,Ingeniería en Desarrollo de Software,Activo,6,Bases de Datos II,2,Aprobada,88.4,,ordinario,Mayo-Agosto 2023,NME,6
IDS20240154,Ingeniería en Desarrollo de Software,Activo,6,Seguridad Informática,3,Cursando,,,ordinario,Septiembre-Diciembre 2022,NME,6
IAG20230155,Ingeniería Agroindustrial,Activo,2,Biología,1,Aprobada,77.3,,ordinario,Enero-Abril 2023,NME,6
IAG20230155,Ingeniería Agroindustrial,Activo,2,Introducción a la Agroindustria,1,Aprobada,89.8,,ordinario,Enero-Abril 2023,NME,4
IAG20230155,Ingeniería Agroindustrial,Activo,2,Química de Alimentos,3,Aprobada,100,,ordinario,Septiembre-Diciembre 2022,NME,6
IAG20230155,Ingeniería Agroindustrial,Activo,2,Inglés I,1,Aprobada,92.3,,ordinario,Enero-Abril 2023,NME,4
IEN20220156,Ingeniería en Energía,Activo,9,Eficiencia Energética,3,Aprobada,83.8,,ordinario,Septiembre-Diciembre 2023,NME,6
IEN20220156,Ingeniería en Energía,Activo,9,Instrumentación,3,Aprobada,79.3,,ordinario,Septiembre-Diciembre 2023,NME,5
IEN20220156,Ingeniería en Energía,Activo,9,Inglés I,3,Aprobada,73.5,,ordinario,Septiembre-Diciembre 2023,NME,4
IEN20220156,Ingeniería en Energía,Activo,9,Química General,3,Aprobada,66.3,86.1,repeticion,Septiembre-Diciembre 2023,NME,6
IEN20220156,Ingeniería en Energía,Activo,9,Proyecto Energético I,2,Reprobada,63.7,,repeticion,Mayo-Agosto 2023,NME,8
IAG20200157,Ingeniería Agroindustrial,Activo,3,Química de Alimentos,1,Aprobada,68.2,80.0,repeticion,Enero-Abril 2023,004,6
IAG20200157,Ingeniería Agroindustrial,Activo,3,Inglés I,2,Aprobada,71.9,,ordinario,Mayo-Agosto 2023,004,4
IAG20200157,Ingeniería Agroindustrial,Activo,3,Álgebra Lineal,3,Aprobada,72.5,,ordinario,Septiembre-Diciembre 2023,004,6
IAG20200157,Ingeniería Agroindustrial,Activo,3,Inglés II,1,Aprobada,60.0,74.6,repeticion,Enero-Abril 2023,004,4
IAG20200157,Ingeniería Agroindustrial,Activo,3,Dibujo Industrial,3,Cursando,,,ordinario,Septiembre-Diciembre 2022,004,4
IDS20230158,Ingeniería en Desarrollo de Software,Inscrito,2,Programación Estructurada,3,Aprobada,81.8,,ordinario,Septiembre-Diciembre 2022,NME,7
IDS20230158,Ingeniería en Desarrollo de Software,Inscrito,2,Álgebra Lineal,1,Aprobada,86.4,,ordinario,Enero-Abril 2023,NME,6
IDS20230158,Ingeniería en Desarrollo de Software,Inscrito,2,Probabilidad y Estadística,3,Aprobada,92.0,,ordinario,Septiembre-Diciembre 2022,NME,5
IDS20230158,Ingeniería en Desarrollo de Software,Inscrito,2,Introducción a la Ingeniería,1,Aprobada,87.0,,ordinario,Enero-Abril 2023,NME,4
IEN20210159,Ingeniería en Energía,Inscrito,5,Mecánica de Fluidos,2,Aprobada,70.6,,ordinario,Mayo-Agosto 2023,004,6
IEN20210159,Ingeniería en Energía,Inscrito,5,Termodinámica II,1,Reprobada,57.8,,repeticion,Enero-Abril 2023,004,7
IEN20210159,Ingeniería en Energía,Inscrito,5,Electrónica de Potencia,3,Reprobada,57.1,,repeticion,Septiembre-Diciembre 2022,004,6
IEN20210159,Ingeniería en Energía,Inscrito,5,Cálculo Diferencial,2,Aprobada,76.7,,ordinario,Mayo-Agosto 2023,004,6
IEN20200160,Ingeniería en Energía,Activo,4,Química General,3,Aprobada,91.9,,ordinario,Septiembre-Diciembre 2023,004,6
IEN20200160,Ingeniería en Energía,Activo,4,Física II,1,Reprobada,67.1,,repeticion,Enero-Abril 2023,004,6
IEN20200160,Ingeniería en Energía,Activo,4,Circuitos Eléctricos,2,Aprobada,79.0,,ordinario,Mayo-Agosto 2023,004,6
IBM20240161,Ingeniería Biomédica,Activo,3,Química General,2,Aprobada,76.2,,ordinario,Mayo-Agosto 2023,NME,6
IBM20240161,Ingeniería Biomédica,Activo,3,Inglés I,1,Aprobada,72.1,,ordinario,Enero-Abril 2023,NME,4
IBM20240161,Ingeniería Biomédica,Activo,3,Inglés III,1,Cursando,,,ordinario,Enero-Abril 2023,NME,4
IBM20240161,Ingeniería Biomédica,Activo,3,Química Orgánica,3,Reprobada,56.2,,repeticion,Septiembre-Diciembre 2022,NME,6
IEN20200162,Ingeniería en Energía,Activo,3,Inglés III,3,Aprobada,81.4,,ordinario,Septiembre-Diciembre 2022,004,4
IEN20200162,Ingeniería en Energía,Activo,3,Máquinas Eléctricas,3,Cursando,,,ordinario,Septiembre-Diciembre 2022,004,6
IEN20200162,Ingeniería en Energía,Activo,3,Introducción a la Energía,2,Aprobada,86.4,,ordinario,Mayo-Agosto 2023,004,4
IEN20200162,Ingeniería en Energía,Activo,3,Química General,2,Aprobada,98.1,,ordinario,Mayo-Agosto 2023,004,6
IEN20200162,Ingeniería en Energía,Activo,3,Termodinámica I,3,Cursando,,,ordinario,Septiembre-Diciembre 2022,004,7
IEN20200162,Ingeniería en Energía,Activo,3,Mecánica de Fluidos,3,Aprobada,83.0,,ordinario,Septiembre-Diciembre 2022,004,6
IEN20200163,Ingeniería en Energía,Activo,9,Electrónica de Potencia,3,Aprobada,98.1,,ordinario,Septiembre-Diciembre 2023,004,6
IEN20200163,Ingeniería en Energía,Activo,9,Máquinas Eléctricas,3,Aprobada,90.7,,ordinario,Septiembre-Diciembre 2023,004,6
IEN20200163,Ingeniería en Energía,Activo,9,Modelado Energético,3,Aprobada,80.0,,ordinario,Septiembre-Diciembre 2023,004,6
IEN20200163,Ingeniería en Energía,Activo,9,Estadía Profesional I,1,Aprobada,83.6,,ordinario,Enero-Abril 2023,004,8
IEN20200163,Ingeniería en Energía,Activo,9,Inglés II,3,Aprobada,83.2,,ordinario,Septiembre-Diciembre 2023,004,4
IEN20200163,Ingeniería en Energía,Activo,9,Sustentabilidad Energética,3,Cursando,,,ordinario,Septiembre-Diciembre 2022,004,5
IEN20200163,Ingeniería en Energía,Activo,9,Inglés IV,3,Aprobada,80.8,,ordinario,Septiembre-Diciembre 2023,004,4
IEN20200163,Ingeniería en Energía,Activo,9,Energía Eólica,3,Aprobada,85.6,,ordinario,Septiembre-Diciembre 2023,004,6
IDS20220164,Ingeniería en Desarrollo de Software,Activo,5,Sistemas Operativos,2,Aprobada,82.0,,ordinario,Mayo-Agosto 2023,NME,6
IDS20220164,Ingeniería en Desarrollo de Software,Activo,5,Aplicaciones Móviles,3,Aprobada,75.1,,ordinario,Septiembre-Diciembre 2022,NME,7
IDS20220164,Ingeniería en Desarrollo de Software,Activo,5,Inglés I,3,Aprobada,75.4,,ordinario,Septiembre-Diciembre 2023,NME,4
IDS20220164,Ingeniería en Desarrollo de Software,Activo,5,Programación Orientada a Objetos,1,Aprobada,65.6,73.8,repeticion,Enero-Abril 2023,NME,7
IDS20220164,Ingeniería en Desarrollo de Software,Activo,5,Arquitectura de Software,3,Cursando,,,ordinario,Septiembre-Diciembre 2022,NME,6
IDS20220164,Ingeniería en Desarrollo de Software,Activo,5,Cálculo Integral,2,Aprobada,79.8,,ordinario,Mayo-Agosto 2023,NME,6
IDS20220164,Ingeniería en Desarrollo de Software,Activo,5,Inglés II,3,Aprobada,71.8,,ordinario,Septiembre-Diciembre 2023,NME,4
IDS20220164,Ingeniería en Desarrollo de Software,Activo,5,Fundamentos de Programación,3,Aprobada,76.2,,ordinario,Septiembre-Diciembre 2023,NME,7
IDS20220164,Ingeniería en Desarrollo de Software,Activo,5,Cálculo Diferencial,3,Reprobada,69.6,,repeticion,Septiembre-Diciembre 2023,NME,6
IEN20200165,Ingeniería en Energía,Baja Temporal,4,Transferencia de Calor,3,Reprobada,67.3,,repeticion,Septiembre-Diciembre 2022,004,6
IEN20200165,Ingeniería en Energía,Baja Temporal,4,Introducción a la Energía,3,Reprobada,65.4,,repeticion,Septiembre-Diciembre 2023,004,4
IEN20200165,Ingeniería en Energía,Baja Temporal,4,Energía Solar,3,Reprobada,61.6,,repeticion,Septiembre-Diciembre 2022,004,6
IEN20200165,Ingeniería en Energía,Baja Temporal,4,Inglés IV,1,Aprobada,52.4,71.8,repeticion,Enero-Abril 2023,004,4
IEN20200165,Ingeniería en Energía,Baja Temporal,4,Inglés III,3,Aprobada,37.8,73.2,repeticion,Septiembre-Diciembre 2022,004,4
IEN20200165,Ingeniería en Energía,Baja Temporal,4,Física II,3,Reprobada,40.2,,repeticion,Septiembre-Diciembre 2023,004,6
IEN20200165,Ingeniería en Energía,Baja Temporal,4,Máquinas Eléctricas,1,Aprobada,48.7,78.2,repeticion,Enero-Abril 2023,004,6
IEN20200165,Ingeniería en Energía,Baja Temporal,4,Termodinámica II,3,Reprobada,39.6,,repeticion,Septiembre-Diciembre 2022,004,7
IEN20200166,Ingeniería en Energía,Activo,2,Inglés I,3,Aprobada,73.8,,ordinario,Septiembre-Diciembre 2022,004,4
IEN20200166,Ingeniería en Energía,Activo,2,Álgebra Lineal,1,Aprobada,83.3,,ordinario,Enero-Abril 2023,004,6
IEN20200166,Ingeniería en Energía,Activo,2,Estadística,3,Aprobada,77.7,,ordinario,Septiembre-Diciembre 2022,004,5
IEN20200166,Ingeniería en Energía,Activo,2,Física I,1,Aprobada,80.3,,ordinario,Enero-Abril 2023,004,6
IAG20200167,Ingeniería Agroindustrial,Activo,4,Cálculo Diferencial,1,Aprobada,93.5,,ordinario,Enero-Abril 2023,004,6
IAG20200167,Ingeniería Agroindustrial,Activo,4,Conservación de Alimentos,1,Aprobada,97.5,,ordinario,Enero-Abril 2023,004,6
IAG20200167,Ingeniería Agroindustrial,Activo,4,Operaciones Unitarias I,1,Aprobada,94.1,,ordinario,Enero-Abril 2023,004,7
IDS20230168,Ingeniería en Desarrollo de Software,Activo,5,Ingeniería de Software,1,Reprobada,67.1,,repeticion,Enero-Abril 2023,NME,6
IDS20230168,Ingeniería en Desarrollo de Software,Activo,5,Programación Estructurada,3,Reprobada,60.7,62.5,repeticion,Septiembre-Diciembre 2023,NME,7
IDS20230168,Ingeniería en Desarrollo de Software,Activo,5,Redes de Computadoras,1,Cursando,,,ordinario,Enero-Abril 2023,NME,6
IDS20230168,Ingeniería en Desarrollo de Software,Activo,5,Estructuras de Datos,2,Aprobada,51.8,73.6,repeticion,Mayo-Agosto 2023,NME,7
IDS20230168,Ingeniería en Desarrollo de Software,Activo,5,Calidad de Software,3,Cursando,,,ordinario,Septiembre-Diciembre 2022,NME,5
IDS20230168,Ingeniería en Desarrollo de Software,Activo,5,Desarrollo Web,1,Reprobada,62.2,,repeticion,Enero-Abril 2023,NME,7
IDS20230168,Ingeniería en Desarrollo de Software,Activo,5,Bases de Datos I,2,Aprobada,90.1,,ordinario,Mayo-Agosto 2023,NME,6
IBM20240169,Ingeniería Biomédica,Activo,6,Anatomía y Fisiología I,3,Aprobada,72.0,,ordinario,Septiembre-Diciembre 2023,NME,7
IBM20240169,Ingeniería Biomédica,Activo,6,Bioinstrumentación I,3,Aprobada,77.5,,ordinario,Septiembre-Diciembre 2023,NME,7
IBM20240169,Ingeniería Biomédica,Activo,6,Ingeniería de Rehabilitación,3,Cursando,,,ordinario,Septiembre-Diciembre 2022,NME,6
IBM20240169,Ingeniería Biomédica,Activo,6,Química General,3,Aprobada,57.8,71.3,repeticion,Septiembre-Diciembre 2023,NME,6
IBM20240169,Ingeniería Biomédica,Activo,6,Anatomía y Fisiología II,2,Reprobada,62.8,,repeticion,Mayo-Agosto 2023,NME,7
IBM20240169,Ingeniería Biomédica,Activo,6,Inglés III,3,Reprobada,67.8,,repeticion,Septiembre-Diciembre 2023,NME,4
IAG20240170,Ingeniería Agroindustrial,Inscrito,4,Cálculo Diferencial,2,Aprobada,86.7,,ordinario,Mayo-Agosto 2023,NME,6
IAG20240170,Ingeniería Agroindustrial,Inscrito,4,Introducción a la Agroindustria,3,Aprobada,77.6,,ordinario,Septiembre-Diciembre 2023,NME,4
IAG20240170,Ingeniería Agroindustrial,Inscrito,4,Estadística,3,Aprobada,80.4,,ordinario,Septiembre-Diciembre 2023,NME,5
IAG20240170,Ingeniería Agroindustrial,Inscrito,4,Operaciones Unitarias II,3,Aprobada,87.1,,ordinario,Septiembre-Diciembre 2022,NME,7
IAG20240170,Ingeniería Agroindustrial,Inscrito,4,Inglés I,3,Aprobada,84.7,,ordinario,Septiembre-Diciembre 2023,NME,4
IAG20240170,Ingeniería Agroindustrial,Inscrito,4,Dibujo Industrial,1,Aprobada,79.9,,ordinario,Enero-Abril 2023,NME,4
IAG20240170,Ingeniería Agroindustrial,Inscrito,4,Microbiología,3,Aprobada,80.3,,ordinario,Septiembre-Diciembre 2023,NME,6
IAG20200171,Ingeniería Agroindustrial,Inscrito,8,Administración de la Producción,3,Aprobada,64.4,76.8,repeticion,Septiembre-Diciembre 2022,004,5
IAG20200171,Ingeniería Agroindustrial,Inscrito,8,Dibujo Industrial,3,Aprobada,87.4,,ordinario,Septiembre-Diciembre 2023,004,4
IAG20200171,Ingeniería Agroindustrial,Inscrito,8,Estadística,3,Reprobada,51.2,,repeticion,Septiembre-Diciembre 2023,004,5
IAG20200171,Ingeniería Agroindustrial,Inscrito,8,Evaluación Sensorial,1,Aprobada,66.4,74.6,repeticion,Enero-Abril 2023,004,5
IAG20200171,Ingeniería Agroindustrial,Inscrito,8,Envases y Embalajes,3,Reprobada,55.5,,repeticion,Septiembre-Diciembre 2023,004,5
IEN20240172,Ingeniería en Energía,Activo,5,Máquinas Eléctricas,2,Aprobada,90.3,,ordinario,Mayo-Agosto 2023,NME,6
IEN20240172,Ingeniería en Energía,Activo,5,Instrumentación,3,Aprobada,87.3,,ordinario,Septiembre-Diciembre 2022,NME,5
IEN20240172,Ingeniería en Energía,Activo,5,Cálculo Diferencial,2,Aprobada,95.5,,ordinario,Mayo-Agosto 2023,NME,6
IEN20240172,Ingeniería en Energía,Activo,5,Física I,3,Aprobada,83.6,,ordinario,Septiembre-Diciembre 2023,NME,6
IEN20240172,Ingeniería en Energía,Activo,5,Cálculo Integral,1,Aprobada,74.9,,ordinario,Enero-Abril 2023,NME,6
IEN20240172,Ingeniería en Energía,Activo,5,Química General,3,Aprobada,90.7,,ordinario,Septiembre-Diciembre 2023,NME,6
IEN20240172,Ingeniería en Energía,Activo,5,Energía Eólica,2,Aprobada,83.7,,ordinario,Mayo-Agosto 2023,NME,6
IEN20240172,Ingeniería en Energía,Activo,5,Energía Solar,3,Aprobada,90.3,,ordinario,Septiembre-Diciembre 2022,NME,6
IEN20240172,Ingeniería en Energía,Activo,5,Inglés IV,1,Aprobada,88.5,,ordinario,Enero-Abril 2023,NME,4
IEN20220173,Ingeniería en Energía,Activo,9,Modelado Energético,1,Aprobada,89.2,,ordinario,Enero-Abril 2023,NME,6
IEN20220173,Ingeniería en Energía,Activo,9,Gestión Ambiental,3,Aprobada,84.1,,ordinario,Septiembre-Diciembre 2023,NME,5
IEN20220173,Ingeniería en Energía,Activo,9,Circuitos Eléctricos,3,Aprobada,68.9,78.9,repeticion,Septiembre-Diciembre 2023,NME,6
IEN20220173,Ingeniería en Energía,Activo,9,Termodinámica II,3,Reprobada,69.3,,repeticion,Septiembre-Diciembre 2023,NME,7
IEN20220173,Ingeniería en Energía,Activo,9,Mecánica de Fluidos,3,Aprobada,85.2,,ordinario,Septiembre-Diciembre 2023,NME,6
IEN20220173,Ingeniería en Energía,Activo,9,Sistemas Fotovoltaicos,3,Aprobada,77.4,,ordinario,Septiembre-Diciembre 2023,NME,7
IEN20220173,Ingeniería en Energía,Activo,9,Termodinámica I,3,Aprobada,73.1,,ordinario,Septiembre-Diciembre 2023,NME,7
IDS20200174,Ingeniería en Desarrollo de Software,Activo,3,Inglés III,1,Aprobada,83.9,,ordinario,Enero-Abril 2023,004,4
IDS20200174,Ingeniería en Desarrollo de Software,Activo,3,Fundamentos de Programación,2,Aprobada,75.3,,ordinario,Mayo-Agosto 2023,004,7
IDS20200174,Ingeniería en Desarrollo de Software,Activo,3,Probabilidad y Estadística,1,Aprobada,73.2,,ordinario,Enero-Abril 2023,004,5
IDS20200174,Ingeniería en Desarrollo de Software,Activo,3,Programación Estructurada,2,Reprobada,63.1,63.5,repeticion,Mayo-Agosto 2023,004,7
IEN20210175,Ingeniería en Energía,Activo,1,Física I,1,Aprobada,74.7,,ordinario,Enero-Abril 2023,004,6
IEN20210175,Ingeniería en Energía,Activo,1,Química General,3,Cursando,,,ordinario,Septiembre-Diciembre 2022,004,6
IEN20210175,Ingeniería en Energía,Activo,1,Inglés I,3,Cursando,,,ordinario,Septiembre-Diciembre 2022,004,4
IAG20210176,Ingeniería Agroindustrial,Activo,6,Inglés II,3,Reprobada,49.1,,repeticion,Septiembre-Diciembre 2023,004,4
IAG20210176,Ingeniería Agroindustrial,Activo,6,Termodinámica,2,Aprobada,81.4,,ordinario,Mayo-Agosto 2023,004,6
IAG20210176,Ingeniería Agroindustrial,Activo,6,Diseño de Plantas,3,Cursando,,,ordinario,Septiembre-Diciembre 2022,004,7
IAG20210176,Ingeniería Agroindustrial,Activo,6,Inglés I,3,Reprobada,48.8,,repeticion,Septiembre-Diciembre 2023,004,4
IAG20210176,Ingeniería Agroindustrial,Activo,6,Álgebra Lineal,3,Reprobada,58.2,61.4,repeticion,Septiembre-Diciembre 2023,004,6
IAG20210176,Ingeniería Agroindustrial,Activo,6,Tecnología de Lácteos,3,Reprobada,58.2,,repeticion,Septiembre-Diciembre 2022,004,6
IAG20210176,Ingeniería Agroindustrial,Activo,6,Operaciones Unitarias II,3,Aprobada,73.4,,ordinario,Septiembre-Diciembre 2023,004,7
IAG20210176,Ingeniería Agroindustrial,Activo,6,Tecnología de Cárnicos,1,Cursando,,,ordinario,Enero-Abril 2023,004,6
IAG20240177,Ingeniería Agroindustrial,Activo,8,Bioquímica,3,Aprobada,75.6,,ordinario,Septiembre-Diciembre 2023,NME,6
IAG20240177,Ingeniería Agroindustrial,Activo,8,Termodinámica,3,Aprobada,86.0,,ordinario,Septiembre-Diciembre 2023,NME,6
IAG20240177,Ingeniería Agroindustrial,Activo,8,Química de Alimentos,3,Aprobada,83.3,,ordinario,Septiembre-Diciembre 2023,NME,6
IAG20240177,Ingeniería Agroindustrial,Activo,8,Estadía Profesional I,1,Aprobada,69.8,72.0,repeticion,Enero-Abril 2023,NME,8
IEN20200178,Ingeniería en Energía,Activo,8,Energía Solar,3,Aprobada,81.6,,ordinario,Septiembre-Diciembre 2023,004,6
IEN20200178,Ingeniería en Energía,Activo,8,Proyecto Energético II,3,Cursando,,,ordinario,Septiembre-Diciembre 2022,004,8
IEN20200178,Ingeniería en Energía,Activo,8,Estadística,3,Reprobada,69.3,,repeticion,Septiembre-Diciembre 2023,004,5
IEN20200178,Ingeniería en Energía,Activo,8,Eficiencia Energética,2,Aprobada,81.8,,ordinario,Mayo-Agosto 2023,004,6
IEN20200178,Ingeniería en Energía,Activo,8,Máquinas Eléctricas,3,Aprobada,80.1,,ordinario,Septiembre-Diciembre 2023,004,6
IEN20200178,Ingeniería en Energía,Activo,8,Inglés III,3,Aprobada,73.8,,ordinario,Septiembre-Diciembre 2023,004,4
IEN20200178,Ingeniería en Energía,Activo,8,Almacenamiento de Energía,2,Aprobada,82.2,,ordinario,Mayo-Agosto 2023,004,6
IEN20200178,Ingeniería en Energía,Activo,8,Instrumentación,3,Aprobada,88.2,,ordinario,Septiembre-Diciembre 2023,004,5
IAG20230179,Ingeniería Agroindustrial,Activo,8,Termodinámica,3,Aprobada,86.1,,ordinario,Septiembre-Diciembre 2023,NME,6
IAG20230179,Ingeniería Agroindustrial,Activo,8,Introducción a la Agroindustria,3,Aprobada,83.7,,ordinario,Septiembre-Diciembre 2023,NME,4
IAG20230179,Ingeniería Agroindustrial,Activo,8,Operaciones Unitarias II,3,Aprobada,87.8,,ordinario,Septiembre-Diciembre 2023,NME,7
IAG20230179,Ingeniería Agroindustrial,Activo,8,Estadía Profesional I,1,Aprobada,92.2,,ordinario,Enero-Abril 2023,NME,8
IDS20230180,Ingeniería en Desarrollo de Software,Activo,3,Introducción a la Ingeniería,2,Aprobada,84.7,,ordinario,Mayo-Agosto 2023,NME,4
IDS20230180,Ingeniería en Desarrollo de Software,Activo,3,Álgebra Lineal,3,Aprobada,86.9,,ordinario,Septiembre-Diciembre 2023,NME,6
IDS20230180,Ingeniería en Desarrollo de Software,Activo,3,Inglés III,3,Aprobada,82.8,,ordinario,Septiembre-Diciembre 2022,NME,4
IDS20220181,Ingeniería en Desarrollo de Software,Activo,4,Probabilidad y Estadística,1,Aprobada,78.2,,ordinario,Enero-Abril 2023,NME,5
IDS20220181,Ingeniería en Desarrollo de Software,Activo,4,Inglés I,2,Aprobada,71.7,,ordinario,Mayo-Agosto 2023,NME,4
IDS20220181,Ingeniería en Desarrollo de Software,Activo,4,Bases de Datos II,2,Aprobada,80.7,,ordinario,Mayo-Agosto 2023,NME,6
IDS20220181,Ingeniería en Desarrollo de Software,Activo,4,Programación Estructurada,2,Aprobada,85.5,,ordinario,Mayo-Agosto 2023,NME,7
IDS20220181,Ingeniería en Desarrollo de Software,Activo,4,Introducción a la Ingeniería,3,Aprobada,84.0,,ordinario,Septiembre-Diciembre 2023,NME,4
IDS20220181,Ingeniería en Desarrollo de Software,Activo,4,Ingeniería de Software,3,Aprobada,90.0,,ordinario,Septiembre-Diciembre 2022,NME,6
IDS20220181,Ingeniería en Desarrollo de Software,Activo,4,Cálculo Integral,1,Aprobada,78.3,,ordinario,Enero-Abril 2023,NME,6
IDS20240182,Ingeniería en Desarrollo de Software,Inscrito,8,Desarrollo Web,3,Aprobada,85.2,,ordinario,Septiembre-Diciembre 2023,NME,7
IDS20240182,Ingeniería en Desarrollo de Software,Inscrito,8,Inglés IV,3,Aprobada,76.7,,ordinario,Septiembre-Diciembre 2023,NME,4
IDS20240182,Ingeniería en Desarrollo de Software,Inscrito,8,Inglés I,3,Aprobada,78.3,,ordinario,Septiembre-Diciembre 2023,NME,4
IDS20240182,Ingeniería en Desarrollo de Software,Inscrito,8,Inglés III,3,Aprobada,85.3,,ordinario,Septiembre-Diciembre 2023,NME,4
IDS20240182,Ingeniería en Desarrollo de Software,Inscrito,8,Cálculo Diferencial,3,Aprobada,75.7,,ordinario,Septiembre-Diciembre 2023,NME,6
IDS20230183,Ingeniería en Desarrollo de Software,Activo,8,Sistemas Distribuidos,1,Aprobada,77.6,,ordinario,Enero-Abril 2023,NME,6
IDS20230183,Ingeniería en Desarrollo de Software,Activo,8,Inglés IV,3,Reprobada,69.6,,repeticion,Septiembre-Diciembre 2023,NME,4
IDS20230183,Ingeniería en Desarrollo de Software,Activo,8,Minería de Datos,3,Reprobada,66.3,,repeticion,Septiembre-Diciembre 2023,NME,6
IDS20230183,Ingeniería en Desarrollo de Software,Activo,8,UX/UI,1,Reprobada,64.8,,repeticion,Enero-Abril 2023,NME,4
IEN20200184,Ingeniería en Energía,Activo,8,Transferencia de Calor,3,Aprobada,59.1,76.0,repeticion,Septiembre-Diciembre 2023,004,6
IEN20200184,Ingeniería en Energía,Activo,8,Mercados de Energía,3,Reprobada,68.9,,repeticion,Septiembre-Diciembre 2022,004,5
IEN20200184,Ingeniería en Energía,Activo,8,Álgebra Lineal,3,Aprobada,70.2,,ordinario,Septiembre-Diciembre 2023,004,6
IEN20200184,Ingeniería en Energía,Activo,8,Control de Sistemas,2,Aprobada,76.9,,ordinario,Mayo-Agosto 2023,004,6
IEN20200184,Ingeniería en Energía,Activo,8,Energía Solar,3,Reprobada,67.0,68.2,repeticion,Septiembre-Diciembre 2023,004,6
IBM20220185,Ingeniería Biomédica,Inscrito,6,Biomecánica,3,Aprobada,79.6,,ordinario,Septiembre-Diciembre 2023,NME,6
IBM20220185,Ingeniería Biomédica,Inscrito,6,Inglés II,3,Reprobada,66.8,,repeticion,Septiembre-Diciembre 2023,NME,4
IBM20220185,Ingeniería Biomédica,Inscrito,6,Imágenes Médicas,2,Aprobada,83.1,,ordinario,Mayo-Agosto 2023,NME,7
IBM20220185,Ingeniería Biomédica,Inscrito,6,Electrónica Digital,2,Reprobada,67.9,58.6,repeticion,Mayo-Agosto 2023,NME,6
IBM20220185,Ingeniería Biomédica,Inscrito,6,Introducción a la Ingeniería Biomédica,3,Aprobada,68.2,72.8,repeticion,Septiembre-Diciembre 2023,NME,4
IBM20220185,Ingeniería Biomédica,Inscrito,6,Electrónica Analógica,3,Reprobada,63.0,,repeticion,Septiembre-Diciembre 2023,NME,6
IBM20220185,Ingeniería Biomédica,Inscrito,6,Álgebra Lineal,3,Reprobada,65.5,,repeticion,Septiembre-Diciembre 2023,NME,6
IBM20220185,Ingeniería Biomédica,Inscrito,6,Dispositivos Médicos,3,Reprobada,60.6,,repeticion,Septiembre-Diciembre 2022,NME,7
IEN20200186,Ingeniería en Energía,Activo,3,Inglés III,3,Cursando,,,ordinario,Septiembre-Diciembre 2022,004,4
IEN20200186,Ingeniería en Energía,Activo,3,Mecánica de Fluidos,3,Cursando,,,ordinario,Septiembre-Diciembre 2022,004,6
IEN20200186,Ingeniería en Energía,Activo,3,Cálculo Integral,3,Aprobada,95.5,,ordinario,Septiembre-Diciembre 2022,004,6
IDS20240187,Ingeniería en Desarrollo de Software,Inscrito,8,Inteligencia Artificial,2,Aprobada,80.7,,ordinario,Mayo-Agosto 2023,NME,6
IDS20240187,Ingeniería en Desarrollo de Software,Inscrito,8,Programación Estructurada,3,Aprobada,74.2,,ordinario,Septiembre-Diciembre 2023,NME,7
IDS20240187,Ingeniería en Desarrollo de Software,Inscrito,8,Cálculo Diferencial,3,Reprobada,69.2,,repeticion,Septiembre-Diciembre 2023,NME,6
IDS20240187,Ingeniería en Desarrollo de Software,Inscrito,8,Aplicaciones Móviles,3,Aprobada,81.1,,ordinario,Septiembre-Diciembre 2023,NME,7
IDS20240187,Ingeniería en Desarrollo de Software,Inscrito,8,UX/UI,2,Aprobada,91.8,,ordinario,Mayo-Agosto 2023,NME,4
IDS20240187,Ingeniería en Desarrollo de Software,Inscrito,8,Estadía Profesional II,3,Aprobada,73.7,,ordinario,Septiembre-Diciembre 2022,NME,8
IAG20230188,Ingeniería Agroindustrial,Inscrito,9,Estadía Profesional II,1,Aprobada,93.9,,ordinario,Enero-Abril 2023,NME,8
IAG20230188,Ingeniería Agroindustrial,Inscrito,9,Estadía Profesional I,2,Aprobada,80.0,,ordinario,Mayo-Agosto 2023,NME,8
IAG20230188,Ingeniería Agroindustrial,Inscrito,9,Proyecto Agroindustrial II,1,Aprobada,84.1,,ordinario,Enero-Abril 2023,NME,8
IAG20230188,Ingeniería Agroindustrial,Inscrito,9,Estadística,3,Aprobada,73.3,,ordinario,Septiembre-Diciembre 2023,NME,5
IAG20230188,Ingeniería Agroindustrial,Inscrito,9,Gestión Ambiental,3,Aprobada,92.9,,ordinario,Septiembre-Diciembre 2023,NME,5
IAG20230188,Ingeniería Agroindustrial,Inscrito,9,Tecnología de Cereales,3,Aprobada,93.9,,ordinario,Septiembre-Diciembre 2023,NME,6
IAG20230188,Ingeniería Agroindustrial,Inscrito,9,Innovación Agroalimentaria,2,Aprobada,69.1,72.9,repeticion,Mayo-Agosto 2023,NME,6
IAG20230188,Ingeniería Agroindustrial,Inscrito,9,Operaciones Unitarias I,3,Aprobada,70.9,,ordinario,Septiembre-Diciembre 2023,NME,7
IDS20230189,Ingeniería en Desarrollo de Software,Activo,8,Cálculo Integral,3,Aprobada,91.1,,ordinario,Septiembre-Diciembre 2023,NME,6
IDS20230189,Ingeniería en Desarrollo de Software,Activo,8,Probabilidad y Estadística,3,Aprobada,83.8,,ordinario,Septiembre-Diciembre 2023,NME,5
IDS20230189,Ingeniería en Desarrollo de Software,Activo,8,Cálculo Diferencial,3,Aprobada,75.2,,ordinario,Septiembre-Diciembre 2023,NME,6
IDS20230189,Ingeniería en Desarrollo de Software,Activo,8,Analítica de Datos,1,Aprobada,85.8,,ordinario,Enero-Abril 2023,NME,6
IDS20230189,Ingeniería en Desarrollo de Software,Activo,8,Introducción a la Ingeniería,3,Aprobada,80.8,,ordinario,Septiembre-Diciembre 2023,NME,4
IDS20230189,Ingeniería en Desarrollo de Software,Activo,8,Programación Estructurada,3,Aprobada,91.4,,ordinario,Septiembre-Diciembre 2023,NME,7
IDS20230189,Ingeniería en Desarrollo de Software,Activo,8,Sistemas Distribuidos,3,Aprobada,79.6,,ordinario,Septiembre-Diciembre 2022,NME,6
IDS20230189,Ingeniería en Desarrollo de Software,Activo,8,Arquitectura de Software,3,Aprobada,81.3,,ordinario,Septiembre-Diciembre 2023,NME,6
IDS20230189,Ingeniería en Desarrollo de Software,Activo,8,Fundamentos de Programación,3,Aprobada,81.2,,ordinario,Septiembre-Diciembre 2023,NME,7
IBM20240190,Ingeniería Biomédica,Activo,1,Introducción a la Ingeniería Biomédica,3,Cursando,,,ordinario,Septiembre-Diciembre 2022,NME,4
IBM20240190,Ingeniería Biomédica,Activo,1,Inglés I,3,Cursando,,,ordinario,Septiembre-Diciembre 2022,NME,4
IBM20240190,Ingeniería Biomédica,Activo,1,Álgebra Lineal,3,Aprobada,98.6,,ordinario,Septiembre-Diciembre 2022,NME,6
IDS20200191,Ingeniería en Desarrollo de Software,Egresado,9,Aplicaciones Móviles,3,Aprobada,94.3,,ordinario,Septiembre-Diciembre 2023,004,7
IDS20200191,Ingeniería en Desarrollo de Software,Egresado,9,Ética Profesional,3,Reprobada,65.7,69.6,repeticion,Septiembre-Diciembre 2022,004,4
IDS20200191,Ingeniería en Desarrollo de Software,Egresado,9,Calidad de Software,3,Aprobada,89.6,,ordinario,Septiembre-Diciembre 2023,004,5
IDS20210192,Ingeniería en Desarrollo de Software,Activo,2,Cálculo Diferencial,1,Cursando,,,ordinario,Enero-Abril 2023,004,6
IDS20210192,Ingeniería en Desarrollo de Software,Activo,2,Bases de Datos I,1,Cursando,,,ordinario,Enero-Abril 2023,004,6
IDS20210192,Ingeniería en Desarrollo de Software,Activo,2,Fundamentos de Programación,1,Aprobada,87.0,,ordinario,Enero-Abril 2023,004,7
IBM20220193,Ingeniería Biomédica,Activo,9,Biomateriales,3,Aprobada,71.4,,ordinario,Septiembre-Diciembre 2023,NME,6
IBM20220193,Ingeniería Biomédica,Activo,9,Inglés III,3,Reprobada,63.6,67.7,repeticion,Septiembre-Diciembre 2023,NME,4
IBM20220193,Ingeniería Biomédica,Activo,9,Ingeniería Clínica,3,Reprobada,55.9,,repeticion,Septiembre-Diciembre 2023,NME,6
IBM20220193,Ingeniería Biomédica,Activo,9,Biomecánica,3,Aprobada,62.7,95.0,repeticion,Septiembre-Diciembre 2023,NME,6
IBM20220193,Ingeniería Biomédica,Activo,9,Mantenimiento Hospitalario,3,Aprobada,68.7,75.6,repeticion,Septiembre-Diciembre 2023,NME,6
IBM20220193,Ingeniería Biomédica,Activo,9,Estadía Profesional I,1,Aprobada,75.0,,ordinario,Enero-Abril 2023,NME,8
IBM20220193,Ingeniería Biomédica,Activo,9,Procesamiento de Señales,3,Reprobada,58.9,,repeticion,Septiembre-Diciembre 2023,NME,6
IAG20200194,Ingeniería Agroindustrial,Activo,6,Control de Calidad,1,Aprobada,96.5,,ordinario,Enero-Abril 2023,004,6
IAG20200194,Ingeniería Agroindustrial,Activo,6,Dibujo Industrial,3,Aprobada,95.3,,ordinario,Septiembre-Diciembre 2023,004,4
IAG20200194,Ingeniería Agroindustrial,Activo,6,Evaluación Sensorial,3,Aprobada,79.2,,ordinario,Septiembre-Diciembre 2022,004,5
IDS20200195,Ingeniería en Desarrollo de Software,Inscrito,9,Sistemas Distribuidos,2,Reprobada,64.9,,repeticion,Mayo-Agosto 2023,004,6
IDS20200195,Ingeniería en Desarrollo de Software,Inscrito,9,Inglés III,3,Aprobada,83.8,,ordinario,Septiembre-Diciembre 2023,004,4
IDS20200195,Ingeniería en Desarrollo de Software,Inscrito,9,Matemáticas Discretas,3,Reprobada,57.7,65.5,repeticion,Septiembre-Diciembre 2023,004,6
IDS20200195,Ingeniería en Desarrollo de Software,Inscrito,9,Calidad de Software,3,Aprobada,58.0,82.5,repeticion,Septiembre-Diciembre 2023,004,5
IDS20200195,Ingeniería en Desarrollo de Software,Inscrito,9,Seguridad Informática,3,Aprobada,81.5,,ordinario,Septiembre-Diciembre 2023,004,6
IAG20210196,Ingeniería Agroindustrial,Inscrito,5,Gestión Ambiental,1,Aprobada,79.7,,ordinario,Enero-Abril 2023,004,5
IAG20210196,Ingeniería Agroindustrial,Inscrito,5,Inglés II,3,Aprobada,88.4,,ordinario,Septiembre-Diciembre 2023,004,4
IAG20210196,Ingeniería Agroindustrial,Inscrito,5,Álgebra Lineal,3,Aprobada,73.4,,ordinario,Septiembre-Diciembre 2023,004,6
IAG20210196,Ingeniería Agroindustrial,Inscrito,5,Biología,3,Aprobada,65.9,78.8,repeticion,Septiembre-Diciembre 2023,004,6
IAG20210196,Ingeniería Agroindustrial,Inscrito,5,Cálculo Diferencial,2,Aprobada,86.7,,ordinario,Mayo-Agosto 2023,004,6
IAG20210196,Ingeniería Agroindustrial,Inscrito,5,Tecnología de Lácteos,3,Reprobada,69.6,62.4,repeticion,Septiembre-Diciembre 2022,004,6
IAG20210196,Ingeniería Agroindustrial,Inscrito,5,Inglés I,3,Aprobada,76.3,,ordinario,Septiembre-Diciembre 2023,004,4
IEN20220197,Ingeniería en Energía,Egresado,9,Álgebra Lineal,3,Reprobada,50.6,,repeticion,Septiembre-Diciembre 2023,NME,6
IEN20220197,Ingeniería en Energía,Egresado,9,Sustentabilidad Energética,3,Aprobada,70.3,,ordinario,Septiembre-Diciembre 2022,NME,5
IEN20220197,Ingeniería en Energía,Egresado,9,Almacenamiento de Energía,3,Aprobada,75.7,,ordinario,Septiembre-Diciembre 2023,NME,6
IEN20220197,Ingeniería en Energía,Egresado,9,Termodinámica I,3,Aprobada,43.5,81.9,repeticion,Septiembre-Diciembre 2023,NME,7
IEN20220197,Ingeniería en Energía,Egresado,9,Emprendimiento,1,Reprobada,66.2,,repeticion,Enero-Abril 2023,NME,4
IEN20220197,Ingeniería en Energía,Egresado,9,Circuitos Eléctricos,3,Reprobada,64.2,,repeticion,Septiembre-Diciembre 2023,NME,6
IEN20220197,Ingeniería en Energía,Egresado,9,Auditoría Energética,3,Reprobada,61.3,51.1,repeticion,Septiembre-Diciembre 2023,NME,6
IBM20240198,Ingeniería Biomédica,Inscrito,5,Biomateriales,3,Reprobada,66.1,46.3,repeticion,Septiembre-Diciembre 2022,NME,6
IBM20240198,Ingeniería Biomédica,Inscrito,5,Cálculo Diferencial,3,Reprobada,57.2,,repeticion,Septiembre-Diciembre 2023,NME,6
IBM20240198,Ingeniería Biomédica,Inscrito,5,Inglés III,2,Aprobada,55.2,79.6,repeticion,Mayo-Agosto 2023,NME,4
IBM20240198,Ingeniería Biomédica,Inscrito,5,Bioinstrumentación II,2,Aprobada,73.3,,ordinario,Mayo-Agosto 2023,NME,7
IBM20240198,Ingeniería Biomédica,Inscrito,5,Anatomía y Fisiología I,3,Reprobada,49.5,,repeticion,Septiembre-Diciembre 2023,NME,7
IBM20240198,Ingeniería Biomédica,Inscrito,5,Química General,3,Aprobada,66.7,79.6,repeticion,Septiembre-Diciembre 2023,NME,6
IDS20230199,Ingeniería en Desarrollo de Software,Activo,5,Bases de Datos I,3,Aprobada,83.3,,ordinario,Septiembre-Diciembre 2023,NME,6
IDS20230199,Ingeniería en Desarrollo de Software,Activo,5,Cálculo Integral,2,Aprobada,85.4,,ordinario,Mayo-Agosto 2023,NME,6
IDS20230199,Ingeniería en Desarrollo de Software,Activo,5,Arquitectura de Software,1,Aprobada,90.1,,ordinario,Enero-Abril 2023,NME,6
IDS20230199,Ingeniería en Desarrollo de Software,Activo,5,Aplicaciones Móviles,3,Aprobada,88.8,,ordinario,Septiembre-Diciembre 2022,NME,7
IDS20230199,Ingeniería en Desarrollo de Software,Activo,5,Fundamentos de Programación,3,Aprobada,82.9,,ordinario,Septiembre-Diciembre 2023,NME,7
IDS20230199,Ingeniería en Desarrollo de Software,Activo,5,Ingeniería de Software,1,Aprobada,92.0,,ordinario,Enero-Abril 2023,NME,6
IDS20230199,Ingeniería en Desarrollo de Software,Activo,5,Álgebra Lineal,3,Aprobada,85.2,,ordinario,Septiembre-Diciembre 2023,NME,6
IDS20230199,Ingeniería en Desarrollo de Software,Activo,5,Programación Orientada a Objetos,2,Aprobada,92.3,,ordinario,Mayo-Agosto 2023,NME,7
IDS20230199,Ingeniería en Desarrollo de Software,Activo,5,Matemáticas Discretas,1,Aprobada,92.3,,ordinario,Enero-Abril 2023,NME,6
IEN20220200,Ingeniería en Energía,Baja Temporal,8,Sistemas Fotovoltaicos,3,Aprobada,83.0,,ordinario,Septiembre-Diciembre 2023,NME,7
IEN20220200,Ingeniería en Energía,Baja Temporal,8,Eficiencia Energética,3,Aprobada,84.4,,ordinario,Septiembre-Diciembre 2023,NME,6
IEN20220200,Ingeniería en Energía,Baja Temporal,8,Circuitos Eléctricos,3,Baja,,,repeticion,Septiembre-Diciembre 2023,NME,6
IBM20240201,Ingeniería Biomédica,Activo,8,Inglés IV,3,Aprobada,90.7,,ordinario,Septiembre-Diciembre 2023,NME,4
IBM20240201,Ingeniería Biomédica,Activo,8,Anatomía y Fisiología II,3,Aprobada,72.9,,ordinario,Septiembre-Diciembre 2023,NME,7
IBM20240201,Ingeniería Biomédica,Activo,8,Administración Hospitalaria,3,Aprobada,76.3,,ordinario,Septiembre-Diciembre 2022,NME,5
IBM20240201,Ingeniería Biomédica,Activo,8,Telemedicina,2,Aprobada,76.7,,ordinario,Mayo-Agosto 2023,NME,6
IBM20240201,Ingeniería Biomédica,Activo,8,Química Orgánica,3,Aprobada,77.0,,ordinario,Septiembre-Diciembre 2023,NME,6
IBM20240201,Ingeniería Biomédica,Activo,8,Procesamiento de Señales,2,Aprobada,86.0,,ordinario,Mayo-Agosto 2023,NME,6
IBM20240201,Ingeniería Biomédica,Activo,8,Estadía Profesional II,3,Reprobada,64.7,,repeticion,Septiembre-Diciembre 2022,NME,8
IBM20240201,Ingeniería Biomédica,Activo,8,Cálculo Diferencial,3,Aprobada,85.0,,ordinario,Septiembre-Diciembre 2023,NME,6
IBM20240201,Ingeniería Biomédica,Activo,8,Gestión de Tecnología Médica,3,Aprobada,80.9,,ordinario,Septiembre-Diciembre 2022,NME,5
IDS20210202,Ingeniería en Desarrollo de Software,Activo,5,Gestión de Proyectos,3,Aprobada,90.6,,ordinario,Septiembre-Diciembre 2022,004,5
IDS20210202,Ingeniería en Desarrollo de Software,Activo,5,Programación Estructurada,3,Aprobada,79.1,,ordinario,Septiembre-Diciembre 2023,004,7
IDS20210202,Ingeniería en Desarrollo de Software,Activo,5,Ingeniería de Software,1,Aprobada,76.0,,ordinario,Enero-Abril 2023,004,6
IDS20210202,Ingeniería en Desarrollo de Software,Activo,5,Inglés I,3,Aprobada,80.4,,ordinario,Septiembre-Diciembre 2023,004,4
IDS20210202,Ingeniería en Desarrollo de Software,Activo,5,Álgebra Lineal,3,Aprobada,59.5,77.1,repeticion,Septiembre-Diciembre 2023,004,6
IDS20210202,Ingeniería en Desarrollo de Software,Activo,5,Redes de Computadoras,1,Cursando,,,ordinario,Enero-Abril 2023,004,6
IDS20210202,Ingeniería en Desarrollo de Software,Activo,5,Inglés IV,3,Aprobada,89.6,,ordinario,Septiembre-Diciembre 2022,004,4
IBM20200203,Ingeniería Biomédica,Activo,7,Normatividad Sanitaria,2,Reprobada,57.9,,repeticion,Mayo-Agosto 2023,004,5
IBM20200203,Ingeniería Biomédica,Activo,7,Control Biomédico,3,Aprobada,64.3,77.4,repeticion,Septiembre-Diciembre 2022,004,6
IBM20200203,Ingeniería Biomédica,Activo,7,Gestión de Tecnología Médica,3,Cursando,,,ordinario,Septiembre-Diciembre 2022,004,5
IBM20200203,Ingeniería Biomédica,Activo,7,Metrología Biomédica,3,Reprobada,53.8,,repeticion,Septiembre-Diciembre 2022,004,5
IBM20200203,Ingeniería Biomédica,Activo,7,Bioinstrumentación I,3,Aprobada,63.7,80.4,repeticion,Septiembre-Diciembre 2023,004,7
IBM20200203,Ingeniería Biomédica,Activo,7,Ingeniería Clínica,2,Reprobada,50.3,68.4,repeticion,Mayo-Agosto 2023,004,6
IBM20200203,Ingeniería Biomédica,Activo,7,Física Médica,3,Reprobada,64.6,,repeticion,Septiembre-Diciembre 2023,004,6
IBM20200203,Ingeniería Biomédica,Activo,7,Biomateriales,2,Reprobada,66.7,,repeticion,Mayo-Agosto 2023,004,6
IBM20200203,Ingeniería Biomédica,Activo,7,Telemedicina,1,Reprobada,67.3,,repeticion,Enero-Abril 2023,004,6
IBM20210204,Ingeniería Biomédica,Activo,4,Electrónica Digital,3,Cursando,,,ordinario,Septiembre-Diciembre 2022,004,6
IBM20210204,Ingeniería Biomédica,Activo,4,Álgebra Lineal,3,Aprobada,80.3,,ordinario,Septiembre-Diciembre 2023,004,6
IBM20210204,Ingeniería Biomédica,Activo,4,Química General,3,Aprobada,83.8,,ordinario,Septiembre-Diciembre 2023,004,6
IBM20210204,Ingeniería Biomédica,Activo,4,Inglés I,3,Reprobada,67.4,,repeticion,Septiembre-Diciembre 2023,004,4
IBM20210204,Ingeniería Biomédica,Activo,4,Probabilidad y Estadística,1,Aprobada,80.6,,ordinario,Enero-Abril 2023,004,5
IBM20210204,Ingeniería Biomédica,Activo,4,Inglés III,1,Reprobada,67.6,,repeticion,Enero-Abril 2023,004,4
IBM20210205,Ingeniería Biomédica,Activo,3,Introducción a la Ingeniería Biomédica,2,Aprobada,77.8,,ordinario,Mayo-Agosto 2023,004,4
IBM20210205,Ingeniería Biomédica,Activo,3,Anatomía y Fisiología II,3,Aprobada,90.4,,ordinario,Septiembre-Diciembre 2022,004,7
IBM20210205,Ingeniería Biomédica,Activo,3,Inglés I,1,Aprobada,84.7,,ordinario,Enero-Abril 2023,004,4
IBM20210205,Ingeniería Biomédica,Activo,3,Anatomía y Fisiología I,2,Aprobada,85.2,,ordinario,Mayo-Agosto 2023,004,7
IBM20210205,Ingeniería Biomédica,Activo,3,Biomecánica,3,Aprobada,92.4,,ordinario,Septiembre-Diciembre 2022,004,6
IBM20210205,Ingeniería Biomédica,Activo,3,Cálculo Diferencial,1,Aprobada,88.4,,ordinario,Enero-Abril 2023,004,6
IDS20220206,Ingeniería en Desarrollo de Software,Inscrito,1,Fundamentos de Programación,3,Aprobada,73.5,,ordinario,Septiembre-Diciembre 2022,NME,7
IDS20220206,Ingeniería en Desarrollo de Software,Inscrito,1,Comunicación Oral y Escrita,3,Aprobada,80.2,,ordinario,Septiembre-Diciembre 2022,NME,4
IDS20220206,Ingeniería en Desarrollo de Software,Inscrito,1,Introducción a la Ingeniería,3,Aprobada,71.1,,ordinario,Septiembre-Diciembre 2022,NME,4
IAG20240207,Ingeniería Agroindustrial,Activo,8,Inocuidad Alimentaria,3,Aprobada,82.6,,ordinario,Septiembre-Diciembre 2023,NME,6
IAG20240207,Ingeniería Agroindustrial,Activo,8,Inglés III,3,Aprobada,74.6,,ordinario,Septiembre-Diciembre 2023,NME,4
IAG20240207,Ingeniería Agroindustrial,Activo,8,Proyecto Agroindustrial I,1,Aprobada,82.5,,ordinario,Enero-Abril 2023,NME,8
IAG20240207,Ingeniería Agroindustrial,Activo,8,Estadía Profesional I,3,Aprobada,72.9,,ordinario,Septiembre-Diciembre 2022,NME,8
IDS20220208,Ingeniería en Desarrollo de Software,Activo,4,Comunicación Oral y Escrita,3,Reprobada,67.9,,repeticion,Septiembre-Diciembre 2023,NME,4
IDS20220208,Ingeniería en Desarrollo de Software,Activo,4,Inglés IV,3,Cursando,,,ordinario,Septiembre-Diciembre 2022,NME,4
IDS20220208,Ingeniería en Desarrollo de Software,Activo,4,Inglés III,1,Aprobada,84.0,,ordinario,Enero-Abril 2023,NME,4
IDS20220208,Ingeniería en Desarrollo de Software,Activo,4,Bases de Datos I,1,Reprobada,53.9,,repeticion,Enero-Abril 2023,NME,6
IDS20220208,Ingeniería en Desarrollo de Software,Activo,4,Estructuras de Datos,1,Reprobada,55.3,,repeticion,Enero-Abril 2023,NME,7
IDS20220208,Ingeniería en Desarrollo de Software,Activo,4,Introducción a la Ingeniería,3,Reprobada,62.6,,repeticion,Septiembre-Diciembre 2023,NME,4
IBM20220209,Ingeniería Biomédica,Activo,2,Química General,1,Aprobada,84.3,,ordinario,Enero-Abril 2023,NME,6
IBM20220209,Ingeniería Biomédica,Activo,2,Biología Celular,1,Aprobada,85.7,,ordinario,Enero-Abril 2023,NME,6
IBM20220209,Ingeniería Biomédica,Activo,2,Introducción a la Ingeniería Biomédica,1,Aprobada,94.8,,ordinario,Enero-Abril 2023,NME,4
IDS20200210,Ingeniería en Desarrollo de Software,Activo,3,Bases de Datos II,3,Reprobada,69.4,,repeticion,Septiembre-Diciembre 2022,004,6
IDS20200210,Ingeniería en Desarrollo de Software,Activo,3,Bases de Datos I,1,Aprobada,86.1,,ordinario,Enero-Abril 2023,004,6
IDS20200210,Ingeniería en Desarrollo de Software,Activo,3,Cálculo Integral,3,Aprobada,85.0,,ordinario,Septiembre-Diciembre 2022,004,6
IAG20240211,Ingeniería Agroindustrial,Egresado,9,Biología,3,Reprobada,64.7,,repeticion,Septiembre-Diciembre 2023,NME,6
IAG20240211,Ingeniería Agroindustrial,Egresado,9,Residencia Profesional,1,Reprobada,53.8,,repeticion,Enero-Abril 2023,NME,12
IAG20240211,Ingeniería Agroindustrial,Egresado,9,Estadística,3,Reprobada,59.7,60.5,repeticion,Septiembre-Diciembre 2023,NME,5
IAG20240211,Ingeniería Agroindustrial,Egresado,9,Gestión de Calidad,3,Aprobada,76.3,,ordinario,Septiembre-Diciembre 2022,NME,5
IAG20240211,Ingeniería Agroindustrial,Egresado,9,Proyecto Agroindustrial I,2,Reprobada,60.6,,repeticion,Mayo-Agosto 2023,NME,8
IAG20240211,Ingeniería Agroindustrial,Egresado,9,Inglés III,3,Aprobada,52.7,79.2,repeticion,Septiembre-Diciembre 2023,NME,4
IEN20230212,Ingeniería en Energía,Activo,3,Introducción a la Energía,3,Aprobada,72.5,,ordinario,Septiembre-Diciembre 2023,NME,4
IEN20230212,Ingeniería en Energía,Activo,3,Física I,2,Aprobada,58.5,80.0,repeticion,Mayo-Agosto 2023,NME,6
IEN20230212,Ingeniería en Energía,Activo,3,Cálculo Integral,1,Cursando,,,ordinario,Enero-Abril 2023,NME,6
IEN20230212,Ingeniería en Energía,Activo,3,Mecánica de Fluidos,3,Cursando,,,ordinario,Septiembre-Diciembre 2022,NME,6
IEN20230212,Ingeniería en Energía,Activo,3,Cálculo Diferencial,1,Reprobada,66.4,65.5,repeticion,Enero-Abril 2023,NME,6
IEN20230212,Ingeniería en Energía,Activo,3,Circuitos Eléctricos,3,Aprobada,87.3,,ordinario,Septiembre-Diciembre 2022,NME,6
IAG20230213,Ingeniería Agroindustrial,Inscrito,5,Química General,3,Aprobada,82.9,,ordinario,Septiembre-Diciembre 2023,NME,6
IAG20230213,Ingeniería Agroindustrial,Inscrito,5,Microbiología,3,Aprobada,88.4,,ordinario,Septiembre-Diciembre 2023,NME,6
IAG20230213,Ingeniería Agroindustrial,Inscrito,5,Inglés I,3,Aprobada,89.0,,ordinario,Septiembre-Diciembre 2023,NME,4
IEN20220214,Ingeniería en Energía,Inscrito,2,Introducción a la Energía,1,Aprobada,84.7,,ordinario,Enero-Abril 2023,NME,4
IEN20220214,Ingeniería en Energía,Inscrito,2,Inglés I,1,Aprobada,92.8,,ordinario,Enero-Abril 2023,NME,4
IEN20220214,Ingeniería en Energía,Inscrito,2,Inglés II,3,Aprobada,86.2,,ordinario,Septiembre-Diciembre 2022,NME,4
IEN20220214,Ingeniería en Energía,Inscrito,2,Álgebra Lineal,3,Aprobada,95.0,,ordinario,Septiembre-Diciembre 2022,NME,6
IAG20210215,Ingeniería Agroindustrial,Activo,1,Introducción a la Agroindustria,3,Cursando,,,ordinario,Septiembre-Diciembre 2022,004,4
IAG20210215,Ingeniería Agroindustrial,Activo,1,Química General,3,Cursando,,,ordinario,Septiembre-Diciembre 2022,004,6
IAG20210215,Ingeniería Agroindustrial,Activo,1,Biología,3,Reprobada,56.7,65.9,repeticion,Septiembre-Diciembre 2022,004,6
IAG20240216,Ingeniería Agroindustrial,Activo,4,Química General,3,Aprobada,97.2,,ordinario,Septiembre-Diciembre 2023,NME,6
IAG20240216,Ingeniería Agroindustrial,Activo,4,Termodinámica,1,Cursando,,,ordinario,Enero-Abril 2023,NME,6
IAG20240216,Ingeniería Agroindustrial,Activo,4,Operaciones Unitarias I,1,Aprobada,89.3,,ordinario,Enero-Abril 2023,NME,7
IAG20240216,Ingeniería Agroindustrial,Activo,4,Inocuidad Alimentaria,1,Cursando,,,ordinario,Enero-Abril 2023,NME,6
IAG20240216,Ingeniería Agroindustrial,Activo,4,Álgebra Lineal,3,Aprobada,82.3,,ordinario,Septiembre-Diciembre 2023,NME,6
IDS20220217,Ingeniería en Desarrollo de Software,Activo,3,Programación Orientada a Objetos,3,Aprobada,81.0,,ordinario,Septiembre-Diciembre 2022,NME,7
IDS20220217,Ingeniería en Desarrollo de Software,Activo,3,Inglés II,1,Aprobada,74.8,,ordinario,Enero-Abril 2023,NME,4
IDS20220217,Ingeniería en Desarrollo de Software,Activo,3,Cálculo Integral,1,Cursando,,,ordinario,Enero-Abril 2023,NME,6
IDS20220217,Ingeniería en Desarrollo de Software,Activo,3,Introducción a la Ingeniería,2,Aprobada,76.6,,ordinario,Mayo-Agosto 2023,NME,4
IDS20220217,Ingeniería en Desarrollo de Software,Activo,3,Cálculo Diferencial,1,Aprobada,79.2,,ordinario,Enero-Abril 2023,NME,6
IBM20220218,Ingeniería Biomédica,Baja Temporal,7,Cálculo Diferencial,3,Aprobada,81.6,,ordinario,Septiembre-Diciembre 2023,NME,6
IBM20220218,Ingeniería Biomédica,Baja Temporal,7,Bioinstrumentación I,3,Baja,,,repeticion,Septiembre-Diciembre 2023,NME,7
IBM20220218,Ingeniería Biomédica,Baja Temporal,7,Inglés II,3,Aprobada,76.0,,ordinario,Septiembre-Diciembre 2023,NME,4
IBM20220218,Ingeniería Biomédica,Baja Temporal,7,Metrología Biomédica,2,Reprobada,67.4,66.2,repeticion,Mayo-Agosto 2023,NME,5
IBM20220218,Ingeniería Biomédica,Baja Temporal,7,Electrónica Analógica,3,Aprobada,77.1,,ordinario,Septiembre-Diciembre 2023,NME,6
IBM20220218,Ingeniería Biomédica,Baja Temporal,7,Introducción a la Ingeniería Biomédica,3,Aprobada,93.0,,ordinario,Septiembre-Diciembre 2023,NME,4
IBM20220218,Ingeniería Biomédica,Baja Temporal,7,Inglés I,3,Aprobada,85.5,,ordinario,Septiembre-Diciembre 2023,NME,4
IBM20220218,Ingeniería Biomédica,Baja Temporal,7,Procesamiento de Señales,2,Aprobada,95.9,,ordinario,Mayo-Agosto 2023,NME,6
IAG20230219,Ingeniería Agroindustrial,Inscrito,3,Inglés II,1,Aprobada,86.6,,ordinario,Enero-Abril 2023,NME,4
IAG20230219,Ingeniería Agroindustrial,Inscrito,3,Inglés I,3,Aprobada,94.1,,ordinario,Septiembre-Diciembre 2023,NME,4
IAG20230219,Ingeniería Agroindustrial,Inscrito,3,Biología,3,Aprobada,82.4,,ordinario,Septiembre-Diciembre 2023,NME,6
IAG20230219,Ingeniería Agroindustrial,Inscrito,3,Química de Alimentos,1,Aprobada,89.4,,ordinario,Enero-Abril 2023,NME,6
IAG20230219,Ingeniería Agroindustrial,Inscrito,3,Dibujo Industrial,3,Aprobada,75.6,,ordinario,Septiembre-Diciembre 2022,NME,4
IEN20220220,Ingeniería en Energía,Activo,7,Inglés II,3,Aprobada,64.5,92.0,repeticion,Septiembre-Diciembre 2023,NME,4
IEN20220220,Ingeniería en Energía,Activo,7,Circuitos Eléctricos,3,Aprobada,70.4,,ordinario,Septiembre-Diciembre 2023,NME,6
IEN20220220,Ingeniería en Energía,Activo,7,Física II,3,Aprobada,74.9,,ordinario,Septiembre-Diciembre 2023,NME,6
IEN20220220,Ingeniería en Energía,Activo,7,Química General,3,Aprobada,72.5,,ordinario,Septiembre-Diciembre 2023,NME,6
IEN20220220,Ingeniería en Energía,Activo,7,Modelado Energético,3,Aprobada,80.4,,ordinario,Septiembre-Diciembre 2022,NME,6
IEN20220220,Ingeniería en Energía,Activo,7,Máquinas Eléctricas,3,Aprobada,78.0,,ordinario,Septiembre-Diciembre 2023,NME,6
IEN20210221,Ingeniería en Energía,Activo,5,Álgebra Lineal,3,Reprobada,57.6,,repeticion,Septiembre-Diciembre 2023,004,6
IEN20210221,Ingeniería en Energía,Activo,5,Mecánica de Fluidos,2,Reprobada,53.0,,repeticion,Mayo-Agosto 2023,004,6
IEN20210221,Ingeniería en Energía,Activo,5,Sistemas Fotovoltaicos,3,Aprobada,70.6,,ordinario,Septiembre-Diciembre 2022,004,7
IEN20210221,Ingeniería en Energía,Activo,5,Energía Solar,1,Aprobada,83.5,,ordinario,Enero-Abril 2023,004,6
IEN20210221,Ingeniería en Energía,Activo,5,Cálculo Integral,2,Reprobada,58.7,,repeticion,Mayo-Agosto 2023,004,6
IEN20210221,Ingeniería en Energía,Activo,5,Inglés II,3,Reprobada,60.2,,repeticion,Septiembre-Diciembre 2023,004,4
IDS20220222,Ingeniería en Desarrollo de Software,Activo,8,Bases de Datos II,3,Aprobada,87.6,,ordinario,Septiembre-Diciembre 2023,NME,6
IDS20220222,Ingeniería en Desarrollo de Software,Activo,8,Pruebas de Software,2,Aprobada,77.6,,ordinario,Mayo-Agosto 2023,NME,5
IDS20220222,Ingeniería en Desarrollo de Software,Activo,8,Desarrollo en la Nube,2,Aprobada,78.4,,ordinario,Mayo-Agosto 2023,NME,6
IDS20220222,Ingeniería en Desarrollo de Software,Activo,8,Comunicación Oral y Escrita,3,Aprobada,84.6,,ordinario,Septiembre-Diciembre 2023,NME,4
IDS20220222,Ingeniería en Desarrollo de Software,Activo,8,Proyecto Integrador,3,Cursando,,,ordinario,Septiembre-Diciembre 2022,NME,8
IDS20220222,Ingeniería en Desarrollo de Software,Activo,8,Analítica de Datos,1,Aprobada,82.1,,ordinario,Enero-Abril 2023,NME,6
IAG20220223,Ingeniería Agroindustrial,Activo,1,Inglés I,3,Cursando,,,ordinario,Septiembre-Diciembre 2022,NME,4
IAG20220223,Ingeniería Agroindustrial,Activo,1,Biología,3,Aprobada,73.7,,ordinario,Septiembre-Diciembre 2022,NME,6
IAG20220223,Ingeniería Agroindustrial,Activo,1,Química General,3,Cursando,,,ordinario,Septiembre-Diciembre 2022,NME,6
IEN20200224,Ingeniería en Energía,Baja Temporal,4,Inglés II,1,Reprobada,61.9,,repeticion,Enero-Abril 2023,004,4
IEN20200224,Ingeniería en Energía,Baja Temporal,4,Mecánica de Fluidos,3,Reprobada,51.5,,repeticion,Septiembre-Diciembre 2022,004,6
IEN20200224,Ingeniería en Energía,Baja Temporal,4,Energía Eólica,1,Baja,,,repeticion,Enero-Abril 2023,004,6
IEN20200224,Ingeniería en Energía,Baja Temporal,4,Inglés I,2,Aprobada,71.4,,ordinario,Mayo-Agosto 2023,004,4
IEN20200224,Ingeniería en Energía,Baja Temporal,4,Cálculo Integral,1,Aprobada,70.0,,ordinario,Enero-Abril 2023,004,6
IEN20200224,Ingeniería en Energía,Baja Temporal,4,Cálculo Diferencial,2,Aprobada,60.0,74.0,repeticion,Mayo-Agosto 2023,004,6
IEN20240225,Ingeniería en Energía,Activo,4,Cálculo Diferencial,2,Aprobada,86.1,,ordinario,Mayo-Agosto 2023,NME,6
IEN20240225,Ingeniería en Energía,Activo,4,Cálculo Integral,1,Aprobada,75.2,,ordinario,Enero-Abril 2023,NME,6
IEN20240225,Ingeniería en Energía,Activo,4,Energía Solar,1,Aprobada,84.4,,ordinario,Enero-Abril 2023,NME,6
IEN20240225,Ingeniería en Energía,Activo,4,Inglés III,1,Aprobada,76.2,,ordinario,Enero-Abril 2023,NME,4
IEN20240225,Ingeniería en Energía,Activo,4,Energía Eólica,3,Aprobada,79.9,,ordinario,Septiembre-Diciembre 2022,NME,6
IEN20240225,Ingeniería en Energía,Activo,4,Circuitos Eléctricos,1,Aprobada,96.0,,ordinario,Enero-Abril 2023,NME,6
IEN20240225,Ingeniería en Energía,Activo,4,Máquinas Eléctricas,1,Aprobada,76.6,,ordinario,Enero-Abril 2023,NME,6
IEN20240225,Ingeniería en Energía,Activo,4,Introducción a la Energía,2,Aprobada,79.7,,ordinario,Mayo-Agosto 2023,NME,4
IBM20200226,Ingeniería Biomédica,Activo,3,Electrónica Analógica,3,Cursando,,,ordinario,Septiembre-Diciembre 2022,004,6
IBM20200226,Ingeniería Biomédica,Activo,3,Biomecánica,1,Cursando,,,ordinario,Enero-Abril 2023,004,6
IBM20200226,Ingeniería Biomédica,Activo,3,Álgebra Lineal,3,Aprobada,86.1,,ordinario,Septiembre-Diciembre 2023,004,6
IBM20200226,Ingeniería Biomédica,Activo,3,Anatomía y Fisiología I,3,Aprobada,73.1,,ordinario,Septiembre-Diciembre 2022,004,7
IBM20200226,Ingeniería Biomédica,Activo,3,Probabilidad y Estadística,3,Aprobada,80.1,,ordinario,Septiembre-Diciembre 2022,004,5
IEN20220227,Ingeniería en Energía,Activo,1,Inglés I,3,Cursando,,,ordinario,Septiembre-Diciembre 2022,NME,4
IEN20220227,Ingeniería en Energía,Activo,1,Introducción a la Energía,3,Cursando,,,ordinario,Septiembre-Diciembre 2022,NME,4
IEN20220227,Ingeniería en Energía,Activo,1,Física I,3,Aprobada,95.2,,ordinario,Septiembre-Diciembre 2022,NME,6
IBM20230228,Ingeniería Biomédica,Activo,2,Introducción a la Ingeniería Biomédica,1,Aprobada,92.9,,ordinario,Enero-Abril 2023,NME,4
IBM20230228,Ingeniería Biomédica,Activo,2,Álgebra Lineal,1,Aprobada,97.5,,ordinario,Enero-Abril 2023,NME,6
IBM20230228,Ingeniería Biomédica,Activo,2,Inglés I,2,Aprobada,91.4,,ordinario,Mayo-Agosto 2023,NME,4
IAG20220229,Ingeniería Agroindustrial,Egresado,9,Álgebra Lineal,3,Aprobada,85.4,,ordinario,Septiembre-Diciembre 2023,NME,6
IAG20220229,Ingeniería Agroindustrial,Egresado,9,Microbiología,3,Aprobada,90.6,,ordinario,Septiembre-Diciembre 2023,NME,6
IAG20220229,Ingeniería Agroindustrial,Egresado,9,Gestión Ambiental,3,Aprobada,70.3,,ordinario,Septiembre-Diciembre 2023,NME,5
IAG20220229,Ingeniería Agroindustrial,Egresado,9,Diseño de Plantas,2,Reprobada,60.3,,repeticion,Mayo-Agosto 2023,NME,7
IAG20240230,Ingeniería Agroindustrial,Activo,2,Química General,1,Aprobada,78.3,,ordinario,Enero-Abril 2023,NME,6
IAG20240230,Ingeniería Agroindustrial,Activo,2,Estadística,1,Cursando,,,ordinario,Enero-Abril 2023,NME,5
IAG20240230,Ingeniería Agroindustrial,Activo,2,Biología,1,Aprobada,84.7,,ordinario,Enero-Abril 2023,NME,6
IEN20200231,Ingeniería en Energía,Activo,3,Estadística,1,Aprobada,92.8,,ordinario,Enero-Abril 2023,004,5
IEN20200231,Ingeniería en Energía,Activo,3,Física II,2,Aprobada,92.9,,ordinario,Mayo-Agosto 2023,004,6
IEN20200231,Ingeniería en Energía,Activo,3,Circuitos Eléctricos,1,Aprobada,88.7,,ordinario,Enero-Abril 2023,004,6
IEN20200231,Ingeniería en Energía,Activo,3,Química General,2,Aprobada,97.8,,ordinario,Mayo-Agosto 2023,004,6
IEN20200231,Ingeniería en Energía,Activo,3,Álgebra Lineal,2,Aprobada,87.7,,ordinario,Mayo-Agosto 2023,004,6
IEN20200231,Ingeniería en Energía,Activo,3,Física I,2,Aprobada,82.0,,ordinario,Mayo-Agosto 2023,004,6
IAG20220232,Ingeniería Agroindustrial,Inscrito,9,Introducción a la Agroindustria,3,Aprobada,94.4,,ordinario,Septiembre-Diciembre 2023,NME,4
IAG20220232,Ingeniería Agroindustrial,Inscrito,9,Emprendimiento,3,Aprobada,76.9,,ordinario,Septiembre-Diciembre 2022,NME,4
IAG20220232,Ingeniería Agroindustrial,Inscrito,9,Química General,3,Aprobada,82.4,,ordinario,Septiembre-Diciembre 2023,NME,6
IAG20220232,Ingeniería Agroindustrial,Inscrito,9,Tecnología de Cárnicos,2,Aprobada,87.9,,ordinario,Mayo-Agosto 2023,NME,6
IAG20220232,Ingeniería Agroindustrial,Inscrito,9,Química de Alimentos,3,Aprobada,84.3,,ordinario,Septiembre-Diciembre 2023,NME,6
IAG20220232,Ingeniería Agroindustrial,Inscrito,9,Inglés IV,3,Aprobada,70.8,,ordinario,Septiembre-Diciembre 2023,NME,4
IAG20220232,Ingeniería Agroindustrial,Inscrito,9,Inglés I,3,Aprobada,74.7,,ordinario,Septiembre-Diciembre 2023,NME,4
IAG20220232,Ingeniería Agroindustrial,Inscrito,9,Operaciones Unitarias II,3,Aprobada,74.2,,ordinario,Septiembre-Diciembre 2023,NME,7
IAG20220232,Ingeniería Agroindustrial,Inscrito,9,Seminario de Titulación,3,Aprobada,77.9,,ordinario,Septiembre-Diciembre 2022,NME,6
IBM20230233,Ingeniería Biomédica,Activo,8,Procesamiento de Señales,3,Reprobada,66.5,60.7,repeticion,Septiembre-Diciembre 2023,NME,6
IBM20230233,Ingeniería Biomédica,Activo,8,Telemedicina,1,Aprobada,76.2,,ordinario,Enero-Abril 2023,NME,6
IBM20230233,Ingeniería Biomédica,Activo,8,Cálculo Diferencial,3,Aprobada,85.0,,ordinario,Septiembre-Diciembre 2023,NME,6
IEN20210234,Ingeniería en Energía,Inscrito,2,Cálculo Diferencial,3,Aprobada,86.3,,ordinario,Septiembre-Diciembre 2022,004,6
IEN20210234,Ingeniería en Energía,Inscrito,2,Inglés II,3,Aprobada,82.0,,ordinario,Septiembre-Diciembre 2022,004,4
IEN20210234,Ingeniería en Energía,Inscrito,2,Estadística,3,Aprobada,77.7,,ordinario,Septiembre-Diciembre 2022,004,5
IEN20240235,Ingeniería en Energía,Activo,8,Cálculo Diferencial,3,Aprobada,78.3,,ordinario,Septiembre-Diciembre 2023,NME,6
IEN20240235,Ingeniería en Energía,Activo,8,Álgebra Lineal,3,Reprobada,59.5,,repeticion,Septiembre-Diciembre 2023,NME,6
IEN20240235,Ingeniería en Energía,Activo,8,Estadística,3,Aprobada,58.9,74.8,repeticion,Septiembre-Diciembre 2023,NME,5
IEN20240235,Ingeniería en Energía,Activo,8,Estadía Profesional II,1,Aprobada,78.8,,ordinario,Enero-Abril 2023,NME,8
IEN20240235,Ingeniería en Energía,Activo,8,Auditoría Energética,2,Reprobada,69.1,57.7,repeticion,Mayo-Agosto 2023,NME,6
IEN20240235,Ingeniería en Energía,Activo,8,Sistemas Fotovoltaicos,3,Reprobada,68.1,,repeticion,Septiembre-Diciembre 2023,NME,7
IEN20240235,Ingeniería en Energía,Activo,8,Mercados de Energía,2,Aprobada,69.7,72.7,repeticion,Mayo-Agosto 2023,NME,5
IEN20240235,Ingeniería en Energía,Activo,8,Gestión Ambiental,2,Reprobada,69.3,61.6,repeticion,Mayo-Agosto 2023,NME,5
IEN20240235,Ingeniería en Energía,Activo,8,Almacenamiento de Energía,1,Aprobada,81.9,,ordinario,Enero-Abril 2023,NME,6
IAG20230236,Ingeniería Agroindustrial,Baja Temporal,2,Química de Alimentos,3,Aprobada,75.7,,ordinario,Septiembre-Diciembre 2022,NME,6
IAG20230236,Ingeniería Agroindustrial,Baja Temporal,2,Álgebra Lineal,3,Reprobada,60.2,61.9,repeticion,Septiembre-Diciembre 2022,NME,6
IAG20230236,Ingeniería Agroindustrial,Baja Temporal,2,Biología,1,Aprobada,76.2,,ordinario,Enero-Abril 2023,NME,6
IAG20230236,Ingeniería Agroindustrial,Baja Temporal,2,Microbiología,3,Reprobada,47.5,,repeticion,Septiembre-Diciembre 2022,NME,6
IAG20240237,Ingeniería Agroindustrial,Activo,3,Estadística,1,Reprobada,67.7,,repeticion,Enero-Abril 2023,NME,5
IAG20240237,Ingeniería Agroindustrial,Activo,3,Inglés II,1,Reprobada,53.0,69.3,repeticion,Enero-Abril 2023,NME,4
IAG20240237,Ingeniería Agroindustrial,Activo,3,Introducción a la Agroindustria,2,Reprobada,69.3,,repeticion,Mayo-Agosto 2023,NME,4
IAG20240237,Ingeniería Agroindustrial,Activo,3,Álgebra Lineal,3,Aprobada,72.8,,ordinario,Septiembre-Diciembre 2023,NME,6
IAG20240237,Ingeniería Agroindustrial,Activo,3,Biología,1,Aprobada,80.3,,ordinario,Enero-Abril 2023,NME,6
IAG20240237,Ingeniería Agroindustrial,Activo,3,Conservación de Alimentos,3,Cursando,,,ordinario,Septiembre-Diciembre 2022,NME,6
IAG20210238,Ingeniería Agroindustrial,Activo,8,Envases y Embalajes,3,Aprobada,77.1,,ordinario,Septiembre-Diciembre 2023,004,5
IAG20210238,Ingeniería Agroindustrial,Activo,8,Emprendimiento,1,Cursando,,,ordinario,Enero-Abril 2023,004,4
IAG20210238,Ingeniería Agroindustrial,Activo,8,Procesos Agroindustriales,3,Aprobada,73.8,,ordinario,Septiembre-Diciembre 2023,004,7
IAG20210238,Ingeniería Agroindustrial,Activo,8,Administración de la Producción,1,Aprobada,88.6,,ordinario,Enero-Abril 2023,004,5
IAG20210238,Ingeniería Agroindustrial,Activo,8,Evaluación Sensorial,2,Aprobada,77.0,,ordinario,Mayo-Agosto 2023,004,5
IAG20210238,Ingeniería Agroindustrial,Activo,8,Bioquímica,3,Aprobada,72.4,,ordinario,Septiembre-Diciembre 2023,004,6
IAG20210238,Ingeniería Agroindustrial,Activo,8,Estadía Profesional II,3,Aprobada,74.1,,ordinario,Septiembre-Diciembre 2022,004,8
IAG20210238,Ingeniería Agroindustrial,Activo,8,Estadía Profesional I,1,Aprobada,93.0,,ordinario,Enero-Abril 2023,004,8
IDS20210239,Ingeniería en Desarrollo de Software,Activo,2,Cálculo Diferencial,3,Aprobada,88.7,,ordinario,Septiembre-Diciembre 2022,004,6
IDS20210239,Ingeniería en Desarrollo de Software,Activo,2,Programación Estructurada,3,Cursando,,,ordinario,Septiembre-Diciembre 2022,004,7
IDS20210239,Ingeniería en Desarrollo de Software,Activo,2,Inglés II,3,Reprobada,61.8,,repeticion,Septiembre-Diciembre 2022,004,4
IDS20220240,Ingeniería en Desarrollo de Software,Activo,6,Arquitectura de Software,2,Aprobada,74.5,,ordinario,Mayo-Agosto 2023,NME,6
IDS20220240,Ingeniería en Desarrollo de Software,Activo,6,Inglés III,3,Aprobada,77.4,,ordinario,Septiembre-Diciembre 2023,NME,4
IDS20220240,Ingeniería en Desarrollo de Software,Activo,6,Sistemas Operativos,2,Aprobada,79.7,,ordinario,Mayo-Agosto 2023,NME,6
IDS20220240,Ingeniería en Desarrollo de Software,Activo,6,Desarrollo en la Nube,1,Aprobada,70.1,,ordinario,Enero-Abril 2023,NME,6
IDS20220240,Ingeniería en Desarrollo de Software,Activo,6,Fundamentos de Programación,3,Aprobada,78.8,,ordinario,Septiembre-Diciembre 2023,NME,7
IDS20220240,Ingeniería en Desarrollo de Software,Activo,6,Cálculo Integral,3,Aprobada,86.7,,ordinario,Septiembre-Diciembre 2023,NME,6
IDS20220240,Ingeniería en Desarrollo de Software,Activo,6,Calidad de Software,2,Aprobada,77.5,,ordinario,Mayo-Agosto 2023,NME,5
IDS20220240,Ingeniería en Desarrollo de Software,Activo,6,Programación Estructurada,3,Aprobada,87.2,,ordinario,Septiembre-Diciembre 2023,NME,7
IDS20220240,Ingeniería en Desarrollo de Software,Activo,6,Comunicación Oral y Escrita,3,Aprobada,75.7,,ordinario,Septiembre-Diciembre 2023,NME,4
IEN20220241,Ingeniería en Energía,Activo,1,Álgebra Lineal,3,Cursando,,,ordinario,Septiembre-Diciembre 2022,NME,6
IEN20220241,Ingeniería en Energía,Activo,1,Química General,3,Cursando,,,ordinario,Septiembre-Diciembre 2022,NME,6
IEN20220241,Ingeniería en Energía,Activo,1,Inglés I,3,Cursando,,,ordinario,Septiembre-Diciembre 2022,NME,4
IAG20220242,Ingeniería Agroindustrial,Activo,1,Álgebra Lineal,3,Aprobada,84.2,,ordinario,Septiembre-Diciembre 2022,NME,6
IAG20220242,Ingeniería Agroindustrial,Activo,1,Introducción a la Agroindustria,3,Cursando,,,ordinario,Septiembre-Diciembre 2022,NME,4
IAG20220242,Ingeniería Agroindustrial,Activo,1,Inglés I,3,Aprobada,79.1,,ordinario,Septiembre-Diciembre 2022,NME,4
IEN20200243,Ingeniería en Energía,Activo,8,Sistemas Fotovoltaicos,3,Aprobada,100,,ordinario,Septiembre-Diciembre 2023,004,7
IEN20200243,Ingeniería en Energía,Activo,8,Estadía Profesional I,1,Aprobada,89.4,,ordinario,Enero-Abril 2023,004,8
IEN20200243,Ingeniería en Energía,Activo,8,Inglés III,3,Aprobada,90.5,,ordinario,Septiembre-Diciembre 2023,004,4
IAG20220244,Ingeniería Agroindustrial,Activo,4,Operaciones Unitarias I,1,Aprobada,71.1,,ordinario,Enero-Abril 2023,NME,7
IAG20220244,Ingeniería Agroindustrial,Activo,4,Estadística,2,Aprobada,79.4,,ordinario,Mayo-Agosto 2023,NME,5
IAG20220244,Ingeniería Agroindustrial,Activo,4,Introducción a la Agroindustria,3,Aprobada,79.7,,ordinario,Septiembre-Diciembre 2023,NME,4
IAG20220244,Ingeniería Agroindustrial,Activo,4,Conservación de Alimentos,1,Aprobada,85.6,,ordinario,Enero-Abril 2023,NME,6
IAG20220244,Ingeniería Agroindustrial,Activo,4,Química General,3,Aprobada,91.4,,ordinario,Septiembre-Diciembre 2023,NME,6
IAG20220244,Ingeniería Agroindustrial,Activo,4,Química de Alimentos,1,Aprobada,84.0,,ordinario,Enero-Abril 2023,NME,6
IEN20210245,Ingeniería en Energía,Activo,6,Química General,3,Reprobada,63.9,,repeticion,Septiembre-Diciembre 2023,004,6
IEN20210245,Ingeniería en Energía,Activo,6,Transferencia de Calor,3,Aprobada,87.6,,ordinario,Septiembre-Diciembre 2023,004,6
IEN20210245,Ingeniería en Energía,Activo,6,Mecánica de Fluidos,2,Aprobada,71.4,,ordinario,Mayo-Agosto 2023,004,6
IEN20210245,Ingeniería en Energía,Activo,6,Eficiencia Energética,2,Aprobada,84.2,,ordinario,Mayo-Agosto 2023,004,6
IEN20210245,Ingeniería en Energía,Activo,6,Electrónica de Potencia,3,Aprobada,90.9,,ordinario,Septiembre-Diciembre 2022,004,6
IEN20210245,Ingeniería en Energía,Activo,6,Gestión Ambiental,1,Aprobada,71.2,,ordinario,Enero-Abril 2023,004,5
IDS20240246,Ingeniería en Desarrollo de Software,Activo,1,Fundamentos de Programación,3,Cursando,,,ordinario,Septiembre-Diciembre 2022,NME,7
IDS20240246,Ingeniería en Desarrollo de Software,Activo,1,Inglés I,3,Aprobada,80.3,,ordinario,Septiembre-Diciembre 2022,NME,4
IDS20240246,Ingeniería en Desarrollo de Software,Activo,1,Álgebra Lineal,3,Cursando,,,ordinario,Septiembre-Diciembre 2022,NME,6
IEN20220247,Ingeniería en Energía,Activo,4,Física I,3,Aprobada,80.7,,ordinario,Septiembre-Diciembre 2023,NME,6
IEN20220247,Ingeniería en Energía,Activo,4,Mecánica de Fluidos,1,Aprobada,96.8,,ordinario,Enero-Abril 2023,NME,6
IEN20220247,Ingeniería en Energía,Activo,4,Termodinámica I,1,Aprobada,75.5,,ordinario,Enero-Abril 2023,NME,7
IEN20240248,Ingeniería en Energía,Inscrito,2,Física I,1,Aprobada,69.9,74.5,repeticion,Enero-Abril 2023,NME,6
IEN20240248,Ingeniería en Energía,Inscrito,2,Álgebra Lineal,1,Aprobada,72.0,,ordinario,Enero-Abril 2023,NME,6
IEN20240248,Ingeniería en Energía,Inscrito,2,Circuitos Eléctricos,3,Aprobada,93.5,,ordinario,Septiembre-Diciembre 2022,NME,6
IEN20240248,Ingeniería en Energía,Inscrito,2,Estadística,1,Aprobada,74.3,,ordinario,Enero-Abril 2023,NME,5
IAG20200249,Ingeniería Agroindustrial,Activo,5,Tecnología de Lácteos,3,Cursando,,,ordinario,Septiembre-Diciembre 2022,004,6
IAG20200249,Ingeniería Agroindustrial,Activo,5,Dibujo Industrial,2,Reprobada,57.5,,repeticion,Mayo-Agosto 2023,004,4
IAG20200249,Ingeniería Agroindustrial,Activo,5,Tecnología de Cereales,3,Cursando,,,ordinario,Septiembre-Diciembre 2022,004,6
IAG20240250,Ingeniería Agroindustrial,Activo,6,Inglés IV,2,Aprobada,75.8,,ordinario,Mayo-Agosto 2023,NME,4
IAG20240250,Ingeniería Agroindustrial,Activo,6,Microbiología,3,Aprobada,72.4,,ordinario,Septiembre-Diciembre 2023,NME,6
IAG20240250,Ingeniería Agroindustrial,Activo,6,Biología,3,Aprobada,55.2,78.8,repeticion,Septiembre-Diciembre 2023,NME,6
IAG20240250,Ingeniería Agroindustrial,Activo,6,Control de Calidad,1,Reprobada,64.9,,repeticion,Enero-Abril 2023,NME,6
IAG20240250,Ingeniería Agroindustrial,Activo,6,Tecnología de Cereales,1,Aprobada,82.8,,ordinario,Enero-Abril 2023,NME,6
IAG20240250,Ingeniería Agroindustrial,Activo,6,Operaciones Unitarias I,3,Reprobada,58.1,,repeticion,Septiembre-Diciembre 2023,NME,7
IAG20240250,Ingeniería Agroindustrial,Activo,6,Introducción a la Agroindustria,3,Reprobada,63.4,,repeticion,Septiembre-Diciembre 2023,NME,4
IAG20240250,Ingeniería Agroindustrial,Activo,6,Inglés I,3,Aprobada,83.2,,ordinario,Septiembre-Diciembre 2023,NME,4
IAG20240250,Ingeniería Agroindustrial,Activo,6,Álgebra Lineal,3,Reprobada,54.2,68.7,repeticion,Septiembre-Diciembre 2023,NME,6
IEN20240251,Ingeniería en Energía,Egresado,9,Termodinámica II,3,Aprobada,74.4,,ordinario,Septiembre-Diciembre 2023,NME,7
IEN20240251,Ingeniería en Energía,Egresado,9,Inglés I,3,Aprobada,87.4,,ordinario,Septiembre-Diciembre 2023,NME,4
IEN20240251,Ingeniería en Energía,Egresado,9,Residencia Profesional,3,Aprobada,63.5,81.1,repeticion,Septiembre-Diciembre 2022,NME,12
IEN20240251,Ingeniería en Energía,Egresado,9,Inglés II,3,Aprobada,90.9,,ordinario,Septiembre-Diciembre 2023,NME,4
IDS20230252,Ingeniería en Desarrollo de Software,Activo,7,Analítica de Datos,3,Cursando,,,ordinario,Septiembre-Diciembre 2022,NME,6
IDS20230252,Ingeniería en Desarrollo de Software,Activo,7,Arquitectura de Software,3,Aprobada,81.1,,ordinario,Septiembre-Diciembre 2023,NME,6
IDS20230252,Ingeniería en Desarrollo de Software,Activo,7,Programación Estructurada,3,Aprobada,82.2,,ordinario,Septiembre-Diciembre 2023,NME,7
IDS20230252,Ingeniería en Desarrollo de Software,Activo,7,Sistemas Operativos,3,Aprobada,73.4,,ordinario,Septiembre-Diciembre 2023,NME,6
IDS20230252,Ingeniería en Desarrollo de Software,Activo,7,Desarrollo en la Nube,1,Aprobada,75.8,,ordinario,Enero-Abril 2023,NME,6
IDS20240253,Ingeniería en Desarrollo de Software,Activo,5,Bases de Datos I,2,Aprobada,87.4,,ordinario,Mayo-Agosto 2023,NME,6
IDS20240253,Ingeniería en Desarrollo de Software,Activo,5,Introducción a la Ingeniería,3,Aprobada,79.5,,ordinario,Septiembre-Diciembre 2023,NME,4
IDS20240253,Ingeniería en Desarrollo de Software,Activo,5,Inglés II,3,Aprobada,73.5,,ordinario,Septiembre-Diciembre 2023,NME,4
IDS20240253,Ingeniería en Desarrollo de Software,Activo,5,Matemáticas Discretas,1,Aprobada,78.6,,ordinario,Enero-Abril 2023,NME,6
IDS20240253,Ingeniería en Desarrollo de Software,Activo,5,Probabilidad y Estadística,2,Aprobada,81.4,,ordinario,Mayo-Agosto 2023,NME,5
IDS20240253,Ingeniería en Desarrollo de Software,Activo,5,Ingeniería de Software,3,Aprobada,84.5,,ordinario,Septiembre-Diciembre 2022,NME,6
IDS20240253,Ingeniería en Desarrollo de Software,Activo,5,Bases de Datos II,2,Reprobada,69.2,,repeticion,Mayo-Agosto 2023,NME,6
IEN20230254,Ingeniería en Energía,Activo,3,Química General,2,Aprobada,87.9,,ordinario,Mayo-Agosto 2023,NME,6
IEN20230254,Ingeniería en Energía,Activo,3,Introducción a la Energía,2,Reprobada,68.9,,repeticion,Mayo-Agosto 2023,NME,4
IEN20230254,Ingeniería en Energía,Activo,3,Estadística,1,Aprobada,68.0,76.1,repeticion,Enero-Abril 2023,NME,5
IEN20230254,Ingeniería en Energía,Activo,3,Termodinámica I,1,Aprobada,90.6,,ordinario,Enero-Abril 2023,NME,7
IEN20230254,Ingeniería en Energía,Activo,3,Física I,2,Aprobada,89.1,,ordinario,Mayo-Agosto 2023,NME,6
IBM20200255,Ingeniería Biomédica,Activo,3,Anatomía y Fisiología I,3,Aprobada,81.1,,ordinario,Septiembre-Diciembre 2022,004,7
IBM20200255,Ingeniería Biomédica,Activo,3,Inglés I,3,Aprobada,92.7,,ordinario,Septiembre-Diciembre 2023,004,4
IBM20200255,Ingeniería Biomédica,Activo,3,Química General,2,Aprobada,88.2,,ordinario,Mayo-Agosto 2023,004,6
IBM20200255,Ingeniería Biomédica,Activo,3,Bioinstrumentación I,3,Aprobada,84.2,,ordinario,Septiembre-Diciembre 2022,004,7
IBM20200255,Ingeniería Biomédica,Activo,3,Introducción a la Ingeniería Biomédica,2,Aprobada,95.7,,ordinario,Mayo-Agosto 2023,004,4
IDS20240256,Ingeniería en Desarrollo de Software,Activo,4,Fundamentos de Programación,3,Reprobada,60.7,,repeticion,Septiembre-Diciembre 2023,NME,7
IDS20240256,Ingeniería en Desarrollo de Software,Activo,4,Cálculo Diferencial,2,Aprobada,77.6,,ordinario,Mayo-Agosto 2023,NME,6
IDS20240256,Ingeniería en Desarrollo de Software,Activo,4,Matemáticas Discretas,3,Reprobada,67.2,65.9,repeticion,Septiembre-Diciembre 2022,NME,6
IDS20240256,Ingeniería en Desarrollo de Software,Activo,4,Sistemas Operativos,3,Aprobada,74.7,,ordinario,Septiembre-Diciembre 2022,NME,6
IDS20240256,Ingeniería en Desarrollo de Software,Activo,4,Introducción a la Ingeniería,3,Aprobada,70.7,,ordinario,Septiembre-Diciembre 2023,NME,4
IDS20240256,Ingeniería en Desarrollo de Software,Activo,4,Inglés III,3,Aprobada,88.0,,ordinario,Septiembre-Diciembre 2022,NME,4
IDS20240256,Ingeniería en Desarrollo de Software,Activo,4,Probabilidad y Estadística,2,Aprobada,77.0,,ordinario,Mayo-Agosto 2023,NME,5
IDS20240256,Ingeniería en Desarrollo de Software,Activo,4,Cálculo Integral,3,Aprobada,82.2,,ordinario,Septiembre-Diciembre 2022,NME,6
IBM20230257,Ingeniería Biomédica,Activo,7,Inglés IV,3,Reprobada,46.9,,repeticion,Septiembre-Diciembre 2023,NME,4
IBM20230257,Ingeniería Biomédica,Activo,7,Normatividad Sanitaria,2,Reprobada,66.0,,repeticion,Mayo-Agosto 2023,NME,5
IBM20230257,Ingeniería Biomédica,Activo,7,Bioinstrumentación II,2,Reprobada,57.2,51.0,repeticion,Mayo-Agosto 2023,NME,7
IBM20230257,Ingeniería Biomédica,Activo,7,Proyecto Biomédico I,3,Aprobada,70.2,,ordinario,Septiembre-Diciembre 2022,NME,8
IBM20230257,Ingeniería Biomédica,Activo,7,Cálculo Diferencial,3,Aprobada,52.6,87.8,repeticion,Septiembre-Diciembre 2023,NME,6
IBM20230257,Ingeniería Biomédica,Activo,7,Gestión de Tecnología Médica,3,Cursando,,,ordinario,Septiembre-Diciembre 2022,NME,5
IAG20220258,Ingeniería Agroindustrial,Activo,8,Bioquímica,3,Aprobada,77.2,,ordinario,Septiembre-Diciembre 2023,NME,6
IAG20220258,Ingeniería Agroindustrial,Activo,8,Inglés II,3,Reprobada,63.3,,repeticion,Septiembre-Diciembre 2023,NME,4
IAG20220258,Ingeniería Agroindustrial,Activo,8,Tecnología de Cárnicos,2,Aprobada,83.3,,ordinario,Mayo-Agosto 2023,NME,6
IAG20220258,Ingeniería Agroindustrial,Activo,8,Gestión Ambiental,3,Aprobada,76.8,,ordinario,Septiembre-Diciembre 2023,NME,5
IAG20220258,Ingeniería Agroindustrial,Activo,8,Biología,3,Aprobada,79.3,,ordinario,Septiembre-Diciembre 2023,NME,6
IAG20220258,Ingeniería Agroindustrial,Activo,8,Álgebra Lineal,3,Aprobada,80.2,,ordinario,Septiembre-Diciembre 2023,NME,6
IAG20220258,Ingeniería Agroindustrial,Activo,8,Envases y Embalajes,3,Aprobada,76.5,,ordinario,Septiembre-Diciembre 2023,NME,5
IAG20220258,Ingeniería Agroindustrial,Activo,8,Proyecto Agroindustrial I,1,Aprobada,62.2,82.7,repeticion,Enero-Abril 2023,NME,8
IEN20230259,Ingeniería en Energía,Activo,1,Física I,1,Cursando,,,ordinario,Enero-Abril 2023,NME,6
IEN20230259,Ingeniería en Energía,Activo,1,Introducción a la Energía,3,Reprobada,66.9,,repeticion,Septiembre-Diciembre 2022,NME,4
IEN20230259,Ingeniería en Energía,Activo,1,Inglés I,3,Cursando,,,ordinario,Septiembre-Diciembre 2022,NME,4
IBM20200260,Ingeniería Biomédica,Activo,2,Inglés II,3,Cursando,,,ordinario,Septiembre-Diciembre 2022,004,4
IBM20200260,Ingeniería Biomédica,Activo,2,Anatomía y Fisiología I,1,Cursando,,,ordinario,Enero-Abril 2023,004,7
IBM20200260,Ingeniería Biomédica,Activo,2,Cálculo Diferencial,3,Cursando,,,ordinario,Septiembre-Diciembre 2022,004,6
IAG20230261,Ingeniería Agroindustrial,Inscrito,8,Envases y Embalajes,3,Aprobada,79.9,,ordinario,Septiembre-Diciembre 2023,NME,5
IAG20230261,Ingeniería Agroindustrial,Inscrito,8,Estadía Profesional II,3,Aprobada,85.2,,ordinario,Septiembre-Diciembre 2022,NME,8
IAG20230261,Ingeniería Agroindustrial,Inscrito,8,Comercialización Agroindustrial,3,Aprobada,79.5,,ordinario,Septiembre-Diciembre 2022,NME,5
IAG20230261,Ingeniería Agroindustrial,Inscrito,8,Operaciones Unitarias II,3,Aprobada,74.8,,ordinario,Septiembre-Diciembre 2023,NME,7
IAG20230261,Ingeniería Agroindustrial,Inscrito,8,Inglés I,3,Reprobada,62.6,,repeticion,Septiembre-Diciembre 2023,NME,4
IAG20230261,Ingeniería Agroindustrial,Inscrito,8,Evaluación Sensorial,3,Aprobada,75.4,,ordinario,Septiembre-Diciembre 2023,NME,5
IAG20230261,Ingeniería Agroindustrial,Inscrito,8,Conservación de Alimentos,3,Aprobada,78.7,,ordinario,Septiembre-Diciembre 2023,NME,6
IAG20230261,Ingeniería Agroindustrial,Inscrito,8,Bioprocesos,1,Aprobada,77.8,,ordinario,Enero-Abril 2023,NME,6
IAG20230261,Ingeniería Agroindustrial,Inscrito,8,Microbiología,3,Aprobada,85.9,,ordinario,Septiembre-Diciembre 2023,NME,6
IAG20220262,Ingeniería Agroindustrial,Activo,5,Control de Calidad,1,Cursando,,,ordinario,Enero-Abril 2023,NME,6
IAG20220262,Ingeniería Agroindustrial,Activo,5,Termodinámica,1,Aprobada,85.5,,ordinario,Enero-Abril 2023,NME,6
IAG20220262,Ingeniería Agroindustrial,Activo,5,Tecnología de Lácteos,1,Cursando,,,ordinario,Enero-Abril 2023,NME,6
IAG20220262,Ingeniería Agroindustrial,Activo,5,Microbiología,3,Aprobada,96.6,,ordinario,Septiembre-Diciembre 2023,NME,6
IAG20220262,Ingeniería Agroindustrial,Activo,5,Introducción a la Agroindustria,3,Aprobada,85.6,,ordinario,Septiembre-Diciembre 2023,NME,4
IAG20220262,Ingeniería Agroindustrial,Activo,5,Dibujo Industrial,2,Aprobada,79.4,,ordinario,Mayo-Agosto 2023,NME,4
IBM20210263,Ingeniería Biomédica,Activo,2,Introducción a la Ingeniería Biomédica,1,Aprobada,78.2,,ordinario,Enero-Abril 2023,004,4
IBM20210263,Ingeniería Biomédica,Activo,2,Álgebra Lineal,1,Aprobada,60.3,79.1,repeticion,Enero-Abril 2023,004,6
IBM20210263,Ingeniería Biomédica,Activo,2,Biología Celular,1,Aprobada,81.7,,ordinario,Enero-Abril 2023,004,6
IAG20220264,Ingeniería Agroindustrial,Activo,3,Operaciones Unitarias I,1,Aprobada,78.4,,ordinario,Enero-Abril 2023,NME,7
IAG20220264,Ingeniería Agroindustrial,Activo,3,Biología,2,Aprobada,85.4,,ordinario,Mayo-Agosto 2023,NME,6
IAG20220264,Ingeniería Agroindustrial,Activo,3,Dibujo Industrial,3,Cursando,,,ordinario,Septiembre-Diciembre 2022,NME,4
IAG20220264,Ingeniería Agroindustrial,Activo,3,Conservación de Alimentos,1,Cursando,,,ordinario,Enero-Abril 2023,NME,6
IAG20220264,Ingeniería Agroindustrial,Activo,3,Cálculo Diferencial,2,Aprobada,84.7,,ordinario,Mayo-Agosto 2023,NME,6
IAG20220264,Ingeniería Agroindustrial,Activo,3,Química General,2,Aprobada,81.5,,ordinario,Mayo-Agosto 2023,NME,6
IEN20220265,Ingeniería en Energía,Activo,7,Química General,3,Aprobada,81.6,,ordinario,Septiembre-Diciembre 2023,NME,6
IEN20220265,Ingeniería en Energía,Activo,7,Inglés II,3,Aprobada,77.7,,ordinario,Septiembre-Diciembre 2023,NME,4
IEN20220265,Ingeniería en Energía,Activo,7,Cálculo Integral,3,Aprobada,82.0,,ordinario,Septiembre-Diciembre 2023,NME,6
IEN20220265,Ingeniería en Energía,Activo,7,Mecánica de Fluidos,3,Reprobada,63.1,,repeticion,Septiembre-Diciembre 2023,NME,6
IEN20220265,Ingeniería en Energía,Activo,7,Termodinámica II,2,Aprobada,56.9,77.4,repeticion,Mayo-Agosto 2023,NME,7
IEN20220265,Ingeniería en Energía,Activo,7,Energía Eólica,3,Reprobada,68.2,,repeticion,Septiembre-Diciembre 2023,NME,6
IEN20220265,Ingeniería en Energía,Activo,7,Inglés IV,3,Aprobada,59.1,70.9,repeticion,Septiembre-Diciembre 2023,NME,4
IAG20230266,Ingeniería Agroindustrial,Activo,4,Estadística,2,Aprobada,84.7,,ordinario,Mayo-Agosto 2023,NME,5
IAG20230266,Ingeniería Agroindustrial,Activo,4,Operaciones Unitarias II,3,Aprobada,63.2,80.6,repeticion,Septiembre-Diciembre 2022,NME,7
IAG20230266,Ingeniería Agroindustrial,Activo,4,Conservación de Alimentos,1,Aprobada,73.0,,ordinario,Enero-Abril 2023,NME,6
IAG20230266,Ingeniería Agroindustrial,Activo,4,Inocuidad Alimentaria,3,Aprobada,70.0,,ordinario,Septiembre-Diciembre 2022,NME,6
IAG20230266,Ingeniería Agroindustrial,Activo,4,Termodinámica,1,Aprobada,52.8,77.6,repeticion,Enero-Abril 2023,NME,6
IAG20200267,Ingeniería Agroindustrial,Activo,3,Química General,2,Aprobada,75.9,,ordinario,Mayo-Agosto 2023,004,6
IAG20200267,Ingeniería Agroindustrial,Activo,3,Inglés III,3,Aprobada,80.8,,ordinario,Septiembre-Diciembre 2022,004,4
IAG20200267,Ingeniería Agroindustrial,Activo,3,Dibujo Industrial,3,Cursando,,,ordinario,Septiembre-Diciembre 2022,004,4
IAG20200267,Ingeniería Agroindustrial,Activo,3,Conservación de Alimentos,1,Cursando,,,ordinario,Enero-Abril 2023,004,6
IDS20210268,Ingeniería en Desarrollo de Software,Inscrito,1,Introducción a la Ingeniería,3,Aprobada,89.1,,ordinario,Septiembre-Diciembre 2022,004,4
IDS20210268,Ingeniería en Desarrollo de Software,Inscrito,1,Inglés I,3,Aprobada,95.7,,ordinario,Septiembre-Diciembre 2022,004,4
IDS20210268,Ingeniería en Desarrollo de Software,Inscrito,1,Fundamentos de Programación,3,Aprobada,88.4,,ordinario,Septiembre-Diciembre 2022,004,7
IBM20230269,Ingeniería Biomédica,Activo,3,Biología Celular,3,Aprobada,91.9,,ordinario,Septiembre-Diciembre 2023,NME,6
IBM20230269,Ingeniería Biomédica,Activo,3,Inglés I,2,Reprobada,65.9,,repeticion,Mayo-Agosto 2023,NME,4
IBM20230269,Ingeniería Biomédica,Activo,3,Probabilidad y Estadística,3,Aprobada,84.3,,ordinario,Septiembre-Diciembre 2022,NME,5
IEN20210270,Ingeniería en Energía,Activo,9,Máquinas Eléctricas,3,Aprobada,79.8,,ordinario,Septiembre-Diciembre 2023,004,6
IEN20210270,Ingeniería en Energía,Activo,9,Mecánica de Fluidos,3,Aprobada,76.3,,ordinario,Septiembre-Diciembre 2023,004,6
IEN20210270,Ingeniería en Energía,Activo,9,Cálculo Diferencial,3,Aprobada,83.4,,ordinario,Septiembre-Diciembre 2023,004,6
IEN20210270,Ingeniería en Energía,Activo,9,Álgebra Lineal,3,Reprobada,67.4,,repeticion,Septiembre-Diciembre 2023,004,6
IEN20210270,Ingeniería en Energía,Activo,9,Química General,3,Aprobada,87.0,,ordinario,Septiembre-Diciembre 2023,004,6
IEN20210270,Ingeniería en Energía,Activo,9,Mercados de Energía,2,Aprobada,94.4,,ordinario,Mayo-Agosto 2023,004,5
IEN20210270,Ingeniería en Energía,Activo,9,Energía Eólica,3,Aprobada,77.5,,ordinario,Septiembre-Diciembre 2023,004,6
IEN20210270,Ingeniería en Energía,Activo,9,Estadía Profesional I,2,Aprobada,72.4,,ordinario,Mayo-Agosto 2023,004,8
IEN20210271,Ingeniería en Energía,Activo,9,Estadía Profesional II,1,Aprobada,76.7,,ordinario,Enero-Abril 2023,004,8
IEN20210271,Ingeniería en Energía,Activo,9,Seminario de Titulación,3,Cursando,,,ordinario,Septiembre-Diciembre 2022,004,6
IEN20210271,Ingeniería en Energía,Activo,9,Física I,3,Aprobada,73.4,,ordinario,Septiembre-Diciembre 2023,004,6
IEN20210271,Ingeniería en Energía,Activo,9,Electrónica de Potencia,3,Aprobada,72.5,,ordinario,Septiembre-Diciembre 2023,004,6
IEN20210271,Ingeniería en Energía,Activo,9,Termodinámica I,3,Aprobada,79.9,,ordinario,Septiembre-Diciembre 2023,004,7
IEN20210271,Ingeniería en Energía,Activo,9,Modelado Energético,2,Aprobada,83.2,,ordinario,Mayo-Agosto 2023,004,6
IEN20210271,Ingeniería en Energía,Activo,9,Energía Solar,3,Aprobada,82.4,,ordinario,Septiembre-Diciembre 2023,004,6
IEN20210271,Ingeniería en Energía,Activo,9,Inglés I,3,Aprobada,80.2,,ordinario,Septiembre-Diciembre 2023,004,4
IDS20240272,Ingeniería en Desarrollo de Software,Activo,1,Álgebra Lineal,1,Aprobada,74.9,,ordinario,Enero-Abril 2023,NME,6
IDS20240272,Ingeniería en Desarrollo de Software,Activo,1,Introducción a la Ingeniería,3,Cursando,,,ordinario,Septiembre-Diciembre 2022,NME,4
IDS20240272,Ingeniería en Desarrollo de Software,Activo,1,Comunicación Oral y Escrita,3,Cursando,,,ordinario,Septiembre-Diciembre 2022,NME,4
IEN20220273,Ingeniería en Energía,Activo,5,Cálculo Diferencial,3,Reprobada,58.5,,repeticion,Septiembre-Diciembre 2023,NME,6
IEN20220273,Ingeniería en Energía,Activo,5,Inglés III,2,Aprobada,65.3,72.6,repeticion,Mayo-Agosto 2023,NME,4
IEN20220273,Ingeniería en Energía,Activo,5,Instrumentación,3,Cursando,,,ordinario,Septiembre-Diciembre 2022,NME,5
IEN20220273,Ingeniería en Energía,Activo,5,Física II,3,Aprobada,82.3,,ordinario,Septiembre-Diciembre 2023,NME,6
IEN20220273,Ingeniería en Energía,Activo,5,Máquinas Eléctricas,1,Aprobada,84.6,,ordinario,Enero-Abril 2023,NME,6
IEN20220273,Ingeniería en Energía,Activo,5,Inglés IV,2,Reprobada,56.8,,repeticion,Mayo-Agosto 2023,NME,4
IEN20220273,Ingeniería en Energía,Activo,5,Sistemas Fotovoltaicos,3,Cursando,,,ordinario,Septiembre-Diciembre 2022,NME,7
IEN20210274,Ingeniería en Energía,Activo,9,Mecánica de Fluidos,3,Aprobada,71.8,,ordinario,Septiembre-Diciembre 2023,004,6
IEN20210274,Ingeniería en Energía,Activo,9,Inglés III,3,Aprobada,71.6,,ordinario,Septiembre-Diciembre 2023,004,4
IEN20210274,Ingeniería en Energía,Activo,9,Máquinas Eléctricas,3,Aprobada,71.2,,ordinario,Septiembre-Diciembre 2023,004,6
IEN20210274,Ingeniería en Energía,Activo,9,Residencia Profesional,3,Cursando,,,ordinario,Septiembre-Diciembre 2022,004,12
IEN20210274,Ingeniería en Energía,Activo,9,Sustentabilidad Energética,1,Cursando,,,ordinario,Enero-Abril 2023,004,5
IEN20210274,Ingeniería en Energía,Activo,9,Seminario de Titulación,1,Cursando,,,ordinario,Enero-Abril 2023,004,6
IEN20210274,Ingeniería en Energía,Activo,9,Instrumentación,3,Aprobada,87.1,,ordinario,Septiembre-Diciembre 2023,004,5
IEN20210274,Ingeniería en Energía,Activo,9,Emprendimiento,1,Aprobada,39.6,75.3,repeticion,Enero-Abril 2023,004,4
IEN20210274,Ingeniería en Energía,Activo,9,Mercados de Energía,3,Aprobada,90.0,,ordinario,Septiembre-Diciembre 2023,004,5
IEN20240275,Ingeniería en Energía,Activo,7,Física II,3,Aprobada,85.6,,ordinario,Septiembre-Diciembre 2023,NME,6
IEN20240275,Ingeniería en Energía,Activo,7,Eficiencia Energética,2,Aprobada,76.9,,ordinario,Mayo-Agosto 2023,NME,6
IEN20240275,Ingeniería en Energía,Activo,7,Estadística,3,Reprobada,65.3,,repeticion,Septiembre-Diciembre 2023,NME,5
IEN20240275,Ingeniería en Energía,Activo,7,Termodinámica II,3,Aprobada,94.1,,ordinario,Septiembre-Diciembre 2023,NME,7
IEN20240275,Ingeniería en Energía,Activo,7,Transferencia de Calor,3,Aprobada,71.3,,ordinario,Septiembre-Diciembre 2023,NME,6
IEN20240275,Ingeniería en Energía,Activo,7,Termodinámica I,3,Aprobada,71.2,,ordinario,Septiembre-Diciembre 2023,NME,7
IEN20240275,Ingeniería en Energía,Activo,7,Gestión Ambiental,2,Aprobada,84.2,,ordinario,Mayo-Agosto 2023,NME,5
IEN20240275,Ingeniería en Energía,Activo,7,Máquinas Eléctricas,3,Aprobada,88.7,,ordinario,Septiembre-Diciembre 2023,NME,6
IAG20220276,Ingeniería Agroindustrial,Baja Temporal,6,Operaciones Unitarias II,2,Aprobada,78.2,,ordinario,Mayo-Agosto 2023,NME,7
IAG20220276,Ingeniería Agroindustrial,Baja Temporal,6,Tecnología de Cereales,2,Aprobada,66.3,78.8,repeticion,Mayo-Agosto 2023,NME,6
IAG20220276,Ingeniería Agroindustrial,Baja Temporal,6,Química General,3,Aprobada,40.2,92.9,repeticion,Septiembre-Diciembre 2023,NME,6
IAG20220276,Ingeniería Agroindustrial,Baja Temporal,6,Biología,3,Aprobada,74.8,,ordinario,Septiembre-Diciembre 2023,NME,6
IAG20220276,Ingeniería Agroindustrial,Baja Temporal,6,Tecnología de Cárnicos,3,Aprobada,79.7,,ordinario,Septiembre-Diciembre 2022,NME,6
IAG20240277,Ingeniería Agroindustrial,Activo,9,Tecnología de Lácteos,3,Aprobada,75.1,,ordinario,Septiembre-Diciembre 2023,NME,6
IAG20240277,Ingeniería Agroindustrial,Activo,9,Química de Alimentos,3,Aprobada,79.8,,ordinario,Septiembre-Diciembre 2023,NME,6
IAG20240277,Ingeniería Agroindustrial,Activo,9,Álgebra Lineal,3,Aprobada,88.0,,ordinario,Septiembre-Diciembre 2023,NME,6
IAG20240277,Ingeniería Agroindustrial,Activo,9,Proyecto Agroindustrial I,2,Aprobada,82.7,,ordinario,Mayo-Agosto 2023,NME,8
IAG20240277,Ingeniería Agroindustrial,Activo,9,Dibujo Industrial,3,Aprobada,88.9,,ordinario,Septiembre-Diciembre 2023,NME,4
IAG20240277,Ingeniería Agroindustrial,Activo,9,Procesos Agroindustriales,3,Aprobada,75.4,,ordinario,Septiembre-Diciembre 2023,NME,7
IAG20240277,Ingeniería Agroindustrial,Activo,9,Diseño de Plantas,3,Aprobada,74.0,,ordinario,Septiembre-Diciembre 2023,NME,7
IBM20220278,Ingeniería Biomédica,Activo,6,Biomateriales,1,Aprobada,77.7,,ordinario,Enero-Abril 2023,NME,6
IBM20220278,Ingeniería Biomédica,Activo,6,Biología Celular,3,Aprobada,76.5,,ordinario,Septiembre-Diciembre 2023,NME,6
IBM20220278,Ingeniería Biomédica,Activo,6,Procesamiento de Señales,2,Aprobada,72.6,,ordinario,Mayo-Agosto 2023,NME,6
IBM20220278,Ingeniería Biomédica,Activo,6,Inglés IV,1,Reprobada,61.5,64.6,repeticion,Enero-Abril 2023,NME,4
IBM20220278,Ingeniería Biomédica,Activo,6,Mantenimiento Hospitalario,3,Aprobada,82.9,,ordinario,Septiembre-Diciembre 2022,NME,6
IBM20220278,Ingeniería Biomédica,Activo,6,Electrónica Digital,3,Aprobada,73.7,,ordinario,Septiembre-Diciembre 2023,NME,6
IBM20220278,Ingeniería Biomédica,Activo,6,Inglés III,3,Aprobada,79.2,,ordinario,Septiembre-Diciembre 2023,NME,4
IAG20220279,Ingeniería Agroindustrial,Activo,8,Inglés III,3,Aprobada,87.2,,ordinario,Septiembre-Diciembre 2023,NME,4
IAG20220279,Ingeniería Agroindustrial,Activo,8,Álgebra Lineal,3,Aprobada,73.2,,ordinario,Septiembre-Diciembre 2023,NME,6
IAG20220279,Ingeniería Agroindustrial,Activo,8,Control de Calidad,3,Aprobada,86.9,,ordinario,Septiembre-Diciembre 2023,NME,6
IAG20220279,Ingeniería Agroindustrial,Activo,8,Emprendimiento,3,Cursando,,,ordinario,Septiembre-Diciembre 2022,NME,4
IAG20220280,Ingeniería Agroindustrial,Activo,3,Conservación de Alimentos,3,Aprobada,89.5,,ordinario,Septiembre-Diciembre 2022,NME,6
IAG20220280,Ingeniería Agroindustrial,Activo,3,Inglés I,2,Aprobada,92.3,,ordinario,Mayo-Agosto 2023,NME,4
IAG20220280,Ingeniería Agroindustrial,Activo,3,Química General,2,Aprobada,75.0,,ordinario,Mayo-Agosto 2023,NME,6
IAG20220280,Ingeniería Agroindustrial,Activo,3,Álgebra Lineal,2,Aprobada,72.9,,ordinario,Mayo-Agosto 2023,NME,6
IAG20220280,Ingeniería Agroindustrial,Activo,3,Biología,2,Aprobada,83.5,,ordinario,Mayo-Agosto 2023,NME,6
IAG20220280,Ingeniería Agroindustrial,Activo,3,Inglés II,1,Reprobada,69.7,,repeticion,Enero-Abril 2023,NME,4
IAG20230281,Ingeniería Agroindustrial,Inscrito,4,Operaciones Unitarias II,3,Reprobada,68.6,,repeticion,Septiembre-Diciembre 2022,NME,7
IAG20230281,Ingeniería Agroindustrial,Inscrito,4,Conservación de Alimentos,1,Reprobada,44.5,,repeticion,Enero-Abril 2023,NME,6
IAG20230281,Ingeniería Agroindustrial,Inscrito,4,Introducción a la Agroindustria,3,Reprobada,61.6,56.6,repeticion,Septiembre-Diciembre 2023,NME,4
IAG20230281,Ingeniería Agroindustrial,Inscrito,4,Cálculo Diferencial,1,Aprobada,66.8,72.9,repeticion,Enero-Abril 2023,NME,6
IEN20230282,Ingeniería en Energía,Activo,1,Álgebra Lineal,3,Aprobada,90.3,,ordinario,Septiembre-Diciembre 2022,NME,6
IEN20230282,Ingeniería en Energía,Activo,1,Introducción a la Energía,3,Cursando,,,ordinario,Septiembre-Diciembre 2022,NME,4
IEN20230282,Ingeniería en Energía,Activo,1,Química General,1,Cursando,,,ordinario,Enero-Abril 2023,NME,6
IDS20220283,Ingeniería en Desarrollo de Software,Inscrito,4,Bases de Datos I,2,Aprobada,61.3,76.4,repeticion,Mayo-Agosto 2023,NME,6
IDS20220283,Ingeniería en Desarrollo de Software,Inscrito,4,Inglés I,3,Reprobada,46.9,,repeticion,Septiembre-Diciembre 2023,NME,4
IDS20220283,Ingeniería en Desarrollo de Software,Inscrito,4,Introducción a la Ingeniería,3,Reprobada,68.9,50.7,repeticion,Septiembre-Diciembre 2023,NME,4
IDS20220283,Ingeniería en Desarrollo de Software,Inscrito,4,Sistemas Operativos,3,Reprobada,65.5,,repeticion,Septiembre-Diciembre 2022,NME,6
IDS20220283,Ingeniería en Desarrollo de Software,Inscrito,4,Programación Estructurada,1,Reprobada,59.5,,repeticion,Enero-Abril 2023,NME,7
IDS20220283,Ingeniería en Desarrollo de Software,Inscrito,4,Probabilidad y Estadística,2,Aprobada,78.7,,ordinario,Mayo-Agosto 2023,NME,5
IDS20220283,Ingeniería en Desarrollo de Software,Inscrito,4,Cálculo Diferencial,3,Aprobada,71.0,,ordinario,Septiembre-Diciembre 2023,NME,6
IDS20210284,Ingeniería en Desarrollo de Software,Activo,7,Aplicaciones Móviles,1,Aprobada,72.6,,ordinario,Enero-Abril 2023,004,7
IDS20210284,Ingeniería en Desarrollo de Software,Activo,7,Inglés III,3,Aprobada,75.6,,ordinario,Septiembre-Diciembre 2023,004,4
IDS20210284,Ingeniería en Desarrollo de Software,Activo,7,Estadía Profesional I,3,Cursando,,,ordinario,Septiembre-Diciembre 2022,004,8
IDS20210284,Ingeniería en Desarrollo de Software,Activo,7,Introducción a la Ingeniería,3,Aprobada,84.3,,ordinario,Septiembre-Diciembre 2023,004,4
IDS20210284,Ingeniería en Desarrollo de Software,Activo,7,Minería de Datos,2,Aprobada,71.7,,ordinario,Mayo-Agosto 2023,004,6
IBM20240285,Ingeniería Biomédica,Activo,6,Inglés I,3,Aprobada,61.6,75.1,repeticion,Septiembre-Diciembre 2023,NME,4
IBM20240285,Ingeniería Biomédica,Activo,6,Biomecánica,3,Aprobada,77.6,,ordinario,Septiembre-Diciembre 2023,NME,6
IBM20240285,Ingeniería Biomédica,Activo,6,Imágenes Médicas,1,Reprobada,64.3,,repeticion,Enero-Abril 2023,NME,7
IAG20240286,Ingeniería Agroindustrial,Activo,2,Estadística,1,Cursando,,,ordinario,Enero-Abril 2023,NME,5
IAG20240286,Ingeniería Agroindustrial,Activo,2,Biología,1,Aprobada,71.6,,ordinario,Enero-Abril 2023,NME,6
IAG20240286,Ingeniería Agroindustrial,Activo,2,Inglés I,1,Reprobada,60.4,,repeticion,Enero-Abril 2023,NME,4
IEN20200287,Ingeniería en Energía,Activo,7,Control de Sistemas,1,Aprobada,78.8,,ordinario,Enero-Abril 2023,004,6
IEN20200287,Ingeniería en Energía,Activo,7,Química General,3,Reprobada,67.6,,repeticion,Septiembre-Diciembre 2023,004,6
IEN20200287,Ingeniería en Energía,Activo,7,Termodinámica I,3,Aprobada,91.0,,ordinario,Septiembre-Diciembre 2023,004,7
IEN20200287,Ingeniería en Energía,Activo,7,Energía Eólica,3,Aprobada,67.3,77.4,repeticion,Septiembre-Diciembre 2023,004,6
IEN20200287,Ingeniería en Energía,Activo,7,Cálculo Diferencial,3,Aprobada,86.6,,ordinario,Septiembre-Diciembre 2023,004,6
IEN20200287,Ingeniería en Energía,Activo,7,Cálculo Integral,3,Aprobada,81.6,,ordinario,Septiembre-Diciembre 2023,004,6
IEN20200287,Ingeniería en Energía,Activo,7,Eficiencia Energética,2,Aprobada,70.3,,ordinario,Mayo-Agosto 2023,004,6
IEN20200287,Ingeniería en Energía,Activo,7,Energía Solar,2,Aprobada,84.2,,ordinario,Mayo-Agosto 2023,004,6
IBM20230288,Ingeniería Biomédica,Activo,7,Control Biomédico,3,Reprobada,58.1,,repeticion,Septiembre-Diciembre 2022,NME,6
IBM20230288,Ingeniería Biomédica,Activo,7,Anatomía y Fisiología I,3,Reprobada,67.3,,repeticion,Septiembre-Diciembre 2023,NME,7
IBM20230288,Ingeniería Biomédica,Activo,7,Inglés I,3,Reprobada,61.2,,repeticion,Septiembre-Diciembre 2023,NME,4
IBM20230288,Ingeniería Biomédica,Activo,7,Ingeniería de Rehabilitación,1,Aprobada,83.9,,ordinario,Enero-Abril 2023,NME,6
IBM20230288,Ingeniería Biomédica,Activo,7,Ingeniería Clínica,2,Reprobada,69.4,,repeticion,Mayo-Agosto 2023,NME,6
IBM20230288,Ingeniería Biomédica,Activo,7,Normatividad Sanitaria,2,Aprobada,66.8,73.9,repeticion,Mayo-Agosto 2023,NME,5
IBM20230288,Ingeniería Biomédica,Activo,7,Inglés IV,3,Reprobada,57.4,,repeticion,Septiembre-Diciembre 2023,NME,4
IAG20220289,Ingeniería Agroindustrial,Activo,6,Inglés II,3,Aprobada,78.8,,ordinario,Septiembre-Diciembre 2023,NME,4
IAG20220289,Ingeniería Agroindustrial,Activo,6,Procesos Agroindustriales,3,Aprobada,76.2,,ordinario,Septiembre-Diciembre 2023,NME,7
IAG20220289,Ingeniería Agroindustrial,Activo,6,Álgebra Lineal,3,Aprobada,80.1,,ordinario,Septiembre-Diciembre 2023,NME,6
IAG20220289,Ingeniería Agroindustrial,Activo,6,Biología,3,Aprobada,85.2,,ordinario,Septiembre-Diciembre 2023,NME,6
IAG20220289,Ingeniería Agroindustrial,Activo,6,Inglés IV,3,Aprobada,72.3,,ordinario,Septiembre-Diciembre 2023,NME,4
IAG20220289,Ingeniería Agroindustrial,Activo,6,Conservación de Alimentos,3,Aprobada,71.4,,ordinario,Septiembre-Diciembre 2023,NME,6
IAG20200290,Ingeniería Agroindustrial,Activo,4,Conservación de Alimentos,1,Aprobada,84.7,,ordinario,Enero-Abril 2023,004,6
IAG20200290,Ingeniería Agroindustrial,Activo,4,Introducción a la Agroindustria,2,Reprobada,42.3,,repeticion,Mayo-Agosto 2023,004,4
IAG20200290,Ingeniería Agroindustrial,Activo,4,Bioquímica,1,Aprobada,69.7,74.5,repeticion,Enero-Abril 2023,004,6
IAG20200290,Ingeniería Agroindustrial,Activo,4,Química de Alimentos,2,Reprobada,53.5,65.4,repeticion,Mayo-Agosto 2023,004,6
IAG20200290,Ingeniería Agroindustrial,Activo,4,Estadística,2,Aprobada,69.3,77.8,repeticion,Mayo-Agosto 2023,004,5
IAG20200290,Ingeniería Agroindustrial,Activo,4,Inglés II,1,Reprobada,54.2,,repeticion,Enero-Abril 2023,004,4
IDS20230291,Ingeniería en Desarrollo de Software,Activo,1,Introducción a la Ingeniería,3,Cursando,,,ordinario,Septiembre-Diciembre 2022,NME,4
IDS20230291,Ingeniería en Desarrollo de Software,Activo,1,Inglés I,3,Aprobada,76.7,,ordinario,Septiembre-Diciembre 2022,NME,4
IDS20230291,Ingeniería en Desarrollo de Software,Activo,1,Fundamentos de Programación,1,Aprobada,82.9,,ordinario,Enero-Abril 2023,NME,7
IEN20200292,Ingeniería en Energía,Activo,4,Introducción a la Energía,3,Aprobada,81.6,,ordinario,Septiembre-Diciembre 2023,004,4
IEN20200292,Ingeniería en Energía,Activo,4,Inglés III,1,Aprobada,90.7,,ordinario,Enero-Abril 2023,004,4
IEN20200292,Ingeniería en Energía,Activo,4,Cálculo Diferencial,2,Aprobada,98.9,,ordinario,Mayo-Agosto 2023,004,6
IEN20200292,Ingeniería en Energía,Activo,4,Energía Eólica,3,Aprobada,97.4,,ordinario,Septiembre-Diciembre 2022,004,6
IEN20200292,Ingeniería en Energía,Activo,4,Termodinámica II,3,Cursando,,,ordinario,Septiembre-Diciembre 2022,004,7
IEN20230293,Ingeniería en Energía,Activo,9,Máquinas Eléctricas,3,Aprobada,73.7,,ordinario,Septiembre-Diciembre 2023,NME,6
IEN20230293,Ingeniería en Energía,Activo,9,Introducción a la Energía,3,Aprobada,73.8,,ordinario,Septiembre-Diciembre 2023,NME,4
IEN20230293,Ingeniería en Energía,Activo,9,Redes Eléctricas,3,Aprobada,76.9,,ordinario,Septiembre-Diciembre 2023,NME,6
IBM20210294,Ingeniería Biomédica,Activo,6,Inglés II,3,Aprobada,82.3,,ordinario,Septiembre-Diciembre 2023,004,4
IBM20210294,Ingeniería Biomédica,Activo,6,Señales Biomédicas,2,Aprobada,77.2,,ordinario,Mayo-Agosto 2023,004,6
IBM20210294,Ingeniería Biomédica,Activo,6,Dispositivos Médicos,1,Cursando,,,ordinario,Enero-Abril 2023,004,7
IBM20210294,Ingeniería Biomédica,Activo,6,Ingeniería de Rehabilitación,3,Cursando,,,ordinario,Septiembre-Diciembre 2022,004,6
IBM20210294,Ingeniería Biomédica,Activo,6,Anatomía y Fisiología II,3,Aprobada,73.6,,ordinario,Septiembre-Diciembre 2023,004,7
IBM20210294,Ingeniería Biomédica,Activo,6,Procesamiento de Señales,1,Aprobada,79.1,,ordinario,Enero-Abril 2023,004,6
IBM20210294,Ingeniería Biomédica,Activo,6,Inglés I,3,Aprobada,71.7,,ordinario,Septiembre-Diciembre 2023,004,4
IBM20220295,Ingeniería Biomédica,Activo,2,Inglés I,1,Aprobada,78.7,,ordinario,Enero-Abril 2023,NME,4
IBM20220295,Ingeniería Biomédica,Activo,2,Cálculo Diferencial,1,Cursando,,,ordinario,Enero-Abril 2023,NME,6
IBM20220295,Ingeniería Biomédica,Activo,2,Inglés II,3,Cursando,,,ordinario,Septiembre-Diciembre 2022,NME,4
IBM20240296,Ingeniería Biomédica,Activo,6,Física Médica,1,Aprobada,80.4,,ordinario,Enero-Abril 2023,NME,6
IBM20240296,Ingeniería Biomédica,Activo,6,Ingeniería Clínica,1,Aprobada,67.8,83.8,repeticion,Enero-Abril 2023,NME,6
IBM20240296,Ingeniería Biomédica,Activo,6,Inglés II,3,Aprobada,92.4,,ordinario,Septiembre-Diciembre 2023,NME,4
IBM20240296,Ingeniería Biomédica,Activo,6,Ingeniería de Rehabilitación,3,Cursando,,,ordinario,Septiembre-Diciembre 2022,NME,6
IBM20240296,Ingeniería Biomédica,Activo,6,Anatomía y Fisiología II,3,Reprobada,69.4,,repeticion,Septiembre-Diciembre 2023,NME,7
IBM20240296,Ingeniería Biomédica,Activo,6,Cálculo Diferencial,3,Aprobada,72.2,,ordinario,Septiembre-Diciembre 2023,NME,6
IBM20240296,Ingeniería Biomédica,Activo,6,Mantenimiento Hospitalario,1,Cursando,,,ordinario,Enero-Abril 2023,NME,6
IBM20240296,Ingeniería Biomédica,Activo,6,Álgebra Lineal,3,Aprobada,82.9,,ordinario,Septiembre-Diciembre 2023,NME,6
IDS20230297,Ingeniería en Desarrollo de Software,Activo,1,Introducción a la Ingeniería,3,Cursando,,,ordinario,Septiembre-Diciembre 2022,NME,4
IDS20230297,Ingeniería en Desarrollo de Software,Activo,1,Inglés I,3,Cursando,,,ordinario,Septiembre-Diciembre 2022,NME,4
IDS20230297,Ingeniería en Desarrollo de Software,Activo,1,Fundamentos de Programación,3,Aprobada,92.9,,ordinario,Septiembre-Diciembre 2022,NME,7
IBM20210298,Ingeniería Biomédica,Activo,3,Inglés II,1,Aprobada,78.2,,ordinario,Enero-Abril 2023,004,4
IBM20210298,Ingeniería Biomédica,Activo,3,Química Orgánica,1,Aprobada,80.4,,ordinario,Enero-Abril 2023,004,6
IBM20210298,Ingeniería Biomédica,Activo,3,Anatomía y Fisiología I,1,Reprobada,66.1,,repeticion,Enero-Abril 2023,004,7
IEN20240299,Ingeniería en Energía,Activo,6,Máquinas Eléctricas,3,Aprobada,100,,ordinario,Septiembre-Diciembre 2023,NME,6
IEN20240299,Ingeniería en Energía,Activo,6,Control de Sistemas,3,Cursando,,,ordinario,Septiembre-Diciembre 2022,NME,6
IEN20240299,Ingeniería en Energía,Activo,6,Química General,3,Aprobada,98.6,,ordinario,Septiembre-Diciembre 2023,NME,6
IEN20240299,Ingeniería en Energía,Activo,6,Mecánica de Fluidos,3,Aprobada,91.1,,ordinario,Septiembre-Diciembre 2023,NME,6
IBM20230300,Ingeniería Biomédica,Activo,5,Cálculo Diferencial,3,Aprobada,75.8,,ordinario,Septiembre-Diciembre 2023,NME,6
IBM20230300,Ingeniería Biomédica,Activo,5,Normatividad Sanitaria,3,Aprobada,80.2,,ordinario,Septiembre-Diciembre 2022,NME,5
IBM20230300,Ingeniería Biomédica,Activo,5,Inglés III,1,Reprobada,67.5,65.7,repeticion,Enero-Abril 2023,NME,4
IBM20230300,Ingeniería Biomédica,Activo,5,Química General,3,Aprobada,83.4,,ordinario,Septiembre-Diciembre 2023,NME,6
IEN20210301,Ingeniería en Energía,Inscrito,1,Álgebra Lineal,1,Reprobada,69.0,68.6,repeticion,Enero-Abril 2023,004,6
IEN20210301,Ingeniería en Energía,Inscrito,1,Inglés I,3,Aprobada,64.0,72.1,repeticion,Septiembre-Diciembre 2022,004,4
IEN20210301,Ingeniería en Energía,Inscrito,1,Física I,3,Reprobada,66.0,,repeticion,Septiembre-Diciembre 2022,004,6
IAG20240302,Ingeniería Agroindustrial,Activo,5,Operaciones Unitarias I,2,Reprobada,54.6,,repeticion,Mayo-Agosto 2023,NME,7
IAG20240302,Ingeniería Agroindustrial,Activo,5,Introducción a la Agroindustria,3,Reprobada,65.7,,repeticion,Septiembre-Diciembre 2023,NME,4
IAG20240302,Ingeniería Agroindustrial,Activo,5,Tecnología de Cereales,3,Cursando,,,ordinario,Septiembre-Diciembre 2022,NME,6
IAG20240302,Ingeniería Agroindustrial,Activo,5,Envases y Embalajes,3,Reprobada,53.9,,repeticion,Septiembre-Diciembre 2022,NME,5
IAG20240302,Ingeniería Agroindustrial,Activo,5,Inglés III,1,Aprobada,67.7,86.0,repeticion,Enero-Abril 2023,NME,4
IAG20240302,Ingeniería Agroindustrial,Activo,5,Gestión Ambiental,1,Cursando,,,ordinario,Enero-Abril 2023,NME,5
IAG20240302,Ingeniería Agroindustrial,Activo,5,Estadística,2,Aprobada,91.1,,ordinario,Mayo-Agosto 2023,NME,5
IAG20240302,Ingeniería Agroindustrial,Activo,5,Tecnología de Lácteos,3,Aprobada,71.1,,ordinario,Septiembre-Diciembre 2022,NME,6
IAG20240302,Ingeniería Agroindustrial,Activo,5,Termodinámica,3,Aprobada,71.5,,ordinario,Septiembre-Diciembre 2022,NME,6
IDS20220303,Ingeniería en Desarrollo de Software,Activo,3,Bases de Datos I,1,Aprobada,42.7,79.2,repeticion,Enero-Abril 2023,NME,6
IDS20220303,Ingeniería en Desarrollo de Software,Activo,3,Inglés I,3,Reprobada,66.4,,repeticion,Septiembre-Diciembre 2023,NME,4
IDS20220303,Ingeniería en Desarrollo de Software,Activo,3,Inglés III,1,Reprobada,41.9,66.1,repeticion,Enero-Abril 2023,NME,4
IDS20220303,Ingeniería en Desarrollo de Software,Activo,3,Estructuras de Datos,3,Cursando,,,ordinario,Septiembre-Diciembre 2022,NME,7
IDS20220303,Ingeniería en Desarrollo de Software,Activo,3,Programación Orientada a Objetos,3,Cursando,,,ordinario,Septiembre-Diciembre 2022,NME,7
IDS20220303,Ingeniería en Desarrollo de Software,Activo,3,Cálculo Diferencial,1,Aprobada,41.3,85.2,repeticion,Enero-Abril 2023,NME,6
IDS20230304,Ingeniería en Desarrollo de Software,Activo,8,Probabilidad y Estadística,3,Aprobada,79.3,,ordinario,Septiembre-Diciembre 2023,NME,5
IDS20230304,Ingeniería en Desarrollo de Software,Activo,8,Inglés III,3,Aprobada,85.5,,ordinario,Septiembre-Diciembre 2023,NME,4
IDS20230304,Ingeniería en Desarrollo de Software,Activo,8,Minería de Datos,2,Aprobada,80.4,,ordinario,Mayo-Agosto 2023,NME,6
IDS20230304,Ingeniería en Desarrollo de Software,Activo,8,Arquitecturas Empresariales,3,Cursando,,,ordinario,Septiembre-Diciembre 2022,NME,6
IDS20230304,Ingeniería en Desarrollo de Software,Activo,8,Gestión de Proyectos,3,Aprobada,85.3,,ordinario,Septiembre-Diciembre 2023,NME,5
IDS20230304,Ingeniería en Desarrollo de Software,Activo,8,Analítica de Datos,2,Reprobada,64.4,64.9,repeticion,Mayo-Agosto 2023,NME,6
IBM20240305,Ingeniería Biomédica,Activo,6,Inglés I,3,Aprobada,94.1,,ordinario,Septiembre-Diciembre 2023,NME,4
IBM20240305,Ingeniería Biomédica,Activo,6,Señales Biomédicas,3,Aprobada,90.2,,ordinario,Septiembre-Diciembre 2023,NME,6
IBM20240305,Ingeniería Biomédica,Activo,6,Química General,3,Aprobada,91.0,,ordinario,Septiembre-Diciembre 2023,NME,6
IAG20230306,Ingeniería Agroindustrial,Activo,2,Estadística,1,Reprobada,52.8,,repeticion,Enero-Abril 2023,NME,5
IAG20230306,Ingeniería Agroindustrial,Activo,2,Microbiología,3,Aprobada,74.4,,ordinario,Septiembre-Diciembre 2022,NME,6
IAG20230306,Ingeniería Agroindustrial,Activo,2,Química General,1,Reprobada,53.0,61.7,repeticion,Enero-Abril 2023,NME,6
IBM20240307,Ingeniería Biomédica,Activo,7,Química General,3,Aprobada,87.4,,ordinario,Septiembre-Diciembre 2023,NME,6
IBM20240307,Ingeniería Biomédica,Activo,7,Inglés III,3,Reprobada,69.0,,repeticion,Septiembre-Diciembre 2023,NME,4
IBM20240307,Ingeniería Biomédica,Activo,7,Electrónica Digital,3,Aprobada,82.0,,ordinario,Septiembre-Diciembre 2023,NME,6
IEN20240308,Ingeniería en Energía,Activo,8,Energía Solar,3,Aprobada,78.1,,ordinario,Septiembre-Diciembre 2023,NME,6
IEN20240308,Ingeniería en Energía,Activo,8,Introducción a la Energía,3,Aprobada,78.7,,ordinario,Septiembre-Diciembre 2023,NME,4
IEN20240308,Ingeniería en Energía,Activo,8,Modelado Energético,3,Aprobada,78.4,,ordinario,Septiembre-Diciembre 2022,NME,6
IEN20240308,Ingeniería en Energía,Activo,8,Álgebra Lineal,3,Aprobada,83.1,,ordinario,Septiembre-Diciembre 2023,NME,6
IEN20240308,Ingeniería en Energía,Activo,8,Biomasa,1,Aprobada,93.8,,ordinario,Enero-Abril 2023,NME,5
IEN20240308,Ingeniería en Energía,Activo,8,Termodinámica II,3,Reprobada,69.5,,repeticion,Septiembre-Diciembre 2023,NME,7
IEN20240308,Ingeniería en Energía,Activo,8,Energía Eólica,3,Aprobada,87.0,,ordinario,Septiembre-Diciembre 2023,NME,6
IEN20240308,Ingeniería en Energía,Activo,8,Instrumentación,3,Aprobada,79.4,,ordinario,Septiembre-Diciembre 2023,NME,5
IEN20240308,Ingeniería en Energía,Activo,8,Estadística,3,Aprobada,77.9,,ordinario,Septiembre-Diciembre 2023,NME,5
IDS20200309,Ingeniería en Desarrollo de Software,Activo,1,Álgebra Lineal,3,Cursando,,,ordinario,Septiembre-Diciembre 2022,004,6
IDS20200309,Ingeniería en Desarrollo de Software,Activo,1,Introducción a la Ingeniería,3,Cursando,,,ordinario,Septiembre-Diciembre 2022,004,4
IDS20200309,Ingeniería en Desarrollo de Software,Activo,1,Fundamentos de Programación,1,Aprobada,70.2,,ordinario,Enero-Abril 2023,004,7
IBM20210310,Ingeniería Biomédica,Activo,9,Electrónica Digital,3,Aprobada,87.0,,ordinario,Septiembre-Diciembre 2023,004,6
IBM20210310,Ingeniería Biomédica,Activo,9,Dispositivos Médicos,3,Aprobada,80.2,,ordinario,Septiembre-Diciembre 2023,004,7
IBM20210310,Ingeniería Biomédica,Activo,9,Inglés I,3,Aprobada,75.7,,ordinario,Septiembre-Diciembre 2023,004,4
IBM20210310,Ingeniería Biomédica,Activo,9,Administración Hospitalaria,2,Aprobada,92.5,,ordinario,Mayo-Agosto 2023,004,5
IBM20200311,Ingeniería Biomédica,Activo,1,Introducción a la Ingeniería Biomédica,3,Cursando,,,ordinario,Septiembre-Diciembre 2022,004,4
IBM20200311,Ingeniería Biomédica,Activo,1,Álgebra Lineal,3,Aprobada,76.1,,ordinario,Septiembre-Diciembre 2022,004,6
IBM20200311,Ingeniería Biomédica,Activo,1,Inglés I,3,Aprobada,82.6,,ordinario,Septiembre-Diciembre 2022,004,4
IEN20200312,Ingeniería en Energía,Activo,9,Sustentabilidad Energética,3,Cursando,,,ordinario,Septiembre-Diciembre 2022,004,5
IEN20200312,Ingeniería en Energía,Activo,9,Inglés IV,3,Aprobada,82.2,,ordinario,Septiembre-Diciembre 2023,004,4
IEN20200312,Ingeniería en Energía,Activo,9,Química General,3,Aprobada,84.2,,ordinario,Septiembre-Diciembre 2023,004,6
IEN20200312,Ingeniería en Energía,Activo,9,Proyecto Energético II,1,Reprobada,60.9,,repeticion,Enero-Abril 2023,004,8
IEN20200312,Ingeniería en Energía,Activo,9,Residencia Profesional,3,Aprobada,54.9,74.0,repeticion,Septiembre-Diciembre 2022,004,12
IEN20200313,Ingeniería en Energía,Activo,3,Máquinas Eléctricas,3,Aprobada,82.6,,ordinario,Septiembre-Diciembre 2022,004,6
IEN20200313,Ingeniería en Energía,Activo,3,Cálculo Integral,3,Cursando,,,ordinario,Septiembre-Diciembre 2022,004,6
IEN20200313,Ingeniería en Energía,Activo,3,Mecánica de Fluidos,1,Cursando,,,ordinario,Enero-Abril 2023,004,6
IEN20200313,Ingeniería en Energía,Activo,3,Física I,2,Aprobada,83.8,,ordinario,Mayo-Agosto 2023,004,6
IEN20200313,Ingeniería en Energía,Activo,3,Termodinámica I,3,Cursando,,,ordinario,Septiembre-Diciembre 2022,004,7
IEN20200313,Ingeniería en Energía,Activo,3,Circuitos Eléctricos,2,Reprobada,64.2,,repeticion,Mayo-Agosto 2023,004,6
IDS20220314,Ingeniería en Desarrollo de Software,Baja Temporal,2,Bases de Datos I,3,Aprobada,74.8,,ordinario,Septiembre-Diciembre 2022,NME,6
IDS20220314,Ingeniería en Desarrollo de Software,Baja Temporal,2,Inglés I,3,Baja,,,repeticion,Septiembre-Diciembre 2022,NME,4
IDS20220314,Ingeniería en Desarrollo de Software,Baja Temporal,2,Introducción a la Ingeniería,1,Aprobada,82.9,,ordinario,Enero-Abril 2023,NME,4
IAG20210315,Ingeniería Agroindustrial,Activo,4,Dibujo Industrial,2,Aprobada,79.6,,ordinario,Mayo-Agosto 2023,004,4
IAG20210315,Ingeniería Agroindustrial,Activo,4,Microbiología,2,Aprobada,80.6,,ordinario,Mayo-Agosto 2023,004,6
IAG20210315,Ingeniería Agroindustrial,Activo,4,Introducción a la Agroindustria,3,Aprobada,87.6,,ordinario,Septiembre-Diciembre 2023,004,4
IAG20210315,Ingeniería Agroindustrial,Activo,4,Inglés III,1,Aprobada,82.2,,ordinario,Enero-Abril 2023,004,4
IAG20210316,Ingeniería Agroindustrial,Activo,2,Biología,3,Aprobada,77.1,,ordinario,Septiembre-Diciembre 2022,004,6
IAG20210316,Ingeniería Agroindustrial,Activo,2,Inglés I,1,Aprobada,82.7,,ordinario,Enero-Abril 2023,004,4
IAG20210316,Ingeniería Agroindustrial,Activo,2,Cálculo Diferencial,3,Aprobada,76.6,,ordinario,Septiembre-Diciembre 2022,004,6
IEN20230317,Ingeniería en Energía,Activo,4,Inglés II,2,Aprobada,75.7,,ordinario,Mayo-Agosto 2023,NME,4
IEN20230317,Ingeniería en Energía,Activo,4,Estadística,1,Aprobada,83.6,,ordinario,Enero-Abril 2023,NME,5
IEN20230317,Ingeniería en Energía,Activo,4,Física II,1,Aprobada,91.2,,ordinario,Enero-Abril 2023,NME,6
IEN20230317,Ingeniería en Energía,Activo,4,Inglés IV,3,Cursando,,,ordinario,Septiembre-Diciembre 2022,NME,4
IEN20230317,Ingeniería en Energía,Activo,4,Termodinámica I,1,Aprobada,80.9,,ordinario,Enero-Abril 2023,NME,7
IEN20210318,Ingeniería en Energía,Activo,7,Auditoría Energética,1,Aprobada,84.7,,ordinario,Enero-Abril 2023,004,6
IEN20210318,Ingeniería en Energía,Activo,7,Termodinámica I,3,Aprobada,88.7,,ordinario,Septiembre-Diciembre 2023,004,7
IEN20210318,Ingeniería en Energía,Activo,7,Cálculo Diferencial,3,Aprobada,90.1,,ordinario,Septiembre-Diciembre 2023,004,6
IEN20210318,Ingeniería en Energía,Activo,7,Modelado Energético,1,Cursando,,,ordinario,Enero-Abril 2023,004,6
IEN20210318,Ingeniería en Energía,Activo,7,Biomasa,1,Aprobada,94.2,,ordinario,Enero-Abril 2023,004,5
IEN20210318,Ingeniería en Energía,Activo,7,Estadística,3,Aprobada,88.1,,ordinario,Septiembre-Diciembre 2023,004,5
IEN20210318,Ingeniería en Energía,Activo,7,Química General,3,Aprobada,90.4,,ordinario,Septiembre-Diciembre 2023,004,6
IEN20210318,Ingeniería en Energía,Activo,7,Energía Solar,3,Aprobada,94.4,,ordinario,Septiembre-Diciembre 2023,004,6
IEN20200319,Ingeniería en Energía,Activo,8,Transferencia de Calor,3,Aprobada,79.6,,ordinario,Septiembre-Diciembre 2023,004,6
IEN20200319,Ingeniería en Energía,Activo,8,Energía Eólica,3,Aprobada,70.9,,ordinario,Septiembre-Diciembre 2023,004,6
IEN20200319,Ingeniería en Energía,Activo,8,Normatividad Energética,3,Aprobada,79.8,,ordinario,Septiembre-Diciembre 2022,004,5
IEN20240320,Ingeniería en Energía,Baja Temporal,8,Física II,3,Aprobada,85.5,,ordinario,Septiembre-Diciembre 2023,NME,6
IEN20240320,Ingeniería en Energía,Baja Temporal,8,Estadía Profesional II,3,Reprobada,64.7,,repeticion,Septiembre-Diciembre 2022,NME,8
IEN20240320,Ingeniería en Energía,Baja Temporal,8,Instrumentación,3,Aprobada,82.5,,ordinario,Septiembre-Diciembre 2023,NME,5
IEN20240320,Ingeniería en Energía,Baja Temporal,8,Normatividad Energética,3,Aprobada,81.5,,ordinario,Septiembre-Diciembre 2022,NME,5
IEN20240320,Ingeniería en Energía,Baja Temporal,8,Almacenamiento de Energía,2,Reprobada,67.3,,repeticion,Mayo-Agosto 2023,NME,6
IEN20240320,Ingeniería en Energía,Baja Temporal,8,Auditoría Energética,2,Aprobada,70.7,,ordinario,Mayo-Agosto 2023,NME,6
IEN20240320,Ingeniería en Energía,Baja Temporal,8,Circuitos Eléctricos,3,Aprobada,76.1,,ordinario,Septiembre-Diciembre 2023,NME,6
IEN20240320,Ingeniería en Energía,Baja Temporal,8,Mecánica de Fluidos,3,Aprobada,85.0,,ordinario,Septiembre-Diciembre 2023,NME,6
IEN20240320,Ingeniería en Energía,Baja Temporal,8,Termodinámica I,3,Aprobada,80.6,,ordinario,Septiembre-Diciembre 2023,NME,7
IAG20240321,Ingeniería Agroindustrial,Activo,2,Álgebra Lineal,1,Aprobada,51.4,92.7,repeticion,Enero-Abril 2023,NME,6
IAG20240321,Ingeniería Agroindustrial,Activo,2,Inglés I,1,Aprobada,81.6,,ordinario,Enero-Abril 2023,NME,4
IAG20240321,Ingeniería Agroindustrial,Activo,2,Estadística,1,Cursando,,,ordinario,Enero-Abril 2023,NME,5
IAG20240321,Ingeniería Agroindustrial,Activo,2,Biología,1,Aprobada,81.5,,ordinario,Enero-Abril 2023,NME,6
IDS20220322,Ingeniería en Desarrollo de Software,Activo,7,Desarrollo en la Nube,1,Aprobada,94.6,,ordinario,Enero-Abril 2023,NME,6
IDS20220322,Ingeniería en Desarrollo de Software,Activo,7,Analítica de Datos,3,Cursando,,,ordinario,Septiembre-Diciembre 2022,NME,6
IDS20220322,Ingeniería en Desarrollo de Software,Activo,7,Programación Orientada a Objetos,3,Aprobada,76.6,,ordinario,Septiembre-Diciembre 2023,NME,7
IDS20220322,Ingeniería en Desarrollo de Software,Activo,7,Introducción a la Ingeniería,3,Aprobada,78.6,,ordinario,Septiembre-Diciembre 2023,NME,4
IDS20230323,Ingeniería en Desarrollo de Software,Activo,4,Desarrollo Web,3,Cursando,,,ordinario,Septiembre-Diciembre 2022,NME,7
IDS20230323,Ingeniería en Desarrollo de Software,Activo,4,Introducción a la Ingeniería,3,Aprobada,83.2,,ordinario,Septiembre-Diciembre 2023,NME,4
IDS20230323,Ingeniería en Desarrollo de Software,Activo,4,Probabilidad y Estadística,3,Aprobada,80.5,,ordinario,Septiembre-Diciembre 2023,NME,5
IDS20230323,Ingeniería en Desarrollo de Software,Activo,4,Programación Estructurada,2,Aprobada,88.2,,ordinario,Mayo-Agosto 2023,NME,7
IDS20230323,Ingeniería en Desarrollo de Software,Activo,4,Inglés IV,3,Cursando,,,ordinario,Septiembre-Diciembre 2022,NME,4
IEN20200324,Ingeniería en Energía,Activo,4,Máquinas Eléctricas,1,Aprobada,82.3,,ordinario,Enero-Abril 2023,004,6
IEN20200324,Ingeniería en Energía,Activo,4,Álgebra Lineal,3,Aprobada,93.4,,ordinario,Septiembre-Diciembre 2023,004,6
IEN20200324,Ingeniería en Energía,Activo,4,Termodinámica II,3,Cursando,,,ordinario,Septiembre-Diciembre 2022,004,7
IEN20200324,Ingeniería en Energía,Activo,4,Mecánica de Fluidos,1,Aprobada,89.5,,ordinario,Enero-Abril 2023,004,6
IEN20200324,Ingeniería en Energía,Activo,4,Física I,3,Aprobada,88.4,,ordinario,Septiembre-Diciembre 2023,004,6
IEN20200324,Ingeniería en Energía,Activo,4,Inglés III,1,Aprobada,84.3,,ordinario,Enero-Abril 2023,004,4
IEN20200324,Ingeniería en Energía,Activo,4,Química General,3,Aprobada,87.9,,ordinario,Septiembre-Diciembre 2023,004,6
IEN20200324,Ingeniería en Energía,Activo,4,Inglés II,3,Aprobada,86.3,,ordinario,Septiembre-Diciembre 2023,004,4
IBM20210325,Ingeniería Biomédica,Inscrito,7,Estadía Profesional I,3,Aprobada,88.6,,ordinario,Septiembre-Diciembre 2022,004,8
IBM20210325,Ingeniería Biomédica,Inscrito,7,Ingeniería de Rehabilitación,1,Aprobada,92.6,,ordinario,Enero-Abril 2023,004,6
IBM20210325,Ingeniería Biomédica,Inscrito,7,Biomecánica,3,Aprobada,83.8,,ordinario,Septiembre-Diciembre 2023,004,6
IBM20210325,Ingeniería Biomédica,Inscrito,7,Biomateriales,3,Aprobada,79.0,,ordinario,Septiembre-Diciembre 2023,004,6
IBM20210325,Ingeniería Biomédica,Inscrito,7,Introducción a la Ingeniería Biomédica,3,Aprobada,81.4,,ordinario,Septiembre-Diciembre 2023,004,4
IDS20210326,Ingeniería en Desarrollo de Software,Inscrito,1,Inglés I,3,Aprobada,61.1,83.4,repeticion,Septiembre-Diciembre 2022,004,4
IDS20210326,Ingeniería en Desarrollo de Software,Inscrito,1,Comunicación Oral y Escrita,3,Reprobada,62.8,68.2,repeticion,Septiembre-Diciembre 2022,004,4
IDS20210326,Ingeniería en Desarrollo de Software,Inscrito,1,Introducción a la Ingeniería,3,Aprobada,80.7,,ordinario,Septiembre-Diciembre 2022,004,4
IDS20210327,Ingeniería en Desarrollo de Software,Activo,6,Seguridad Informática,3,Reprobada,68.5,,repeticion,Septiembre-Diciembre 2022,004,6
IDS20210327,Ingeniería en Desarrollo de Software,Activo,6,Minería de Datos,3,Cursando,,,ordinario,Septiembre-Diciembre 2022,004,6
IDS20210327,Ingeniería en Desarrollo de Software,Activo,6,Aplicaciones Móviles,1,Aprobada,61.3,72.5,repeticion,Enero-Abril 2023,004,7
IDS20210327,Ingeniería en Desarrollo de Software,Activo,6,Gestión de Proyectos,3,Reprobada,68.0,,repeticion,Septiembre-Diciembre 2022,004,5
IDS20210327,Ingeniería en Desarrollo de Software,Activo,6,Redes de Computadoras,1,Reprobada,20.4,,repeticion,Enero-Abril 2023,004,6
IDS20210327,Ingeniería en Desarrollo de Software,Activo,6,Comunicación Oral y Escrita,3,Reprobada,62.9,,repeticion,Septiembre-Diciembre 2023,004,4
IEN20240328,Ingeniería en Energía,Activo,5,Instrumentación,3,Cursando,,,ordinario,Septiembre-Diciembre 2022,NME,5
IEN20240328,Ingeniería en Energía,Activo,5,Electrónica de Potencia,3,Aprobada,83.4,,ordinario,Septiembre-Diciembre 2022,NME,6
IEN20240328,Ingeniería en Energía,Activo,5,Máquinas Eléctricas,1,Aprobada,88.8,,ordinario,Enero-Abril 2023,NME,6
IEN20240328,Ingeniería en Energía,Activo,5,Inglés II,3,Aprobada,90.5,,ordinario,Septiembre-Diciembre 2023,NME,4
IEN20240328,Ingeniería en Energía,Activo,5,Química General,3,Aprobada,79.1,,ordinario,Septiembre-Diciembre 2023,NME,6
IEN20240328,Ingeniería en Energía,Activo,5,Energía Eólica,2,Aprobada,88.1,,ordinario,Mayo-Agosto 2023,NME,6
IEN20240328,Ingeniería en Energía,Activo,5,Estadística,3,Aprobada,89.0,,ordinario,Septiembre-Diciembre 2023,NME,5
IEN20240328,Ingeniería en Energía,Activo,5,Sistemas Fotovoltaicos,3,Aprobada,87.6,,ordinario,Septiembre-Diciembre 2022,NME,7
IBM20200329,Ingeniería Biomédica,Activo,4,Álgebra Lineal,2,Aprobada,73.2,,ordinario,Mayo-Agosto 2023,004,6
IBM20200329,Ingeniería Biomédica,Activo,4,Inglés I,2,Aprobada,77.6,,ordinario,Mayo-Agosto 2023,004,4
IBM20200329,Ingeniería Biomédica,Activo,4,Electrónica Digital,3,Aprobada,86.2,,ordinario,Septiembre-Diciembre 2022,004,6
IBM20200329,Ingeniería Biomédica,Activo,4,Inglés III,1,Aprobada,85.1,,ordinario,Enero-Abril 2023,004,4
IBM20210330,Ingeniería Biomédica,Activo,6,Electrónica Analógica,3,Reprobada,66.4,,repeticion,Septiembre-Diciembre 2023,004,6
IBM20210330,Ingeniería Biomédica,Activo,6,Mantenimiento Hospitalario,3,Cursando,,,ordinario,Septiembre-Diciembre 2022,004,6
IBM20210330,Ingeniería Biomédica,Activo,6,Inglés II,3,Aprobada,78.2,,ordinario,Septiembre-Diciembre 2023,004,4
IBM20210330,Ingeniería Biomédica,Activo,6,Biología Celular,3,Reprobada,58.8,,repeticion,Septiembre-Diciembre 2023,004,6
IBM20210330,Ingeniería Biomédica,Activo,6,Anatomía y Fisiología I,3,Reprobada,68.7,,repeticion,Septiembre-Diciembre 2023,004,7
IBM20210330,Ingeniería Biomédica,Activo,6,Probabilidad y Estadística,3,Aprobada,89.6,,ordinario,Septiembre-Diciembre 2023,004,5
IBM20210330,Ingeniería Biomédica,Activo,6,Bioinstrumentación II,3,Reprobada,69.0,,repeticion,Septiembre-Diciembre 2023,004,7
IBM20200331,Ingeniería Biomédica,Activo,9,Seminario de Titulación,1,Reprobada,62.0,59.1,repeticion,Enero-Abril 2023,004,6
IBM20200331,Ingeniería Biomédica,Activo,9,Biomecánica,3,Aprobada,72.2,,ordinario,Septiembre-Diciembre 2023,004,6
IBM20200331,Ingeniería Biomédica,Activo,9,Física Médica,3,Reprobada,56.8,,repeticion,Septiembre-Diciembre 2023,004,6
IBM20200331,Ingeniería Biomédica,Activo,9,Biología Celular,3,Reprobada,69.7,,repeticion,Septiembre-Diciembre 2023,004,6
IBM20200331,Ingeniería Biomédica,Activo,9,Cálculo Diferencial,3,Reprobada,52.9,,repeticion,Septiembre-Diciembre 2023,004,6
IBM20200331,Ingeniería Biomédica,Activo,9,Estadía Profesional II,1,Reprobada,58.6,,repeticion,Enero-Abril 2023,004,8
IEN20210332,Ingeniería en Energía,Activo,7,Cálculo Diferencial,3,Aprobada,90.6,,ordinario,Septiembre-Diciembre 2023,004,6
IEN20210332,Ingeniería en Energía,Activo,7,Redes Eléctricas,1,Aprobada,82.9,,ordinario,Enero-Abril 2023,004,6
IEN20210332,Ingeniería en Energía,Activo,7,Auditoría Energética,2,Aprobada,79.3,,ordinario,Mayo-Agosto 2023,004,6
IEN20210332,Ingeniería en Energía,Activo,7,Transferencia de Calor,3,Aprobada,82.1,,ordinario,Septiembre-Diciembre 2023,004,6
IEN20210332,Ingeniería en Energía,Activo,7,Biomasa,1,Aprobada,77.5,,ordinario,Enero-Abril 2023,004,5
IEN20210332,Ingeniería en Energía,Activo,7,Cálculo Integral,3,Aprobada,86.3,,ordinario,Septiembre-Diciembre 2023,004,6
IEN20210332,Ingeniería en Energía,Activo,7,Inglés III,3,Aprobada,95.5,,ordinario,Septiembre-Diciembre 2023,004,4
IBM20200333,Ingeniería Biomédica,Inscrito,5,Bioinstrumentación I,3,Aprobada,70.4,,ordinario,Septiembre-Diciembre 2023,004,7
IBM20200333,Ingeniería Biomédica,Inscrito,5,Normatividad Sanitaria,1,Aprobada,73.7,,ordinario,Enero-Abril 2023,004,5
IBM20200333,Ingeniería Biomédica,Inscrito,5,Bioinstrumentación II,1,Aprobada,82.6,,ordinario,Enero-Abril 2023,004,7
IBM20200333,Ingeniería Biomédica,Inscrito,5,Inglés III,2,Aprobada,82.6,,ordinario,Mayo-Agosto 2023,004,4
IBM20200333,Ingeniería Biomédica,Inscrito,5,Física Médica,1,Aprobada,68.4,77.9,repeticion,Enero-Abril 2023,004,6
IDS20230334,Ingeniería en Desarrollo de Software,Activo,4,Comunicación Oral y Escrita,3,Aprobada,90.2,,ordinario,Septiembre-Diciembre 2023,NME,4
IDS20230334,Ingeniería en Desarrollo de Software,Activo,4,Inglés II,1,Aprobada,81.4,,ordinario,Enero-Abril 2023,NME,4
IDS20230334,Ingeniería en Desarrollo de Software,Activo,4,Sistemas Operativos,1,Cursando,,,ordinario,Enero-Abril 2023,NME,6
IDS20230334,Ingeniería en Desarrollo de Software,Activo,4,Desarrollo Web,3,Aprobada,82.8,,ordinario,Septiembre-Diciembre 2022,NME,7
IBM20210335,Ingeniería Biomédica,Activo,6,Ingeniería de Rehabilitación,3,Cursando,,,ordinario,Septiembre-Diciembre 2022,004,6
IBM20210335,Ingeniería Biomédica,Activo,6,Anatomía y Fisiología II,3,Aprobada,77.3,,ordinario,Septiembre-Diciembre 2023,004,7
IBM20210335,Ingeniería Biomédica,Activo,6,Química General,3,Aprobada,82.6,,ordinario,Septiembre-Diciembre 2023,004,6
IBM20200336,Ingeniería Biomédica,Activo,4,Inglés III,1,Aprobada,70.6,,ordinario,Enero-Abril 2023,004,4
IBM20200336,Ingeniería Biomédica,Activo,4,Bioinstrumentación II,3,Aprobada,71.4,,ordinario,Septiembre-Diciembre 2022,004,7
IBM20200336,Ingeniería Biomédica,Activo,4,Anatomía y Fisiología II,1,Aprobada,86.7,,ordinario,Enero-Abril 2023,004,7
IBM20200336,Ingeniería Biomédica,Activo,4,Inglés II,1,Aprobada,86.5,,ordinario,Enero-Abril 2023,004,4
IAG20230337,Ingeniería Agroindustrial,Activo,8,Dibujo Industrial,3,Aprobada,70.5,,ordinario,Septiembre-Diciembre 2023,NME,4
IAG20230337,Ingeniería Agroindustrial,Activo,8,Evaluación Sensorial,2,Aprobada,88.0,,ordinario,Mayo-Agosto 2023,NME,5
IAG20230337,Ingeniería Agroindustrial,Activo,8,Biología,3,Aprobada,80.5,,ordinario,Septiembre-Diciembre 2023,NME,6
IAG20230337,Ingeniería Agroindustrial,Activo,8,Administración de la Producción,1,Aprobada,73.8,,ordinario,Enero-Abril 2023,NME,5
IAG20230337,Ingeniería Agroindustrial,Activo,8,Inglés I,3,Aprobada,80.2,,ordinario,Septiembre-Diciembre 2023,NME,4
IAG20230337,Ingeniería Agroindustrial,Activo,8,Conservación de Alimentos,3,Aprobada,84.5,,ordinario,Septiembre-Diciembre 2023,NME,6
IAG20230337,Ingeniería Agroindustrial,Activo,8,Tecnología de Cereales,2,Aprobada,74.5,,ordinario,Mayo-Agosto 2023,NME,6
IAG20230337,Ingeniería Agroindustrial,Activo,8,Diseño de Plantas,2,Aprobada,78.1,,ordinario,Mayo-Agosto 2023,NME,7
IAG20230337,Ingeniería Agroindustrial,Activo,8,Cálculo Diferencial,3,Aprobada,76.4,,ordinario,Septiembre-Diciembre 2023,NME,6
IBM20200338,Ingeniería Biomédica,Activo,4,Bioinstrumentación I,1,Reprobada,52.9,63.7,repeticion,Enero-Abril 2023,004,7
IBM20200338,Ingeniería Biomédica,Activo,4,Cálculo Diferencial,2,Aprobada,78.5,,ordinario,Mayo-Agosto 2023,004,6
IBM20200338,Ingeniería Biomédica,Activo,4,Inglés III,1,Aprobada,81.8,,ordinario,Enero-Abril 2023,004,4
IBM20200338,Ingeniería Biomédica,Activo,4,Introducción a la Ingeniería Biomédica,3,Aprobada,80.0,,ordinario,Septiembre-Diciembre 2023,004,4
IBM20200338,Ingeniería Biomédica,Activo,4,Física Médica,1,Cursando,,,ordinario,Enero-Abril 2023,004,6
IBM20200338,Ingeniería Biomédica,Activo,4,Señales Biomédicas,3,Cursando,,,ordinario,Septiembre-Diciembre 2022,004,6
IAG20210339,Ingeniería Agroindustrial,Activo,5,Inglés III,3,Reprobada,53.1,,repeticion,Septiembre-Diciembre 2023,004,4
IAG20210339,Ingeniería Agroindustrial,Activo,5,Dibujo Industrial,2,Reprobada,42.2,,repeticion,Mayo-Agosto 2023,004,4
IAG20210339,Ingeniería Agroindustrial,Activo,5,Envases y Embalajes,3,Aprobada,54.3,71.6,repeticion,Septiembre-Diciembre 2022,004,5
IAG20210339,Ingeniería Agroindustrial,Activo,5,Conservación de Alimentos,2,Reprobada,48.9,,repeticion,Mayo-Agosto 2023,004,6
IAG20210339,Ingeniería Agroindustrial,Activo,5,Control de Calidad,3,Cursando,,,ordinario,Septiembre-Diciembre 2022,004,6
IAG20210339,Ingeniería Agroindustrial,Activo,5,Biología,3,Reprobada,63.5,,repeticion,Septiembre-Diciembre 2023,004,6
IAG20210339,Ingeniería Agroindustrial,Activo,5,Microbiología,3,Aprobada,61.2,75.1,repeticion,Septiembre-Diciembre 2023,004,6
IAG20210339,Ingeniería Agroindustrial,Activo,5,Álgebra Lineal,3,Reprobada,59.2,,repeticion,Septiembre-Diciembre 2023,004,6
IEN20220340,Ingeniería en Energía,Inscrito,6,Termodinámica I,3,Reprobada,67.2,,repeticion,Septiembre-Diciembre 2023,NME,7
IEN20220340,Ingeniería en Energía,Inscrito,6,Cálculo Diferencial,3,Aprobada,74.2,,ordinario,Septiembre-Diciembre 2023,NME,6
IEN20220340,Ingeniería en Energía,Inscrito,6,Física II,3,Reprobada,65.2,64.5,repeticion,Septiembre-Diciembre 2023,NME,6
IEN20220340,Ingeniería en Energía,Inscrito,6,Inglés II,3,Reprobada,49.1,,repeticion,Septiembre-Diciembre 2023,NME,4
IEN20220340,Ingeniería en Energía,Inscrito,6,Inglés IV,3,Reprobada,64.3,,repeticion,Septiembre-Diciembre 2023,NME,4
IEN20220340,Ingeniería en Energía,Inscrito,6,Auditoría Energética,1,Aprobada,63.1,74.1,repeticion,Enero-Abril 2023,NME,6
IEN20220340,Ingeniería en Energía,Inscrito,6,Instrumentación,1,Aprobada,76.0,,ordinario,Enero-Abril 2023,NME,5
IBM20230341,Ingeniería Biomédica,Activo,4,Electrónica Analógica,2,Aprobada,80.8,,ordinario,Mayo-Agosto 2023,NME,6
IBM20230341,Ingeniería Biomédica,Activo,4,Inglés I,2,Aprobada,89.3,,ordinario,Mayo-Agosto 2023,NME,4
IBM20230341,Ingeniería Biomédica,Activo,4,Probabilidad y Estadística,2,Aprobada,80.7,,ordinario,Mayo-Agosto 2023,NME,5
IEN20230342,Ingeniería en Energía,Activo,9,Física II,3,Aprobada,76.8,,ordinario,Septiembre-Diciembre 2023,NME,6
IEN20230342,Ingeniería en Energía,Activo,9,Almacenamiento de Energía,3,Aprobada,79.7,,ordinario,Septiembre-Diciembre 2023,NME,6
IEN20230342,Ingeniería en Energía,Activo,9,Transferencia de Calor,3,Aprobada,76.7,,ordinario,Septiembre-Diciembre 2023,NME,6
IBM20200343,Ingeniería Biomédica,Activo,8,Procesamiento de Señales,3,Reprobada,65.5,,repeticion,Septiembre-Diciembre 2023,004,6
IBM20200343,Ingeniería Biomédica,Activo,8,Biología Celular,3,Aprobada,77.6,,ordinario,Septiembre-Diciembre 2023,004,6
IBM20200343,Ingeniería Biomédica,Activo,8,Ingeniería de Rehabilitación,2,Reprobada,50.0,,repeticion,Mayo-Agosto 2023,004,6
IBM20200343,Ingeniería Biomédica,Activo,8,Mantenimiento Hospitalario,1,Aprobada,78.4,,ordinario,Enero-Abril 2023,004,6
IBM20200343,Ingeniería Biomédica,Activo,8,Introducción a la Ingeniería Biomédica,3,Aprobada,68.2,76.5,repeticion,Septiembre-Diciembre 2023,004,4
IBM20200343,Ingeniería Biomédica,Activo,8,Estadía Profesional II,3,Cursando,,,ordinario,Septiembre-Diciembre 2022,004,8
IBM20200343,Ingeniería Biomédica,Activo,8,Anatomía y Fisiología II,3,Aprobada,82.5,,ordinario,Septiembre-Diciembre 2023,004,7
IEN20220344,Ingeniería en Energía,Activo,9,Energía Solar,3,Reprobada,57.0,,repeticion,Septiembre-Diciembre 2023,NME,6
IEN20220344,Ingeniería en Energía,Activo,9,Normatividad Energética,1,Aprobada,54.7,76.4,repeticion,Enero-Abril 2023,NME,5
IEN20220344,Ingeniería en Energía,Activo,9,Biomasa,3,Reprobada,38.4,,repeticion,Septiembre-Diciembre 2023,NME,5
IAG20210345,Ingeniería Agroindustrial,Activo,7,Tecnología de Cereales,2,Aprobada,66.5,82.4,repeticion,Mayo-Agosto 2023,004,6
IAG20210345,Ingeniería Agroindustrial,Activo,7,Inglés IV,3,Aprobada,84.3,,ordinario,Septiembre-Diciembre 2023,004,4
IAG20210345,Ingeniería Agroindustrial,Activo,7,Proyecto Agroindustrial I,3,Cursando,,,ordinario,Septiembre-Diciembre 2022,004,8
IDS20210346,Ingeniería en Desarrollo de Software,Activo,3,Inglés II,1,Aprobada,88.8,,ordinario,Enero-Abril 2023,004,4
IDS20210346,Ingeniería en Desarrollo de Software,Activo,3,Introducción a la Ingeniería,3,Aprobada,72.5,,ordinario,Septiembre-Diciembre 2023,004,4
IDS20210346,Ingeniería en Desarrollo de Software,Activo,3,Bases de Datos II,3,Aprobada,79.5,,ordinario,Septiembre-Diciembre 2022,004,6
IDS20210346,Ingeniería en Desarrollo de Software,Activo,3,Inglés III,3,Cursando,,,ordinario,Septiembre-Diciembre 2022,004,4
IDS20210346,Ingeniería en Desarrollo de Software,Activo,3,Inglés I,3,Aprobada,86.6,,ordinario,Septiembre-Diciembre 2023,004,4
IAG20240347,Ingeniería Agroindustrial,Activo,5,Inocuidad Alimentaria,2,Aprobada,79.3,,ordinario,Mayo-Agosto 2023,NME,6
IAG20240347,Ingeniería Agroindustrial,Activo,5,Control de Calidad,3,Reprobada,52.7,,repeticion,Septiembre-Diciembre 2022,NME,6
IAG20240347,Ingeniería Agroindustrial,Activo,5,Biología,3,Aprobada,49.5,73.3,repeticion,Septiembre-Diciembre 2023,NME,6
IAG20240347,Ingeniería Agroindustrial,Activo,5,Introducción a la Agroindustria,3,Reprobada,65.5,,repeticion,Septiembre-Diciembre 2023,NME,4
IAG20240347,Ingeniería Agroindustrial,Activo,5,Dibujo Industrial,1,Reprobada,60.0,,repeticion,Enero-Abril 2023,NME,4
IAG20240347,Ingeniería Agroindustrial,Activo,5,Bioquímica,2,Aprobada,52.6,80.7,repeticion,Mayo-Agosto 2023,NME,6
IEN20210348,Ingeniería en Energía,Activo,3,Cálculo Diferencial,2,Aprobada,87.0,,ordinario,Mayo-Agosto 2023,004,6
IEN20210348,Ingeniería en Energía,Activo,3,Circuitos Eléctricos,1,Aprobada,84.2,,ordinario,Enero-Abril 2023,004,6
IEN20210348,Ingeniería en Energía,Activo,3,Física II,2,Aprobada,80.2,,ordinario,Mayo-Agosto 2023,004,6
IEN20210348,Ingeniería en Energía,Activo,3,Química General,2,Aprobada,88.3,,ordinario,Mayo-Agosto 2023,004,6
IEN20240349,Ingeniería en Energía,Activo,8,Máquinas Eléctricas,3,Aprobada,97.5,,ordinario,Septiembre-Diciembre 2023,NME,6
IEN20240349,Ingeniería en Energía,Activo,8,Cálculo Diferencial,3,Aprobada,99.6,,ordinario,Septiembre-Diciembre 2023,NME,6
IEN20240349,Ingeniería en Energía,Activo,8,Modelado Energético,1,Aprobada,76.0,,ordinario,Enero-Abril 2023,NME,6
IEN20240349,Ingeniería en Energía,Activo,8,Instrumentación,3,Aprobada,76.0,,ordinario,Septiembre-Diciembre 2023,NME,5
IEN20240349,Ingeniería en Energía,Activo,8,Biomasa,1,Aprobada,88.1,,ordinario,Enero-Abril 2023,NME,5
IEN20240349,Ingeniería en Energía,Activo,8,Proyecto Energético II,3,Cursando,,,ordinario,Septiembre-Diciembre 2022,NME,8
IEN20240349,Ingeniería en Energía,Activo,8,Electrónica de Potencia,3,Aprobada,86.3,,ordinario,Septiembre-Diciembre 2023,NME,6
IEN20210350,Ingeniería en Energía,Baja Temporal,6,Estadística,3,Reprobada,45.4,,repeticion,Septiembre-Diciembre 2023,004,5
IEN20210350,Ingeniería en Energía,Baja Temporal,6,Almacenamiento de Energía,3,Baja,,,repeticion,Septiembre-Diciembre 2022,004,6
IEN20210350,Ingeniería en Energía,Baja Temporal,6,Instrumentación,3,Reprobada,68.5,,repeticion,Septiembre-Diciembre 2022,004,5
IEN20210350,Ingeniería en Energía,Baja Temporal,6,Gestión Ambiental,2,Aprobada,73.7,,ordinario,Mayo-Agosto 2023,004,5
IEN20210350,Ingeniería en Energía,Baja Temporal,6,Física I,3,Baja,,,repeticion,Septiembre-Diciembre 2023,004,6
IEN20210350,Ingeniería en Energía,Baja Temporal,6,Inglés IV,2,Baja,,,repeticion,Mayo-Agosto 2023,004,4
IEN20210350,Ingeniería en Energía,Baja Temporal,6,Control de Sistemas,3,Reprobada,61.1,,repeticion,Septiembre-Diciembre 2022,004,6
IEN20210350,Ingeniería en Energía,Baja Temporal,6,Mecánica de Fluidos,2,Reprobada,65.1,67.7,repeticion,Mayo-Agosto 2023,004,6
IBM20230351,Ingeniería Biomédica,Activo,1,Química General,1,Cursando,,,ordinario,Enero-Abril 2023,NME,6
IBM20230351,Ingeniería Biomédica,Activo,1,Biología Celular,3,Cursando,,,ordinario,Septiembre-Diciembre 2022,NME,6
IBM20230351,Ingeniería Biomédica,Activo,1,Introducción a la Ingeniería Biomédica,3,Aprobada,78.7,,ordinario,Septiembre-Diciembre 2022,NME,4
IEN20240352,Ingeniería en Energía,Activo,3,Inglés I,3,Reprobada,66.8,,repeticion,Septiembre-Diciembre 2023,NME,4
IEN20240352,Ingeniería en Energía,Activo,3,Cálculo Diferencial,3,Reprobada,69.2,,repeticion,Septiembre-Diciembre 2022,NME,6
IEN20240352,Ingeniería en Energía,Activo,3,Introducción a la Energía,2,Aprobada,81.7,,ordinario,Mayo-Agosto 2023,NME,4
IEN20240352,Ingeniería en Energía,Activo,3,Inglés II,3,Aprobada,77.4,,ordinario,Septiembre-Diciembre 2022,NME,4
IDS20200353,Ingeniería en Desarrollo de Software,Activo,6,Inglés II,3,Reprobada,68.2,,repeticion,Septiembre-Diciembre 2023,004,4
IDS20200353,Ingeniería en Desarrollo de Software,Activo,6,Minería de Datos,3,Cursando,,,ordinario,Septiembre-Diciembre 2022,004,6
IDS20200353,Ingeniería en Desarrollo de Software,Activo,6,Inglés IV,2,Aprobada,81.3,,ordinario,Mayo-Agosto 2023,004,4
IDS20200353,Ingeniería en Desarrollo de Software,Activo,6,Fundamentos de Programación,3,Aprobada,80.9,,ordinario,Septiembre-Diciembre 2023,004,7
IDS20200353,Ingeniería en Desarrollo de Software,Activo,6,Probabilidad y Estadística,3,Aprobada,86.7,,ordinario,Septiembre-Diciembre 2023,004,5
IDS20200353,Ingeniería en Desarrollo de Software,Activo,6,Cálculo Integral,3,Aprobada,86.1,,ordinario,Septiembre-Diciembre 2023,004,6
IDS20200353,Ingeniería en Desarrollo de Software,Activo,6,Programación Estructurada,3,Aprobada,92.1,,ordinario,Septiembre-Diciembre 2023,004,7
IDS20200353,Ingeniería en Desarrollo de Software,Activo,6,Bases de Datos I,3,Reprobada,62.1,,repeticion,Septiembre-Diciembre 2023,004,6
IEN20220354,Ingeniería en Energía,Activo,2,Física I,1,Aprobada,80.0,,ordinario,Enero-Abril 2023,NME,6
IEN20220354,Ingeniería en Energía,Activo,2,Química General,3,Aprobada,91.4,,ordinario,Septiembre-Diciembre 2022,NME,6
IEN20220354,Ingeniería en Energía,Activo,2,Cálculo Diferencial,3,Cursando,,,ordinario,Septiembre-Diciembre 2022,NME,6
IAG20210355,Ingeniería Agroindustrial,Activo,9,Gestión Ambiental,3,Aprobada,77.3,,ordinario,Septiembre-Diciembre 2023,004,5
IAG20210355,Ingeniería Agroindustrial,Activo,9,Álgebra Lineal,3,Aprobada,83.5,,ordinario,Septiembre-Diciembre 2023,004,6
IAG20210355,Ingeniería Agroindustrial,Activo,9,Inglés II,3,Aprobada,76.0,,ordinario,Septiembre-Diciembre 2023,004,4
IAG20210355,Ingeniería Agroindustrial,Activo,9,Diseño de Plantas,2,Aprobada,75.0,,ordinario,Mayo-Agosto 2023,004,7
IAG20210355,Ingeniería Agroindustrial,Activo,9,Proyecto Agroindustrial II,1,Aprobada,90.8,,ordinario,Enero-Abril 2023,004,8
IAG20210355,Ingeniería Agroindustrial,Activo,9,Termodinámica,3,Aprobada,88.1,,ordinario,Septiembre-Diciembre 2023,004,6
IAG20210355,Ingeniería Agroindustrial,Activo,9,Innovación Agroalimentaria,2,Reprobada,68.1,,repeticion,Mayo-Agosto 2023,004,6
IDS20210356,Ingeniería en Desarrollo de Software,Activo,5,Introducción a la Ingeniería,3,Aprobada,71.3,,ordinario,Septiembre-Diciembre 2023,004,4
IDS20210356,Ingeniería en Desarrollo de Software,Activo,5,Aplicaciones Móviles,3,Cursando,,,ordinario,Septiembre-Diciembre 2022,004,7
IDS20210356,Ingeniería en Desarrollo de Software,Activo,5,Inglés III,2,Aprobada,79.3,,ordinario,Mayo-Agosto 2023,004,4
IDS20210356,Ingeniería en Desarrollo de Software,Activo,5,Sistemas Operativos,1,Aprobada,76.6,,ordinario,Enero-Abril 2023,004,6
IDS20210356,Ingeniería en Desarrollo de Software,Activo,5,Probabilidad y Estadística,3,Aprobada,73.2,,ordinario,Septiembre-Diciembre 2023,004,5
IDS20230357,Ingeniería en Desarrollo de Software,Baja Temporal,2,Álgebra Lineal,1,Baja,,,repeticion,Enero-Abril 2023,NME,6
IDS20230357,Ingeniería en Desarrollo de Software,Baja Temporal,2,Fundamentos de Programación,3,Reprobada,60.5,,repeticion,Septiembre-Diciembre 2022,NME,7
IDS20230357,Ingeniería en Desarrollo de Software,Baja Temporal,2,Probabilidad y Estadística,3,Reprobada,66.3,,repeticion,Septiembre-Diciembre 2022,NME,5
IEN20200358,Ingeniería en Energía,Activo,2,Circuitos Eléctricos,1,Cursando,,,ordinario,Enero-Abril 2023,004,6
IEN20200358,Ingeniería en Energía,Activo,2,Física I,2,Aprobada,77.8,,ordinario,Mayo-Agosto 2023,004,6
IEN20200358,Ingeniería en Energía,Activo,2,Química General,2,Aprobada,79.2,,ordinario,Mayo-Agosto 2023,004,6
IEN20200358,Ingeniería en Energía,Activo,2,Estadística,1,Aprobada,71.5,,ordinario,Enero-Abril 2023,004,5
IBM20220359,Ingeniería Biomédica,Activo,5,Inglés IV,1,Aprobada,84.3,,ordinario,Enero-Abril 2023,NME,4
IBM20220359,Ingeniería Biomédica,Activo,5,Química General,3,Aprobada,86.1,,ordinario,Septiembre-Diciembre 2023,NME,6
IBM20220359,Ingeniería Biomédica,Activo,5,Bioinstrumentación II,1,Aprobada,72.1,,ordinario,Enero-Abril 2023,NME,7
IDS20210360,Ingeniería en Desarrollo de Software,Activo,4,Matemáticas Discretas,3,Cursando,,,ordinario,Septiembre-Diciembre 2022,004,6
IDS20210360,Ingeniería en Desarrollo de Software,Activo,4,Bases de Datos I,1,Aprobada,90.1,,ordinario,Enero-Abril 2023,004,6
IDS20210360,Ingeniería en Desarrollo de Software,Activo,4,Sistemas Operativos,3,Aprobada,82.7,,ordinario,Septiembre-Diciembre 2022,004,6
IDS20210360,Ingeniería en Desarrollo de Software,Activo,4,Probabilidad y Estadística,3,Aprobada,85.3,,ordinario,Septiembre-Diciembre 2023,004,5
IDS20210360,Ingeniería en Desarrollo de Software,Activo,4,Bases de Datos II,3,Aprobada,85.0,,ordinario,Septiembre-Diciembre 2022,004,6
IAG20210361,Ingeniería Agroindustrial,Activo,4,Operaciones Unitarias II,3,Aprobada,81.9,,ordinario,Septiembre-Diciembre 2022,004,7
IAG20210361,Ingeniería Agroindustrial,Activo,4,Inglés I,3,Aprobada,100,,ordinario,Septiembre-Diciembre 2023,004,4
IAG20210361,Ingeniería Agroindustrial,Activo,4,Álgebra Lineal,3,Aprobada,85.9,,ordinario,Septiembre-Diciembre 2023,004,6
IAG20210361,Ingeniería Agroindustrial,Activo,4,Dibujo Industrial,1,Aprobada,87.1,,ordinario,Enero-Abril 2023,004,4
IAG20210361,Ingeniería Agroindustrial,Activo,4,Química General,2,Aprobada,97.0,,ordinario,Mayo-Agosto 2023,004,6
IAG20210361,Ingeniería Agroindustrial,Activo,4,Procesos Agroindustriales,3,Cursando,,,ordinario,Septiembre-Diciembre 2022,004,7
IBM20220362,Ingeniería Biomédica,Activo,9,Metrología Biomédica,3,Aprobada,73.9,,ordinario,Septiembre-Diciembre 2023,NME,5
IBM20220362,Ingeniería Biomédica,Activo,9,Imágenes Médicas,3,Aprobada,53.0,73.0,repeticion,Septiembre-Diciembre 2023,NME,7
IBM20220362,Ingeniería Biomédica,Activo,9,Dispositivos Médicos,2,Reprobada,55.4,,repeticion,Mayo-Agosto 2023,NME,7
IAG20230363,Ingeniería Agroindustrial,Activo,6,Logística Agroindustrial,3,Reprobada,68.1,,repeticion,Septiembre-Diciembre 2022,NME,5
IAG20230363,Ingeniería Agroindustrial,Activo,6,Evaluación Sensorial,3,Cursando,,,ordinario,Septiembre-Diciembre 2022,NME,5
IAG20230363,Ingeniería Agroindustrial,Activo,6,Inglés I,3,Reprobada,69.5,,repeticion,Septiembre-Diciembre 2023,NME,4
IAG20230363,Ingeniería Agroindustrial,Activo,6,Cálculo Diferencial,3,Aprobada,82.2,,ordinario,Septiembre-Diciembre 2023,NME,6
IBM20240364,Ingeniería Biomédica,Inscrito,9,Proyecto Biomédico II,1,Aprobada,81.7,,ordinario,Enero-Abril 2023,NME,8
IBM20240364,Ingeniería Biomédica,Inscrito,9,Residencia Profesional,3,Aprobada,80.4,,ordinario,Septiembre-Diciembre 2022,NME,12
IBM20240364,Ingeniería Biomédica,Inscrito,9,Estadía Profesional I,1,Aprobada,72.3,,ordinario,Enero-Abril 2023,NME,8
IBM20240364,Ingeniería Biomédica,Inscrito,9,Biomateriales,3,Aprobada,78.9,,ordinario,Septiembre-Diciembre 2023,NME,6
IBM20240364,Ingeniería Biomédica,Inscrito,9,Bioinstrumentación II,3,Aprobada,92.1,,ordinario,Septiembre-Diciembre 2023,NME,7
IBM20240364,Ingeniería Biomédica,Inscrito,9,Electrónica Analógica,3,Aprobada,77.5,,ordinario,Septiembre-Diciembre 2023,NME,6
IAG20230365,Ingeniería Agroindustrial,Activo,2,Microbiología,3,Cursando,,,ordinario,Septiembre-Diciembre 2022,NME,6
IAG20230365,Ingeniería Agroindustrial,Activo,2,Álgebra Lineal,1,Reprobada,66.2,67.4,repeticion,Enero-Abril 2023,NME,6
IAG20230365,Ingeniería Agroindustrial,Activo,2,Cálculo Diferencial,3,Cursando,,,ordinario,Septiembre-Diciembre 2022,NME,6
IAG20230365,Ingeniería Agroindustrial,Activo,2,Inglés II,3,Aprobada,76.5,,ordinario,Septiembre-Diciembre 2022,NME,4
IEN20240366,Ingeniería en Energía,Activo,9,Inglés IV,3,Reprobada,65.6,,repeticion,Septiembre-Diciembre 2023,NME,4
IEN20240366,Ingeniería en Energía,Activo,9,Transferencia de Calor,3,Reprobada,48.6,,repeticion,Septiembre-Diciembre 2023,NME,6
IEN20240366,Ingeniería en Energía,Activo,9,Control de Sistemas,3,Reprobada,57.8,,repeticion,Septiembre-Diciembre 2023,NME,6
IEN20240366,Ingeniería en Energía,Activo,9,Mercados de Energía,3,Reprobada,66.7,65.8,repeticion,Septiembre-Diciembre 2023,NME,5
IEN20240366,Ingeniería en Energía,Activo,9,Energía Solar,3,Reprobada,26.0,,repeticion,Septiembre-Diciembre 2023,NME,6
IEN20240366,Ingeniería en Energía,Activo,9,Cálculo Diferencial,3,Reprobada,50.8,,repeticion,Septiembre-Diciembre 2023,NME,6
IEN20220367,Ingeniería en Energía,Activo,8,Control de Sistemas,2,Aprobada,70.6,,ordinario,Mayo-Agosto 2023,NME,6
IEN20220367,Ingeniería en Energía,Activo,8,Estadía Profesional I,1,Aprobada,81.7,,ordinario,Enero-Abril 2023,NME,8
IEN20220367,Ingeniería en Energía,Activo,8,Estadía Profesional II,3,Cursando,,,ordinario,Septiembre-Diciembre 2022,NME,8
IEN20220367,Ingeniería en Energía,Activo,8,Termodinámica II,3,Aprobada,81.6,,ordinario,Septiembre-Diciembre 2023,NME,7
IEN20220367,Ingeniería en Energía,Activo,8,Física I,3,Aprobada,81.5,,ordinario,Septiembre-Diciembre 2023,NME,6
IEN20220367,Ingeniería en Energía,Activo,8,Mecánica de Fluidos,3,Aprobada,73.9,,ordinario,Septiembre-Diciembre 2023,NME,6
IEN20220367,Ingeniería en Energía,Activo,8,Inglés III,3,Aprobada,81.0,,ordinario,Septiembre-Diciembre 2023,NME,4
IDS20220368,Ingeniería en Desarrollo de Software,Inscrito,1,Comunicación Oral y Escrita,3,Aprobada,80.7,,ordinario,Septiembre-Diciembre 2022,NME,4
IDS20220368,Ingeniería en Desarrollo de Software,Inscrito,1,Fundamentos de Programación,3,Aprobada,70.7,,ordinario,Septiembre-Diciembre 2022,NME,7
IDS20220368,Ingeniería en Desarrollo de Software,Inscrito,1,Introducción a la Ingeniería,1,Aprobada,76.5,,ordinario,Enero-Abril 2023,NME,4
IAG20200369,Ingeniería Agroindustrial,Activo,8,Estadística,3,Aprobada,98.7,,ordinario,Septiembre-Diciembre 2023,004,5
IAG20200369,Ingeniería Agroindustrial,Activo,8,Emprendimiento,3,Aprobada,85.7,,ordinario,Septiembre-Diciembre 2022,004,4
IAG20200369,Ingeniería Agroindustrial,Activo,8,Operaciones Unitarias II,3,Aprobada,78.3,,ordinario,Septiembre-Diciembre 2023,004,7
IAG20200369,Ingeniería Agroindustrial,Activo,8,Cálculo Diferencial,3,Aprobada,75.1,,ordinario,Septiembre-Diciembre 2023,004,6
IAG20200369,Ingeniería Agroindustrial,Activo,8,Microbiología,3,Aprobada,73.7,,ordinario,Septiembre-Diciembre 2023,004,6
IAG20200369,Ingeniería Agroindustrial,Activo,8,Evaluación Sensorial,1,Aprobada,88.3,,ordinario,Enero-Abril 2023,004,5
IBM20240370,Ingeniería Biomédica,Activo,3,Anatomía y Fisiología II,3,Cursando,,,ordinario,Septiembre-Diciembre 2022,NME,7
IBM20240370,Ingeniería Biomédica,Activo,3,Anatomía y Fisiología I,2,Reprobada,62.2,,repeticion,Mayo-Agosto 2023,NME,7
IBM20240370,Ingeniería Biomédica,Activo,3,Inglés I,3,Aprobada,77.7,,ordinario,Septiembre-Diciembre 2023,NME,4
IBM20240370,Ingeniería Biomédica,Activo,3,Bioinstrumentación I,3,Reprobada,69.6,,repeticion,Septiembre-Diciembre 2022,NME,7
IBM20240370,Ingeniería Biomédica,Activo,3,Química Orgánica,1,Reprobada,52.0,,repeticion,Enero-Abril 2023,NME,6
IBM20240370,Ingeniería Biomédica,Activo,3,Probabilidad y Estadística,2,Reprobada,35.8,,repeticion,Mayo-Agosto 2023,NME,5
IAG20220371,Ingeniería Agroindustrial,Activo,3,Álgebra Lineal,3,Reprobada,51.0,,repeticion,Septiembre-Diciembre 2023,NME,6
IAG20220371,Ingeniería Agroindustrial,Activo,3,Inglés I,2,Reprobada,44.0,,repeticion,Mayo-Agosto 2023,NME,4
IAG20220371,Ingeniería Agroindustrial,Activo,3,Dibujo Industrial,3,Cursando,,,ordinario,Septiembre-Diciembre 2022,NME,4
IAG20220371,Ingeniería Agroindustrial,Activo,3,Operaciones Unitarias I,1,Reprobada,46.5,,repeticion,Enero-Abril 2023,NME,7
IAG20220371,Ingeniería Agroindustrial,Activo,3,Introducción a la Agroindustria,1,Reprobada,53.8,,repeticion,Enero-Abril 2023,NME,4
IAG20220371,Ingeniería Agroindustrial,Activo,3,Bioquímica,3,Reprobada,46.5,,repeticion,Septiembre-Diciembre 2022,NME,6
IBM20230372,Ingeniería Biomédica,Activo,7,Anatomía y Fisiología II,3,Aprobada,75.1,,ordinario,Septiembre-Diciembre 2023,NME,7
IBM20230372,Ingeniería Biomédica,Activo,7,Física Médica,3,Aprobada,70.4,,ordinario,Septiembre-Diciembre 2023,NME,6
IBM20230372,Ingeniería Biomédica,Activo,7,Cálculo Diferencial,3,Aprobada,81.1,,ordinario,Septiembre-Diciembre 2023,NME,6
IEN20240373,Ingeniería en Energía,Activo,4,Álgebra Lineal,2,Aprobada,78.5,,ordinario,Mayo-Agosto 2023,NME,6
IEN20240373,Ingeniería en Energía,Activo,4,Máquinas Eléctricas,1,Aprobada,72.3,,ordinario,Enero-Abril 2023,NME,6
IEN20240373,Ingeniería en Energía,Activo,4,Cálculo Diferencial,2,Aprobada,84.5,,ordinario,Mayo-Agosto 2023,NME,6
IEN20240373,Ingeniería en Energía,Activo,4,Física II,3,Aprobada,72.6,,ordinario,Septiembre-Diciembre 2023,NME,6
IEN20240373,Ingeniería en Energía,Activo,4,Transferencia de Calor,3,Cursando,,,ordinario,Septiembre-Diciembre 2022,NME,6
IEN20240373,Ingeniería en Energía,Activo,4,Introducción a la Energía,3,Aprobada,77.1,,ordinario,Septiembre-Diciembre 2023,NME,4
IEN20240373,Ingeniería en Energía,Activo,4,Inglés III,1,Aprobada,79.3,,ordinario,Enero-Abril 2023,NME,4
IEN20240373,Ingeniería en Energía,Activo,4,Cálculo Integral,1,Aprobada,83.6,,ordinario,Enero-Abril 2023,NME,6
IEN20200374,Ingeniería en Energía,Activo,7,Sistemas Fotovoltaicos,2,Reprobada,69.5,,repeticion,Mayo-Agosto 2023,004,7
IEN20200374,Ingeniería en Energía,Activo,7,Máquinas Eléctricas,3,Aprobada,87.6,,ordinario,Septiembre-Diciembre 2023,004,6
IEN20200374,Ingeniería en Energía,Activo,7,Mercados de Energía,1,Aprobada,85.0,,ordinario,Enero-Abril 2023,004,5
IEN20200374,Ingeniería en Energía,Activo,7,Inglés I,3,Aprobada,74.6,,ordinario,Septiembre-Diciembre 2023,004,4
IEN20200374,Ingeniería en Energía,Activo,7,Transferencia de Calor,3,Aprobada,71.9,,ordinario,Septiembre-Diciembre 2023,004,6
IBM20200375,Ingeniería Biomédica,Activo,5,Inglés I,3,Reprobada,58.1,,repeticion,Septiembre-Diciembre 2023,004,4
IBM20200375,Ingeniería Biomédica,Activo,5,Cálculo Diferencial,3,Aprobada,78.5,,ordinario,Septiembre-Diciembre 2023,004,6
IBM20200375,Ingeniería Biomédica,Activo,5,Procesamiento de Señales,3,Cursando,,,ordinario,Septiembre-Diciembre 2022,004,6
IBM20200375,Ingeniería Biomédica,Activo,5,Álgebra Lineal,3,Aprobada,80.8,,ordinario,Septiembre-Diciembre 2023,004,6
IBM20200375,Ingeniería Biomédica,Activo,5,Anatomía y Fisiología I,3,Aprobada,80.4,,ordinario,Septiembre-Diciembre 2023,004,7
IAG20200376,Ingeniería Agroindustrial,Inscrito,5,Operaciones Unitarias I,2,Aprobada,72.5,,ordinario,Mayo-Agosto 2023,004,7
IAG20200376,Ingeniería Agroindustrial,Inscrito,5,Tecnología de Cereales,1,Aprobada,78.1,,ordinario,Enero-Abril 2023,004,6
IAG20200376,Ingeniería Agroindustrial,Inscrito,5,Tecnología de Lácteos,3,Aprobada,76.2,,ordinario,Septiembre-Diciembre 2022,004,6
IAG20200376,Ingeniería Agroindustrial,Inscrito,5,Procesos Agroindustriales,1,Reprobada,60.4,,repeticion,Enero-Abril 2023,004,7
IAG20200376,Ingeniería Agroindustrial,Inscrito,5,Operaciones Unitarias II,1,Aprobada,86.9,,ordinario,Enero-Abril 2023,004,7
IDS20200377,Ingeniería en Desarrollo de Software,Activo,8,Estadía Profesional II,1,Cursando,,,ordinario,Enero-Abril 2023,004,8
IDS20200377,Ingeniería en Desarrollo de Software,Activo,8,Emprendimiento,3,Cursando,,,ordinario,Septiembre-Diciembre 2022,004,4
IDS20200377,Ingeniería en Desarrollo de Software,Activo,8,Inglés I,3,Aprobada,88.1,,ordinario,Septiembre-Diciembre 2023,004,4
IDS20200377,Ingeniería en Desarrollo de Software,Activo,8,Desarrollo en la Nube,2,Aprobada,90.1,,ordinario,Mayo-Agosto 2023,004,6
IDS20200377,Ingeniería en Desarrollo de Software,Activo,8,Gestión de Proyectos,3,Aprobada,82.9,,ordinario,Septiembre-Diciembre 2023,004,5
IDS20200377,Ingeniería en Desarrollo de Software,Activo,8,Proyecto Integrador,1,Aprobada,85.9,,ordinario,Enero-Abril 2023,004,8
IDS20200377,Ingeniería en Desarrollo de Software,Activo,8,Sistemas Distribuidos,2,Aprobada,73.7,,ordinario,Mayo-Agosto 2023,004,6
IDS20200377,Ingeniería en Desarrollo de Software,Activo,8,Analítica de Datos,1,Aprobada,84.5,,ordinario,Enero-Abril 2023,004,6
IDS20220378,Ingeniería en Desarrollo de Software,Baja Temporal,4,Cálculo Diferencial,2,Aprobada,80.1,,ordinario,Mayo-Agosto 2023,NME,6
IDS20220378,Ingeniería en Desarrollo de Software,Baja Temporal,4,Programación Estructurada,1,Aprobada,81.8,,ordinario,Enero-Abril 2023,NME,7
IDS20220378,Ingeniería en Desarrollo de Software,Baja Temporal,4,Desarrollo Web,1,Baja,,,repeticion,Enero-Abril 2023,NME,7
IDS20220378,Ingeniería en Desarrollo de Software,Baja Temporal,4,Álgebra Lineal,3,Aprobada,77.2,,ordinario,Septiembre-Diciembre 2023,NME,6
IEN20200379,Ingeniería en Energía,Activo,1,Física I,1,Cursando,,,ordinario,Enero-Abril 2023,004,6
IEN20200379,Ingeniería en Energía,Activo,1,Álgebra Lineal,3,Aprobada,83.9,,ordinario,Septiembre-Diciembre 2022,004,6
IEN20200379,Ingeniería en Energía,Activo,1,Inglés I,3,Cursando,,,ordinario,Septiembre-Diciembre 2022,004,4
IBM20240380,Ingeniería Biomédica,Inscrito,9,Ingeniería de Rehabilitación,3,Reprobada,58.7,,repeticion,Septiembre-Diciembre 2023,NME,6
IBM20240380,Ingeniería Biomédica,Inscrito,9,Química General,3,Aprobada,78.9,,ordinario,Septiembre-Diciembre 2023,NME,6
IBM20240380,Ingeniería Biomédica,Inscrito,9,Gestión de Tecnología Médica,2,Aprobada,43.8,71.2,repeticion,Mayo-Agosto 2023,NME,5
IBM20240380,Ingeniería Biomédica,Inscrito,9,Imágenes Médicas,3,Reprobada,35.7,,repeticion,Septiembre-Diciembre 2023,NME,7
IEN20200381,Ingeniería en Energía,Activo,5,Máquinas Eléctricas,3,Aprobada,77.1,,ordinario,Septiembre-Diciembre 2023,004,6
IEN20200381,Ingeniería en Energía,Activo,5,Cálculo Integral,1,Aprobada,88.9,,ordinario,Enero-Abril 2023,004,6
IEN20200381,Ingeniería en Energía,Activo,5,Inglés II,3,Aprobada,89.9,,ordinario,Septiembre-Diciembre 2023,004,4
IEN20200381,Ingeniería en Energía,Activo,5,Electrónica de Potencia,3,Aprobada,81.6,,ordinario,Septiembre-Diciembre 2022,004,6
IAG20220382,Ingeniería Agroindustrial,Activo,4,Inglés III,3,Aprobada,72.7,,ordinario,Septiembre-Diciembre 2022,NME,4
IAG20220382,Ingeniería Agroindustrial,Activo,4,Biología,3,Aprobada,79.5,,ordinario,Septiembre-Diciembre 2023,NME,6
IAG20220382,Ingeniería Agroindustrial,Activo,4,Química General,2,Aprobada,78.2,,ordinario,Mayo-Agosto 2023,NME,6
IAG20220382,Ingeniería Agroindustrial,Activo,4,Dibujo Industrial,1,Reprobada,67.8,,repeticion,Enero-Abril 2023,NME,4
IAG20220382,Ingeniería Agroindustrial,Activo,4,Estadística,2,Aprobada,74.6,,ordinario,Mayo-Agosto 2023,NME,5
IAG20220382,Ingeniería Agroindustrial,Activo,4,Introducción a la Agroindustria,2,Aprobada,81.5,,ordinario,Mayo-Agosto 2023,NME,4
IAG20220382,Ingeniería Agroindustrial,Activo,4,Inocuidad Alimentaria,1,Cursando,,,ordinario,Enero-Abril 2023,NME,6
IAG20220382,Ingeniería Agroindustrial,Activo,4,Conservación de Alimentos,1,Aprobada,87.0,,ordinario,Enero-Abril 2023,NME,6
IAG20220383,Ingeniería Agroindustrial,Egresado,9,Bioquímica,3,Aprobada,73.9,,ordinario,Septiembre-Diciembre 2023,NME,6
IAG20220383,Ingeniería Agroindustrial,Egresado,9,Biología,3,Aprobada,88.7,,ordinario,Septiembre-Diciembre 2023,NME,6
IAG20220383,Ingeniería Agroindustrial,Egresado,9,Tecnología de Cárnicos,3,Aprobada,75.0,,ordinario,Septiembre-Diciembre 2023,NME,6
IAG20220384,Ingeniería Agroindustrial,Inscrito,9,Estadía Profesional I,2,Aprobada,82.0,,ordinario,Mayo-Agosto 2023,NME,8
IAG20220384,Ingeniería Agroindustrial,Inscrito,9,Bioquímica,3,Aprobada,79.6,,ordinario,Septiembre-Diciembre 2023,NME,6
IAG20220384,Ingeniería Agroindustrial,Inscrito,9,Conservación de Alimentos,3,Reprobada,67.3,,repeticion,Septiembre-Diciembre 2023,NME,6
IEN20240385,Ingeniería en Energía,Activo,2,Inglés I,1,Aprobada,82.7,,ordinario,Enero-Abril 2023,NME,4
IEN20240385,Ingeniería en Energía,Activo,2,Cálculo Diferencial,3,Aprobada,85.2,,ordinario,Septiembre-Diciembre 2022,NME,6
IEN20240385,Ingeniería en Energía,Activo,2,Álgebra Lineal,3,Aprobada,64.4,80.2,repeticion,Septiembre-Diciembre 2022,NME,6
IEN20240385,Ingeniería en Energía,Activo,2,Física II,1,Reprobada,61.8,62.7,repeticion,Enero-Abril 2023,NME,6
IAG20210386,Ingeniería Agroindustrial,Activo,5,Conservación de Alimentos,1,Aprobada,74.4,,ordinario,Enero-Abril 2023,004,6
IAG20210386,Ingeniería Agroindustrial,Activo,5,Inglés III,1,Aprobada,96.4,,ordinario,Enero-Abril 2023,004,4
IAG20210386,Ingeniería Agroindustrial,Activo,5,Biología,3,Aprobada,76.0,,ordinario,Septiembre-Diciembre 2023,004,6
IAG20210386,Ingeniería Agroindustrial,Activo,5,Álgebra Lineal,3,Aprobada,70.6,,ordinario,Septiembre-Diciembre 2023,004,6
IAG20210386,Ingeniería Agroindustrial,Activo,5,Gestión Ambiental,3,Aprobada,83.4,,ordinario,Septiembre-Diciembre 2022,004,5
IAG20210386,Ingeniería Agroindustrial,Activo,5,Estadística,3,Aprobada,85.9,,ordinario,Septiembre-Diciembre 2023,004,5
IAG20210386,Ingeniería Agroindustrial,Activo,5,Inglés I,3,Aprobada,96.7,,ordinario,Septiembre-Diciembre 2023,004,4
IAG20210386,Ingeniería Agroindustrial,Activo,5,Envases y Embalajes,1,Cursando,,,ordinario,Enero-Abril 2023,004,5
IAG20230387,Ingeniería Agroindustrial,Activo,5,Química General,3,Aprobada,79.0,,ordinario,Septiembre-Diciembre 2023,NME,6
IAG20230387,Ingeniería Agroindustrial,Activo,5,Conservación de Alimentos,2,Aprobada,75.1,,ordinario,Mayo-Agosto 2023,NME,6
IAG20230387,Ingeniería Agroindustrial,Activo,5,Inglés I,3,Aprobada,77.5,,ordinario,Septiembre-Diciembre 2023,NME,4
IAG20230387,Ingeniería Agroindustrial,Activo,5,Termodinámica,3,Aprobada,81.6,,ordinario,Septiembre-Diciembre 2022,NME,6
IAG20230387,Ingeniería Agroindustrial,Activo,5,Bioquímica,2,Aprobada,74.2,,ordinario,Mayo-Agosto 2023,NME,6
IAG20230387,Ingeniería Agroindustrial,Activo,5,Gestión Ambiental,3,Cursando,,,ordinario,Septiembre-Diciembre 2022,NME,5
IAG20230387,Ingeniería Agroindustrial,Activo,5,Control de Calidad,3,Aprobada,72.9,,ordinario,Septiembre-Diciembre 2022,NME,6
IAG20230387,Ingeniería Agroindustrial,Activo,5,Química de Alimentos,3,Aprobada,74.3,,ordinario,Septiembre-Diciembre 2023,NME,6
