id_estudiante,id_periodo,programa,cohorte,promedio_general,promedio_periodo,materias_aprobadas,materias_reprobadas,materias_en_curso,creditos_acumulados,porcentaje_avance,porcentaje_asistencia,faltas,retardos,num_tutorias,num_asesorias,num_incidencias,num_permisos,recursamientos,rezago_materias,estatus_academico,creditos_inscritos_periodo,creditos_aprobados_periodo,creditos_totales_plan,periodos_cursados,periodos_sin_inscripcion,materias_reprobadas_periodo,materias_reprobadas_acumuladas,materias_en_curso_periodo,tendencia_promedio,varianza_calificaciones,tutorias_abiertas,tutorias_cerradas,compromisos_pendientes,compromisos_cumplidos,permisos_aprobados,permisos_rechazados,bandera_dato_incompleto
a7051ac3-d294-5173-9183-bc85d8d35765,2024-1,Ingenieria en Energia,2024,56.4,56.88,4,1,7,29,10.98,49.72,14,7,1,1,1,0,1,1,Regular,52,52,264,2,1,0,1,7,0.48,43.38,0,1,0,2,0,0,0
ca6f9bd1-a8b7-520d-ae3c-cfbdfcad8967,2023-1,Ingenieria en Energia,2021,79.23,86.09,24,1,5,128,48.48,75.58,9,1,3,0,0,1,1,0,Regular,32,32,264,5,0,0,1,5,6.86,24.21,1,2,0,2,1,0,0
2c6cceac-a7dd-5fa6-aff0-dd9c0e44f7d0,2024-2,Ingenieria en Desarrollo de Software,2022,77.88,79.78,23,1,6,165,61.11,72.07,7,2,2,0,0,1,0,1,Regular,47,47,270,6,0,0,1,6,1.9,19.78,1,1,0,0,1,0,0
fca0dbba-f4cf-55c4-9c93-f136911022d7,2025-1,Ingenieria en Desarrollo de Software,2022,88.8,90.06,31,0,5,199,73.7,57.08,13,1,2,0,0,0,0,0,Regular,34,34,270,6,0,0,0,5,1.26,21.26,1,1,0,2,0,0,0
81f13c87-c94a-5126-ac9d-9ec101cd0da9,2024-1,Ingenieria en Desarrollo de Software,2021,90.28,81.95,25,1,7,194,71.85,56.25,13,2,0,1,0,3,0,2,Regular,46,46,270,7,0,0,1,7,-8.33,19.59,0,0,0,0,3,0,0
14f674d3-2cf9-572d-be3b-8f534073c4fd,2024-2,Ingenieria en Energia,2023,73.56,63.88,13,4,5,67,25.38,61.73,13,6,1,2,0,0,1,3,Regular,33,26,264,4,0,1,4,5,-9.68,33.52,1,0,1,1,0,0,0
6879877d-1fcf-50dc-a0e5-f09c2dd8100a,2023-1,Ingenieria Agroindustrial,2021,57.99,47.28,20,2,0,126,45.65,7.74,24,2,4,1,0,2,2,3,Baja Temporal,0,0,276,5,2,1,2,0,-10.71,27.36,3,1,1,1,2,0,0
a567c8e6-6ee5-5d08-81b6-e76c439042ee,2025-1,Ingenieria en Desarrollo de Software,2024,79.75,74.19,18,2,7,105,38.89,63.08,12,1,2,3,0,2,2,1,Regular,50,43,270,4,1,1,2,7,-5.56,17.82,0,2,1,0,2,0,0
9ec6c0c7-fa5e-50c1-840d-4c01763bd50a,2024-1,Ingenieria en Energia,2023,96.03,100.0,15,0,7,83,31.44,66.24,9,2,2,0,0,1,0,1,Regular,55,55,264,3,1,0,0,7,3.97,49.27,0,2,0,2,1,0,0
a7df975b-7ec8-5296-a6d1-e362c38154ad,2023-2,Ingenieria Agroindustrial,2023,67.83,59.8,9,1,4,50,18.12,81.3,2,1,3,1,0,0,1,1,Regular,28,28,276,2,0,0,1,4,-8.03,16.14,2,1,3,1,0,0,0
b70f1395-40a7-52cf-8b57-705d882791d1,2023-1,Ingenieria en Energia,2020,63.77,62.12,30,3,5,178,67.42,54.59,15,1,1,0,0,1,2,1,Regular,35,35,264,7,0,0,3,5,-1.65,16.75,0,1,0,3,1,0,0
d49fe70b-748d-59d2-9911-107948b504e1,2024-1,Ingenieria Biomedica,2023,84.61,67.57,20,2,6,118,41.84,97.32,0,1,5,1,0,1,2,0,Regular,39,39,282,5,0,0,2,6,-17.04,13.56,3,2,1,3,0,1,0
92f13414-0739-5310-ac0a-4964f6514f24,2023-1,Ingenieria Agroindustrial,2022,85.91,88.92,16,1,6,82,29.71,67.96,6,5,3,0,1,1,0,2,Regular,35,35,276,3,0,0,1,6,3.01,18.52,1,2,0,1,1,0,0
7159b173-9ecc-50d9-85d8-baf81be2427f,2024-1,Ingenieria Agroindustrial,2021,87.42,73.41,25,1,6,182,65.94,70.62,6,4,3,0,0,2,1,2,Regular,43,43,276,6,1,0,1,6,-14.01,15.09,3,0,1,1,2,0,0
aeb75c15-099d-5377-b2e7-cbe2f751a7b3,2024-2,Ingenieria en Energia,2020,86.54,,33,0,0,254,96.21,7.21,25,2,4,0,0,1,0,2,Baja Temporal,0,0,264,10,2,0,0,0,,16.22,2,2,0,1,0,1,1
d410e5fc-2f40-54bf-af72-bccade60e117,2025-1,Ingenieria Biomedica,2023,75.47,74.14,9,0,6,60,21.28,69.53,10,2,3,0,1,0,0,3,Regular,42,42,282,4,1,0,0,6,-1.33,20.02,0,3,0,1,0,0,0
44afa7f0-e37a-5bdf-8b5a-f76bc6af06e2,2023-2,Ingenieria Biomedica,2020,76.78,85.13,40,2,5,199,70.57,93.1,0,2,0,0,1,0,0,3,Regular,38,38,282,7,0,0,2,5,8.35,15.56,0,0,0,0,0,0,0
b0b66310-071b-56cc-82f2-c6a88d25ceae,2023-2,Ingenieria en Energia,2022,54.95,31.78,3,3,4,18,6.82,62.8,11,0,2,0,1,6,3,1,Regular,25,12,264,3,1,2,3,4,-23.17,43.72,1,1,0,3,6,0,0
9946a2e9-35f6-5dbc-9490-827405ec0525,2024-1,Ingenieria en Desarrollo de Software,2021,55.25,,19,3,0,128,47.41,9.67,25,3,8,2,1,3,1,5,Baja Temporal,0,0,270,7,2,1,3,0,,41.08,5,3,6,3,3,0,1
bd8f050b-1201-5194-b9e5-5d5477a07c0e,2024-2,Ingenieria en Desarrollo de Software,2021,64.6,64.26,26,3,4,172,63.7,46.62,12,2,0,4,0,2,1,2,Irregular,23,6,270,8,0,3,3,4,-0.34,19.59,0,0,0,1,2,0,0
dbbd6d6e-5ee3-5726-848e-32cbf0da130d,2023-1,Ingenieria Agroindustrial,2024,76.08,73.18,4,0,6,33,11.96,57.74,13,5,1,1,0,0,0,2,Regular,36,36,276,1,1,0,0,6,-2.9,37.76,1,0,1,0,0,0,0
2a22d650-d71b-5721-9075-6e1164ca868e,2024-2,Ingenieria Agroindustrial,2023,78.82,69.05,16,0,7,116,42.03,74.96,5,1,2,2,0,4,0,0,Regular,52,52,276,3,0,0,0,7,-9.77,22.72,2,0,5,1,3,1,0
a8bd50aa-c0c5-55a7-97eb-a6e815994afe,2024-1,Ingenieria Biomedica,2023,75.39,73.67,15,0,5,79,28.01,90.76,6,2,3,1,1,0,0,0,Regular,35,35,282,3,0,0,0,5,-1.72,26.62,1,2,1,3,0,0,0
d3babf98-6f84-54ab-aea9-531e31b7feb7,2023-2,Ingenieria Agroindustrial,2022,78.18,82.61,15,1,6,110,39.86,68.88,13,2,3,3,0,0,0,3,Regular,44,44,276,4,0,0,1,6,4.43,23.98,2,1,2,1,0,0,0
a6ded2c6-ff24-5e27-9261-e3bffabe550e,2024-1,Ingenieria en Desarrollo de Software,2022,88.25,75.46,24,0,4,144,53.33,60.57,10,4,0,1,0,0,0,1,Regular,26,26,270,5,1,0,0,4,-12.79,36.55,0,0,0,1,0,0,0
96106371-1255-503e-bf13-09e659a5a256,2024-2,Ingenieria Agroindustrial,2022,95.64,93.52,27,0,5,170,61.59,58.48,12,2,3,1,0,1,0,3,Regular,28,28,276,6,0,0,0,5,-2.12,9.14,0,3,0,2,1,0,0
71a9ffad-d7d6-5515-abd0-5d1b4655b0b1,2024-1,Ingenieria Agroindustrial,2022,73.42,59.23,14,1,5,107,38.77,47.5,20,3,1,2,0,3,1,0,Regular,35,28,276,5,0,1,1,5,-14.19,15.69,0,1,0,1,2,1,0
e48cf0ee-5c51-5fd6-85f8-8bdbadf3a67a,2024-2,Ingenieria en Energia,2022,73.37,53.73,15,5,7,123,46.59,57.52,14,0,2,1,0,2,1,4,Regular,45,39,264,6,0,1,5,7,-19.64,35.09,1,1,0,2,2,0,0
2fd5be48-f22d-55da-a2cc-968e4ec06ed4,2024-1,Ingenieria Agroindustrial,2023,92.95,86.6,22,0,5,148,53.62,70.51,9,3,0,1,0,2,0,3,Regular,25,25,276,4,0,0,0,5,-6.35,8.56,0,0,1,0,2,0,0
dff24411-4c70-5a41-943d-1bd93b56c4e1,2023-1,Ingenieria Biomedica,2023,84.73,64.53,7,1,0,36,12.77,3.4,22,1,4,1,1,0,1,3,Baja Temporal,0,0,282,1,2,0,1,0,-20.2,22.64,1,3,2,1,0,0,0
4716f941-d497-5627-a5d6-a0d1c57e05c4,2023-2,Ingenieria Biomedica,2022,58.79,55.84,18,1,6,129,45.74,90.27,4,4,0,0,1,1,1,1,Regular,48,48,282,5,0,0,1,6,-2.95,23.43,0,0,0,2,1,0,0
8526d206-4262-55b8-9b53-6a9c0253581f,2022-2,Ingenieria en Desarrollo de Software,2021,87.13,86.35,10,0,4,76,28.15,97.77,0,0,1,1,1,2,0,1,Regular,21,21,270,4,0,0,0,4,-0.78,21.47,0,1,0,1,2,0,0
f87ae05b-78f5-55c1-88ca-d48cf7d95be4,2024-2,Ingenieria en Desarrollo de Software,2020,91.89,80.31,42,0,5,262,97.04,83.35,7,3,2,1,0,1,0,0,Regular,35,35,270,11,0,0,0,5,-11.58,39.59,2,0,1,2,1,0,0
f05d582b-5e70-5fd1-a5e6-bf8a54ebbc67,2024-1,Ingenieria Biomedica,2020,71.3,86.03,34,0,4,245,86.88,68.52,11,2,8,0,0,0,0,0,Regular,25,25,282,9,0,0,0,4,14.73,10.16,2,6,0,6,0,0,0
04187b54-f5f0-57ea-94d0-2d054b86eb43,2025-1,Ingenieria en Energia,2024,76.2,,9,1,0,57,21.59,24.76,20,3,4,1,0,0,0,2,Baja Temporal,0,0,264,4,1,0,1,0,,21.23,2,2,2,1,0,0,1
bf0361cc-1061-5b22-8807-57f29fb4d516,2023-2,Ingenieria en Energia,2021,77.68,81.74,21,2,7,130,49.24,62.09,14,1,2,0,0,1,1,1,Regular,54,54,264,5,0,0,2,7,4.06,17.74,0,2,0,4,1,0,0
eebf4ea1-bb53-5879-a452-49e4cf69cb48,2023-2,Ingenieria Agroindustrial,2022,73.4,72.1,13,1,0,93,33.7,4.8,19,2,4,0,2,0,1,4,Baja Temporal,0,0,276,4,2,0,1,0,-1.3,24.19,1,3,2,2,0,0,0
d80fd437-6344-5962-8aa3-a32b70cee9e0,2022-2,Ingenieria Biomedica,2021,79.96,84.81,18,0,4,101,35.82,69.1,10,5,3,0,0,0,0,0,Regular,26,26,282,4,0,0,0,4,4.85,16.4,2,1,0,1,0,0,0
9a65f048-1e24-5b83-b71a-fda54e6dafaa,2024-1,Ingenieria Agroindustrial,2023,79.48,73.65,10,0,5,54,19.57,67.98,12,1,2,1,1,1,0,1,Regular,29,29,276,3,1,0,0,5,-5.83,39.63,1,1,1,0,0,1,0
ad552827-82c2-5176-a183-ed756bc8981c,2024-2,Ingenieria Biomedica,2021,68.95,,27,0,0,179,63.48,8.75,24,4,2,1,0,0,0,2,Baja Temporal,0,0,282,8,1,0,0,0,,32.78,2,0,2,3,0,0,1
182def2b-2e31-5ec2-ab33-7aac5fed5079,2025-1,Ingenieria Biomedica,2024,64.87,67.8,11,4,4,72,25.53,35.8,21,5,0,1,1,1,4,0,Irregular,32,16,282,3,0,2,4,4,2.93,35.98,0,0,1,1,1,0,0
583f6675-5025-518b-82de-891fc91f2681,2022-2,Ingenieria Agroindustrial,2021,64.36,62.86,12,2,6,77,27.9,81.13,9,1,0,0,0,0,0,2,Regular,39,39,276,4,0,0,2,6,-1.5,13.33,0,0,0,2,0,0,0
dd51f7f6-a60d-522b-bcde-d379b6364a1b,2025-1,Ingenieria en Desarrollo de Software,2024,74.3,63.22,4,0,7,24,8.89,67.38,8,4,3,2,0,0,0,0,Regular,44,44,270,3,0,0,0,7,-11.08,16.62,0,3,1,2,0,0,0
a3a0d3dc-fd66-5784-aef7-c253bf4f1952,2024-2,Ingenieria Biomedica,2021,68.45,74.22,22,1,6,172,60.99,76.48,8,1,3,1,0,0,1,1,Regular,39,39,282,7,0,0,1,6,5.77,29.83,1,2,0,1,0,0,0
19cc745d-2af1-52b7-8f2a-9736c5512460,2022-2,Ingenieria Agroindustrial,2022,86.49,89.67,5,0,6,31,11.23,66.4,13,1,5,0,0,1,0,1,Regular,33,33,276,2,1,0,0,6,3.18,24.22,3,2,3,1,1,0,0
7009cb91-5633-595f-9242-578f4a603d3e,2024-2,Ingenieria en Desarrollo de Software,2021,80.13,81.5,24,4,5,162,60.0,76.51,10,1,2,0,0,0,1,3,Regular,39,39,270,7,0,0,4,5,1.37,23.09,1,1,0,1,0,0,0
d833e678-57a6-5920-b1ae-82a6d7e37a61,2023-2,Ingenieria en Desarrollo de Software,2022,75.8,74.99,11,1,8,70,25.93,79.46,7,2,1,1,0,3,1,1,Regular,48,48,270,3,0,0,1,8,-0.81,17.8,0,1,0,1,3,0,0
c72ba3a7-9df0-54e9-ae2e-6fd948660c22,2023-2,Ingenieria Biomedica,2022,73.6,92.69,20,1,6,116,41.13,71.39,10,2,3,0,0,1,1,1,Regular,44,44,282,4,0,0,1,6,19.09,31.11,1,2,1,1,1,0,0
21fd4fdd-1301-525a-855b-896ceb7156e1,2025-1,Ingenieria Biomedica,2020,54.71,39.53,28,3,7,219,77.66,63.13,16,1,1,2,0,0,1,2,Irregular,50,43,282,12,0,1,3,7,-15.18,17.83,1,0,1,0,0,0,0
ed389911-63e6-582b-b193-0dc586a4b694,2025-1,Ingenieria Biomedica,2023,70.4,57.98,15,2,4,109,38.65,70.31,8,2,3,1,0,4,1,2,Regular,29,29,282,5,1,0,2,4,-12.42,34.38,3,0,5,0,3,1,0
811d0770-c901-5a32-8c01-61a9ffbe4fae,2024-1,Ingenieria Biomedica,2024,63.28,45.48,2,2,6,11,3.9,66.03,11,2,2,1,1,0,2,2,Regular,31,26,282,1,0,1,2,6,-17.8,49.79,1,1,0,0,0,0,0
649c90f0-30bf-59a2-b999-8c485fcb0617,2023-2,Ingenieria Agroindustrial,2022,77.06,90.68,14,0,4,92,33.33,99.0,5,1,1,0,0,0,0,1,Regular,28,28,276,4,1,0,0,4,13.62,49.12,1,0,1,1,0,0,0
b43d0add-05f4-5e11-a7d1-e6a2977b4790,2023-2,Ingenieria en Energia,2020,64.8,83.92,26,2,7,192,72.73,61.7,13,4,3,3,0,0,2,0,Regular,54,54,264,8,0,0,2,7,19.12,35.66,2,1,4,2,0,0,0
ca5dff75-e99d-56cf-bfdd-0cfb3ea89548,2024-1,Ingenieria Biomedica,2022,80.02,63.22,16,3,7,110,39.01,50.39,15,2,0,3,0,0,2,2,Regular,46,33,282,5,1,2,3,7,-16.8,58.64,0,0,0,1,0,0,0
50bf48a1-ea56-5fa9-8c66-70bda22682cc,2023-1,Ingenieria en Energia,2022,76.56,59.79,8,0,5,56,21.21,86.21,4,3,1,2,1,3,0,1,Regular,32,32,264,2,1,0,0,5,-16.77,19.71,0,1,1,3,3,0,0
62477aa5-2dff-53f7-91f2-3b2d135ca58d,2024-2,Ingenieria Biomedica,2022,79.64,83.4,23,2,8,137,48.58,84.41,5,2,3,2,0,2,0,2,Regular,53,53,282,6,0,0,2,8,3.76,33.07,0,3,1,2,2,0,0
84ccd916-7b10-5ef4-ab9f-c5bad860eaf6,2023-2,Ingenieria Biomedica,2021,90.92,74.57,26,2,0,162,57.45,12.53,30,0,6,1,0,1,2,2,Baja Temporal,0,0,282,7,2,0,2,0,-16.35,40.57,4,2,1,4,1,0,0
87329f25-4f62-5bc8-8760-eb17a10df387,2024-2,Ingenieria en Desarrollo de Software,2023,87.49,84.41,11,0,4,85,31.48,76.71,9,0,3,1,0,2,0,2,Regular,30,30,270,4,0,0,0,4,-3.08,16.83,2,1,3,0,2,0,0
93bf7f09-a5f0-5a9c-82b1-9ffd3b0fa803,2024-2,Ingenieria en Desarrollo de Software,2021,73.44,75.11,45,2,6,227,84.07,80.62,4,3,3,0,0,1,0,2,Regular,37,31,270,8,0,1,2,6,1.67,19.76,2,1,1,2,1,0,0
a8eee576-d1e1-52bd-8fa3-bb0131caa6fa,2023-2,Ingenieria Biomedica,2021,83.23,74.07,24,3,7,176,62.41,73.88,5,0,1,0,0,0,2,1,Regular,43,43,282,6,0,0,3,7,-9.16,13.03,0,1,2,2,0,0,0
606705c4-d6ca-5314-966c-b70eedf15cfb,2024-2,Ingenieria Biomedica,2022,72.27,69.89,23,1,6,161,57.09,87.12,2,4,0,0,1,1,0,1,Regular,40,33,282,6,0,1,1,6,-2.38,47.65,0,0,0,0,0,1,0
4a75b49e-b51d-5645-bb71-1344b4c8235c,2024-1,Ingenieria en Desarrollo de Software,2022,87.46,71.22,26,0,6,149,55.19,47.67,15,2,2,1,2,3,0,0,Regular,45,45,270,5,0,0,0,6,-16.24,34.77,1,1,2,1,3,0,0
dcfc00fb-501f-5e86-9714-713438fe39ac,2024-1,Ingenieria en Desarrollo de Software,2020,67.31,70.31,38,0,4,212,78.52,50.83,13,3,2,0,1,0,0,2,Regular,25,25,270,10,0,0,0,4,3.0,85.0,1,1,2,1,0,0,0
caa32366-d8e0-57cd-89fa-4039583681e6,2024-2,Ingenieria Biomedica,2020,76.57,64.51,31,4,5,245,86.88,89.47,4,1,1,1,0,1,3,1,Regular,25,25,282,10,0,0,4,5,-12.06,15.91,1,0,2,1,1,0,0
1f10260b-2e59-585d-b350-76fcc56c446d,2023-2,Ingenieria Biomedica,2021,55.67,58.23,28,1,4,162,57.45,70.47,10,6,3,1,1,0,1,1,Regular,27,27,282,6,0,0,1,4,2.56,20.27,2,1,2,1,0,0,0
3dfdd89f-4907-5c4a-b90d-2bd93711a18a,2023-1,Ingenieria Biomedica,2020,70.38,41.11,37,3,4,194,68.79,45.05,20,3,5,2,0,4,3,1,Regular,24,12,282,7,1,2,3,4,-29.27,24.86,3,2,2,2,4,0,0
8cf806a6-613a-5d14-9f16-a988d4470649,2023-1,Ingenieria Biomedica,2023,72.06,72.5,2,1,5,11,3.9,96.24,0,2,2,3,0,0,0,2,Regular,34,34,282,1,1,0,1,5,0.44,18.75,0,2,0,3,0,0,0
792fca8d-5ca7-5b84-bd5d-67b36acfc093,2024-1,Ingenieria en Energia,2023,68.15,75.94,10,1,7,55,20.83,69.18,8,2,3,1,0,0,0,1,Regular,39,39,264,2,0,0,1,7,7.79,37.83,0,3,0,1,0,0,0
8bd8544c-1af3-5b06-a2cf-73376043f9bd,2022-2,Ingenieria en Desarrollo de Software,2020,84.57,92.2,28,2,7,150,55.56,65.89,11,1,2,0,0,2,2,0,Regular,39,39,270,6,0,0,2,7,7.63,47.99,1,1,2,1,2,0,0
2f01adde-0ee8-580d-aa45-0c787262724c,2024-2,Ingenieria Agroindustrial,2024,83.57,79.22,6,0,5,35,12.68,88.87,2,0,2,0,0,1,0,1,Regular,36,36,276,2,0,0,0,5,-4.35,26.04,0,2,0,1,1,0,0
1559c366-0eff-5f40-b919-f774f64c4b59,2023-2,Ingenieria en Desarrollo de Software,2021,61.88,65.62,20,0,5,156,57.78,68.96,11,1,0,2,1,0,0,0,Regular,40,40,270,6,0,0,0,5,3.74,26.93,0,0,1,1,0,0,0
4f1a588b-c918-59ff-bc02-4884f8c9fa58,2023-2,Ingenieria Biomedica,2020,79.55,68.36,44,2,5,231,81.91,75.35,10,3,3,1,0,2,2,0,Regular,32,32,282,8,0,0,2,5,-11.19,12.41,2,1,1,2,2,0,0
1307e3ef-ec1c-5b16-8cf2-b67b23674014,2023-2,Ingenieria Agroindustrial,2023,61.62,58.55,2,0,4,11,3.99,81.63,0,3,3,0,0,2,0,0,Regular,31,31,276,2,0,0,0,4,-3.07,15.82,2,1,1,1,1,1,0
40f9bfbd-4b7c-5bf8-8801-ceecdd63e729,2024-1,Ingenieria en Desarrollo de Software,2024,84.56,91.12,8,1,0,59,21.85,8.62,19,2,5,1,0,1,0,2,Baja Temporal,0,0,270,1,1,1,1,0,6.56,19.12,0,5,0,2,1,0,0
55209b4f-7be2-5174-a5c8-3c409d72c6d7,2022-2,Ingenieria en Energia,2024,58.62,37.9,1,1,5,11,4.17,62.77,10,1,3,0,1,1,1,1,Regular,33,26,264,1,0,1,1,5,-20.72,39.47,3,0,2,1,1,0,0
071a2811-00b4-5fb1-aab7-d175f8e6f041,2023-2,Ingenieria en Desarrollo de Software,2023,64.78,63.94,7,3,5,41,15.19,52.49,16,5,3,3,1,2,2,1,Regular,31,19,270,2,0,2,3,5,-0.84,41.25,1,2,5,4,2,0,0
dec79f5a-5ae5-5dc7-abf8-2b8e699cb9b9,2024-1,Ingenieria Biomedica,2020,69.46,57.03,37,1,6,276,97.87,91.82,3,0,3,0,1,1,0,2,Regular,41,41,282,9,1,0,1,6,-12.43,8.99,0,3,1,7,0,1,0
fca436c8-9c87-5d04-99e0-576d9ca08e81,2023-2,Ingenieria Biomedica,2022,73.35,77.99,19,3,7,146,51.77,95.68,0,1,0,0,0,1,3,0,Regular,43,43,282,5,0,0,3,7,4.64,38.01,0,0,0,1,1,0,0
4094a1c9-54a1-580f-9d16-3c0026b4598f,2024-1,Ingenieria Agroindustrial,2023,74.31,82.48,13,1,5,94,34.06,87.06,6,2,1,0,0,1,1,0,Regular,38,38,276,4,0,0,1,5,8.17,34.36,0,1,1,0,1,0,0
df753833-cd20-5a4b-84e2-73b8f4593f42,2023-2,Ingenieria en Desarrollo de Software,2020,72.0,85.4,30,1,5,185,68.52,44.62,15,3,2,1,0,3,0,1,Regular,27,27,270,8,0,0,1,5,13.4,15.77,1,1,0,0,3,0,0
1e4e653f-4aea-5526-bb30-eba99ac67e7f,2025-1,Ingenieria Biomedica,2021,96.19,92.67,34,2,4,258,91.49,56.71,11,5,0,0,1,5,2,1,Regular,32,32,282,10,0,0,2,4,-3.52,47.48,0,0,0,1,5,0,0
1cbd0984-6621-56fe-9cc9-0f24cec3fde3,2023-1,Ingenieria en Desarrollo de Software,2020,61.73,57.66,31,5,4,171,63.33,88.79,2,2,3,2,0,0,5,1,Regular,24,18,270,7,0,1,5,4,-4.07,52.11,0,3,0,3,0,0,0
59d2265b-0f7e-5b2b-b51b-c2df2c97d586,2023-2,Ingenieria Biomedica,2020,70.55,90.36,28,2,7,209,74.11,92.17,3,1,4,1,0,0,1,2,Regular,38,38,282,8,0,0,2,7,19.81,18.99,3,1,3,3,0,0,0
387778c3-982c-51cc-b2bc-917c7cfaf7d1,2023-2,Ingenieria en Energia,2021,72.61,75.21,22,1,5,160,60.61,64.23,6,1,6,0,0,4,0,2,Regular,32,26,264,6,1,1,1,5,2.6,60.25,3,3,4,1,4,0,0
6cfd1f92-71c5-543a-b3ea-0dffdb45041b,2024-2,Ingenieria en Desarrollo de Software,2023,83.71,75.38,16,1,5,123,45.56,55.17,14,2,1,0,0,1,0,2,Regular,31,31,270,4,0,0,1,5,-8.33,15.07,0,1,0,0,1,0,0
60731102-9efa-599c-b184-cf18cd4661c9,2023-1,Ingenieria en Desarrollo de Software,2022,69.24,58.6,7,1,7,57,21.11,29.29,23,2,0,0,0,2,1,1,Regular,36,31,270,3,0,1,1,7,-10.64,18.7,0,0,0,1,2,0,0
f9fefaa1-94e6-5edf-92e8-8797d6bbe734,2023-2,Ingenieria Biomedica,2022,77.37,66.76,16,1,4,96,34.04,35.77,18,3,2,1,1,0,0,1,Regular,20,15,282,3,0,1,1,4,-10.61,31.07,0,2,0,5,0,0,0
71876bfe-cfbb-5138-bb41-50ecebb52aa2,2024-1,Ingenieria Agroindustrial,2021,68.12,50.64,19,3,6,139,50.36,49.19,11,6,1,3,0,2,0,6,Irregular,47,31,276,7,1,2,3,6,-17.48,34.81,1,0,0,0,2,0,0
aea75d43-e78e-5782-85fb-226661edf6ba,2024-1,Ingenieria en Desarrollo de Software,2024,72.35,96.39,2,0,4,11,4.07,99.0,0,2,8,1,0,2,0,1,Regular,27,27,270,1,0,0,0,4,24.04,33.53,2,6,3,5,2,0,0
d1a1b4d4-8425-5729-8c8f-a5336a1467b0,2024-1,Ingenieria Biomedica,2020,84.89,64.29,42,1,5,268,95.04,66.33,9,3,4,1,1,1,1,2,Regular,34,34,282,9,1,0,1,5,-20.6,18.35,4,0,1,0,1,0,0
104bb3d4-9f96-5777-9d48-ee52d7c6d178,2024-2,Ingenieria en Desarrollo de Software,2022,87.51,92.16,21,0,5,153,56.67,73.12,6,2,0,0,0,2,0,0,Regular,27,27,270,6,0,0,0,5,4.65,11.85,0,0,0,1,2,0,0
d2f564d7-cf9b-5cd9-8c54-ed13eac73806,2023-2,Ingenieria Biomedica,2024,98.0,100.0,5,0,6,37,13.12,73.18,8,1,7,2,1,0,0,1,Regular,45,45,282,1,0,0,0,6,2.0,26.77,1,6,2,5,0,0,0
a570865b-29fb-5559-8564-e5186fd59f39,2023-1,Ingenieria en Energia,2024,68.62,70.09,2,1,6,11,4.17,50.8,11,3,5,0,0,2,0,3,Regular,45,45,264,1,1,0,1,6,1.47,58.32,4,1,1,2,2,0,0
8c6b22a2-3730-5793-bba8-2e0437b2e98a,2024-1,Ingenieria en Desarrollo de Software,2023,80.4,63.59,9,1,6,53,19.63,69.52,12,1,2,0,0,3,1,0,Regular,43,36,270,3,0,1,1,6,-16.81,31.02,1,1,0,0,2,1,0
d9ba6be0-e3ad-5d2d-ac3a-03333a32cb1f,2024-1,Ingenieria en Desarrollo de Software,2021,78.73,62.68,31,0,6,233,86.3,57.12,12,2,2,2,1,0,0,0,Regular,46,46,270,8,0,0,0,6,-16.05,19.23,1,1,1,1,0,0,0
bdd5663e-ef14-5aaf-a977-7f234bfdf32a,2024-1,Ingenieria en Energia,2020,75.18,66.96,40,3,6,220,83.33,80.51,3,3,3,1,0,1,0,3,Regular,34,34,264,9,0,0,3,6,-8.22,29.87,0,3,0,0,0,1,0
dbea64e9-ff50-54fc-83cb-a5c0b0ed438c,2024-1,Ingenieria Biomedica,2021,94.1,94.95,41,0,4,237,84.04,67.1,12,4,2,0,0,1,0,0,Regular,20,20,282,8,0,0,0,4,0.85,13.27,1,1,2,2,1,0,0
df73aad2-9794-52c2-8d70-d6ed40394efe,2024-1,Ingenieria Biomedica,2021,94.68,93.42,33,0,6,206,73.05,58.67,14,6,2,0,1,0,0,0,Regular,35,35,282,7,0,0,0,6,-1.26,3.13,1,1,1,1,0,0,0
ccd9484d-392d-5ae8-be6a-66bfad6ceb7c,2022-2,Ingenieria en Desarrollo de Software,2023,89.86,96.74,7,1,7,52,19.26,69.57,10,0,0,1,0,0,0,2,Regular,41,41,270,1,0,0,1,7,6.88,8.74,0,0,1,1,0,0,0
c80fb84e-78f3-5607-934f-ddf63438a731,2025-1,Ingenieria en Energia,2021,60.48,63.6,34,2,5,210,79.55,64.31,12,3,3,0,0,3,1,1,Regular,39,39,264,10,0,0,2,5,3.12,44.68,1,2,0,2,2,1,0
ad828f4c-3952-5dcb-b011-45466f943a53,2023-2,Ingenieria en Desarrollo de Software,2023,90.8,83.06,7,1,4,53,19.63,30.48,21,3,1,1,0,2,0,1,Regular,24,18,270,2,0,1,1,4,-7.74,29.12,1,0,1,0,2,0,0
d7f9c7ed-2a59-5076-bb20-77cf84d06200,2025-1,Ingenieria en Desarrollo de Software,2024,75.81,62.61,8,3,5,48,17.78,69.68,6,1,1,2,0,6,2,1,Regular,38,30,270,3,0,1,3,5,-13.2,43.18,0,1,0,0,6,0,0
500ca273-4c86-5255-9867-d7c4c3fb18ed,2023-2,Ingenieria Biomedica,2024,47.31,31.11,2,4,3,11,3.9,37.65,18,3,4,0,0,0,1,4,Irregular,22,0,282,2,0,3,4,3,-16.2,28.1,2,2,0,0,0,0,0
1c666eaa-2ec9-56c1-adc5-0f7be5af217b,2023-2,Ingenieria en Desarrollo de Software,2023,91.62,81.62,2,1,5,17,6.3,83.05,2,3,3,0,0,2,0,1,Regular,25,25,270,2,0,0,1,5,-10.0,30.18,3,0,3,1,2,0,0
104e0444-1877-5767-b9bf-3381090f2c8d,2023-1,Ingenieria Biomedica,2022,71.2,67.76,11,1,5,56,19.86,87.56,6,1,2,2,0,1,0,2,Regular,27,27,282,3,0,0,1,5,-3.44,25.18,2,0,1,0,1,0,0
5b796a18-a472-5e17-a810-65d395f5211e,2024-2,Ingenieria Biomedica,2022,98.0,83.02,26,0,6,161,57.09,47.21,16,2,4,1,0,3,0,1,Regular,41,41,282,5,0,0,0,6,-14.98,38.06,0,4,0,7,3,0,0
07ea1511-f88d-51f5-b1a9-50124cffffb0,2025-1,Ingenieria en Desarrollo de Software,2022,57.68,52.64,27,5,4,156,57.78,97.04,1,0,3,0,0,0,3,3,Irregular,28,28,270,7,0,0,5,4,-5.04,20.01,2,1,1,0,0,0,0
ac75df31-9996-5f0d-9d5d-7bba42100424,2023-2,Ingenieria Biomedica,2020,77.24,68.13,42,1,6,237,84.04,61.72,13,1,1,1,0,1,0,1,Regular,45,38,282,8,0,1,1,6,-9.11,13.36,0,1,0,0,1,0,0
74fa2f05-c540-5a83-b9ac-024976a94b3b,2024-2,Ingenieria Biomedica,2023,75.06,67.82,18,1,7,119,42.2,98.18,0,2,2,0,0,3,1,0,Regular,45,45,282,5,0,0,1,7,-7.24,20.49,2,0,2,1,3,0,0
4c7c9eb8-a4e4-577e-8145-ae414e2802c4,2024-1,Ingenieria en Desarrollo de Software,2022,89.87,82.06,28,1,6,152,56.3,64.28,14,2,1,1,0,1,0,1,Regular,35,35,270,6,0,0,1,6,-7.81,27.29,1,0,1,0,1,0,0
9c08f10e-da32-5669-9d85-f13d601eba4d,2023-2,Ingenieria en Energia,2021,67.53,60.55,18,3,5,91,34.47,71.95,9,2,2,2,0,1,1,2,Regular,34,34,264,4,0,0,3,5,-6.98,30.23,1,1,0,2,1,0,0
76699e54-f2f3-5966-a2cd-40b3ec1af7f0,2023-1,Ingenieria en Desarrollo de Software,2023,86.8,,1,0,0,11,4.07,4.43,24,0,2,1,0,0,0,2,Baja Temporal,0,0,270,1,2,0,0,0,,22.62,0,2,0,1,0,0,1
a62d24e7-3715-5acc-909e-16b63754b194,2024-2,Ingenieria Biomedica,2022,71.14,73.2,16,0,4,111,39.36,93.39,1,1,4,0,0,2,0,1,Regular,21,21,282,6,0,0,0,4,2.06,19.54,0,4,0,2,2,0,0
cc0d3a30-125b-5fa9-b7cf-b16344426e18,2024-1,Ingenieria Biomedica,2020,60.85,56.59,33,1,6,225,79.79,99.0,0,1,4,2,1,1,1,0,Regular,33,33,282,9,0,0,1,6,-4.26,32.55,3,1,0,2,1,0,0
f3248bb9-7148-5391-ba5c-4db793cf25ed,2025-1,Ingenieria Agroindustrial,2023,81.31,83.75,27,2,7,159,57.61,45.45,15,2,3,0,0,1,0,2,Regular,56,56,276,6,0,0,2,7,2.44,11.03,1,2,1,2,1,0,0
7bdc06cf-076f-570b-a16d-e1fedbbb05e7,2025-1,Ingenieria en Desarrollo de Software,2022,84.05,77.42,28,0,5,217,80.37,64.81,8,4,7,0,0,2,0,0,Regular,32,32,270,8,0,0,0,5,-6.63,4.91,1,6,2,8,2,0,0
5eae0265-225f-5296-b427-698ec614220e,2024-2,Ingenieria Biomedica,2023,91.54,63.71,18,0,4,100,35.46,73.81,7,2,2,1,0,6,0,1,Regular,21,21,282,4,1,0,0,4,-27.83,7.18,0,2,1,2,6,0,0
6e90683f-edbb-5a90-9cce-c71aa6b7f50b,2025-1,Ingenieria en Desarrollo de Software,2023,67.37,51.01,13,1,7,92,34.07,76.55,7,4,1,1,0,1,0,4,Regular,37,32,270,5,1,1,1,7,-16.36,46.05,0,1,0,1,0,1,0
5e3e0d2e-24cd-5e6e-a341-75b669ee94fb,2024-2,Ingenieria en Desarrollo de Software,2020,89.89,100.0,48,1,6,240,88.89,66.04,13,2,2,0,0,3,0,1,Regular,36,36,270,9,0,0,1,6,10.11,20.41,2,0,1,0,3,0,0
de2b92d3-79cc-550a-9d55-7aef10d169a9,2023-1,Ingenieria en Desarrollo de Software,2024,65.04,53.89,2,3,4,12,4.44,47.4,11,0,2,2,1,6,3,0,Regular,24,12,270,1,0,2,3,4,-11.15,9.47,0,2,0,2,6,0,0
92a4be51-c9c1-5a77-92cf-cff814619d70,2023-1,Ingenieria en Desarrollo de Software,2024,71.44,81.52,2,0,7,14,5.19,84.69,3,3,3,0,1,0,0,0,Regular,51,51,270,1,0,0,0,7,10.08,15.31,1,2,2,3,0,0,0
fe7cb670-98a3-5178-b2e4-76675ab28185,2024-2,Ingenieria en Desarrollo de Software,2023,77.64,63.62,19,0,7,131,48.52,82.58,7,1,2,0,0,1,0,1,Regular,48,48,270,5,1,0,0,7,-14.02,19.38,1,1,1,2,1,0,0
2f7f4b1c-d877-5aac-afe3-ad1cabb0884e,2023-1,Ingenieria en Desarrollo de Software,2024,72.34,82.74,4,0,4,28,10.37,44.37,14,3,0,2,0,3,0,0,Regular,23,23,270,2,0,0,0,4,10.4,37.68,0,0,0,2,3,0,0
9dc545f5-1854-5ac4-a27c-a1193e4d5c68,2025-1,Ingenieria Agroindustrial,2020,88.02,86.94,47,3,6,241,87.32,59.9,13,2,7,2,0,2,2,2,Regular,44,44,276,11,1,0,3,6,-1.08,21.55,1,6,0,7,2,0,0
3c631f56-f1ed-55e4-9262-edd3f4b84deb,2024-1,Ingenieria en Desarrollo de Software,2021,94.62,100.0,30,2,7,215,79.63,66.79,11,3,0,2,1,0,2,2,Regular,53,53,270,7,0,0,2,7,5.38,38.54,0,0,0,0,0,0,0
a083d0f4-efcb-5a26-8451-785f478ec2fe,2024-1,Ingenieria en Energia,2022,88.5,90.44,17,0,5,121,45.83,64.81,11,3,1,1,0,0,0,1,Regular,37,37,264,5,0,0,0,5,1.94,32.78,1,0,0,0,0,0,0
2a9987ea-8926-5726-9e44-5abdf1d4d38c,2024-1,Ingenieria en Desarrollo de Software,2022,79.73,90.47,18,4,6,102,37.78,99.0,2,0,2,1,0,0,1,3,Regular,31,31,270,5,0,0,4,6,10.74,26.03,1,1,0,3,0,0,0
b5e71b7d-b665-5f2e-851c-569a931fde43,2025-1,Ingenieria en Desarrollo de Software,2020,69.77,68.46,40,3,4,265,98.15,91.58,2,3,2,3,1,0,2,3,Regular,21,16,270,12,0,1,3,4,-1.31,25.0,2,0,1,0,0,0,0
580a256c-b2f1-5ef2-9fd9-a1668e7938b6,2023-2,Ingenieria en Desarrollo de Software,2023,89.01,85.11,3,0,6,23,8.52,95.03,3,0,2,1,0,0,0,0,Regular,37,37,270,1,0,0,0,6,-3.9,20.42,0,2,0,1,0,0,0
f4974b5a-c47b-5b41-9621-60f287398db3,2025-1,Ingenieria Agroindustrial,2021,65.18,63.93,32,2,6,227,82.25,40.78,16,4,2,0,0,2,1,3,Irregular,31,31,276,9,0,0,2,6,-1.25,76.34,1,1,5,3,2,0,0
6833428e-b7c2-5005-9ed6-a908399048a3,2023-1,Ingenieria Agroindustrial,2021,98.0,100.0,30,0,7,189,68.48,90.53,3,1,1,0,0,1,0,0,Regular,51,51,276,6,0,0,0,7,2.0,23.18,0,1,1,0,1,0,0
cbf0f895-eadd-5c83-a186-c4c90dc52c07,2025-1,Ingenieria en Desarrollo de Software,2020,88.09,79.13,43,0,4,242,89.63,63.2,13,2,2,2,2,0,0,1,Regular,20,20,270,11,0,0,0,4,-8.96,11.04,1,1,2,1,0,0,0
b29837ea-4f81-5be4-a0c7-65517a752552,2024-2,Ingenieria Biomedica,2022,81.43,87.2,29,0,6,170,60.28,76.98,7,2,3,2,0,0,0,0,Regular,30,30,282,6,0,0,0,6,5.77,19.87,0,3,0,2,0,0,0
f6bfc201-b871-5b23-bfd3-e94d05e5a45a,2022-2,Ingenieria en Desarrollo de Software,2024,84.05,75.02,4,1,4,26,9.63,42.43,14,3,1,1,0,1,0,1,Regular,32,24,270,1,0,1,1,4,-9.03,8.75,1,0,1,0,1,0,0
39dc14f6-43e6-56cd-9456-6fd00bcdf7b1,2024-1,Ingenieria Biomedica,2022,63.16,59.6,17,1,6,124,43.97,63.89,13,2,3,1,0,0,1,0,Regular,37,37,282,5,0,0,1,6,-3.56,16.8,2,1,2,0,0,0,0
549c7704-0e92-5ab4-b691-7ce2ad3c6d35,2023-1,Ingenieria en Desarrollo de Software,2024,83.22,77.63,5,0,5,41,15.19,88.03,4,3,3,1,0,2,0,0,Regular,35,35,270,1,0,0,0,5,-5.59,14.62,1,2,0,4,1,1,0
621f1106-41cf-51e6-aea6-4c29cae5dd3b,2025-1,Ingenieria en Energia,2024,73.85,80.24,18,1,8,120,45.45,83.75,9,2,1,1,0,0,1,1,Regular,44,44,264,4,0,0,1,8,6.39,32.76,0,1,0,1,0,0,0
3ef3b39d-857d-5bcb-a71c-888a9884d66f,2024-1,Ingenieria Agroindustrial,2022,72.79,82.19,14,1,5,105,38.04,98.02,0,3,6,0,1,2,0,2,Regular,29,29,276,4,0,0,1,5,9.4,20.7,3,3,5,4,2,0,0
bedae0b3-454b-5e5a-b4b8-478457e8565b,2023-2,Ingenieria en Energia,2020,76.36,80.14,50,0,4,251,95.08,77.66,10,0,4,0,0,1,0,0,Regular,22,22,264,9,0,0,0,4,3.78,8.75,1,3,0,2,1,0,0
166d2d59-760b-55e6-97d0-da3aa5c9c629,2025-1,Ingenieria en Desarrollo de Software,2022,79.29,,29,0,0,219,81.11,1.26,25,1,2,3,0,2,0,2,Baja Temporal,0,0,270,7,2,0,0,0,,50.67,0,2,1,0,2,0,1
fa37514f-6eae-518d-a17e-a10043cb31cd,2023-2,Ingenieria en Desarrollo de Software,2023,58.69,61.68,5,0,5,39,14.44,99.0,0,1,3,1,0,1,0,1,Regular,35,35,270,2,0,0,0,5,2.99,39.45,3,0,3,1,0,1,0
c2111b73-5ce3-50c7-9ea9-3f38a2a71602,2023-2,Ingenieria en Desarrollo de Software,2024,74.51,56.22,2,2,5,11,4.07,67.96,8,1,1,4,1,5,2,1,Regular,28,22,270,1,0,1,2,5,-18.29,32.75,1,0,2,0,4,1,0
ed1be8fd-0dd9-5c1d-851f-b23aa972ebc8,2024-1,Ingenieria en Energia,2023,67.89,60.04,7,1,4,36,13.64,26.99,26,4,0,2,0,0,1,1,Irregular,32,24,264,2,0,1,1,4,-7.85,42.75,0,0,1,0,0,0,0
4466e9b9-e81f-5c3d-8d59-7b3e2a387293,2023-2,Ingenieria en Desarrollo de Software,2023,70.43,54.07,9,0,5,64,23.7,63.22,13,2,3,1,0,3,0,0,Regular,35,35,270,2,0,0,0,5,-16.36,22.52,0,3,1,3,3,0,0
5afc4668-588a-52f2-8c0c-6fa517dbe9c3,2024-2,Ingenieria en Desarrollo de Software,2023,93.47,88.43,22,0,4,121,44.81,77.64,4,4,3,0,0,4,0,0,Regular,31,31,270,5,0,0,0,4,-5.04,19.4,2,1,1,0,4,0,0
a4b54351-d639-5538-ab98-363bc27d0301,2024-2,Ingenieria en Desarrollo de Software,2023,41.0,35.78,14,4,5,76,28.15,51.5,16,5,2,4,1,0,3,1,Irregular,31,12,270,5,0,3,4,5,-5.22,21.93,2,0,1,0,0,0,0
900cafb2-3a80-5829-9fde-d72898e58ed4,2023-2,Ingenieria en Energia,2023,90.46,88.45,2,0,4,11,4.17,91.89,2,2,3,1,0,1,0,1,Regular,25,25,264,1,0,0,0,4,-2.01,77.41,1,2,1,5,1,0,0
4ddede85-ffdb-569d-9e4a-1e653b4f7579,2023-2,Ingenieria en Desarrollo de Software,2021,75.91,71.4,20,0,6,153,56.67,65.49,15,2,1,0,0,2,0,2,Regular,31,31,270,6,0,0,0,6,-4.51,6.35,0,1,0,3,1,1,0
f2e01bce-2020-5274-88ed-fb9d48359796,2023-2,Ingenieria en Desarrollo de Software,2021,90.5,88.65,23,0,5,141,52.22,91.13,6,1,4,0,0,1,0,0,Regular,33,33,270,5,0,0,0,5,-1.85,37.24,0,4,0,1,1,0,0
d3f5ace9-26fa-5bdd-aa79-2f2f12b165b4,2023-1,Ingenieria en Desarrollo de Software,2024,97.48,93.65,7,0,5,51,18.89,31.48,20,5,3,0,2,1,0,0,Regular,37,37,270,1,0,0,0,5,-3.83,25.67,1,2,2,2,1,0,0
3f03fd9d-58b4-5adf-9263-c4517412f3d8,2023-2,Ingenieria Biomedica,2023,81.92,80.36,4,0,6,30,10.64,54.36,13,2,2,4,1,2,0,0,Regular,39,39,282,1,0,0,0,6,-1.56,52.38,1,1,2,0,1,1,0
0e983a77-7038-5e81-aab5-b3dfd530a31d,2023-2,Ingenieria en Desarrollo de Software,2024,71.74,55.51,1,1,6,11,4.07,70.6,9,0,2,2,0,2,1,0,Regular,40,40,270,1,0,0,1,6,-16.23,32.2,2,0,1,0,2,0,0
be6be8df-95fc-558d-80ff-bf71f5fff684,2023-1,Ingenieria en Desarrollo de Software,2023,94.17,78.75,6,0,7,51,18.89,81.04,4,1,4,1,0,2,0,0,Regular,43,43,270,1,0,0,0,7,-15.42,20.4,0,4,0,5,1,1,0
79e5ba12-68de-5bc9-b252-e0abfb76c95a,2025-1,Ingenieria en Energia,2023,82.32,76.11,18,0,6,123,46.59,60.38,15,1,0,2,0,1,0,0,Regular,45,45,264,4,0,0,0,6,-6.21,28.14,0,0,0,1,1,0,0
72c4b33c-14c5-589c-b19c-730539079bea,2024-2,Ingenieria en Desarrollo de Software,2022,86.93,87.12,32,1,7,189,70.0,90.07,2,1,7,0,0,1,0,2,Regular,49,49,270,6,1,0,1,7,0.19,29.95,2,5,2,6,1,0,0
a1bfa0f9-89b5-520f-8655-2459cfa0111f,2024-2,Ingenieria Biomedica,2023,76.83,88.66,10,1,5,72,25.53,82.13,5,2,3,0,0,0,0,2,Regular,26,26,282,3,0,0,1,5,11.83,32.9,2,1,3,1,0,0,0
807b758c-7c0e-50a2-a340-5959260fddd5,2023-2,Ingenieria en Energia,2021,91.83,94.37,29,1,7,161,60.98,75.93,13,3,4,0,1,0,1,2,Regular,41,41,264,5,0,0,1,7,2.54,24.38,1,3,0,3,0,0,0
478395f5-587f-5f12-bc0e-ff20e0bf15dc,2023-2,Ingenieria en Desarrollo de Software,2023,51.74,49.99,2,1,5,11,4.07,58.25,13,3,4,0,0,1,1,2,Regular,34,27,270,1,0,1,1,5,-1.75,48.36,4,0,2,0,1,0,0
a627bf8e-7401-591c-b730-d00a71556b9c,2023-2,Ingenieria en Energia,2021,72.04,67.73,27,3,6,196,74.24,45.23,20,5,0,0,0,0,1,2,Regular,47,31,264,8,0,2,3,6,-4.31,13.25,0,0,1,0,0,0,0
ef6550aa-262d-51e4-b585-92830b89e61b,2023-1,Ingenieria en Energia,2021,74.96,72.98,14,0,5,101,38.26,81.23,3,2,0,0,0,3,0,1,Regular,39,39,264,5,0,0,0,5,-1.98,27.86,0,0,0,2,3,0,0
96b7a0ed-09ab-5487-9448-4d1f9301d6b3,2024-2,Ingenieria Agroindustrial,2022,82.93,90.74,28,0,7,155,56.16,77.69,8,3,4,0,0,0,0,1,Regular,51,51,276,6,0,0,0,7,7.81,7.27,2,2,0,1,0,0,0
0d5f833a-586f-50e2-b1b2-f5737285353e,2024-2,Ingenieria Agroindustrial,2023,76.55,85.17,16,0,6,109,39.49,73.02,7,1,2,1,0,1,0,1,Regular,40,40,276,4,0,0,0,6,8.62,25.53,1,1,3,1,1,0,0
5c16c5ad-2cc6-5e3c-ba24-1ce1190f74b8,2022-2,Ingenieria en Desarrollo de Software,2021,51.46,41.37,14,4,7,70,25.93,49.86,15,6,2,2,0,0,4,0,Irregular,46,20,270,4,0,4,4,7,-10.09,32.79,2,0,0,0,0,0,0
bdf79138-c2eb-53da-a9f8-7f0b54417ee1,2024-2,Ingenieria Biomedica,2020,61.34,58.04,46,2,4,236,83.69,74.21,9,2,1,2,0,2,0,5,Regular,21,16,282,10,1,1,2,4,-3.3,27.98,0,1,0,0,2,0,0
e45f7da9-79ab-5ae0-881f-f8944e0d25df,2024-2,Ingenieria en Desarrollo de Software,2022,72.39,81.94,16,0,5,119,44.07,99.0,0,3,6,0,0,0,0,2,Regular,34,34,270,6,0,0,0,5,9.55,40.78,2,4,1,7,0,0,0
3b6316fb-116b-59fc-80b4-b1fcf29a674b,2024-1,Ingenieria en Desarrollo de Software,2024,55.18,33.43,2,4,5,11,4.07,37.57,19,2,7,1,1,3,1,5,Irregular,30,12,270,1,0,3,4,5,-21.75,39.42,2,5,2,2,3,0,0
3f996802-5765-5088-b228-37c9d224b5e9,2024-1,Ingenieria en Desarrollo de Software,2021,85.19,87.23,31,2,4,200,74.07,28.88,21,1,0,1,1,1,0,3,Regular,26,26,270,7,1,0,2,4,2.04,85.0,0,0,0,0,1,0,0
94dd942c-e121-5a50-813c-07e96cf3dbc5,2024-2,Ingenieria Biomedica,2022,81.71,72.55,29,3,7,189,67.02,45.86,9,3,2,2,0,6,2,1,Regular,41,35,282,6,0,1,3,7,-9.16,20.34,1,1,0,2,6,0,0
5040532e-67cb-5deb-adac-6189ea5f0441,2023-2,Ingenieria Biomedica,2023,68.74,79.31,5,0,7,31,10.99,81.69,5,2,4,1,0,1,0,1,Regular,52,52,282,2,0,0,0,7,10.57,49.73,2,2,0,3,1,0,0
9df81a2d-bddd-5dc7-9df3-3dd76ad3f0f3,2023-2,Ingenieria en Desarrollo de Software,2023,70.68,70.22,2,0,4,11,4.07,64.78,13,2,2,0,0,2,0,0,Regular,23,23,270,1,0,0,0,4,-0.46,20.89,0,2,0,1,1,1,0
6c77d105-487a-5640-9e96-04532fd3156c,2025-1,Ingenieria en Energia,2024,64.06,53.39,10,4,5,72,27.27,45.38,18,2,6,4,0,0,3,2,Regular,33,20,264,3,0,2,4,5,-10.67,36.19,4,2,1,2,0,0,0
d132a578-cfdb-5e06-8fa4-f9b9c46f757e,2024-1,Ingenieria en Desarrollo de Software,2021,84.39,72.47,28,0,4,219,81.11,53.27,13,2,1,1,1,2,0,1,Regular,23,23,270,8,0,0,0,4,-11.92,40.09,1,0,5,0,1,1,0
db00576a-2f6f-54e2-9faf-0f532e9161dc,2025-1,Ingenieria Agroindustrial,2023,88.05,88.08,25,1,5,152,55.07,49.53,17,1,4,1,0,1,0,2,Regular,27,27,276,5,0,0,1,5,0.03,24.28,2,2,1,6,0,1,0
fc152c53-4b4e-5767-ba34-286067593099,2024-1,Ingenieria Agroindustrial,2022,82.45,79.19,27,0,0,190,68.84,15.46,24,4,3,1,0,1,0,3,Baja Temporal,0,0,276,6,3,0,0,0,-3.26,13.9,2,1,3,1,1,0,0
0390b287-29ee-567d-8657-3ce2fea35c09,2023-1,Ingenieria Agroindustrial,2022,60.84,54.62,10,0,5,67,24.28,97.62,0,1,4,0,1,0,0,2,Regular,39,39,276,3,0,0,0,5,-6.22,54.18,1,3,2,6,0,0,0
24b7e019-b6b9-5f00-ad3a-acc3567e4b0e,2024-2,Ingenieria en Desarrollo de Software,2021,70.79,79.25,27,3,5,204,75.56,56.87,15,2,3,1,0,5,0,5,Regular,26,26,270,8,1,0,3,5,8.46,18.23,3,0,3,1,3,2,0
c5872726-38f0-5b6c-8f90-3eeceb1cc0ab,2023-1,Ingenieria Agroindustrial,2024,89.65,79.29,3,0,6,19,6.88,75.99,5,3,1,1,1,1,0,1,Regular,35,35,276,1,0,0,0,6,-10.36,33.52,1,0,0,0,1,0,0
13c37363-774c-5fca-9059-7c39175a682c,2025-1,Ingenieria en Energia,2020,75.55,85.66,29,1,6,231,87.5,95.79,1,0,6,1,1,0,0,2,Regular,33,33,264,11,0,0,1,6,10.11,48.17,5,1,5,2,0,0,0
28c0b230-0ebc-5071-b8e6-798b2968075e,2023-1,Ingenieria en Desarrollo de Software,2022,96.74,100.0,15,2,7,86,31.85,99.0,0,0,3,0,0,1,0,2,Regular,42,42,270,3,0,0,2,7,3.26,27.93,2,1,2,3,1,0,0
5f926756-2b20-5b16-bb62-7bdccac72807,2023-1,Ingenieria en Energia,2022,77.55,60.28,12,1,7,85,32.2,47.95,17,5,1,0,0,1,0,2,Regular,52,45,264,3,1,1,1,7,-17.27,40.93,0,1,0,0,1,0,0
ee293d41-f95e-51f9-b7e2-587de3428dea,2024-1,Ingenieria en Energia,2023,82.43,72.2,12,2,4,75,28.41,52.05,16,0,5,1,0,2,2,0,Regular,27,20,264,3,0,1,2,4,-10.23,28.69,1,4,3,2,2,0,0
20d99420-7ff0-5487-a708-b0e7d81a6768,2023-2,Ingenieria Agroindustrial,2022,77.55,83.96,15,1,6,112,40.58,53.7,12,3,8,1,0,1,1,1,Regular,38,38,276,4,0,0,1,6,6.41,19.61,2,6,2,2,1,0,0
18b0ba4b-0a48-5857-b5ff-3d166853c81d,2023-2,Ingenieria Biomedica,2023,84.15,77.16,9,0,0,69,24.47,20.89,27,2,4,0,1,2,0,1,Baja Temporal,0,0,282,2,1,0,0,0,-6.99,8.71,1,3,1,4,2,0,0
e278ee4c-5fc8-5e28-93d4-eeb805cbd039,2023-2,Ingenieria en Energia,2023,55.37,,7,2,0,42,15.91,25.0,14,3,7,2,0,1,1,3,Baja Temporal,0,0,264,2,1,0,2,0,,85.0,5,2,3,1,0,1,1
d3190094-a4c7-5890-adca-6ca2da63c427,2024-1,Ingenieria Biomedica,2023,77.2,79.3,11,1,6,68,24.11,88.9,1,2,4,0,0,0,1,1,Regular,37,37,282,3,0,0,1,6,2.1,37.9,3,1,4,0,0,0,0
e4705c1a-a8d3-5c73-b338-e25459028a67,2024-1,Ingenieria en Desarrollo de Software,2021,76.13,81.92,29,2,0,177,65.56,3.58,16,2,1,1,0,1,1,4,Baja Temporal,0,0,270,7,2,0,2,0,5.79,36.22,1,0,2,1,1,0,0
af1facb8-ff16-522c-981f-4868d33e0d2d,2023-2,Ingenieria Agroindustrial,2020,85.24,93.08,27,0,5,196,71.01,71.27,8,1,2,0,0,1,0,0,Regular,32,32,276,8,0,0,0,5,7.84,18.16,0,2,0,1,1,0,0
bc2a0059-6168-5ed7-bd17-7d3cd697c9b6,2024-2,Ingenieria Biomedica,2023,77.79,79.63,17,0,6,107,37.94,68.26,10,0,3,0,0,1,0,1,Regular,44,44,282,4,0,0,0,6,1.84,19.53,1,2,0,1,1,0,0
66f9c383-d9be-58bc-b7d4-84009b773984,2023-2,Ingenieria en Desarrollo de Software,2023,74.66,56.23,3,1,5,18,6.67,77.39,8,2,4,1,0,0,0,1,Regular,36,36,270,2,0,0,1,5,-18.43,16.91,2,2,0,1,0,0,0
c1127ea4-e991-565f-884f-32cfc5980ec4,2024-1,Ingenieria en Energia,2020,72.35,59.43,35,3,7,206,78.03,61.16,11,5,0,4,0,2,2,1,Regular,53,45,264,9,0,1,3,7,-12.92,50.2,0,0,1,0,2,0,0
88f31db8-0575-5fb6-8b4f-c5759a6424ba,2024-1,Ingenieria Biomedica,2021,92.18,100.0,36,0,6,189,67.02,81.31,7,2,0,0,0,0,0,0,Regular,39,39,282,7,0,0,0,6,7.82,45.12,0,0,0,2,0,0,0
88808950-4e70-585e-b7d8-dcac94f1ea02,2024-2,Ingenieria en Energia,2021,62.36,70.34,25,1,6,183,69.32,69.94,7,1,3,1,1,0,0,1,Regular,47,47,264,8,0,0,1,6,7.98,24.01,2,1,2,0,0,0,0
64a7a435-3d68-5169-9f37-ab49c4679ed7,2025-1,Ingenieria en Energia,2021,53.41,28.24,38,6,7,196,74.24,66.36,6,2,3,7,0,3,5,3,Irregular,44,25,264,9,1,3,6,7,-25.17,57.21,0,3,1,1,2,1,0
52a6e332-4cf6-5a7c-b7d4-6c5fbd7de3fc,2025-1,Ingenieria Agroindustrial,2022,67.96,53.26,30,0,7,163,59.06,33.69,19,7,3,0,0,5,0,1,Regular,50,50,276,6,0,0,0,7,-14.7,30.32,2,1,2,0,3,2,0
08896997-8da0-523b-b1ea-3c41dbc26cc1,2025-1,Ingenieria Biomedica,2022,63.03,56.45,18,4,6,90,31.91,65.47,7,3,0,4,0,3,4,0,Regular,45,30,282,6,0,2,4,6,-6.58,23.82,0,0,0,0,3,0,0
8aca2da0-988f-59f4-a2ae-8ed0cc22ed9f,2024-1,Ingenieria Biomedica,2022,85.22,68.79,30,4,5,169,59.93,49.81,18,1,1,3,0,4,1,3,Regular,32,19,282,5,0,2,4,5,-16.43,6.15,0,1,0,1,4,0,0
10fa7934-fb66-5dde-b0d1-89343137acf3,2024-2,Ingenieria en Desarrollo de Software,2021,98.0,100.0,30,0,7,231,85.56,82.5,8,2,0,2,0,0,0,0,Regular,45,45,270,7,0,0,0,7,2.0,14.45,0,0,0,0,0,0,0
7e5301bd-d442-54ef-803e-87aa8e6dbdf2,2023-2,Ingenieria en Desarrollo de Software,2024,59.36,65.9,2,1,6,11,4.07,45.14,13,3,4,2,1,1,0,2,Regular,39,32,270,1,1,1,1,6,6.54,33.72,0,4,3,2,1,0,0
62f1112e-c4a4-564b-8256-282ff4b2076f,2023-1,Ingenieria Agroindustrial,2021,61.19,60.89,22,2,4,137,49.64,88.09,2,2,6,0,0,2,1,2,Regular,26,26,276,6,0,0,2,4,-0.3,25.13,3,3,0,5,2,0,0
62a25296-712d-5653-889d-288ef6a83045,2025-1,Ingenieria en Desarrollo de Software,2022,71.46,55.71,31,2,6,164,60.74,58.94,10,0,3,2,0,1,2,0,Regular,42,35,270,7,0,1,2,6,-15.75,53.26,2,1,2,0,1,0,0
3017070a-85f4-5a80-b4cd-bd224ba347da,2024-1,Ingenieria en Energia,2020,65.98,65.15,44,4,7,226,85.61,89.83,4,1,7,0,0,1,0,4,Irregular,53,53,264,9,0,0,4,7,-0.83,25.19,3,4,4,3,1,0,0
7b08c728-9c28-54e0-9bf5-3b7fc159526c,2024-1,Ingenieria Agroindustrial,2022,64.06,61.53,18,1,4,130,47.1,99.0,0,2,3,1,0,2,1,0,Regular,27,27,276,5,0,0,1,4,-2.53,22.49,3,0,2,1,2,0,0
4840428c-4604-5638-b9a7-88fc0cb3b671,2024-1,Ingenieria en Desarrollo de Software,2022,72.52,64.38,15,3,5,107,39.63,60.22,8,4,2,1,0,1,1,2,Regular,36,36,270,5,0,0,3,5,-8.14,48.49,0,2,0,4,1,0,0
c812f641-9a90-5ad7-acc5-b60f4575d5cc,2023-2,Ingenieria Agroindustrial,2024,65.5,64.16,1,0,4,11,3.99,66.18,8,3,4,0,0,0,0,1,Regular,27,27,276,1,0,0,0,4,-1.34,16.94,0,4,1,2,0,0,0
9929559f-804a-5134-a83b-76bdbf466189,2023-1,Ingenieria Biomedica,2023,84.79,79.63,7,0,7,42,14.89,72.27,4,2,2,1,0,2,0,0,Regular,50,50,282,1,0,0,0,7,-5.16,19.07,0,2,0,2,2,0,0
9eee5e53-b2a0-50f1-a44b-c8e00b96b1e6,2024-2,Ingenieria en Desarrollo de Software,2020,76.62,68.21,51,3,4,265,98.15,31.72,20,4,3,1,0,6,2,2,Regular,21,16,270,10,1,1,3,4,-8.41,85.0,3,0,2,2,6,0,0
ee55fdc7-1a3f-535c-8005-0beefdec16eb,2023-1,Ingenieria en Energia,2021,73.46,63.07,15,1,6,100,37.88,68.68,7,2,2,1,4,2,1,2,Regular,41,34,264,4,0,1,1,6,-10.39,17.45,1,1,4,0,1,1,0
9242cbb8-b13e-5ba5-a550-b05a44a90d0a,2023-2,Ingenieria en Energia,2022,72.47,64.61,12,1,4,65,24.62,94.52,2,1,5,1,0,1,0,1,Regular,25,25,264,4,0,0,1,4,-7.86,30.6,3,2,1,6,1,0,0
e6bd15f3-bc12-5232-b9e9-3f0cadb442a3,2025-1,Ingenieria en Energia,2021,84.74,85.78,28,0,5,198,75.0,77.42,8,2,1,1,0,1,0,0,Regular,31,31,264,9,0,0,0,5,1.04,9.31,0,1,0,0,1,0,0
1403891a-b308-5967-a7ff-02fb51482d5a,2023-1,Ingenieria en Energia,2022,54.83,49.57,1,0,6,11,4.17,58.66,12,1,0,0,0,1,0,0,Regular,33,33,264,2,0,0,0,6,-5.26,56.64,0,0,0,1,1,0,0
c6cfd602-5530-5ae9-a3a4-14089b60d9dc,2025-1,Ingenieria en Desarrollo de Software,2023,87.36,89.26,16,2,4,91,33.7,65.09,11,3,1,1,0,4,0,2,Regular,20,20,270,4,0,0,2,4,1.9,35.9,1,0,1,0,4,0,0
5ca57d98-2201-5a50-9ad5-6b7b2ef77e69,2024-2,Ingenieria en Desarrollo de Software,2021,81.27,67.55,34,1,5,223,82.59,82.69,4,2,5,0,1,1,0,1,Regular,39,39,270,8,0,0,1,5,-13.72,37.06,3,2,5,2,1,0,0
0524900c-e578-52c9-8bc1-66ebed13fc1a,2024-1,Ingenieria en Energia,2023,75.46,68.78,6,0,5,38,14.39,91.96,5,0,2,0,0,0,0,0,Regular,27,27,264,3,0,0,0,5,-6.68,65.68,1,1,3,2,0,0,0
150aa75f-9396-5245-afcf-6b34464e716b,2023-2,Ingenieria en Energia,2023,79.01,66.17,4,0,5,20,7.58,87.84,4,1,3,0,0,0,0,1,Regular,32,32,264,2,0,0,0,5,-12.84,43.03,1,2,0,6,0,0,0
483adef8-8a08-54fd-9e94-c611da349599,2023-2,Ingenieria en Desarrollo de Software,2021,83.49,68.56,20,0,6,145,53.7,95.57,0,0,1,0,0,0,0,1,Regular,31,31,270,6,0,0,0,6,-14.93,18.83,0,1,1,0,0,0,0
92f4ef15-1742-5b24-939d-93d5a26c9245,2025-1,Ingenieria en Desarrollo de Software,2023,74.49,63.05,14,2,4,93,34.44,33.19,21,3,3,1,1,1,2,2,Regular,20,10,270,4,0,2,2,4,-11.44,18.3,2,1,2,1,1,0,0
29494623-bc47-5128-87a2-e8562c834297,2024-1,Ingenieria en Energia,2021,84.41,86.36,22,2,5,151,57.2,68.48,10,1,1,1,0,2,2,1,Regular,27,27,264,7,1,0,2,5,1.95,12.9,1,0,1,0,2,0,0
cebeabd9-a3e3-509c-ac4f-ca1da3b08650,2023-1,Ingenieria en Desarrollo de Software,2021,76.28,65.32,15,0,5,110,40.74,81.03,5,2,1,1,0,2,0,1,Regular,33,33,270,5,0,0,0,5,-10.96,28.97,0,1,0,0,2,0,0
b4bbe7de-b070-5250-9a41-a5b1d90489d7,2024-1,Ingenieria Biomedica,2020,71.75,67.81,42,2,4,234,82.98,68.56,5,1,1,1,0,1,0,3,Regular,28,28,282,9,0,0,2,4,-3.94,19.42,0,1,0,2,1,0,0
49623074-46e3-5fb8-bbd7-043f652126dc,2024-1,Ingenieria Biomedica,2021,68.89,61.89,29,2,6,202,71.63,57.15,14,2,1,1,1,7,0,2,Regular,31,26,282,7,0,1,2,6,-7.0,52.65,1,0,3,0,7,0,0
e9713ca1-1bc7-5257-876f-df2aea169f60,2023-2,Ingenieria Biomedica,2024,76.23,88.54,7,2,6,51,18.09,59.41,11,0,2,2,0,0,0,3,Regular,43,43,282,2,0,0,2,6,12.31,36.4,2,0,3,1,0,0,0
fd207789-57f1-564d-a0d4-2270c0fa5be9,2024-1,Ingenieria en Energia,2024,70.17,77.78,1,0,4,11,4.17,93.15,2,0,2,3,0,2,0,0,Regular,30,30,264,1,0,0,0,4,7.61,25.52,2,0,2,1,2,0,0
c3a48277-83ab-5562-8e82-b1b63872ce2e,2024-1,Ingenieria Biomedica,2021,72.57,70.88,28,2,6,195,69.15,38.28,18,3,3,4,1,2,2,1,Regular,42,28,282,6,0,2,2,6,-1.69,30.79,1,2,0,4,2,0,0
c478abf6-7437-5c0e-974d-e66e6b9088a5,2023-1,Ingenieria Biomedica,2021,63.27,60.56,20,1,6,116,41.13,70.34,9,1,2,2,0,0,1,1,Regular,47,47,282,5,0,0,1,6,-2.71,29.19,1,1,0,3,0,0,0
587bb13e-3143-5768-ac13-6a994b8bf500,2022-2,Ingenieria en Desarrollo de Software,2021,78.95,78.89,22,0,7,136,50.37,59.51,13,2,3,1,0,1,0,1,Regular,48,48,270,5,0,0,0,7,-0.06,34.95,1,2,1,0,1,0,0
e1b489fc-59ca-5a01-9f64-e1d933b06d45,2023-2,Ingenieria en Energia,2022,63.21,54.54,12,0,6,71,26.89,46.78,17,2,5,0,0,3,0,3,Regular,33,33,264,4,0,0,0,6,-8.67,31.21,4,1,2,3,3,0,0
2883d183-2b7c-5633-b572-01cee0a1c4f4,2023-1,Ingenieria Biomedica,2023,86.75,82.68,4,1,0,28,9.93,9.48,19,4,3,1,0,1,0,2,Baja Temporal,0,0,282,1,1,0,1,0,-4.07,20.49,2,1,2,2,1,0,0
2e103104-101a-529f-bf82-91a562f6825d,2024-1,Ingenieria en Energia,2023,57.52,33.33,8,5,7,45,17.05,37.67,22,1,5,9,2,4,4,2,Irregular,43,12,264,2,1,5,5,7,-24.19,17.56,2,3,1,4,3,1,0
ef6e8bc8-a8e1-5301-94b2-3b7bb07f358b,2025-1,Ingenieria en Energia,2023,91.98,85.7,18,0,4,105,39.77,88.03,5,2,0,0,0,1,0,1,Regular,29,29,264,4,0,0,0,4,-6.28,7.46,0,0,0,0,1,0,0
5ca744cd-62a0-5db0-80a8-fcf33a61f6e6,2025-1,Ingenieria Agroindustrial,2023,73.38,78.9,17,0,4,123,44.57,75.7,8,2,3,1,0,0,0,3,Regular,25,25,276,5,0,0,0,4,5.52,35.59,1,2,1,2,0,0,0
0d1a66f3-f496-5f0e-aef3-aaaa049c5755,2024-1,Ingenieria en Energia,2022,85.7,85.7,16,0,7,105,39.77,74.12,4,3,3,0,0,2,0,0,Regular,53,53,264,4,0,0,0,7,0.0,35.95,0,3,0,4,2,0,0
725c8e65-ba51-5d42-bd35-16ed3e8892e8,2025-1,Ingenieria en Desarrollo de Software,2023,71.24,,20,0,0,108,40.0,19.79,25,2,1,1,0,1,0,1,Baja Temporal,0,0,270,5,0,0,0,0,,27.04,1,0,1,1,1,0,1
64c516d7-ad27-51e5-b478-14929a839bd5,2023-2,Ingenieria en Energia,2020,83.77,80.26,44,2,4,248,93.94,54.58,14,3,0,0,0,0,1,1,Regular,31,31,264,9,0,0,2,4,-3.51,8.67,0,0,1,0,0,0,0
3f1c1fd4-0835-5b86-9b92-73d4a218eede,2025-1,Ingenieria en Desarrollo de Software,2022,95.67,100.0,23,0,5,151,55.93,96.52,5,4,9,1,0,0,0,0,Regular,38,38,270,6,0,0,0,5,4.33,4.19,1,8,1,10,0,0,0
13297f76-3831-5eeb-8cfe-7b7e102e4c87,2023-1,Ingenieria Biomedica,2023,74.09,80.67,4,0,6,31,10.99,90.54,5,5,5,1,0,0,0,1,Regular,45,45,282,2,1,0,0,6,6.58,21.56,2,3,1,2,0,0,0
534779b4-4222-5f72-aadf-8d0365025c11,2024-2,Ingenieria en Desarrollo de Software,2021,41.6,,14,5,0,104,38.52,14.79,30,5,6,6,3,5,2,6,Baja Temporal,0,0,270,7,2,3,5,0,,49.73,4,2,2,3,3,2,1
99e1484a-1e12-5283-8c85-18fbb54645d7,2023-1,Ingenieria Agroindustrial,2022,62.83,66.81,7,0,7,46,16.67,82.02,5,1,3,1,0,2,0,0,Regular,55,55,276,3,0,0,0,7,3.98,54.52,3,0,1,1,1,1,0
5d78271e-7b9a-5a0d-b522-6c41b85de87f,2023-1,Ingenieria Agroindustrial,2023,51.75,54.95,2,0,6,11,3.99,75.94,8,4,6,1,0,1,0,1,Regular,38,38,276,1,0,0,0,6,3.2,37.32,6,0,2,0,1,0,0
fb73b9cc-109c-5847-ad3f-0b6681330b88,2023-1,Ingenieria en Energia,2020,86.97,90.23,36,2,4,200,75.76,92.48,1,2,3,1,0,2,2,1,Regular,29,22,264,8,1,1,2,4,3.26,21.63,1,2,0,4,2,0,0
b47d142e-22a2-5288-bd40-635adf5cbd7a,2023-1,Ingenieria en Desarrollo de Software,2023,73.22,73.62,2,1,6,11,4.07,80.61,5,0,3,1,0,0,0,1,Regular,41,41,270,2,0,0,1,6,0.4,59.87,1,2,2,2,0,0,0
9f467c6f-d77c-55fc-81ad-248fabf32d1c,2024-1,Ingenieria en Desarrollo de Software,2023,70.16,65.6,6,0,6,32,11.85,89.15,7,1,0,0,0,0,0,0,Regular,34,34,270,2,0,0,0,6,-4.56,22.74,0,0,1,0,0,0,0
55385ce7-c006-5c04-af0c-d992ccea193a,2023-1,Ingenieria en Desarrollo de Software,2022,87.52,85.26,13,3,7,101,37.41,99.0,2,4,2,1,0,0,1,3,Regular,40,34,270,4,0,1,3,7,-2.26,44.76,2,0,1,0,0,0,0
30f100ba-8134-5366-b4a5-ab0ad37afcc7,2025-1,Ingenieria Biomedica,2020,79.23,75.14,40,2,5,249,88.3,43.36,19,1,1,2,0,0,0,3,Regular,26,21,282,10,0,1,2,5,-4.09,28.83,1,0,1,1,0,0,0
3a3f819b-008a-54a2-b9e8-95639308705d,2023-1,Ingenieria Agroindustrial,2023,90.09,79.66,2,0,4,17,6.16,86.05,3,1,3,2,0,1,0,0,Regular,27,27,276,1,0,0,0,4,-10.43,6.41,1,2,0,3,1,0,0
47c4e501-7301-5a41-95b3-d05815569d3d,2023-1,Ingenieria en Desarrollo de Software,2020,66.63,68.69,46,0,0,242,89.63,23.91,21,0,3,0,0,0,0,2,Baja Temporal,0,0,270,8,2,0,0,0,2.06,11.52,2,1,0,1,0,0,0
a55fc512-074d-530d-bce5-17ca42b9966b,2023-2,Ingenieria Agroindustrial,2020,93.59,100.0,35,0,6,206,74.64,61.7,12,2,4,1,0,0,0,2,Regular,43,43,276,7,1,0,0,6,6.41,52.89,1,3,0,2,0,0,0
47df5211-4676-5fbf-87ee-5ca5e9008192,2024-1,Ingenieria Agroindustrial,2022,74.91,77.55,16,1,7,125,45.29,54.85,14,3,2,1,0,1,1,0,Regular,41,41,276,5,0,0,1,7,2.64,31.54,2,0,1,2,1,0,0
39c1c748-314a-5d8b-879d-901d8a20abff,2025-1,Ingenieria Biomedica,2021,83.52,87.77,46,1,0,247,87.59,24.73,16,2,7,0,0,1,1,4,Baja Temporal,0,0,282,9,2,0,1,0,4.25,12.65,2,5,1,6,0,1,0
5563d026-0dfe-5a1a-935d-302beb83ff61,2023-2,Ingenieria en Desarrollo de Software,2024,85.28,91.24,6,0,6,37,13.7,59.21,13,1,2,0,0,0,0,1,Regular,44,44,270,1,1,0,0,6,5.96,3.77,1,1,1,4,0,0,0
5c0688ca-e418-52b4-a2e8-5987aebd6c16,2024-1,Ingenieria en Energia,2021,84.52,82.93,31,1,4,174,65.91,49.95,14,3,2,0,0,1,1,0,Regular,24,24,264,7,0,0,1,4,-1.59,30.41,0,2,0,4,0,1,0
d147ade0-0bc4-5a1a-95eb-22c74a33c316,2024-2,Ingenieria Biomedica,2021,65.8,66.55,31,0,7,231,81.91,81.27,5,0,3,1,0,1,0,0,Regular,51,51,282,9,0,0,0,7,0.75,46.86,1,2,0,0,1,0,0
18ecc98d-195a-5853-aab8-abc83a0a74c4,2024-2,Ingenieria en Energia,2021,79.2,80.18,33,0,5,222,84.09,59.97,14,1,2,0,0,0,0,0,Regular,31,31,264,9,0,0,0,5,0.98,10.38,1,1,0,0,0,0,0
1d13a4fd-bbac-5319-93f2-5391a35dffe2,2024-1,Ingenieria en Desarrollo de Software,2023,93.33,83.88,20,0,6,98,36.3,65.56,14,2,2,0,0,0,0,0,Regular,37,37,270,3,0,0,0,6,-9.45,15.08,1,1,1,3,0,0,0
bbd53dc2-9228-547d-b60a-8148f5b51ad9,2023-1,Ingenieria Biomedica,2023,92.73,88.52,14,0,5,72,25.53,88.42,2,1,6,0,0,2,0,0,Regular,32,32,282,2,0,0,0,5,-4.21,12.02,2,4,1,1,2,0,0
ab1982ee-0dbd-53f1-887e-2b03c67d7c75,2025-1,Ingenieria Biomedica,2021,84.72,84.6,37,0,7,276,97.87,91.18,0,2,4,1,0,1,0,0,Regular,47,47,282,10,0,0,0,7,-0.12,20.13,2,2,0,2,1,0,0
fad00eaf-fc06-5e75-9fce-c486c7fc8dc6,2023-2,Ingenieria en Desarrollo de Software,2024,81.45,76.86,9,0,5,54,20.0,54.05,14,7,5,0,0,3,0,1,Regular,34,34,270,2,1,0,0,5,-4.59,20.3,1,4,0,2,2,1,0
82331ac9-b562-583d-91bc-62c2cd09e761,2024-1,Ingenieria Biomedica,2024,94.19,100.0,15,0,4,82,29.08,68.57,9,3,1,0,0,0,0,0,Regular,23,23,282,2,0,0,0,4,5.81,20.45,0,1,0,0,0,0,0
6941cc8a-fba1-52a7-a917-e6ab7b7601af,2024-2,Ingenieria Agroindustrial,2024,61.17,58.1,8,1,7,55,19.93,84.63,5,0,0,1,0,1,1,0,Regular,46,46,276,2,0,0,1,7,-3.07,43.54,0,0,0,1,0,1,0
aa1345ff-b1cb-5a47-81cc-62d82c95d998,2024-1,Ingenieria Biomedica,2021,73.2,71.68,25,0,7,169,59.93,84.1,3,2,1,2,0,1,0,1,Regular,36,36,282,7,0,0,0,7,-1.52,16.66,1,0,1,1,1,0,0
c0c83431-555d-5cbb-b3be-6ace5aaa689a,2023-1,Ingenieria en Energia,2021,69.29,88.44,15,1,4,116,43.94,41.37,19,2,3,0,0,2,0,2,Regular,28,28,264,5,1,0,1,4,19.15,26.03,3,0,3,1,2,0,0
4b583aa8-e150-5bdc-84ac-19e8261e6e8b,2022-2,Ingenieria en Energia,2021,77.09,62.62,10,1,4,75,28.41,99.0,0,2,6,1,0,2,1,1,Regular,22,22,264,4,0,0,1,4,-14.47,29.14,4,2,2,0,2,0,0
9a71f23a-5ea9-5ebb-aca4-fc5e06ba0ed2,2023-2,Ingenieria Agroindustrial,2022,84.96,81.52,20,0,6,118,42.75,60.26,12,1,4,1,0,2,0,0,Regular,35,35,276,4,0,0,0,6,-3.44,20.24,0,4,0,2,2,0,0
8c195f08-9781-51db-9c4c-89789b7824cc,2024-2,Ingenieria en Desarrollo de Software,2024,68.22,58.7,7,2,5,48,17.78,48.32,16,3,3,0,0,1,1,1,Regular,36,29,270,2,0,1,2,5,-9.52,16.03,1,2,1,0,1,0,0
cc810c8b-2752-5aa7-a831-ee066e59b93a,2022-2,Ingenieria en Energia,2021,73.34,62.16,19,1,6,103,39.02,45.98,17,6,4,0,0,1,0,2,Regular,31,31,264,4,0,0,1,6,-11.18,46.6,1,3,0,4,1,0,0
f381a62c-064d-5d4b-af2f-87c51ef8bca1,2024-2,Ingenieria Agroindustrial,2021,95.52,85.65,33,1,6,247,89.49,49.15,17,2,3,2,0,0,0,1,Regular,38,38,276,8,0,0,1,6,-9.87,10.6,2,1,0,1,0,0,0
933432fa-4bc9-5651-ad01-98277a8883f1,2024-1,Ingenieria Biomedica,2022,73.0,73.17,19,0,4,104,36.88,61.38,10,2,3,0,0,2,0,1,Regular,27,27,282,4,1,0,0,4,0.17,12.69,1,2,1,2,2,0,0
0753f2cc-902d-5770-bff8-df588d1a5ccf,2023-1,Ingenieria Biomedica,2022,89.52,,9,0,0,62,21.99,7.59,15,1,2,2,0,6,0,0,Baja Temporal,0,0,282,3,0,0,0,0,,17.67,0,2,0,3,4,2,1
e5cb4c83-9633-53e8-af32-f1b154dc6dc5,2024-2,Ingenieria en Desarrollo de Software,2022,60.31,50.59,25,1,4,140,51.85,69.65,6,0,4,2,0,0,0,2,Regular,25,19,270,6,0,1,1,4,-9.72,35.45,2,2,2,2,0,0,0
c16dc4bb-820f-5b85-ab23-ef741c17ce12,2024-1,Ingenieria en Desarrollo de Software,2023,96.96,84.7,14,0,4,83,30.74,41.22,19,2,2,0,0,0,0,0,Regular,31,31,270,3,0,0,0,4,-12.26,7.29,0,2,0,0,0,0,0
3e57d245-5f76-5396-b34e-a2e3d60ba46b,2023-1,Ingenieria en Desarrollo de Software,2022,61.22,65.27,6,1,4,38,14.07,71.8,7,3,6,1,0,3,1,0,Regular,21,21,270,3,0,0,1,4,4.05,23.54,1,5,1,5,3,0,0
5a7f9dde-a6b5-5e80-976a-efd5cdc0fa6b,2024-1,Ingenieria en Desarrollo de Software,2022,83.38,72.17,16,1,6,103,38.15,83.68,4,1,6,0,0,3,1,0,Regular,37,37,270,5,0,0,1,6,-11.21,69.43,4,2,5,1,3,0,0
80e385ce-0b16-55da-8d52-bb771f5e8840,2024-1,Ingenieria Biomedica,2022,55.45,46.52,19,3,4,119,42.2,60.77,10,2,2,1,0,1,0,3,Regular,29,14,282,5,0,2,3,4,-8.93,30.12,1,1,0,2,1,0,0
b23c8252-828f-5b93-8e14-7c726d67ba3a,2023-1,Ingenieria en Desarrollo de Software,2022,66.59,,6,1,0,40,14.81,19.14,27,3,1,0,0,2,1,2,Baja Temporal,0,0,270,2,2,0,1,0,,36.05,1,0,1,0,2,0,1
8206b723-1395-5758-9f04-ff867caee093,2025-1,Ingenieria en Energia,2020,58.85,50.94,27,4,7,206,78.03,66.1,8,2,0,2,0,2,0,5,Irregular,39,28,264,12,1,2,4,7,-7.91,23.91,0,0,0,1,1,1,0
ab9068d3-3464-5f4a-a397-c92f1feacd51,2023-2,Ingenieria en Desarrollo de Software,2020,76.9,85.4,24,3,7,171,63.33,93.33,2,0,4,0,0,1,3,0,Regular,51,51,270,7,0,0,3,7,8.5,57.64,2,2,3,1,1,0,0
896d4d46-fca6-5558-b4a2-3a6661bddeb2,2024-2,Ingenieria en Desarrollo de Software,2023,87.1,76.22,23,0,7,125,46.3,72.41,8,2,2,1,0,2,0,2,Regular,38,38,270,5,0,0,0,7,-10.88,25.49,0,2,0,3,1,1,0
b4574f88-efd3-554e-91cd-93fd929e5101,2023-1,Ingenieria Agroindustrial,2020,81.53,76.98,31,1,5,222,80.43,79.82,5,3,1,0,0,2,0,3,Regular,30,30,276,7,0,0,1,5,-4.55,22.93,1,0,0,1,2,0,0
427ad080-338f-5048-b152-5c7423daa3a6,2025-1,Ingenieria Biomedica,2021,69.56,66.79,47,2,4,243,86.17,90.11,1,2,2,0,0,1,0,2,Regular,21,21,282,9,0,0,2,4,-2.77,22.38,0,2,1,1,1,0,0
ef59fe5b-58d0-5170-8565-7a6a38201892,2023-1,Ingenieria Agroindustrial,2022,70.5,76.92,10,2,7,62,22.46,99.0,0,1,2,1,0,0,0,4,Regular,52,52,276,3,1,0,2,7,6.42,17.85,1,1,1,2,0,0,0
d594bf1c-37fb-5600-9eeb-c7ea4f371f3d,2024-1,Ingenieria Biomedica,2022,72.51,52.67,16,2,6,110,39.01,47.46,15,1,5,6,0,1,0,2,Regular,38,32,282,5,0,1,2,6,-19.84,30.63,2,3,1,2,0,1,0
d268ba83-221f-5b85-9d04-83cf67839f12,2023-2,Ingenieria Biomedica,2022,77.94,64.63,10,1,5,53,18.79,74.31,3,2,3,1,0,2,0,1,Regular,34,34,282,3,0,0,1,5,-13.31,85.0,2,1,2,0,2,0,0
4005bf34-1385-5875-b8a0-0106f5c6ba9b,2023-2,Ingenieria en Energia,2023,83.64,80.47,21,0,6,112,42.42,56.02,14,3,2,1,0,2,0,1,Regular,45,45,264,3,0,0,0,6,-3.17,13.41,1,1,0,2,2,0,0
e036a25f-b327-5c99-9c8f-ce93adcd3a91,2024-1,Ingenieria en Desarrollo de Software,2021,61.48,45.62,28,3,6,211,78.15,78.94,6,1,3,2,0,1,0,3,Regular,30,25,270,8,0,1,3,6,-15.86,70.46,3,0,0,1,1,0,0
774354e2-d080-53c4-9210-22d574de9b7e,2023-2,Ingenieria en Desarrollo de Software,2022,91.28,81.54,19,0,7,112,41.48,91.61,4,2,2,0,0,3,0,0,Regular,44,44,270,4,0,0,0,7,-9.74,26.02,0,2,0,4,3,0,0
666ad979-55ca-5efd-be14-1143687b46b5,2023-2,Ingenieria en Energia,2020,51.3,53.1,20,2,6,155,58.71,34.35,15,1,2,2,2,0,2,0,Regular,33,33,264,8,0,0,2,6,1.8,33.0,1,1,2,1,0,0,0
8aa208dd-67c8-5984-8124-3bcd8d118c1c,2025-1,Ingenieria en Desarrollo de Software,2023,61.52,63.33,17,2,4,106,39.26,51.32,15,2,4,2,0,4,0,2,Regular,23,17,270,5,0,1,2,4,1.81,36.99,1,3,0,3,4,0,0
91308561-bdc9-5201-bfa4-8386f602c8d1,2025-1,Ingenieria en Desarrollo de Software,2023,83.67,82.98,18,0,5,133,49.26,64.42,13,1,2,0,0,2,0,1,Regular,34,34,270,4,0,0,0,5,-0.69,11.05,0,2,0,6,2,0,0
685e0e43-d1e8-5a1d-9102-f73180f24c45,2022-2,Ingenieria en Desarrollo de Software,2023,83.0,92.55,7,0,4,37,13.7,60.29,9,1,3,0,0,1,0,1,Regular,31,31,270,1,1,0,0,4,9.55,11.42,0,3,1,4,1,0,0
e1241cb7-7ac0-597b-9c9a-814944fc3848,2024-1,Ingenieria Agroindustrial,2021,54.52,55.02,33,3,4,174,63.04,61.18,13,0,0,1,0,1,0,4,Irregular,25,25,276,8,0,0,3,4,0.5,35.01,0,0,0,1,0,1,0
c1cbece0-2249-5090-b74e-43e6e9afa6fc,2024-1,Ingenieria Biomedica,2022,73.65,73.45,18,0,7,134,47.52,96.71,0,1,1,1,0,2,0,1,Regular,42,42,282,5,0,0,0,7,-0.2,18.81,0,1,0,2,2,0,0
2108b593-0500-5894-afe1-7b04f190caa6,2023-2,Ingenieria Agroindustrial,2020,63.23,50.39,30,2,6,218,78.99,40.17,19,4,1,3,3,1,0,3,Irregular,41,27,276,8,0,2,2,6,-12.84,16.58,0,1,0,2,1,0,0
7b60669b-a209-5cfe-840c-132bd74e84b4,2023-1,Ingenieria Biomedica,2022,80.16,74.35,16,3,7,127,45.04,24.7,24,2,0,1,2,4,3,0,Regular,41,29,282,4,0,2,3,7,-5.81,36.95,0,0,2,1,3,1,0
873219ba-b3cd-533e-b622-e52d74497eaa,2025-1,Ingenieria en Desarrollo de Software,2020,55.07,38.7,38,3,4,226,83.7,86.57,1,0,2,1,1,2,3,2,Regular,25,25,270,11,0,0,3,4,-16.37,25.21,2,0,1,1,2,0,0
5349b7bd-de38-5838-bb67-e6299b5ac80d,2024-2,Ingenieria Biomedica,2021,75.25,57.46,27,1,7,182,64.54,55.55,14,0,0,0,0,1,1,0,Regular,45,45,282,7,0,0,1,7,-17.79,30.08,0,0,0,0,1,0,0
70a3ce78-bcca-5270-b8bc-0a125f0c07e1,2025-1,Ingenieria en Desarrollo de Software,2021,64.07,,42,8,0,235,87.04,6.57,24,2,7,5,2,1,5,6,Baja Temporal,0,0,270,11,3,5,8,0,,19.87,4,3,3,3,1,0,1
4c0119b8-fedd-5d9a-b93c-41739a0ecadd,2025-1,Ingenieria Biomedica,2022,70.59,65.9,25,1,4,155,54.96,62.71,11,3,1,0,0,3,1,0,Regular,29,29,282,7,0,0,1,4,-4.69,23.49,1,0,2,1,3,0,0
a9cc5c0e-f744-5694-9fe9-d805962c8ad2,2025-1,Ingenieria Biomedica,2022,78.07,84.37,29,2,4,202,71.63,79.07,5,5,3,2,0,0,1,2,Regular,28,28,282,7,0,0,2,4,6.3,24.93,1,2,1,3,0,0,0
70270288-e116-5e1d-9a1c-bec4e747a926,2025-1,Ingenieria en Desarrollo de Software,2021,82.7,79.26,39,1,4,231,85.56,82.06,1,2,4,1,0,1,1,0,Regular,22,22,270,9,0,0,1,4,-3.44,58.34,1,3,1,1,1,0,0
fe9617fc-0adb-5c1d-b047-aa8729528873,2025-1,Ingenieria en Desarrollo de Software,2023,95.13,95.79,25,0,4,175,64.81,62.73,13,4,7,1,0,2,0,0,Regular,25,25,270,5,0,0,0,4,0.66,10.73,1,6,1,8,1,1,0
fb023f8f-3a85-5991-a47e-392b19f48d89,2023-2,Ingenieria en Energia,2020,78.17,98.72,38,0,6,221,83.71,71.3,5,3,2,4,1,1,0,0,Regular,45,45,264,8,0,0,0,6,20.55,55.96,2,0,4,1,1,0,0
1f8574a0-fabf-53e7-be44-1c60358ff275,2023-2,Ingenieria en Energia,2023,72.98,62.8,5,2,4,37,14.02,10.91,29,7,2,7,2,4,0,2,Irregular,26,13,264,2,0,2,2,4,-10.18,63.86,0,2,0,2,4,0,0
00e2f9de-f3b5-5ad4-8877-336b6993cd2c,2024-2,Ingenieria Biomedica,2021,95.43,100.0,32,1,4,234,82.98,86.2,6,4,2,1,0,0,0,1,Regular,31,23,282,8,0,1,1,4,4.57,9.2,0,2,0,4,0,0,0
496b2952-bc4e-52eb-9be5-4660e9def593,2025-1,Ingenieria Agroindustrial,2022,95.97,99.21,39,1,4,270,97.83,42.95,19,3,2,0,2,1,1,1,Regular,27,27,276,9,1,0,1,4,3.24,62.78,0,2,1,1,0,1,0
de9fff6a-8d50-5fd1-9391-31c3e27a0d90,2024-1,Ingenieria en Energia,2020,60.57,47.66,26,2,7,189,71.59,51.64,15,6,4,2,1,4,2,0,Regular,36,36,264,8,0,0,2,7,-12.91,25.37,3,1,4,1,4,0,0
9f93675d-bcad-54d7-b17c-0a8cfc1bd03d,2025-1,Ingenieria Biomedica,2022,82.53,72.28,21,3,4,145,51.42,50.84,15,2,8,1,1,1,1,4,Regular,20,15,282,7,0,1,3,4,-10.25,34.06,7,1,4,2,1,0,0
596ce646-fe5b-50fe-a7bc-6c8e33b4ea4c,2024-1,Ingenieria Agroindustrial,2024,77.76,66.72,4,0,6,28,10.14,97.2,1,3,1,0,1,1,0,0,Regular,35,35,276,1,0,0,0,6,-11.04,6.89,0,1,0,1,1,0,0
6139ffdc-3616-548e-8090-62b45896c7fc,2023-1,Ingenieria en Desarrollo de Software,2022,92.0,94.9,15,1,5,93,34.44,66.22,10,0,6,1,0,2,0,1,Regular,25,25,270,3,0,0,1,5,2.9,39.19,0,6,0,7,2,0,0
abcaf3ae-43a7-5a77-aadf-ad95f6017e30,2024-1,Ingenieria en Energia,2022,86.88,73.3,10,1,5,72,27.27,34.4,22,3,2,0,0,3,1,1,Regular,27,27,264,4,1,0,1,5,-13.58,17.43,1,1,0,2,2,1,0
4b5277ba-6b0c-593b-8571-86caac2f8061,2025-1,Ingenieria en Energia,2020,77.64,69.73,42,1,6,233,88.26,72.36,5,1,0,0,1,5,1,0,Regular,41,41,264,11,0,0,1,6,-7.91,29.35,0,0,0,0,4,1,0
7a25f0a1-edf2-526f-9aab-3006b5f32e72,2024-2,Ingenieria Biomedica,2022,58.82,34.22,21,6,6,146,51.77,56.18,15,4,2,3,2,0,4,6,Irregular,33,22,282,6,0,2,6,6,-24.6,31.06,2,0,3,0,0,0,0
e851de76-764f-50be-85d1-47101f004f16,2023-2,Ingenieria Biomedica,2024,83.59,76.85,10,0,8,78,27.66,67.79,11,1,5,0,2,1,0,1,Regular,42,42,282,2,0,0,0,8,-6.74,18.42,4,1,3,1,1,0,0
854b5069-1b87-59b4-a464-fd2735e68bb1,2024-2,Ingenieria en Desarrollo de Software,2021,79.5,70.0,24,6,5,190,70.37,50.99,14,3,1,3,3,0,6,0,Regular,37,15,270,8,0,3,6,5,-9.5,28.36,0,1,3,0,0,0,0
64d0d32b-0671-524b-9271-b6492d799dfd,2024-2,Ingenieria Agroindustrial,2021,92.28,96.54,35,0,4,249,90.22,48.07,11,0,1,1,0,4,0,0,Regular,31,31,276,8,0,0,0,4,4.26,22.95,0,1,0,0,4,0,0
fdea5115-f167-58e9-a7a7-5a1b9057e86c,2025-1,Ingenieria Biomedica,2020,73.49,62.57,44,3,4,249,88.3,73.69,7,2,3,1,0,2,2,1,Regular,27,27,282,11,0,0,3,4,-10.92,55.14,1,2,1,2,2,0,0
5e00ff17-8c76-5d90-828e-fca39af02dd2,2023-1,Ingenieria en Energia,2023,95.94,86.44,4,0,4,31,11.74,72.67,7,2,4,0,0,0,0,2,Regular,23,23,264,1,0,0,0,4,-9.5,19.28,3,1,2,0,0,0,0
39586b48-7f69-5c5f-b455-2c03a8b0f893,2024-1,Ingenieria en Desarrollo de Software,2021,75.59,73.33,36,2,5,209,77.41,56.22,12,4,0,2,0,1,2,1,Regular,25,25,270,8,0,0,2,5,-2.26,51.11,0,0,0,0,1,0,0
582b10fd-3f07-5b0d-bc80-d0c86955dfed,2025-1,Ingenieria en Desarrollo de Software,2020,62.69,60.39,35,2,5,217,80.37,76.93,7,3,0,0,0,1,2,0,Regular,32,32,270,10,0,0,2,5,-2.3,17.51,0,0,0,0,1,0,0
d29ceb2f-aea5-59ed-ba09-5de06e0c9ac6,2024-2,Ingenieria en Energia,2021,59.15,52.59,24,3,7,141,53.41,97.22,0,0,1,2,0,0,0,3,Regular,38,38,264,7,0,0,3,7,-6.56,29.08,1,0,1,1,0,0,0
1e7e1597-5c83-5634-9bf2-704ee48dcd52,2024-1,Ingenieria Agroindustrial,2024,63.57,77.39,2,0,7,11,3.99,96.82,1,2,1,1,0,0,0,0,Regular,49,49,276,1,0,0,0,7,13.82,16.88,1,0,1,0,0,0,0
c9bcf774-dc34-56b8-bad8-7a75d1aea6a0,2023-1,Ingenieria Agroindustrial,2024,68.69,80.08,3,0,0,18,6.52,15.83,19,3,3,0,0,0,0,1,Baja Temporal,0,0,276,1,0,0,0,0,11.39,46.54,0,3,1,3,0,0,0
e73642e8-323f-5867-a6e7-c00a15ece42d,2024-1,Ingenieria Agroindustrial,2020,89.87,88.7,24,1,6,184,66.67,71.48,7,2,3,0,1,2,1,1,Regular,33,33,276,8,0,0,1,6,-1.17,41.37,1,2,2,4,1,1,0
dba3d63e-dda6-5939-a50f-e0dadd4f0cb9,2024-1,Ingenieria en Energia,2024,71.3,56.52,1,1,7,11,4.17,55.41,13,10,3,3,0,3,0,3,Regular,52,45,264,1,0,1,1,7,-14.78,14.86,1,2,1,3,3,0,0
4559686a-b9d9-5a1a-827a-f9859ede4dbf,2024-1,Ingenieria en Desarrollo de Software,2021,89.66,100.0,30,3,4,172,63.7,60.48,13,1,2,2,0,0,2,1,Regular,25,25,270,7,0,0,3,4,10.34,22.49,1,1,0,0,0,0,0
500e5ba5-abeb-542a-9ca9-16e274035807,2022-2,Ingenieria en Energia,2023,67.16,,4,0,0,23,8.71,18.19,25,2,0,1,1,2,0,0,Baja Temporal,0,0,264,1,0,0,0,0,,15.98,0,0,1,1,1,1,1
7ef6472f-2381-59e6-8356-6872fa8aebef,2023-1,Ingenieria Biomedica,2022,78.69,74.55,7,1,5,38,13.48,47.63,19,0,3,2,0,5,1,2,Regular,26,26,282,3,1,0,1,5,-4.14,30.17,2,1,1,1,5,0,0
769fe54f-e631-5193-8bec-0f140b4979e3,2025-1,Ingenieria en Energia,2021,74.39,77.61,25,1,7,184,69.7,73.97,5,1,1,0,0,3,1,1,Regular,37,37,264,9,0,0,1,7,3.22,32.57,0,1,0,1,3,0,0
4f7dc071-578f-597b-8608-de3edfb2d420,2025-1,Ingenieria en Energia,2021,98.0,70.64,47,0,4,259,98.11,24.05,22,2,2,1,1,3,0,0,Regular,31,31,264,9,0,0,0,4,-27.36,52.62,0,2,0,2,3,0,0
68828ecd-9328-5654-9cc0-80a246a9bfe0,2024-2,Ingenieria en Desarrollo de Software,2022,71.59,60.44,19,2,5,146,54.07,82.73,9,0,0,2,0,0,2,1,Regular,25,25,270,6,0,0,2,5,-11.15,33.27,0,0,0,0,0,0,0
98457e79-151d-529a-b0ba-6d4bd983f2ed,2023-2,Ingenieria en Energia,2023,69.71,68.02,7,3,4,44,16.67,57.24,15,0,4,3,0,1,3,1,Regular,21,10,264,3,0,2,3,4,-1.69,60.78,2,2,3,1,1,0,0
a0e77fb6-a59b-5acf-9cd8-f2ef4b37c8f1,2024-2,Ingenieria Agroindustrial,2023,94.09,83.18,33,1,6,183,66.3,70.48,9,4,3,0,0,2,1,1,Regular,30,30,276,6,0,0,1,6,-10.91,13.41,0,3,1,3,2,0,0
beab94e0-bd31-5016-bc36-b93685157e89,2024-2,Ingenieria Biomedica,2022,84.21,95.94,27,1,6,154,54.61,64.76,12,0,4,2,0,1,0,2,Regular,42,42,282,6,0,0,1,6,11.73,11.12,2,2,0,4,1,0,0
39d96a46-f1ca-59f4-b107-298bc0f88196,2024-2,Ingenieria Agroindustrial,2020,66.26,66.59,37,3,6,209,75.72,96.68,0,2,1,2,0,1,3,0,Regular,32,32,276,11,0,0,3,6,0.33,52.72,1,0,0,1,1,0,0
133bc0a9-1408-58dc-a020-f9556ba8003d,2024-1,Ingenieria Biomedica,2023,69.13,73.73,11,1,5,73,25.89,43.46,18,4,2,0,1,1,1,0,Regular,33,33,282,3,0,0,1,5,4.6,19.52,2,0,0,0,1,0,0
06368911-0817-599c-902b-f365e5c30935,2022-2,Ingenieria en Energia,2020,70.93,69.04,23,1,7,145,54.92,67.65,10,0,1,2,0,1,0,2,Regular,46,39,264,7,0,1,1,7,-1.89,24.33,0,1,0,0,1,0,0
a8760ce6-3f05-56d6-bddb-f7fcbbfe0923,2025-1,Ingenieria en Energia,2023,77.24,56.75,28,3,7,154,58.33,78.87,7,2,3,2,0,0,2,2,Regular,51,44,264,6,1,1,3,7,-20.49,18.03,1,2,1,4,0,0,0
2816b599-ea8c-5189-83c4-33cd7b82e0da,2023-2,Ingenieria en Desarrollo de Software,2024,81.16,69.94,2,2,7,14,5.19,22.73,26,3,3,4,3,4,2,2,Irregular,35,25,270,1,1,2,2,7,-11.22,20.43,2,1,2,2,3,1,0
ea981bbf-8027-5ee0-b2ef-a0bb7c6bc4a7,2023-1,Ingenieria en Desarrollo de Software,2022,77.13,83.65,12,1,7,86,31.85,69.95,10,0,2,0,0,1,0,1,Regular,41,41,270,3,0,0,1,7,6.52,46.1,0,2,0,1,1,0,0
a3c2699a-f6e4-5720-b374-b953f09f3832,2023-2,Ingenieria Agroindustrial,2022,72.16,54.46,10,1,4,72,26.09,66.94,6,2,4,3,0,6,0,2,Regular,31,23,276,4,0,1,1,4,-17.7,27.98,2,2,1,5,6,0,0
40fa2ff7-0da0-5696-8279-803c0d9d1fb7,2023-2,Ingenieria Agroindustrial,2021,65.95,70.96,21,1,7,163,59.06,39.9,17,1,3,2,1,2,1,3,Regular,37,37,276,6,1,0,1,7,5.01,34.21,2,1,1,1,1,1,0
933cb9a9-6c5e-569a-9da3-54eb41f1a95b,2024-2,Ingenieria en Energia,2023,95.46,86.42,15,0,5,110,41.67,55.21,17,4,4,0,0,0,0,0,Regular,34,34,264,4,0,0,0,5,-9.04,30.03,2,2,2,4,0,0,0
10a65773-8efc-5683-b78e-6627dd4dd166,2024-2,Ingenieria en Desarrollo de Software,2021,74.85,86.26,31,1,4,174,64.44,79.0,10,3,3,0,0,1,0,1,Regular,25,25,270,7,0,0,1,4,11.41,15.61,2,1,0,0,1,0,0
ba391186-ea23-544c-a881-e73e046dc58e,2024-1,Ingenieria en Energia,2020,73.94,62.05,36,1,6,219,82.95,55.2,14,3,8,1,1,1,0,1,Regular,43,43,264,10,0,0,1,6,-11.89,35.61,1,7,1,6,1,0,0
3560700b-7b39-582f-a214-26a5f7c5a0f6,2024-2,Ingenieria en Desarrollo de Software,2023,68.02,69.46,17,0,7,108,40.0,80.71,4,2,2,0,0,2,0,0,Regular,55,55,270,4,0,0,0,7,1.44,27.51,1,1,0,0,2,0,0
8c3ee578-55e3-5394-8e09-46cdc219bb0f,2025-1,Ingenieria en Energia,2023,74.92,78.94,22,3,6,110,41.67,71.52,11,2,2,3,0,2,3,1,Regular,36,36,264,5,1,0,3,6,4.02,23.72,2,0,1,1,2,0,0
fd6a3711-1e04-5867-b5d4-bc264de7fd2f,2024-2,Ingenieria Biomedica,2024,87.02,78.36,19,3,8,110,39.01,90.01,6,1,2,2,0,0,0,3,Regular,45,45,282,3,0,0,3,8,-8.66,19.2,0,2,0,4,0,0,0
8c96e788-fd82-5ecd-99fd-eef88a1dda71,2024-2,Ingenieria Agroindustrial,2022,93.57,78.23,29,1,7,151,54.71,81.0,3,2,0,1,0,2,1,0,Regular,51,51,276,6,0,0,1,7,-15.34,4.01,0,0,0,1,2,0,0
2b638b4a-0c5d-5373-844c-fcc223d319fe,2024-1,Ingenieria Biomedica,2023,83.37,87.24,10,0,6,57,20.21,99.0,0,1,0,0,1,3,0,1,Regular,48,48,282,3,0,0,0,6,3.87,17.48,0,0,2,2,2,1,0
57c23877-5c88-5f36-8c90-1b91e2fdfbd2,2024-2,Ingenieria en Desarrollo de Software,2021,90.85,85.37,40,1,4,218,80.74,15.02,25,4,4,0,6,2,1,1,Regular,31,31,270,8,0,0,1,4,-5.48,19.46,1,3,6,2,0,2,0
c2d7bcaa-a511-57a3-9e2b-080e40b111bb,2024-2,Ingenieria Biomedica,2020,71.33,66.04,36,1,5,273,96.81,77.77,6,1,2,2,0,1,1,2,Regular,33,26,282,11,0,1,1,5,-5.29,32.73,2,0,2,0,1,0,0
06356c35-3da5-58b9-bdfc-08acf06b0d2d,2025-1,Ingenieria en Energia,2023,84.27,80.7,14,0,6,108,40.91,82.59,5,5,2,0,0,1,0,2,Regular,32,32,264,5,1,0,0,6,-3.57,5.27,0,2,0,4,1,0,0
915192ee-aba9-57cd-b450-1e7ad38b0881,2025-1,Ingenieria en Desarrollo de Software,2023,72.12,61.45,24,1,5,134,49.63,96.73,1,2,1,4,0,2,1,0,Regular,39,39,270,6,0,0,1,5,-10.67,40.87,1,0,1,0,1,1,0
85fa6913-f343-5844-822c-891bb7c96aa0,2024-2,Ingenieria en Energia,2024,73.17,68.53,11,0,7,81,30.68,78.49,5,4,2,0,0,2,0,0,Regular,51,51,264,3,0,0,0,7,-4.64,34.49,1,1,1,1,2,0,0
1a722806-197b-5430-96c1-d10b79558c38,2023-2,Ingenieria en Desarrollo de Software,2021,62.33,55.88,18,4,5,138,51.11,56.71,14,1,1,1,0,0,4,0,Regular,27,22,270,6,0,1,4,5,-6.45,28.7,1,0,3,0,0,0,0
fe16871e-3858-5d1b-bfa6-d946cb352970,2022-2,Ingenieria en Desarrollo de Software,2023,73.01,71.73,5,1,5,26,9.63,65.66,9,0,1,1,0,2,0,4,Regular,35,35,270,1,1,0,1,5,-1.28,24.66,1,0,0,1,1,1,0
86c8b4d5-8276-5101-9e1c-f736ecf0f93a,2023-1,Ingenieria en Desarrollo de Software,2020,58.79,69.1,28,1,7,148,54.81,80.97,6,2,3,1,0,3,0,1,Regular,49,49,270,7,0,0,1,7,10.31,25.67,1,2,1,3,3,0,0
c8402162-676c-5042-9cad-161567684e0f,2023-2,Ingenieria Agroindustrial,2023,92.31,91.39,15,0,4,80,28.99,99.0,0,2,1,1,0,1,0,2,Regular,32,32,276,3,0,0,0,4,-0.92,19.14,0,1,1,2,1,0,0
c8916bda-21e4-5cc1-9049-654b3eed81c9,2023-1,Ingenieria Biomedica,2024,70.91,66.33,2,0,7,11,3.9,48.41,15,3,2,0,2,1,0,0,Regular,44,44,282,1,0,0,0,7,-4.58,33.83,0,2,1,5,1,0,0
5ff1c613-a625-5484-b035-67894f038c08,2024-2,Ingenieria en Energia,2024,62.37,80.77,6,1,0,42,15.91,11.37,12,5,4,0,0,1,1,3,Baja Temporal,0,0,264,3,3,0,1,0,18.4,29.19,2,2,1,0,1,0,0
4c491b73-ac78-5735-90d3-35c86c460d61,2024-1,Ingenieria Biomedica,2022,56.98,50.66,21,6,4,117,41.49,34.52,18,7,4,6,0,2,1,5,Irregular,29,0,282,5,0,4,6,4,-6.32,31.28,4,0,1,0,2,0,0
a8b1cb3d-ad1d-5a4d-b7c4-7a3af363ce64,2022-2,Ingenieria Biomedica,2023,73.06,67.14,4,1,7,23,8.16,30.74,19,4,2,1,0,3,1,0,Regular,37,32,282,1,0,1,1,7,-5.92,24.49,1,1,0,4,3,0,0
dac656ed-f6c1-54f8-9f17-453c98429925,2024-1,Ingenieria en Desarrollo de Software,2024,94.77,88.49,11,0,6,68,25.19,90.07,3,0,2,1,0,1,0,2,Regular,44,44,270,1,0,0,0,6,-6.28,18.12,1,1,2,2,1,0,0
78d89af1-128c-5481-99e1-6956423168aa,2025-1,Ingenieria Agroindustrial,2024,63.69,67.14,9,1,4,47,17.03,85.94,3,4,1,2,0,1,0,2,Regular,26,20,276,3,1,1,1,4,3.45,27.48,1,0,2,1,0,1,0
faa3d285-5e15-54df-a146-91e40f77b83d,2022-2,Ingenieria en Desarrollo de Software,2024,63.11,40.68,2,1,8,11,4.07,77.2,9,2,1,3,0,1,1,0,Regular,51,45,270,1,0,1,1,8,-22.43,27.1,0,1,0,1,1,0,0
8346c844-910a-50a8-9556-df629371d0ff,2023-1,Ingenieria en Desarrollo de Software,2023,80.97,81.53,2,0,7,11,4.07,74.36,10,3,1,0,0,1,0,1,Regular,46,46,270,1,1,0,0,7,0.56,55.78,0,1,0,1,1,0,0
c561a8f7-b9da-54ea-a181-8fd84558df5d,2023-1,Ingenieria Agroindustrial,2023,61.64,77.55,2,0,4,11,3.99,58.24,16,4,2,2,2,2,0,1,Regular,21,21,276,1,1,0,0,4,15.91,53.77,1,1,1,2,1,1,0
b4e323ae-9ea7-5c01-9233-3288cd3d7452,2023-2,Ingenieria en Energia,2020,78.17,85.28,31,2,7,211,79.92,47.52,18,3,3,0,1,1,0,4,Regular,53,53,264,8,0,0,2,7,7.11,20.85,1,2,2,1,1,0,0
7c89efa0-1df5-5967-a960-582d9acb80f9,2024-2,Ingenieria en Energia,2024,57.41,50.37,4,0,5,30,11.36,88.36,7,0,6,2,0,0,0,1,Regular,27,27,264,2,1,0,0,5,-7.04,43.34,3,3,2,3,0,0,0
a0bd5750-466f-539f-8f57-78bdc1f3a888,2023-2,Ingenieria en Energia,2022,75.04,72.93,16,0,4,82,31.06,40.79,14,1,2,1,0,1,0,3,Regular,29,29,264,4,1,0,0,4,-2.11,40.53,1,1,2,0,1,0,0
40b5dd23-c116-5439-8aee-72bf760bed98,2024-2,Ingenieria en Energia,2020,90.39,92.22,33,1,4,259,98.11,71.78,11,2,4,3,0,0,1,0,Regular,20,20,264,11,0,0,1,4,1.83,11.28,0,4,0,5,0,0,0
664acdb4-65cc-510c-9e46-6692d1177177,2024-2,Ingenieria en Desarrollo de Software,2024,71.35,68.2,2,0,6,11,4.07,65.6,12,1,5,3,0,3,0,0,Regular,45,45,270,1,0,0,0,6,-3.15,31.23,2,3,0,1,3,0,0
3cb380ef-74c7-5ffd-bde5-2a49ce465dfb,2024-1,Ingenieria en Desarrollo de Software,2021,77.68,67.3,30,3,0,218,80.74,8.96,28,5,4,1,0,3,0,5,Baja Temporal,0,0,270,8,2,1,3,0,-10.38,12.98,3,1,1,0,3,0,0
579e66eb-a63e-5369-a48d-b624e451b5c2,2022-2,Ingenieria en Desarrollo de Software,2024,68.71,70.94,5,0,7,30,11.11,74.47,12,3,3,0,1,2,0,0,Regular,53,53,270,1,0,0,0,7,2.23,19.82,0,3,1,2,1,1,0
85a574d5-1492-56f5-a612-03e13bf1ce71,2023-1,Ingenieria en Energia,2024,76.42,77.11,2,0,6,11,4.17,92.12,2,3,2,1,0,2,0,1,Regular,31,31,264,1,1,0,0,6,0.69,42.95,1,1,1,1,2,0,0
f28c6f9e-4ad0-59e0-a0a6-b15641498086,2024-1,Ingenieria Biomedica,2021,72.04,57.46,22,1,5,168,59.57,69.2,9,3,1,1,0,2,0,1,Regular,31,31,282,7,0,0,1,5,-14.58,25.77,0,1,0,2,2,0,0
c5573e84-ed49-5c9c-9e05-24c17cb07c68,2024-2,Ingenieria en Desarrollo de Software,2024,94.67,,6,0,0,46,17.04,3.62,17,0,3,0,1,1,0,2,Baja Temporal,0,0,270,1,2,0,0,0,,30.12,1,2,1,1,1,0,1
1df0cb91-63c9-596a-a99d-5a622122cddd,2023-1,Ingenieria Agroindustrial,2023,74.24,,3,0,0,19,6.88,10.65,31,8,1,0,1,0,0,3,Baja Temporal,0,0,276,1,2,0,0,0,,25.12,0,1,1,1,0,0,1
80cf86d6-087e-54bb-96a0-53b4e03e7327,2022-2,Ingenieria en Desarrollo de Software,2021,77.66,75.57,17,3,7,120,44.44,58.76,19,4,6,2,0,0,2,1,Regular,47,47,270,5,0,0,3,7,-2.09,31.43,4,2,3,6,0,0,0
cce1783a-68ac-5bba-a3ee-1c38a110014d,2024-1,Ingenieria Biomedica,2021,82.74,79.08,24,1,4,189,67.02,58.58,14,2,2,1,0,1,1,0,Regular,32,32,282,8,0,0,1,4,-3.66,27.5,1,1,1,1,1,0,0
2d7d7fba-4b33-58d7-9c40-28fc99151d11,2024-1,Ingenieria en Energia,2024,71.29,75.74,4,0,7,24,9.09,61.25,11,0,2,0,0,1,0,1,Regular,49,49,264,1,1,0,0,7,4.45,21.62,1,1,1,2,1,0,0
92db23f4-46b7-5033-87ab-13cb1891352b,2024-2,Ingenieria Biomedica,2022,68.86,85.83,24,0,6,153,54.26,99.0,0,1,1,2,0,0,0,0,Regular,40,40,282,5,0,0,0,6,16.97,21.52,0,1,0,1,0,0,0
4e6bce82-279c-5b6d-b36a-e77efbc6eaee,2024-1,Ingenieria en Energia,2023,88.57,84.56,20,0,7,111,42.05,97.01,0,2,2,0,0,1,0,0,Regular,51,51,264,3,0,0,0,7,-4.01,14.8,1,1,1,1,1,0,0
12120223-3d12-58e9-ab6e-a3eb80dd0a51,2022-2,Ingenieria Biomedica,2022,73.83,69.39,2,0,7,11,3.9,83.59,5,3,2,1,0,0,0,2,Regular,55,55,282,1,1,0,0,7,-4.44,28.94,1,1,4,2,0,0,0
3c393d76-1b8e-590f-99a0-ac5c6bfda0c0,2023-2,Ingenieria Biomedica,2020,86.22,78.08,51,1,4,276,97.87,53.01,11,3,2,3,2,6,0,2,Regular,20,20,282,9,0,0,1,4,-8.14,26.97,0,2,4,1,4,2,0
6b28b702-b26f-554c-9335-0ecee75ec7d2,2025-1,Ingenieria en Energia,2020,76.71,76.43,35,1,7,206,78.03,73.21,10,1,5,0,0,2,1,1,Regular,38,38,264,12,0,0,1,7,-0.28,27.27,2,3,1,4,1,1,0
34907bda-0d8c-52e2-b92e-a41db64d9728,2025-1,Ingenieria en Energia,2022,72.42,77.42,28,2,4,193,73.11,93.35,0,0,3,1,1,1,2,1,Regular,26,26,264,8,0,0,2,4,5.0,42.62,2,1,1,6,0,1,0
7b8a5028-ada4-5dde-9540-ca493ac2d231,2024-1,Ingenieria Agroindustrial,2022,79.35,89.44,16,3,7,121,43.84,53.45,16,1,3,1,0,1,0,3,Regular,44,44,276,5,0,0,3,7,10.09,28.48,2,1,2,1,1,0,0
8d7a9325-887a-5238-a75c-0eeb0568b8e4,2025-1,Ingenieria Biomedica,2021,83.08,94.73,37,1,5,276,97.87,57.83,13,2,6,0,0,3,0,2,Regular,29,23,282,9,1,1,1,5,11.65,19.11,2,4,3,4,3,0,0
6fdf2f40-fa69-581f-a369-6c04722290b4,2024-1,Ingenieria Biomedica,2023,91.05,79.9,12,0,6,91,32.27,57.25,15,0,3,0,0,0,0,0,Regular,32,32,282,3,0,0,0,6,-11.15,14.33,0,3,0,3,0,0,0
3308e50c-a0a8-594e-9089-42997e70118c,2023-2,Ingenieria en Desarrollo de Software,2020,69.71,63.14,28,3,7,196,72.59,30.81,18,3,4,1,1,0,1,3,Irregular,36,36,270,8,0,0,3,7,-6.57,46.23,3,1,2,0,0,0,0
d41fd2ac-c474-5d0c-824c-5fb1368b5a3b,2024-2,Ingenieria en Desarrollo de Software,2021,62.29,73.96,22,2,7,162,60.0,41.89,22,2,1,1,0,1,0,3,Irregular,53,45,270,8,0,1,2,7,11.67,27.15,1,0,1,1,0,1,0
92061811-3713-5a4e-a44f-65cad13e7e02,2024-1,Ingenieria Agroindustrial,2023,56.43,49.48,3,2,4,21,7.61,64.07,12,3,1,0,0,1,1,1,Irregular,32,32,276,3,0,0,2,4,-6.95,30.02,1,0,0,0,1,0,0
6f1c1b90-9a7c-52e6-8d27-504581c162ad,2022-2,Ingenieria en Energia,2022,70.97,48.51,6,1,6,50,18.94,68.0,9,2,4,0,0,4,0,2,Regular,30,25,264,2,0,1,1,6,-22.46,41.49,3,1,3,4,4,0,0
e377e31d-2908-5e0f-aa07-8f39f2e8ab0d,2023-2,Ingenieria Biomedica,2023,60.21,70.15,6,1,6,47,16.67,79.1,8,2,1,0,1,1,1,1,Regular,39,39,282,2,0,0,1,6,9.94,47.14,0,1,3,1,1,0,0
69965816-0297-5606-bad7-cb052fa45517,2023-2,Ingenieria en Desarrollo de Software,2021,74.57,65.93,15,1,5,111,41.11,56.8,15,1,3,0,2,1,1,1,Regular,33,26,270,5,1,1,1,5,-8.64,19.38,1,2,3,3,0,1,0
950ca154-6c22-5c6e-ad33-c28e877bcdd5,2024-1,Ingenieria Agroindustrial,2022,65.52,68.76,23,2,6,141,51.09,67.89,11,1,4,1,0,1,0,3,Regular,47,47,276,6,0,0,2,6,3.24,56.37,4,0,2,1,1,0,0
55a9241b-f95e-5566-8b0d-0c83b152b605,2023-1,Ingenieria en Energia,2021,71.97,72.79,18,1,5,102,38.64,87.61,3,1,0,0,0,2,1,1,Regular,32,32,264,5,1,0,1,5,0.82,25.16,0,0,0,0,2,0,0
54b9c0c8-948e-5e4a-9788-208d097b3646,2023-1,Ingenieria en Desarrollo de Software,2021,67.95,53.78,14,1,6,101,37.41,72.7,8,1,0,2,0,1,1,2,Regular,48,40,270,5,1,1,1,6,-14.17,56.35,0,0,0,2,1,0,0
f1788593-8d3b-5d28-89ee-35935f0f7ad1,2025-1,Ingenieria Biomedica,2021,79.81,86.13,47,0,4,262,92.91,88.39,3,0,7,0,0,1,0,0,Regular,29,29,282,9,0,0,0,4,6.32,17.28,1,6,3,4,0,1,0
f99f50bf-8adb-5a5a-b167-ab26f5395b4d,2022-2,Ingenieria Biomedica,2021,68.51,49.21,4,2,6,28,9.93,28.87,21,4,3,3,0,2,0,5,Irregular,40,27,282,3,1,2,2,6,-19.3,18.35,1,2,1,0,2,0,0
04c0882a-87e2-5898-b60d-c9b57f48fe6c,2024-1,Ingenieria en Desarrollo de Software,2024,68.07,68.93,4,0,4,34,12.59,47.47,13,1,1,1,0,2,0,1,Regular,20,20,270,1,0,0,0,4,0.86,62.8,0,1,0,0,2,0,0
d243ca91-9ee9-5eee-be72-cd2bd4575765,2025-1,Ingenieria Biomedica,2021,63.35,69.14,33,2,6,255,90.43,83.97,2,1,6,1,0,1,1,3,Regular,48,48,282,9,1,0,2,6,5.79,33.21,3,3,3,6,1,0,0
34bacdc6-aeff-506a-8baf-09167b66f748,2022-2,Ingenieria Biomedica,2022,91.39,100.0,8,1,4,63,22.34,82.13,1,3,2,1,0,1,0,2,Regular,24,24,282,2,0,0,1,4,8.61,31.3,0,2,0,3,1,0,0
1fbc1e9f-3df1-57e0-a028-012adbdb0aef,2024-2,Ingenieria Biomedica,2022,70.49,68.21,24,0,5,150,53.19,84.73,4,3,2,1,0,1,0,3,Regular,38,38,282,6,0,0,0,5,-2.28,19.63,0,2,0,5,1,0,0
77f72c00-b1d2-521c-b3d6-1dea719a01eb,2024-2,Ingenieria en Energia,2023,52.35,47.38,5,2,6,29,10.98,68.46,9,3,1,1,0,0,1,2,Regular,45,38,264,3,0,1,2,6,-4.97,38.09,1,0,1,0,0,0,0
d7a25815-1240-5a7d-99da-4c4a63486597,2024-2,Ingenieria en Desarrollo de Software,2022,57.67,65.05,19,4,4,102,37.78,70.73,6,2,2,0,1,3,3,2,Regular,27,27,270,5,0,0,4,4,7.38,34.95,2,0,4,0,2,1,0
b0794bf9-926a-5dee-a09f-fd371cd47507,2024-2,Ingenieria Agroindustrial,2023,86.28,80.78,16,1,6,110,39.86,39.55,20,3,5,1,3,2,0,1,Regular,35,35,276,4,0,0,1,6,-5.5,16.94,2,3,0,2,1,1,0
ae4b0505-ea1f-5684-88a3-3b91997eeac2,2023-1,Ingenieria Biomedica,2023,93.94,92.29,14,0,5,94,33.33,77.53,10,1,1,0,0,0,0,0,Regular,26,26,282,2,0,0,0,5,-1.65,41.03,1,0,1,0,0,0,0
d0282975-8eeb-5a4b-92cd-2eca045097a3,2023-2,Ingenieria en Energia,2023,61.67,63.5,4,1,6,24,9.09,90.55,6,1,6,1,0,3,0,3,Regular,43,43,264,2,1,0,1,6,1.83,38.02,1,5,0,8,3,0,0
2fceb0e8-b03d-57b3-a029-823670b89f93,2025-1,Ingenieria en Desarrollo de Software,2021,81.94,68.01,27,4,5,207,76.67,73.87,8,3,4,4,0,2,3,1,Regular,40,40,270,10,0,0,4,5,-13.93,41.76,2,2,0,2,1,1,0
0cd9738d-0ace-5d7f-aca2-5aaef3339a60,2023-2,Ingenieria en Desarrollo de Software,2023,91.55,75.53,10,0,7,56,20.74,87.68,0,0,1,1,0,2,0,0,Regular,48,48,270,2,0,0,0,7,-16.02,21.67,0,1,0,1,2,0,0
b24cd0e6-671e-5eca-a27e-cdda41105f20,2025-1,Ingenieria Agroindustrial,2022,64.41,79.29,35,1,5,175,63.41,99.0,4,1,2,6,0,0,0,2,Regular,31,31,276,7,0,0,1,5,14.88,33.96,1,1,0,2,0,0,0
ef92e1d1-ad85-5db3-af94-267e331c384f,2024-1,Ingenieria en Energia,2022,79.16,71.65,22,1,4,133,50.38,53.34,19,5,2,0,1,1,0,2,Regular,32,24,264,6,0,1,1,4,-7.51,16.47,0,2,1,1,1,0,0
db2b4281-7db3-5943-af11-7b0a18ac4a24,2025-1,Ingenieria Biomedica,2024,61.07,67.86,9,3,5,61,21.63,44.32,17,2,8,3,1,2,0,3,Regular,39,39,282,4,0,0,3,5,6.79,21.87,3,5,2,6,2,0,0
a3f52f03-321d-5b33-abd0-2c55835d5502,2025-1,Ingenieria en Energia,2024,70.4,61.78,12,0,5,78,29.55,83.43,3,0,3,2,1,2,0,0,Regular,26,26,264,4,0,0,0,5,-8.62,31.85,2,1,1,2,2,0,0
11a06284-edc7-5c6a-839d-e4c412ce2685,2023-2,Ingenieria Agroindustrial,2024,90.86,94.51,9,0,5,65,23.55,75.39,10,2,2,2,1,3,0,1,Regular,29,29,276,1,0,0,0,5,3.65,17.48,0,2,1,2,1,2,0
dadb70eb-adc9-5703-9db9-1a41acdaa751,2023-2,Ingenieria Agroindustrial,2021,75.61,69.2,23,2,6,167,60.51,54.18,12,5,2,1,0,3,2,0,Regular,44,37,276,6,0,1,2,6,-6.41,13.08,1,1,2,0,3,0,0
946b80d2-b9f0-5d5e-8989-e0fae2721cbf,2024-1,Ingenieria en Desarrollo de Software,2020,64.75,56.47,39,2,7,210,77.78,85.73,2,1,3,3,0,0,1,2,Regular,51,51,270,10,0,0,2,7,-8.28,31.94,2,1,3,0,0,0,0
a35b3052-f336-54ab-8bc6-b15c8e661486,2024-1,Ingenieria en Energia,2021,71.34,70.05,22,4,5,164,62.12,67.42,11,4,2,1,0,0,2,2,Regular,27,27,264,8,0,0,4,5,-1.29,27.39,2,0,4,0,0,0,0
b183016d-baf5-5c03-9875-2f1ee27c8e84,2025-1,Ingenieria Biomedica,2022,72.86,60.55,30,1,5,180,63.83,76.12,10,2,3,1,0,1,0,1,Regular,39,39,282,7,0,0,1,5,-12.31,19.28,2,1,1,2,1,0,0
c718eb6f-ecf5-526f-8d0f-c7d57cf81229,2024-2,Ingenieria en Energia,2023,78.46,77.56,8,0,5,63,23.86,44.45,17,2,4,0,1,0,0,1,Regular,39,39,264,3,0,0,0,5,-0.9,33.25,2,2,1,3,0,0,0
9e25608a-a2c6-5724-ae72-1af637578972,2024-2,Ingenieria en Desarrollo de Software,2021,63.84,71.56,30,1,7,200,74.07,82.71,6,0,2,0,0,1,1,0,Regular,53,53,270,8,0,0,1,7,7.72,41.62,0,2,0,4,1,0,0
b0fa1051-b8d7-5fcd-86bd-21a9b1dd423d,2022-2,Ingenieria Agroindustrial,2023,86.57,72.64,8,0,6,56,20.29,83.58,5,2,2,0,1,1,0,2,Regular,43,43,276,1,0,0,0,6,-13.93,30.7,0,2,2,5,1,0,0
8981f3df-f397-52c5-bc66-1823be583bea,2025-1,Ingenieria Agroindustrial,2022,98.0,96.3,35,1,4,218,78.99,84.19,5,2,1,3,0,0,1,1,Regular,30,22,276,6,0,1,1,4,-1.7,15.29,1,0,0,0,0,0,0
83c043aa-2e10-5dce-a836-1b068580851e,2023-2,Ingenieria Biomedica,2020,80.37,74.4,33,2,7,233,82.62,70.47,11,2,2,2,0,1,2,1,Regular,52,52,282,9,0,0,2,7,-5.97,17.07,1,1,1,5,1,0,0
7f027a5b-32ef-5c63-9122-8fc674c15d07,2025-1,Ingenieria en Energia,2022,59.0,60.83,21,5,5,148,56.06,62.54,11,3,3,3,0,2,4,2,Irregular,35,21,264,7,0,2,5,5,1.83,23.41,2,1,3,3,1,1,0
a5dff354-dd58-54ca-b8cf-a2050f28f95b,2024-2,Ingenieria en Desarrollo de Software,2021,55.67,36.9,29,4,6,169,62.59,51.98,17,2,3,4,0,3,1,3,Irregular,41,14,270,7,0,4,4,6,-18.77,23.34,1,2,1,1,3,0,0
196d3ce3-53c0-5afa-9340-2e6a6aaff5e5,2025-1,Ingenieria en Energia,2020,80.83,92.46,34,1,7,259,98.11,72.32,7,3,6,1,0,2,1,1,Regular,55,47,264,11,1,1,1,7,11.63,27.34,1,5,1,1,2,0,0
fc732b45-e6a0-5459-afc2-fc1b11058939,2023-2,Ingenieria Agroindustrial,2020,85.37,74.47,33,2,4,231,83.7,84.03,6,1,1,1,0,2,0,3,Regular,28,28,276,8,0,0,2,4,-10.9,16.52,0,1,0,0,2,0,0
a6896fb1-f419-5fbe-89f7-179093800260,2024-1,Ingenieria Biomedica,2021,77.16,76.85,23,1,6,180,63.83,54.95,13,3,5,1,1,3,0,1,Regular,39,39,282,7,0,0,1,6,-0.31,20.39,2,3,1,2,3,0,0
b3163d17-ed4c-5299-8eab-a330e6701d39,2023-2,Ingenieria Biomedica,2023,53.17,60.17,2,0,4,11,3.9,85.01,6,1,3,5,0,1,0,1,Regular,22,22,282,2,1,0,0,4,7.0,28.7,2,1,0,3,1,0,0
397e6937-2478-56a1-b466-a8715406804a,2025-1,Ingenieria Biomedica,2024,91.64,100.0,11,1,7,72,25.53,65.41,10,1,2,1,0,1,0,2,Regular,44,44,282,3,0,0,1,7,8.36,73.14,1,1,1,1,1,0,0
4914ff5b-22fe-51ee-8ef2-178fed77b309,2022-2,Ingenieria Agroindustrial,2022,66.62,66.48,3,1,5,25,9.06,42.08,20,3,4,1,2,1,1,1,Regular,31,25,276,1,1,1,1,5,-0.14,28.11,2,2,2,3,1,0,0
efce7b8b-e91f-5e1f-b907-abbce38548f8,2023-2,Ingenieria Biomedica,2020,75.92,63.44,37,2,5,214,75.89,71.16,5,0,0,3,0,3,2,1,Regular,38,30,282,8,0,1,2,5,-12.48,32.4,0,0,0,1,2,1,0
9ad66fcd-8bfe-545b-9fc1-4bc41e80241f,2024-1,Ingenieria en Energia,2022,88.49,100.0,27,0,6,165,62.5,77.97,9,1,2,0,0,0,0,0,Regular,40,40,264,6,0,0,0,6,11.51,38.57,2,0,2,2,0,0,0
8afbd47c-dc41-5633-b646-b56d25e33c6e,2024-1,Ingenieria en Energia,2023,63.47,59.5,11,1,6,83,31.44,76.62,4,2,2,0,0,0,0,1,Regular,41,41,264,4,0,0,1,6,-3.97,26.94,2,0,6,0,0,0,0
e0f68f6f-e3c7-5147-bd92-62006e3ce593,2024-2,Ingenieria en Energia,2021,79.12,77.54,25,0,5,197,74.62,84.38,6,2,1,3,0,1,0,3,Regular,35,35,264,8,1,0,0,5,-1.58,33.56,1,0,1,0,1,0,0
a46975a6-65e4-56b0-ad34-3120d14c939f,2023-2,Ingenieria en Energia,2024,86.76,91.67,8,0,7,43,16.29,65.03,13,2,2,0,0,0,0,0,Regular,52,52,264,1,0,0,0,7,4.91,32.91,0,2,0,2,0,0,0
41ee65bd-2a32-56ca-a857-19a6730d049e,2024-1,Ingenieria Biomedica,2021,69.65,69.0,24,0,5,188,66.67,72.68,7,1,0,1,0,5,0,0,Regular,37,37,282,7,0,0,0,5,-0.65,56.5,0,0,0,0,5,0,0
2dd01f57-36ae-5311-b456-ebefe5e93dac,2024-1,Ingenieria Agroindustrial,2022,91.29,76.28,25,2,5,163,59.06,81.03,1,1,0,0,3,1,1,1,Regular,32,32,276,5,0,0,2,5,-15.01,7.21,0,0,1,1,0,1,0
5dd462af-5fa8-5a24-8468-3e69fc2b621b,2023-1,Ingenieria en Desarrollo de Software,2021,69.57,,18,1,0,129,47.78,14.83,23,1,4,2,1,3,1,4,Baja Temporal,0,0,270,5,4,1,1,0,,54.25,1,3,1,4,3,0,1
7e5d458a-bc6b-5676-92a2-a4331551173a,2024-2,Ingenieria Agroindustrial,2022,69.9,67.9,16,1,4,114,41.3,71.75,8,1,3,3,0,3,1,0,Regular,28,21,276,6,0,1,1,4,-2.0,34.0,1,2,2,2,3,0,0
d0cf2ac4-0ebd-5774-951e-3b73a08ddce0,2023-1,Ingenieria en Desarrollo de Software,2020,84.46,90.66,27,0,5,184,68.15,70.3,5,3,5,1,1,0,0,0,Regular,38,38,270,6,0,0,0,5,6.2,23.88,3,2,3,5,0,0,0
46e34422-94d2-5dc0-87a1-5551c68851a3,2024-2,Ingenieria Biomedica,2021,68.45,62.84,38,1,5,259,91.84,67.42,9,1,4,0,0,0,1,0,Regular,39,39,282,8,0,0,1,5,-5.61,41.1,2,2,0,5,0,0,0
78e43f56-fd5f-5ed3-93b5-ae635bbd0852,2024-2,Ingenieria en Desarrollo de Software,2022,87.5,82.61,27,0,4,190,70.37,71.38,10,0,1,0,0,0,0,0,Regular,28,28,270,7,0,0,0,4,-4.89,21.04,1,0,1,2,0,0,0
b864a4bf-a652-54ba-ac6a-15fe8055f7d4,2022-2,Ingenieria en Energia,2023,89.77,96.16,11,0,4,81,30.68,60.68,12,1,3,1,0,1,0,0,Regular,27,27,264,2,0,0,0,4,6.39,29.69,1,2,1,0,1,0,0
9f2c2997-8e52-5745-bbfa-a6ce6034062e,2024-2,Ingenieria Biomedica,2024,56.0,34.85,2,2,5,11,3.9,12.44,24,1,2,1,0,8,2,1,Irregular,35,28,282,1,0,1,2,5,-21.15,26.6,0,2,1,4,8,0,0
e955b38c-905d-583e-a799-952815c82846,2024-2,Ingenieria Biomedica,2024,61.5,54.11,2,2,5,11,3.9,63.57,7,5,4,4,0,0,2,2,Regular,28,17,282,1,0,2,2,5,-7.39,31.82,4,0,6,1,0,0,0
570c560e-d693-59df-b583-34db5a5fc5cb,2024-2,Ingenieria en Energia,2021,71.95,54.71,23,2,7,151,57.2,51.8,18,2,1,1,1,4,2,1,Regular,38,33,264,7,0,1,2,7,-17.24,16.72,1,0,2,1,4,0,0
884fc68d-1789-5bed-b3b5-3943007c0def,2023-2,Ingenieria Biomedica,2024,71.85,77.04,2,0,4,11,3.9,67.85,13,2,2,0,0,0,0,1,Regular,31,31,282,1,0,0,0,4,5.19,46.93,1,1,2,2,0,0,0
3227d574-a0a2-5ca5-b52c-175db0b05523,2024-1,Ingenieria Agroindustrial,2021,81.21,84.88,23,0,6,183,66.3,71.43,13,1,2,0,0,0,0,0,Regular,37,37,276,6,0,0,0,6,3.67,15.93,1,1,0,1,0,0,0
6bf913d6-054b-57cc-a973-c451e0a0b30a,2024-1,Ingenieria en Energia,2022,75.77,50.44,13,2,7,96,36.36,52.55,15,5,2,1,0,2,2,1,Regular,47,40,264,4,0,1,2,7,-25.33,15.93,0,2,0,2,2,0,0
02c55aad-f697-5b55-aef9-0e4ecc3352d4,2023-2,Ingenieria en Energia,2020,77.64,78.63,34,0,4,202,76.52,89.71,3,2,2,1,0,1,0,0,Regular,22,22,264,8,0,0,0,4,0.99,24.5,1,1,1,0,1,0,0
772d08c2-32d5-52ca-b1a9-2ac03d0f39c5,2023-2,Ingenieria en Desarrollo de Software,2022,62.52,70.03,20,1,0,119,44.07,25.0,22,2,2,0,1,1,1,3,Baja Temporal,0,0,270,5,2,0,1,0,7.51,19.06,0,2,0,4,0,1,0
c80726b4-8501-513f-810b-72b8567c8b24,2025-1,Ingenieria en Desarrollo de Software,2024,79.76,80.61,7,1,5,54,20.0,82.41,5,2,5,0,0,2,0,2,Regular,35,35,270,3,0,0,1,5,0.85,17.04,3,2,3,0,2,0,0
db87f20a-c493-53c4-be37-0ae828068e5f,2023-1,Ingenieria en Energia,2020,81.74,88.4,27,0,6,172,65.15,59.98,12,2,1,0,0,1,0,0,Regular,40,40,264,7,0,0,0,6,6.66,18.56,1,0,0,0,1,0,0
9d19a7fe-c400-5ba8-88b6-0e5166c2374a,2022-2,Ingenieria en Desarrollo de Software,2021,59.55,,9,0,0,61,22.59,20.33,25,5,2,1,1,5,0,4,Baja Temporal,0,0,270,4,2,0,0,0,,20.11,2,0,3,0,4,1,1
ae093b2e-5e03-5400-a4f5-1e32c8d10d27,2024-1,Ingenieria en Desarrollo de Software,2022,81.58,78.32,24,3,6,143,52.96,47.95,15,3,2,3,0,3,3,0,Regular,32,27,270,5,0,1,3,6,-3.26,26.16,1,1,1,2,3,0,0
3e9f7ab7-13dc-5c52-b833-d173bc4ce20b,2024-2,Ingenieria en Energia,2021,98.0,98.91,35,1,6,204,77.27,72.04,11,4,1,0,1,2,1,0,Regular,40,40,264,7,0,0,1,6,0.91,20.41,0,1,0,0,1,1,0
e0b91e44-a96c-5b0f-a047-069297ae3df7,2025-1,Ingenieria en Desarrollo de Software,2022,79.68,79.14,34,3,4,184,68.15,38.18,23,6,1,3,0,1,0,3,Regular,28,21,270,7,0,1,3,4,-0.54,49.74,1,0,1,0,1,0,0
b3cb8b64-0cbf-5df3-bd1e-e86ca1c39d78,2024-1,Ingenieria Biomedica,2024,79.03,85.41,11,0,7,72,25.53,99.0,0,0,3,0,0,0,0,0,Regular,36,36,282,2,0,0,0,7,6.38,15.75,1,2,0,3,0,0,0
f82450e7-15c8-53b3-93db-522c86750477,2025-1,Ingenieria en Energia,2022,72.69,70.13,29,2,5,188,71.21,54.64,15,1,2,2,0,2,2,1,Regular,38,30,264,7,0,1,2,5,-2.56,25.25,1,1,1,3,1,1,0
b509c8f4-ca69-570a-9479-f0627b2c38c8,2024-2,Ingenieria en Energia,2024,83.94,57.58,6,1,4,35,13.26,33.53,24,5,0,3,2,3,0,2,Regular,27,20,264,3,0,1,1,4,-26.36,29.18,0,0,0,1,3,0,0
1d5d1208-8825-5c08-9805-b049ac92ce81,2022-2,Ingenieria en Desarrollo de Software,2024,67.61,64.68,3,0,5,20,7.41,59.76,10,4,3,0,0,2,0,0,Regular,33,33,270,1,0,0,0,5,-2.93,18.35,2,1,0,2,2,0,0
0e186b2a-d02a-5c03-aa84-344c9e6cd7d7,2024-1,Ingenieria Biomedica,2023,48.73,53.83,3,1,6,19,6.74,71.98,10,2,3,1,0,2,1,1,Regular,38,38,282,3,0,0,1,6,5.1,39.88,2,1,0,1,2,0,0
8e85f745-717e-5794-ba6d-1c93e0d2e966,2022-2,Ingenieria en Desarrollo de Software,2023,71.6,73.26,4,0,4,32,11.85,72.67,8,1,3,0,0,3,0,0,Regular,32,32,270,1,0,0,0,4,1.66,57.67,0,3,0,3,3,0,0
8966f66b-ada2-54cc-9fe2-af4a29fc4c28,2025-1,Ingenieria en Energia,2021,79.59,55.34,34,3,6,206,78.03,50.63,14,2,1,1,0,3,3,1,Regular,43,43,264,9,0,0,3,6,-24.25,61.27,1,0,1,0,3,0,0
9bed4763-0356-5e46-8cbd-b2e6b3c31315,2023-2,Ingenieria Biomedica,2024,72.96,73.46,2,0,4,11,3.9,63.78,12,1,4,0,1,1,0,0,Regular,28,28,282,1,0,0,0,4,0.5,23.53,3,1,1,2,1,0,0
64b9aa06-5b42-5724-8f99-c7053b5b2d9a,2025-1,Ingenieria en Desarrollo de Software,2021,57.63,52.36,42,0,7,226,83.7,58.0,13,2,0,1,1,1,0,0,Regular,39,39,270,9,0,0,0,7,-5.27,24.31,0,0,0,0,1,0,0
8b99f8e9-afa1-5ff0-befc-2934585a37fa,2024-1,Ingenieria Biomedica,2021,83.67,82.38,33,0,5,211,74.82,80.86,6,0,3,1,0,0,0,2,Regular,32,32,282,8,0,0,0,5,-1.29,28.26,0,3,0,5,0,0,0
51b1beea-4cbf-5ece-ae95-ca48f31df722,2025-1,Ingenieria en Desarrollo de Software,2020,79.99,80.21,27,2,5,213,78.89,17.41,26,5,3,0,1,2,0,3,Regular,39,39,270,12,0,0,2,5,0.22,10.81,1,2,0,6,2,0,0
276a5aa6-d2aa-5230-83cd-158931637a58,2025-1,Ingenieria Agroindustrial,2020,72.98,69.0,32,3,7,238,86.23,56.22,13,4,1,0,1,0,3,1,Regular,45,39,276,11,0,1,3,7,-3.98,26.94,1,0,1,0,0,0,0
45175e5a-e203-55ee-82fc-9ee87347cb5c,2023-2,Ingenieria Agroindustrial,2024,64.92,74.65,1,0,0,11,3.99,2.11,24,1,6,1,0,0,0,5,Baja Temporal,0,0,276,1,2,0,0,0,9.73,32.1,2,4,1,3,0,0,0
d05f5397-3c5c-59a3-aa0f-012acb1651df,2023-1,Ingenieria en Energia,2020,71.14,57.1,30,1,5,215,81.44,69.27,9,2,5,1,0,2,0,1,Regular,25,20,264,8,0,1,1,5,-14.04,38.34,2,3,0,2,2,0,0
5a643478-1431-5e35-8ec1-e7913d042771,2023-2,Ingenieria en Energia,2020,62.95,62.45,18,2,5,137,51.89,65.42,8,5,2,1,0,1,1,4,Regular,34,34,264,7,0,0,2,5,-0.5,39.13,2,0,0,0,1,0,0
a9100fae-de22-5051-8bc0-0dce5b801f2c,2024-2,Ingenieria Biomedica,2024,71.55,56.75,7,3,7,34,12.06,70.61,6,2,2,3,1,7,0,3,Regular,55,31,282,2,0,3,3,7,-14.8,27.89,1,1,5,1,6,1,0
b85eeaaf-c3ea-5f76-8fdf-6090299772b6,2023-2,Ingenieria Agroindustrial,2023,95.21,78.05,14,0,6,80,28.99,67.13,10,1,2,1,1,3,0,0,Regular,38,38,276,3,0,0,0,6,-17.16,4.48,0,2,0,1,3,0,0
eab64e7d-eb64-57cf-9033-cc5a0bc59bc9,2024-1,Ingenieria en Energia,2021,76.34,56.91,32,7,5,186,70.45,34.29,18,2,4,3,1,5,3,4,Irregular,31,6,264,8,0,4,7,5,-19.43,26.86,1,3,1,2,5,0,0
1927edfb-b67e-53c4-8a87-858ebf43b9de,2022-2,Ingenieria en Desarrollo de Software,2024,78.23,58.97,3,0,4,17,6.3,42.25,20,3,6,1,0,3,0,1,Regular,21,21,270,1,0,0,0,4,-19.26,48.05,4,2,6,4,3,0,0
e3975420-744a-5d72-aa47-4e0e2cbe4f8b,2024-1,Ingenieria en Energia,2021,76.18,59.5,31,0,6,211,79.92,51.21,14,3,4,0,2,4,0,0,Regular,31,31,264,7,0,0,0,6,-16.68,35.81,2,2,4,1,3,1,0
f178e1c7-3ee5-5447-a4a3-abb1ff78a25c,2025-1,Ingenieria en Desarrollo de Software,2021,77.46,74.18,51,2,4,257,95.19,67.18,8,2,2,2,0,2,2,2,Regular,21,21,270,10,1,0,2,4,-3.28,32.73,1,1,0,3,2,0,0
6f7a4505-b95b-5e99-85e1-1447ab03c7a0,2022-2,Ingenieria Biomedica,2022,72.41,71.06,16,1,5,104,36.88,84.57,5,1,0,0,0,0,0,2,Regular,33,33,282,3,0,0,1,5,-1.35,13.2,0,0,0,1,0,0,0
9d577dab-64ab-5077-97b5-1dc1bd3b0af8,2022-2,Ingenieria en Energia,2021,94.42,86.69,11,0,4,75,28.41,49.47,16,2,3,1,1,0,0,0,Regular,25,25,264,4,0,0,0,4,-7.73,76.94,0,3,0,3,0,0,0
f395b467-a388-543d-8997-e8b927fe1c37,2023-2,Ingenieria Agroindustrial,2022,79.34,65.86,19,1,7,132,47.83,99.0,0,1,2,0,1,0,0,2,Regular,55,55,276,5,1,0,1,7,-13.48,15.72,1,1,0,0,0,0,0
67f1a81e-371b-5a28-a9e7-223eea181576,2024-1,Ingenieria en Desarrollo de Software,2022,76.72,81.3,19,0,5,144,53.33,70.55,10,3,1,1,0,1,0,2,Regular,35,35,270,5,0,0,0,5,4.58,15.14,0,1,0,0,1,0,0
aff3e621-6191-5763-9664-8aef0d342e22,2022-2,Ingenieria en Desarrollo de Software,2024,78.1,83.93,2,0,7,15,5.56,73.46,10,1,4,0,1,1,0,2,Regular,45,45,270,1,0,0,0,7,5.83,13.92,2,2,2,4,0,1,0
6c3dbc45-1b84-52cc-b310-e11739cf149e,2024-2,Ingenieria en Desarrollo de Software,2023,64.23,,9,2,0,65,24.07,1.87,21,2,7,0,0,4,0,4,Baja Temporal,0,0,270,4,2,0,2,0,,22.36,6,1,6,1,3,1,1
d68e2c25-3d67-513b-9bc8-e75f6351c2a9,2023-1,Ingenieria Biomedica,2022,90.12,88.08,15,0,7,83,29.43,51.53,16,2,4,0,1,1,0,1,Regular,38,38,282,3,0,0,0,7,-2.04,42.7,1,3,1,4,1,0,0
3bca6c29-1371-5d2b-a9b2-4cfd8f8adc70,2024-2,Ingenieria en Desarrollo de Software,2020,64.11,66.66,39,0,4,265,98.15,70.8,5,0,3,1,0,2,0,0,Regular,30,30,270,10,0,0,0,4,2.55,51.82,2,1,2,1,2,0,0
0f482960-6bbd-5879-9861-ff3f397c5280,2024-2,Ingenieria Agroindustrial,2023,80.67,65.73,22,2,7,130,47.1,73.66,10,3,1,1,0,1,1,2,Regular,52,52,276,5,1,0,2,7,-14.94,15.69,0,1,0,2,1,0,0
1b98f11e-bff2-5f42-b7d9-b62b2f116279,2023-1,Ingenieria en Desarrollo de Software,2023,70.03,44.13,1,5,6,11,4.07,47.64,21,4,2,5,0,1,3,3,Irregular,41,7,270,1,1,5,5,6,-25.9,45.88,0,2,2,1,1,0,0
38d4b934-c78d-5a1a-b3b6-e8ce1c9dcc3d,2023-2,Ingenieria Biomedica,2020,75.28,58.79,40,1,4,205,72.7,40.12,17,2,1,1,0,5,0,1,Regular,25,25,282,8,0,0,1,4,-16.49,31.6,0,1,0,1,5,0,0
a3faa856-ab12-51da-9ac4-48a7225648a7,2023-2,Ingenieria Biomedica,2021,71.14,58.18,40,1,6,216,76.6,22.32,23,3,2,0,1,3,0,1,Irregular,32,32,282,7,0,0,1,6,-12.96,39.54,1,1,2,2,3,0,0
01e583bc-1f48-5f2a-b3ef-82e9e66581f8,2025-1,Ingenieria Agroindustrial,2022,86.31,68.13,32,0,5,195,70.65,52.35,17,3,2,2,0,1,0,2,Regular,29,29,276,7,1,0,0,5,-18.18,8.22,0,2,1,1,1,0,0
3e7bc72b-dbd6-5c95-a9e2-8a0ba62f42fb,2023-2,Ingenieria en Desarrollo de Software,2024,80.47,83.37,7,1,7,52,19.26,60.08,15,4,2,1,0,0,1,1,Regular,48,41,270,1,0,1,1,7,2.9,66.99,0,2,0,3,0,0,0
ae1b2229-fcbe-5cf7-b08d-b835386bcb09,2024-2,Ingenieria en Energia,2022,90.72,85.03,19,1,5,140,53.03,99.0,0,1,1,0,0,0,0,1,Regular,28,28,264,5,0,0,1,5,-5.69,11.17,1,0,1,1,0,0,0
b196a960-0810-5df7-860a-ac6b8b4ad505,2023-1,Ingenieria en Energia,2022,54.45,60.83,2,3,4,11,4.17,54.47,14,3,1,1,0,1,2,3,Irregular,25,19,264,2,0,1,3,4,6.38,30.87,1,0,0,1,1,0,0
936b3ff8-88d5-5fc3-8b6f-23717d072b85,2024-1,Ingenieria Biomedica,2022,63.9,66.63,16,0,5,121,42.91,64.94,10,3,2,0,0,1,0,2,Regular,27,27,282,5,1,0,0,5,2.73,26.94,1,1,1,1,1,0,0
d11d5aa9-d686-5c30-b187-43a8e2550fc1,2022-2,Ingenieria Agroindustrial,2024,74.35,67.62,3,2,4,21,7.61,99.0,0,0,3,0,0,0,2,0,Regular,25,25,276,2,0,0,2,4,-6.73,22.44,0,3,0,4,0,0,0
654fb323-a357-5bbf-9561-9f369c6d4193,2023-2,Ingenieria Biomedica,2022,82.31,77.02,22,0,4,138,48.94,38.43,16,5,3,0,0,2,0,0,Regular,29,29,282,5,0,0,0,4,-5.29,24.78,0,3,0,3,1,1,0
46abae98-f5a6-54e7-9960-1d4afd386d05,2023-1,Ingenieria Agroindustrial,2020,61.3,61.32,22,0,4,171,61.96,85.58,3,1,4,1,1,1,0,1,Regular,29,29,276,7,0,0,0,4,0.02,36.74,2,2,3,0,0,1,0
3fcbc0b4-317e-5f3e-b50f-f70d121fe13f,2025-1,Ingenieria en Energia,2021,72.1,70.17,42,2,7,238,90.15,52.17,13,0,6,1,0,2,1,1,Regular,54,46,264,9,0,1,2,7,-1.93,44.83,4,2,2,0,1,1,0
4afece34-13dc-5dbc-8a97-b3c4d5f1edfa,2024-1,Ingenieria en Desarrollo de Software,2021,86.88,94.22,30,3,4,188,69.63,67.97,9,2,2,0,0,3,2,3,Regular,30,30,270,7,1,0,3,4,7.34,24.61,1,1,0,3,3,0,0
86936652-a9c3-573d-a032-4ad95d23b010,2023-2,Ingenieria en Energia,2023,95.72,,15,0,0,88,33.33,4.54,28,2,3,0,0,1,0,2,Baja Temporal,0,0,264,3,2,0,0,0,,26.58,2,1,4,0,1,0,1
1c5e18b7-1c34-5240-90c2-0b41497768d5,2023-2,Ingenieria Biomedica,2023,59.22,38.28,2,3,7,11,3.9,68.99,7,0,3,4,0,4,2,2,Regular,47,27,282,2,1,3,3,7,-20.94,23.64,1,2,0,1,4,0,0
9cec216e-47aa-5a49-869e-468a05af80fb,2023-2,Ingenieria Biomedica,2023,65.91,48.73,4,1,5,29,10.28,72.71,7,2,2,2,0,0,1,1,Regular,30,24,282,2,0,1,1,5,-17.18,52.35,2,0,1,0,0,0,0
606127a2-3945-5823-a8ee-af2f55c14a1d,2024-2,Ingenieria en Desarrollo de Software,2021,86.97,87.43,26,1,5,203,75.19,65.99,11,2,3,1,0,0,0,1,Regular,26,26,270,8,0,0,1,5,0.46,43.88,2,1,1,1,0,0,0
2f8465c3-ec09-5048-b0ce-18a332b2677d,2024-1,Ingenieria en Energia,2022,73.36,65.46,17,1,4,95,35.98,63.09,11,1,2,1,0,1,0,1,Regular,23,23,264,4,0,0,1,4,-7.9,34.83,1,1,1,2,1,0,0
6789a6a2-525f-5feb-87fe-03250161844a,2024-1,Ingenieria Agroindustrial,2024,69.06,54.89,7,0,6,39,14.13,46.57,14,3,1,0,0,4,0,1,Regular,46,46,276,1,0,0,0,6,-14.17,40.99,1,0,2,2,4,0,0
a97caa44-bbdf-5e48-847e-e920aeec038f,2025-1,Ingenieria Agroindustrial,2023,67.83,69.75,22,2,5,160,57.97,88.26,4,3,1,1,0,1,2,1,Regular,33,33,276,6,0,0,2,5,1.92,26.26,1,0,0,0,1,0,0
c637e805-04d9-554c-8334-06710e4a5f57,2024-1,Ingenieria Agroindustrial,2021,67.19,65.02,29,1,6,195,70.65,46.07,16,4,6,0,1,1,0,3,Regular,42,42,276,7,0,0,1,6,-2.17,20.26,3,3,3,1,1,0,0
c5049f2e-2685-59d3-9995-97b9365cf4b2,2025-1,Ingenieria en Desarrollo de Software,2021,98.0,100.0,44,0,7,248,91.85,55.27,11,2,2,0,0,1,0,1,Regular,40,40,270,9,0,0,0,7,2.0,20.56,0,2,0,2,1,0,0
f595750e-809b-5df5-a721-12cc2dfb58e6,2023-2,Ingenieria en Desarrollo de Software,2021,62.45,77.53,20,1,5,125,46.3,99.0,0,2,1,2,0,0,1,0,Regular,25,25,270,6,0,0,1,5,15.08,33.95,0,1,0,1,0,0,0
65a6c838-7708-5c04-8cea-43fcb741363b,2023-1,Ingenieria en Desarrollo de Software,2021,98.0,94.59,19,0,5,147,54.44,68.57,13,2,1,0,1,1,0,1,Regular,30,30,270,5,0,0,0,5,-3.41,30.14,1,0,1,0,1,0,0
b951c66f-d36a-5cf6-af5d-8e9a0e18cdf7,2025-1,Ingenieria en Desarrollo de Software,2020,64.24,43.65,33,3,5,238,88.15,49.2,18,2,2,0,2,0,1,2,Regular,40,40,270,11,0,0,3,5,-20.59,24.49,1,1,2,1,0,0,0
6375febc-acde-5100-b1e3-d0913ad08719,2023-1,Ingenieria en Desarrollo de Software,2023,73.77,73.55,1,0,6,11,4.07,82.73,8,2,3,2,0,0,0,2,Regular,42,42,270,1,0,0,0,6,-0.22,23.36,3,0,1,0,0,0,0
cae76d9f-78e2-554b-b511-38953084e7e1,2024-2,Ingenieria en Desarrollo de Software,2020,84.46,94.17,34,2,5,239,88.52,52.65,12,4,3,1,0,1,0,2,Regular,31,31,270,10,0,0,2,5,9.71,31.0,1,2,2,3,1,0,0
4b07e53c-e2b9-57bd-85a5-19f2c4f35f6b,2024-1,Ingenieria Biomedica,2024,68.11,52.8,2,0,5,11,3.9,73.34,10,2,0,0,0,1,0,2,Regular,30,30,282,1,0,0,0,5,-15.31,25.67,0,0,0,0,1,0,0
7b829baf-870e-527c-9247-e2c18fc86880,2024-1,Ingenieria Agroindustrial,2023,85.6,79.44,18,1,4,103,37.32,38.81,20,3,2,0,0,1,1,2,Regular,27,27,276,4,1,0,1,4,-6.16,31.36,0,2,0,4,1,0,0
b1710c47-6972-5883-b3ad-39011701f816,2025-1,Ingenieria Biomedica,2020,82.64,80.77,31,1,6,243,86.17,64.34,11,2,0,0,0,0,1,1,Regular,41,41,282,11,0,0,1,6,-1.87,16.32,0,0,0,1,0,0,0
1ab6c03c-71b9-53ac-9afa-88343941db41,2022-2,Ingenieria en Desarrollo de Software,2023,78.43,71.56,4,1,6,22,8.15,68.8,9,3,3,0,1,1,0,2,Regular,45,45,270,2,0,0,1,6,-6.87,19.03,2,1,0,1,1,0,0
4c5fa216-c891-5c7f-9e72-eb5f29654f8b,2023-1,Ingenieria en Desarrollo de Software,2022,89.65,83.23,8,0,0,48,17.78,6.5,18,0,4,1,0,3,0,1,Baja Temporal,0,0,270,2,0,0,0,0,-6.42,33.7,1,3,1,2,2,1,0
83b85be0-717c-5194-b5c6-c40e5be7fd5a,2023-1,Ingenieria Agroindustrial,2022,64.83,56.79,3,2,0,18,6.52,9.91,29,6,3,4,0,3,2,2,Baja Temporal,0,0,276,2,2,2,2,0,-8.04,30.21,2,1,1,1,3,0,0
e33a1e43-8036-5d57-8e72-af13daaa8977,2023-2,Ingenieria en Desarrollo de Software,2023,83.84,78.38,13,0,5,68,25.19,64.57,9,0,2,1,0,4,0,0,Regular,29,29,270,2,0,0,0,5,-5.46,48.57,0,2,1,0,4,0,0
d6215ae3-6aa8-5c54-8074-acb10f5e5e9d,2024-1,Ingenieria en Desarrollo de Software,2020,71.83,69.27,41,1,7,244,90.37,46.74,17,2,1,1,0,0,1,0,Regular,37,32,270,10,0,1,1,7,-2.56,20.49,0,1,0,1,0,0,0
8ad548ce-30c1-5421-9799-c97602d48404,2024-2,Ingenieria en Desarrollo de Software,2023,83.83,78.2,16,1,7,96,35.56,84.1,1,4,3,2,1,2,1,1,Regular,54,54,270,4,0,0,1,7,-5.63,18.11,0,3,0,2,1,1,0
c73cb753-7227-5cff-a546-37be3c817aeb,2024-2,Ingenieria Biomedica,2022,84.24,78.13,28,1,4,158,56.03,48.55,15,1,3,1,0,4,0,2,Regular,21,21,282,7,1,0,1,4,-6.11,13.36,2,1,1,0,4,0,0
d76c4a1d-1844-5224-92ae-458da5f728b8,2024-1,Ingenieria Agroindustrial,2022,74.35,67.91,21,0,4,139,50.36,34.67,19,0,1,0,1,2,0,1,Regular,24,24,276,5,0,0,0,4,-6.44,8.69,0,1,1,0,2,0,0
25217f14-9b1e-53e8-8245-2c2d259ec4fc,2024-1,Ingenieria Agroindustrial,2020,70.63,68.65,29,5,4,196,71.01,55.34,14,1,2,2,0,1,1,4,Irregular,27,20,276,8,0,1,5,4,-1.98,18.42,2,0,0,1,1,0,0
44dbb66e-8b6a-5baa-beff-1cc7738e08e9,2024-2,Ingenieria en Desarrollo de Software,2020,91.07,84.39,33,1,5,258,95.56,34.71,18,1,2,1,0,3,0,1,Regular,28,28,270,11,0,0,1,5,-6.68,23.9,1,1,0,3,3,0,0
f8ed6837-ea97-574e-a619-904aa83318bc,2024-2,Ingenieria en Desarrollo de Software,2021,82.8,79.24,44,1,5,252,93.33,77.62,7,1,4,2,0,2,1,1,Regular,36,36,270,9,0,0,1,5,-3.56,28.72,3,1,0,0,2,0,0
c8a15646-d61a-5c1b-a0c5-997b9b97df9d,2024-2,Ingenieria en Desarrollo de Software,2021,86.13,80.81,27,1,7,183,67.78,67.17,10,1,6,0,0,0,1,1,Regular,37,37,270,8,0,0,1,7,-5.32,33.06,3,3,1,1,0,0,0
de13298d-a1bc-50bc-85b1-7880da2ec1f4,2023-2,Ingenieria en Desarrollo de Software,2023,72.72,70.47,9,0,6,49,18.15,78.44,7,2,4,2,0,1,0,1,Regular,42,42,270,2,1,0,0,6,-2.25,27.55,1,3,2,0,1,0,0
13d93d33-8f90-5ae5-b0cc-7786a1144c8d,2023-2,Ingenieria en Desarrollo de Software,2022,70.88,72.12,12,0,5,86,31.85,68.62,9,2,2,1,1,1,0,0,Regular,35,35,270,4,0,0,0,5,1.24,37.53,2,0,0,1,0,1,0
e0a15b85-8664-5175-ba14-0ca85645974c,2022-2,Ingenieria en Desarrollo de Software,2020,71.49,88.31,21,1,6,147,54.44,24.84,21,2,1,0,1,0,0,2,Irregular,47,39,270,6,1,1,1,6,16.82,31.12,0,1,1,0,0,0,0
833515fb-63c0-5c34-8332-6cb3eee7e5a7,2023-2,Ingenieria Biomedica,2020,63.06,63.28,35,5,5,230,81.56,72.98,7,3,2,4,0,2,0,6,Irregular,32,32,282,9,0,0,5,5,0.22,42.17,2,0,2,0,2,0,0
70b93ffa-ff3a-501c-96ed-db22f33ca526,2024-1,Ingenieria en Desarrollo de Software,2024,80.09,76.62,2,0,5,11,4.07,47.43,16,1,5,0,0,1,0,0,Regular,31,31,270,1,0,0,0,5,-3.47,48.36,2,3,0,3,0,1,0
88e119c4-37e5-59b5-b3dd-3d33f6394b03,2022-2,Ingenieria Biomedica,2021,84.45,72.59,18,3,6,126,44.68,18.26,27,4,0,0,2,1,2,2,Regular,47,24,282,4,1,3,3,6,-11.86,10.1,0,0,0,0,1,0,0
c9fa7e67-e188-5618-92b9-600f8707ddea,2023-1,Ingenieria en Desarrollo de Software,2024,98.0,91.05,7,0,6,46,17.04,83.62,2,2,0,0,0,1,0,3,Regular,34,34,270,2,1,0,0,6,-6.95,17.71,0,0,0,0,1,0,0
1b82529e-dc95-54b4-9902-2c1f60c36380,2024-2,Ingenieria en Desarrollo de Software,2024,70.85,86.41,5,1,6,40,14.81,46.02,17,3,3,0,2,6,0,2,Regular,33,28,270,2,1,1,1,6,15.56,35.21,2,1,5,1,6,0,0
377648a9-6a55-5d7b-9e3a-369b528b052c,2025-1,Ingenieria en Desarrollo de Software,2020,69.67,58.73,44,4,4,238,88.15,91.28,0,1,2,1,0,6,3,2,Regular,31,31,270,11,0,0,4,4,-10.94,22.96,1,1,1,3,4,2,0
f30e5005-07d0-5f02-b073-57ae2c7aa996,2022-2,Ingenieria en Energia,2020,70.54,82.32,28,2,6,183,69.32,93.07,0,3,6,4,0,0,0,3,Regular,31,31,264,7,0,0,2,6,11.78,26.51,3,3,3,3,0,0,0
1bdae39e-77e6-51c3-85f2-7dce0f4738fc,2023-2,Ingenieria en Energia,2020,68.98,74.38,37,2,6,221,83.71,51.02,10,4,3,1,1,0,0,3,Irregular,41,41,264,8,0,0,2,6,5.4,27.36,2,1,3,0,0,0,0
efe62f43-6532-5e35-8fe9-ef9cd489f277,2023-2,Ingenieria en Desarrollo de Software,2020,72.8,62.25,22,3,5,158,58.52,80.9,6,0,4,0,0,3,0,3,Regular,30,30,270,7,0,0,3,5,-10.55,29.12,3,1,3,0,3,0,0
e64d5101-6bdc-5447-ad23-ed080909399f,2024-1,Ingenieria Biomedica,2020,79.21,63.81,29,2,4,205,72.7,53.54,11,2,1,2,0,0,0,2,Regular,25,19,282,8,0,1,2,4,-15.4,45.77,0,1,0,0,0,0,0
4fad2c27-eee3-5ae7-ae85-ae180db32249,2023-2,Ingenieria Biomedica,2022,69.53,68.45,17,2,4,106,37.59,60.2,14,2,6,0,0,3,0,2,Regular,29,29,282,4,0,0,2,4,-1.08,17.28,4,2,9,3,3,0,0
86b8d4a5-7333-572c-822f-1e01dcf98b55,2023-2,Ingenieria en Desarrollo de Software,2022,81.3,72.63,14,0,4,102,37.78,62.14,10,1,3,0,0,1,0,0,Regular,31,31,270,4,0,0,0,4,-8.67,19.15,0,3,0,7,1,0,0
1b406979-50d7-54e6-a0ae-df222cadfb81,2023-1,Ingenieria Biomedica,2024,93.36,94.57,4,0,6,21,7.45,67.4,10,4,2,0,1,0,0,1,Regular,31,31,282,1,0,0,0,6,1.21,21.2,1,1,0,1,0,0,0
6978c3df-0d9a-54da-93f2-bdbc1c71fd33,2023-2,Ingenieria en Desarrollo de Software,2023,67.24,59.2,5,2,5,38,14.07,49.71,17,4,3,1,0,0,1,1,Regular,37,30,270,2,0,1,2,5,-8.04,27.11,2,1,2,1,0,0,0
0035c4bd-a5e6-5422-bf32-c9f355da5b94,2022-2,Ingenieria en Energia,2022,90.76,95.08,6,1,7,44,16.67,76.04,6,0,0,2,1,3,0,1,Regular,37,37,264,2,0,0,1,7,4.32,29.58,0,0,0,2,2,1,0
75b9d1cf-9691-5627-8b6c-21baab806e49,2023-2,Ingenieria Biomedica,2023,78.96,61.91,10,1,4,55,19.5,44.57,13,5,5,3,0,5,0,2,Regular,29,22,282,2,0,1,1,4,-17.05,43.68,2,3,1,2,5,0,0
ca5b5fa0-8748-552f-9fa5-1dd613727e2d,2024-1,Ingenieria en Energia,2022,84.44,89.34,11,0,4,88,33.33,64.79,11,2,4,1,0,0,0,0,Regular,23,23,264,4,0,0,0,4,4.9,36.94,0,4,0,3,0,0,0
ed471485-9203-5210-82bd-5523106150a8,2023-1,Ingenieria en Desarrollo de Software,2021,81.77,79.74,24,1,5,140,51.85,77.87,5,1,3,1,0,1,0,1,Regular,38,38,270,5,0,0,1,5,-2.03,32.81,1,2,1,2,1,0,0
0243b474-2f27-553e-ab61-5bc8a1092d61,2025-1,Ingenieria Biomedica,2023,82.42,76.85,21,0,4,159,56.38,81.49,8,1,4,0,0,3,0,3,Regular,31,31,282,5,1,0,0,4,-5.57,5.29,1,3,1,2,3,0,0
ef401597-3dbb-5c58-8d1c-1d2e07b2ff70,2024-1,Ingenieria en Desarrollo de Software,2021,57.16,52.61,19,1,0,122,45.19,5.34,31,2,3,0,0,2,1,1,Baja Temporal,0,0,270,7,1,0,1,0,-4.55,21.63,2,1,1,1,2,0,0
d880b504-ef35-5076-b939-71767f091911,2024-1,Ingenieria Biomedica,2020,67.11,53.19,43,1,5,222,78.72,93.54,0,1,2,0,0,0,1,1,Regular,28,28,282,9,0,0,1,5,-13.92,31.81,1,1,0,2,0,0,0
6cdd0404-a024-5749-b05b-38e4895f0d23,2023-1,Ingenieria en Desarrollo de Software,2021,72.2,66.16,15,0,5,110,40.74,71.2,13,0,4,1,1,1,0,2,Regular,34,34,270,4,0,0,0,5,-6.04,16.72,2,2,2,1,0,1,0
9997042f-f494-51a0-bfa4-d093809b0158,2024-2,Ingenieria en Energia,2022,84.2,77.55,26,0,5,163,61.74,84.01,3,1,1,0,1,0,0,0,Regular,25,25,264,6,0,0,0,5,-6.65,27.1,0,1,2,2,0,0,0
ab8ccd65-4094-5c0e-aa67-f42de796667d,2024-2,Ingenieria Agroindustrial,2023,64.37,61.48,21,4,7,121,43.84,52.95,15,3,4,3,0,0,1,3,Irregular,38,33,276,5,0,1,4,7,-2.89,36.92,2,2,4,1,0,0,0
6511f31f-252c-5614-b89e-97253dd5327e,2025-1,Ingenieria en Desarrollo de Software,2021,59.21,67.05,34,2,6,197,72.96,73.03,4,1,4,3,0,2,1,2,Regular,36,36,270,9,0,0,2,6,7.84,28.49,4,0,2,0,2,0,0
e8a5d372-ab1c-5585-950b-9079f91affa4,2025-1,Ingenieria Agroindustrial,2023,91.5,78.66,23,0,7,126,45.65,88.86,3,3,3,0,0,2,0,0,Regular,41,41,276,5,0,0,0,7,-12.84,29.56,1,2,1,2,2,0,0
5bcc0cf6-fd67-5a49-b5ed-b9f192778b57,2023-2,Ingenieria Agroindustrial,2022,70.2,64.17,14,2,5,106,38.41,79.37,6,2,1,0,0,1,1,1,Regular,33,33,276,4,0,0,2,5,-6.03,49.12,0,1,0,2,1,0,0
e323fd8c-c13c-5cba-bf31-1dd1f46067e2,2024-1,Ingenieria en Desarrollo de Software,2022,88.28,91.94,13,1,4,102,37.78,40.82,16,3,4,2,1,1,0,3,Regular,29,29,270,4,1,0,1,4,3.66,20.68,1,3,1,5,1,0,0
3bba1add-bb7a-5f6f-86a8-db62481c52c9,2022-2,Ingenieria en Energia,2020,86.21,78.73,18,0,7,119,45.08,56.52,14,1,3,0,0,3,0,0,Regular,48,48,264,5,0,0,0,7,-7.48,18.74,0,3,0,4,3,0,0
1ca20bc0-9d59-5df2-a651-a16a67b4a736,2025-1,Ingenieria en Desarrollo de Software,2023,79.88,97.07,26,0,6,175,64.81,73.47,10,1,7,0,0,2,0,0,Regular,42,42,270,6,0,0,0,6,17.19,6.55,3,4,4,6,2,0,0
e425d7cd-3d4b-5a1a-8df5-9e448eb7d1d8,2025-1,Ingenieria en Desarrollo de Software,2022,89.96,83.78,25,0,6,178,65.93,83.28,5,1,2,1,0,0,0,1,Regular,35,35,270,6,0,0,0,6,-6.18,24.6,0,2,1,1,0,0,0
7a671edd-49f5-508d-be76-2e928aaf6e77,2025-1,Ingenieria en Energia,2023,68.69,68.14,28,2,4,169,64.02,38.87,23,7,4,3,0,0,0,3,Regular,24,12,264,6,1,2,2,4,-0.55,26.77,2,2,1,2,0,0,0
14c94f88-4114-55f8-a382-d84d58cfc5aa,2023-1,Ingenieria en Energia,2021,69.78,,10,0,0,74,28.03,6.15,29,2,2,0,0,0,0,2,Baja Temporal,0,0,264,5,2,0,0,0,,20.15,0,2,0,1,0,0,1
15daa59e-7d17-512e-b916-09a0f090e543,2024-1,Ingenieria Agroindustrial,2024,69.62,71.21,2,2,7,12,4.35,83.31,2,4,3,2,1,0,0,2,Regular,37,37,276,2,0,0,2,7,1.59,38.62,3,0,3,0,0,0,0
c170cf16-7750-5f89-906e-755af36b03a6,2024-2,Ingenieria Biomedica,2024,77.26,73.81,9,0,7,63,22.34,95.96,0,0,1,2,1,1,0,0,Regular,40,40,282,2,0,0,0,7,-3.45,44.42,1,0,1,0,0,1,0
8083de67-01ac-51b7-9d0d-11c085fcc1fe,2024-1,Ingenieria en Desarrollo de Software,2023,88.63,69.59,8,1,7,53,19.63,43.62,11,2,1,1,1,4,0,1,Regular,52,45,270,2,0,1,1,7,-19.04,52.15,0,1,0,1,3,1,0
9737cae2-eebc-5aae-8f15-74f52a02d4ff,2024-1,Ingenieria en Desarrollo de Software,2022,87.6,89.92,17,0,4,135,50.0,72.59,10,2,3,1,0,1,0,1,Regular,24,24,270,5,1,0,0,4,2.32,84.22,1,2,1,3,1,0,0
cd98b637-2cce-528c-9a16-13f26e6ef355,2023-1,Ingenieria en Desarrollo de Software,2021,98.0,97.5,27,0,7,169,62.59,89.87,2,0,6,0,0,0,0,1,Regular,39,39,270,6,0,0,0,7,-0.5,27.39,1,5,1,5,0,0,0
5b574887-8350-5475-8a62-90c58bf53557,2024-2,Ingenieria en Desarrollo de Software,2023,85.89,77.47,10,2,0,81,30.0,14.45,21,0,5,1,0,3,1,4,Baja Temporal,0,0,270,4,2,0,2,0,-8.42,16.74,3,2,5,0,3,0,0
00c7f9d8-b309-5093-8701-9a3346100f42,2024-2,Ingenieria Biomedica,2021,66.55,71.92,30,2,5,193,68.44,76.27,6,5,4,2,0,0,2,0,Regular,29,29,282,8,0,0,2,5,5.37,26.69,2,2,0,2,0,0,0
f0835030-b377-55b8-9631-8620e80595ee,2025-1,Ingenieria en Energia,2022,73.03,,23,2,0,119,45.08,10.4,32,3,6,1,1,1,2,3,Baja Temporal,0,0,264,7,2,0,2,0,,38.51,4,2,3,3,1,0,1
5661be96-4beb-55f1-9153-f3f80bb04456,2024-2,Ingenieria Biomedica,2024,66.86,72.51,2,2,5,11,3.9,83.28,4,2,1,2,0,3,2,2,Regular,35,35,282,1,1,0,2,5,5.65,45.45,1,0,2,1,1,2,0
10995e40-2e82-5d05-ae4f-0c6b5ba1dd12,2024-1,Ingenieria Agroindustrial,2022,65.02,54.5,13,3,5,91,32.97,58.51,15,1,2,4,0,2,0,3,Regular,38,30,276,5,0,1,3,5,-10.52,80.93,2,0,0,0,2,0,0
02ed19d6-aae6-5ce9-a552-66a1a4dbbd91,2024-2,Ingenieria en Desarrollo de Software,2022,80.64,67.04,24,0,6,158,58.52,96.06,2,0,1,0,0,2,0,1,Regular,39,39,270,7,0,0,0,6,-13.6,17.51,0,1,0,0,1,1,0
dc34f7b0-e582-5525-8d9f-659c71807cea,2022-2,Ingenieria Biomedica,2023,77.65,74.97,2,0,5,11,3.9,73.54,7,3,2,2,0,0,0,1,Regular,36,36,282,1,1,0,0,5,-2.68,27.9,1,1,2,0,0,0,0
d523fd67-eef1-561c-ac5c-bcd32803c1f6,2024-1,Ingenieria en Energia,2021,76.54,68.18,33,1,5,202,76.52,94.25,3,1,3,3,0,1,1,0,Regular,32,32,264,8,0,0,1,5,-8.36,16.84,1,2,0,2,1,0,0
fc6e4395-dfa0-5787-bb8d-b2f9a31e5029,2022-2,Ingenieria Agroindustrial,2021,53.59,59.22,10,1,4,67,24.28,79.96,6,1,4,0,0,0,0,2,Regular,28,28,276,4,0,0,1,4,5.63,40.35,3,1,1,0,0,0,0
bf67acd1-ebde-5010-b772-f4dbeece0218,2022-2,Ingenieria Biomedica,2023,94.19,84.98,9,0,4,61,21.63,97.45,0,2,6,2,0,1,0,0,Regular,32,32,282,1,0,0,0,4,-9.21,14.66,0,6,0,6,1,0,0
94451207-3840-5a4c-9483-c6eeadbb37b0,2025-1,Ingenieria en Desarrollo de Software,2024,69.64,52.58,11,3,6,76,28.15,15.61,31,7,5,2,2,0,0,3,Irregular,44,22,270,3,0,3,3,6,-17.06,20.5,3,2,5,1,0,0,0
f3a6dffa-925f-57a6-bebe-345e6c16e8b9,2024-1,Ingenieria en Desarrollo de Software,2022,78.47,58.56,17,3,7,117,43.33,63.04,10,0,6,0,0,2,1,3,Regular,45,39,270,5,0,1,3,7,-19.91,33.95,4,2,2,0,2,0,0
eab282b2-24b8-5dee-aee3-f264f3ba133f,2023-1,Ingenieria en Energia,2020,71.2,58.1,28,2,3,217,82.2,69.37,10,2,2,3,0,0,1,2,Regular,21,21,264,8,0,0,2,3,-13.1,66.41,0,2,1,3,0,0,0
08b8d0d3-e07f-5ace-be82-3c828910e89e,2025-1,Ingenieria Biomedica,2023,64.06,67.1,27,2,5,138,48.94,66.99,16,2,1,2,0,0,1,2,Regular,39,39,282,5,0,0,2,5,3.04,23.9,1,0,0,0,0,0,0
4735f5ce-ff7e-50f1-9de2-359bb163870f,2023-2,Ingenieria en Desarrollo de Software,2021,72.95,63.15,28,1,6,164,60.74,50.83,17,2,3,1,1,3,1,0,Regular,40,33,270,6,0,1,1,6,-9.8,19.38,1,2,0,1,3,0,0
3903309f-aebb-54c3-8636-31082fd49785,2023-1,Ingenieria Biomedica,2020,61.87,74.87,26,3,6,171,60.64,88.97,5,1,6,2,1,1,3,1,Regular,43,43,282,7,0,0,3,6,13.0,41.84,4,2,5,3,0,1,0
e707e0fd-6471-589e-b58b-092b9d18b7e9,2024-1,Ingenieria Agroindustrial,2021,60.19,51.81,25,2,4,152,55.07,99.0,2,2,4,2,2,1,0,2,Regular,22,22,276,7,0,0,2,4,-8.38,21.9,2,2,6,3,0,1,0
44540b30-3f86-5395-a679-69c9f9ea34ea,2024-1,Ingenieria en Energia,2024,88.48,94.28,4,0,7,28,10.61,67.29,11,3,2,1,0,2,0,0,Regular,48,48,264,1,0,0,0,7,5.8,22.55,0,2,1,2,2,0,0
80f93d82-2cea-59ed-a940-acdcd69caaa4,2023-1,Ingenieria en Desarrollo de Software,2022,92.56,81.45,16,0,4,119,44.07,77.34,7,1,2,1,0,1,0,0,Regular,29,29,270,3,0,0,0,4,-11.11,24.77,0,2,0,4,1,0,0
15ac75b0-6bc1-5d4e-964a-3d2c153e2b58,2024-1,Ingenieria en Desarrollo de Software,2022,67.15,63.94,21,2,4,159,58.89,75.43,6,0,8,1,0,0,1,2,Regular,32,32,270,6,1,0,2,4,-3.21,22.94,3,5,3,2,0,0,0
70e34fad-dede-51f0-967c-b7c82940eb62,2024-1,Ingenieria en Energia,2021,72.29,57.51,29,1,4,185,70.08,69.54,8,2,3,1,0,1,0,1,Regular,25,25,264,8,0,0,1,4,-14.78,29.64,3,0,3,0,1,0,0
d064e1f8-f70d-5ead-bdf8-27e8a778bad6,2023-2,Ingenieria Biomedica,2021,78.46,78.85,22,0,4,149,52.84,99.0,0,1,2,0,0,3,0,1,Regular,21,21,282,6,1,0,0,4,0.39,17.65,1,1,2,2,3,0,0
d7ecb7dc-5e4f-5329-9474-63f2aee444cc,2024-2,Ingenieria Agroindustrial,2021,97.97,100.0,36,0,4,221,80.07,66.38,9,3,7,2,0,0,0,1,Regular,21,21,276,8,1,0,0,4,2.03,13.4,0,7,0,10,0,0,0
30acaf8b-78d8-58d7-96ab-3fae29532931,2024-2,Ingenieria en Energia,2021,85.09,72.62,43,0,4,219,82.95,50.47,20,1,2,1,0,2,0,1,Regular,22,22,264,8,0,0,0,4,-12.47,15.28,1,1,1,0,2,0,0
f78067e3-d40a-5a89-9aa0-47620911d4ea,2024-2,Ingenieria en Energia,2020,60.2,48.88,29,5,7,224,84.85,53.61,14,3,2,1,0,3,5,0,Irregular,42,42,264,9,0,0,5,7,-11.32,34.79,2,0,5,0,3,0,0
8f4b3b77-c057-5aa7-b503-d31c6d3d5b74,2023-2,Ingenieria Biomedica,2022,63.83,45.38,12,3,4,87,30.85,69.37,11,3,0,1,0,1,0,3,Regular,28,28,282,5,0,0,3,4,-18.45,31.41,0,0,0,0,1,0,0
8ae57879-e0b0-59ca-868c-c8f6d42f2e43,2024-1,Ingenieria en Desarrollo de Software,2022,67.14,78.88,14,0,0,77,28.52,13.08,22,1,2,0,1,2,0,0,Baja Temporal,0,0,270,4,0,0,0,0,11.74,15.39,0,2,0,1,2,0,0
675365f6-1282-508e-bb8f-be97175cb120,2024-2,Ingenieria en Energia,2021,79.74,70.29,33,0,4,227,85.98,70.85,11,0,2,0,1,3,0,1,Regular,20,20,264,8,1,0,0,4,-9.45,19.5,0,2,0,3,0,3,0
bc9296d3-2eb9-56e4-a367-fc8bb19900ce,2023-2,Ingenieria Agroindustrial,2023,93.85,78.53,6,0,6,46,16.67,83.77,8,0,2,0,0,0,0,0,Regular,33,33,276,1,0,0,0,6,-15.32,31.97,1,1,0,0,0,0,0
1a3b88ee-9d29-54e7-9567-dfd65877b1f9,2024-2,Ingenieria en Energia,2021,71.13,70.55,46,2,8,237,89.77,41.22,20,3,3,0,1,0,2,1,Regular,46,40,264,9,1,1,2,8,-0.58,14.05,0,3,1,3,0,0,0
953af797-6b1a-50f5-98a7-9de181119379,2023-2,Ingenieria en Desarrollo de Software,2023,74.32,76.41,6,0,6,39,14.44,86.2,4,0,3,1,0,3,0,0,Regular,34,34,270,2,0,0,0,6,2.09,20.17,0,3,0,1,3,0,0
2131a319-8b58-5f5b-84c6-cff834417bc7,2023-2,Ingenieria en Desarrollo de Software,2021,79.76,72.72,19,0,5,141,52.22,98.28,0,3,3,2,0,1,0,1,Regular,34,34,270,6,0,0,0,5,-7.04,28.96,1,2,0,3,1,0,0
03c99e25-3fcb-5dcb-8251-2c008a9624c7,2025-1,Ingenieria Agroindustrial,2023,62.95,52.81,15,3,5,99,35.87,23.73,26,4,1,1,1,1,3,1,Regular,32,26,276,4,0,1,3,5,-10.14,38.32,0,1,0,0,1,0,0
d6c2dd9f-e9b4-5237-b2a1-73a8b97f8483,2023-2,Ingenieria en Desarrollo de Software,2023,75.85,93.72,4,1,7,26,9.63,33.49,22,3,3,0,0,1,1,0,Regular,44,44,270,2,0,0,1,7,17.87,33.04,0,3,0,1,1,0,0
5833bd8e-583b-5c3b-89b8-621397080c48,2022-2,Ingenieria en Energia,2022,77.07,68.51,4,1,8,24,9.09,53.34,11,4,3,1,0,1,1,0,Regular,44,44,264,2,0,0,1,8,-8.56,26.5,0,3,0,4,1,0,0
bbf9fe57-2957-52c9-a4b1-9c11ce99d8ea,2024-2,Ingenieria Biomedica,2024,79.25,63.99,6,1,6,45,15.96,66.6,9,2,2,1,0,2,0,2,Regular,45,45,282,1,0,0,1,6,-15.26,17.46,1,1,2,3,2,0,0
2840876a-0f91-5654-8a77-27475fe24f72,2023-2,Ingenieria Biomedica,2022,67.71,46.3,13,1,6,93,32.98,53.16,18,3,2,1,0,0,0,1,Regular,39,39,282,4,0,0,1,6,-21.41,14.31,1,1,3,0,0,0,0
23989826-a656-5059-aec2-575187d68415,2023-1,Ingenieria en Energia,2023,77.83,67.14,4,0,5,26,9.85,64.65,12,4,4,1,1,2,0,0,Regular,27,27,264,1,0,0,0,5,-10.69,5.04,0,4,0,2,1,1,0
40d13ac2-b703-51cf-9b16-408232f55ecd,2022-2,Ingenieria Agroindustrial,2023,71.51,69.76,2,1,6,11,3.99,47.78,16,2,1,2,0,0,0,1,Regular,34,28,276,1,0,1,1,6,-1.75,25.57,0,1,0,1,0,0,0
a660c6ae-6344-5bd8-b374-4a306c75b5c8,2024-1,Ingenieria en Desarrollo de Software,2020,81.25,77.69,49,3,7,249,92.22,83.93,5,1,2,0,1,1,0,4,Regular,40,40,270,10,0,0,3,7,-3.56,22.05,2,0,4,0,0,1,0
7a321776-4af7-56f0-a8b6-59f9f775bb42,2022-2,Ingenieria Biomedica,2023,89.49,79.2,8,0,4,51,18.09,92.07,2,1,2,0,0,1,0,1,Regular,30,30,282,1,0,0,0,4,-10.29,12.87,1,1,0,2,0,1,0
4efffe52-1fea-56f7-9ba9-9f387f20b7f0,2025-1,Ingenieria en Energia,2022,81.12,62.57,27,0,0,201,76.14,25.0,23,3,2,0,0,2,0,2,Baja Temporal,0,0,264,7,2,0,0,0,-18.55,12.23,1,1,1,1,2,0,0
5b6e3ffc-7d7c-5705-a0f0-f769b7ec6b5e,2023-2,Ingenieria Agroindustrial,2020,66.69,67.81,34,1,7,213,77.17,64.06,12,1,3,1,1,2,1,1,Regular,49,49,276,8,0,0,1,7,1.12,61.03,2,1,2,0,1,1,0
1c2753dc-dda6-581f-adbb-702dd67da8c6,2023-1,Ingenieria en Desarrollo de Software,2020,67.34,62.18,35,1,6,194,71.85,63.46,12,5,2,2,0,1,0,1,Regular,36,30,270,7,0,1,1,6,-5.16,10.37,0,2,0,0,1,0,0
58aa6967-c959-5437-b91f-cfa1204e2569,2022-2,Ingenieria Biomedica,2022,84.41,77.49,7,0,4,50,17.73,81.59,7,1,1,1,0,1,0,0,Regular,30,30,282,2,0,0,0,4,-6.92,59.42,1,0,1,0,1,0,0
4b2627b6-4cc0-5b78-a6e4-738cb05a5799,2025-1,Ingenieria en Desarrollo de Software,2022,92.22,100.0,29,1,5,228,84.44,60.18,14,4,5,0,0,1,1,1,Regular,34,34,270,8,1,0,1,5,7.78,53.94,0,5,1,8,1,0,0
f3a2f6a0-c89c-5b3b-a732-b52a625c1550,2025-1,Ingenieria en Desarrollo de Software,2023,68.96,68.78,24,1,5,135,50.0,79.73,5,4,2,3,0,0,1,0,Regular,31,31,270,5,0,0,1,5,-0.18,30.3,0,2,0,1,0,0,0
26de62b1-4195-5d8b-a01c-beac8276de81,2025-1,Ingenieria Biomedica,2021,76.98,,42,1,0,211,74.82,0.65,32,3,3,0,0,3,0,3,Baja Temporal,0,0,282,8,2,0,1,0,,32.54,2,1,3,2,2,1,1
5fed6b77-ee62-54cf-ae8b-37516c5372c4,2024-2,Ingenieria Agroindustrial,2020,84.68,72.02,33,1,0,245,88.77,17.98,12,4,1,0,0,0,0,4,Baja Temporal,0,0,276,10,2,0,1,0,-12.66,33.11,0,1,0,0,0,0,0
989351a3-f0e8-5433-b46f-a92be0a4e2e9,2024-1,Ingenieria Agroindustrial,2022,60.48,44.72,19,6,6,150,54.35,29.49,23,5,2,1,0,3,2,4,Irregular,36,18,276,6,0,3,6,6,-15.76,18.72,2,0,1,1,3,0,0
a785ca33-f5f4-5a6b-beef-f6b97450a4e1,2023-2,Ingenieria en Desarrollo de Software,2022,62.52,,13,1,0,69,25.56,25.0,21,5,5,0,1,1,1,1,Baja Temporal,0,0,270,4,1,0,1,0,,19.9,4,1,1,1,1,0,1
365b2f66-e1c9-5357-9643-38d53c5230bf,2024-1,Ingenieria en Desarrollo de Software,2020,65.12,41.99,37,4,5,226,83.7,58.63,15,3,1,2,0,2,0,5,Regular,29,17,270,9,0,2,4,5,-23.13,16.61,0,1,0,1,2,0,0
3603b947-b779-5027-8b9a-0abdd02150ff,2023-1,Ingenieria Biomedica,2023,73.62,85.78,2,0,6,11,3.9,79.39,1,1,4,2,0,1,0,0,Regular,37,37,282,1,0,0,0,6,12.16,54.77,1,3,0,10,1,0,0
dd2b949a-7fec-571b-b9c9-0131a40f1bed,2025-1,Ingenieria en Energia,2024,80.0,65.66,14,0,6,75,28.41,43.44,16,2,3,0,1,3,0,1,Regular,41,41,264,3,0,0,0,6,-14.34,23.04,1,2,0,2,3,0,0
a87e3af1-875a-5a3b-9e03-08d37b308860,2025-1,Ingenieria en Energia,2023,69.46,59.78,15,2,6,114,43.18,97.7,0,3,7,1,0,0,1,1,Regular,48,48,264,5,0,0,2,6,-9.68,31.44,5,2,3,1,0,0,0
10737092-4f87-5590-8902-34099af5a130,2024-2,Ingenieria en Energia,2022,79.74,73.57,24,1,5,153,57.95,84.34,5,0,2,1,1,1,1,1,Regular,29,29,264,6,0,0,1,5,-6.17,29.71,1,1,0,1,0,1,0
c7196fbc-9f40-5add-b30b-cd111fe2542c,2024-2,Ingenieria en Energia,2024,65.28,,2,4,0,11,4.17,0.01,23,2,6,8,1,3,0,8,Baja Temporal,0,0,264,1,4,4,4,0,,22.22,5,1,3,1,2,1,1
614b2fc9-f59f-58d5-916e-144a7add3398,2023-2,Ingenieria en Desarrollo de Software,2021,87.37,71.96,31,0,5,155,57.41,89.99,4,0,1,0,0,0,0,0,Regular,37,37,270,6,0,0,0,5,-15.41,35.39,0,1,0,1,0,0,0
49a75892-d945-58f3-a28a-9c8668db610d,2024-1,Ingenieria Agroindustrial,2023,73.61,62.76,13,0,0,96,34.78,17.55,27,4,2,0,0,0,0,3,Baja Temporal,0,0,276,4,3,0,0,0,-10.85,23.59,1,1,0,0,0,0,0
50ed3793-027f-50b6-9269-26eef363f631,2023-2,Ingenieria en Desarrollo de Software,2020,71.9,71.5,32,4,5,212,78.52,62.57,12,5,2,1,0,2,4,0,Regular,30,30,270,8,0,0,4,5,-0.4,49.46,1,1,0,1,1,1,0
e11c0b9e-076d-5108-812c-8755d31ffa8f,2024-2,Ingenieria Biomedica,2022,98.0,100.0,26,0,0,207,73.4,11.12,23,0,3,0,0,1,0,1,Baja Temporal,0,0,282,6,1,0,0,0,2.0,45.22,1,2,0,2,1,0,0
f7b3c7bf-38ee-54fd-9701-0ad18bc3356a,2025-1,Ingenieria Biomedica,2020,92.43,90.38,43,0,5,276,97.87,48.6,17,2,1,1,0,2,0,0,Regular,32,32,282,11,0,0,0,5,-2.05,20.51,1,0,0,1,2,0,0
4f81e8b0-f42f-50c9-b65e-6c72ae8c203a,2024-2,Ingenieria en Energia,2023,97.49,91.89,16,0,0,97,36.74,25.0,32,4,3,0,0,3,0,0,Baja Temporal,0,0,264,4,0,0,0,0,-5.6,3.88,1,2,1,3,3,0,0
550c183b-14af-5140-9c61-c46dca61a0c1,2024-1,Ingenieria en Energia,2021,65.47,62.24,27,3,7,154,58.33,68.93,10,6,1,1,0,0,0,4,Regular,42,42,264,7,0,0,3,7,-3.23,43.57,0,1,0,1,0,0,0
76454406-5da4-51b0-a586-32bd178d7c65,2024-1,Ingenieria Biomedica,2020,86.51,74.04,35,3,6,264,93.62,24.08,23,1,3,3,0,3,2,2,Regular,30,15,282,10,1,3,3,6,-12.47,11.16,2,1,2,1,3,0,0
c6a88373-9913-5404-afcd-f3e355e09281,2024-1,Ingenieria Biomedica,2021,65.08,54.82,23,3,5,161,57.09,39.46,22,5,4,2,0,1,2,1,Regular,27,27,282,7,0,0,3,5,-10.26,48.52,3,1,3,0,0,1,0
0bb3ebaa-760c-5745-a9f7-8bd50b37b57a,2025-1,Ingenieria en Desarrollo de Software,2023,83.06,73.78,18,4,6,143,52.96,11.1,26,2,4,3,0,2,0,5,Irregular,39,13,270,5,0,4,4,6,-9.28,59.54,3,1,0,0,2,0,0
9a032384-e720-5654-bbe0-8fb4d91e1f94,2025-1,Ingenieria Biomedica,2020,72.9,51.65,49,5,6,252,89.36,71.16,5,2,2,1,2,3,1,5,Irregular,41,27,282,10,0,2,5,6,-21.25,55.41,2,0,4,1,3,0,0
e1197a3b-82a3-5853-b054-be0e4572bc5d,2023-2,Ingenieria Biomedica,2021,65.94,54.13,18,3,5,141,50.0,72.74,7,1,2,3,0,5,1,2,Regular,39,31,282,7,0,1,3,5,-11.81,47.23,0,2,1,1,5,0,0
150c761c-3cf6-50b1-a42d-84e787a5db5c,2024-1,Ingenieria Biomedica,2024,80.03,75.81,7,1,5,52,18.44,45.67,20,5,5,3,0,6,1,0,Regular,28,22,282,1,0,1,1,5,-4.22,48.63,4,1,3,2,5,1,0
0ce66bc3-8130-56eb-a82a-10433032a507,2023-2,Ingenieria en Desarrollo de Software,2023,74.52,,5,0,0,29,10.74,25.0,20,1,1,1,0,1,0,2,Baja Temporal,0,0,270,2,0,0,0,0,,13.8,1,0,1,1,1,0,1
ded8165c-4b8e-59f2-bcf8-fed501e96ae1,2023-1,Ingenieria en Desarrollo de Software,2022,81.01,78.06,8,0,7,50,18.52,69.74,9,2,3,1,0,1,0,1,Regular,40,40,270,3,0,0,0,7,-2.95,22.92,1,2,0,1,0,1,0
687af407-c814-518c-9ca3-c1c9808f93db,2024-1,Ingenieria Biomedica,2023,92.48,88.0,13,0,5,98,34.75,66.06,9,3,1,0,0,1,0,0,Regular,39,39,282,3,0,0,0,5,-4.48,20.86,1,0,1,4,1,0,0
c7c82fde-4656-5176-b804-e7b66673c9d6,2025-1,Ingenieria Biomedica,2021,85.5,100.0,30,0,6,217,76.95,64.55,14,1,3,2,0,2,0,0,Regular,47,47,282,8,0,0,0,6,14.5,20.45,1,2,0,1,2,0,0
7426cc1f-f11c-5060-b311-9919ddb37bc1,2024-1,Ingenieria Biomedica,2020,51.12,52.05,23,3,4,171,60.64,91.71,5,1,1,1,1,1,2,3,Regular,30,30,282,8,0,0,3,4,0.93,27.2,1,0,2,0,1,0,0
a1dea491-fb52-501b-8aab-d61469aa67bf,2022-2,Ingenieria Agroindustrial,2022,50.66,40.17,2,1,6,11,3.99,64.69,12,1,5,2,0,1,0,2,Regular,44,37,276,1,1,1,1,6,-10.49,31.35,4,1,2,0,1,0,0
1e7e1c00-9e28-57b6-a5b6-4d537a6ac92d,2024-2,Ingenieria en Energia,2022,75.49,73.61,25,1,4,162,61.36,58.19,11,5,3,3,1,4,0,1,Regular,30,22,264,6,0,1,1,4,-1.88,32.87,1,2,1,1,3,1,0
c0e1c605-6a32-5490-b63d-188772430f3e,2024-1,Ingenieria en Energia,2022,77.62,68.89,15,2,4,109,41.29,61.27,8,0,4,4,0,3,1,2,Regular,23,12,264,5,0,2,2,4,-8.73,39.97,2,2,3,1,3,0,0
32799cd3-0c16-598a-a0c5-822337f385b2,2025-1,Ingenieria en Desarrollo de Software,2021,88.04,100.0,42,0,5,261,96.67,36.95,22,2,5,1,1,0,0,1,Regular,37,37,270,9,1,0,0,5,11.96,18.19,2,3,1,4,0,0,0
307c299f-2c54-54ab-a2ae-45fc0740b732,2023-1,Ingenieria en Desarrollo de Software,2020,65.02,62.28,24,4,6,186,68.89,46.66,16,2,1,2,2,0,3,3,Irregular,41,27,270,8,0,2,4,6,-2.74,35.98,1,0,0,0,0,0,0
fc70714a-646c-5298-bd56-54463cf729e2,2022-2,Ingenieria Biomedica,2020,89.2,87.63,25,1,5,173,61.35,85.28,5,2,0,0,0,0,1,0,Regular,32,32,282,7,0,0,1,5,-1.57,48.99,0,0,2,0,0,0,0
fed60a03-7836-556e-b05b-a90b565e8f43,2023-1,Ingenieria en Desarrollo de Software,2020,92.45,85.02,37,0,4,211,78.15,59.33,16,1,3,2,1,0,0,1,Regular,31,31,270,8,1,0,0,4,-7.43,9.94,2,1,1,1,0,0,0
62db6d2d-8b8a-5e9c-8544-9ca91803d4df,2024-1,Ingenieria Agroindustrial,2024,84.43,63.13,4,0,4,29,10.51,83.41,3,6,2,3,0,3,0,1,Regular,30,30,276,2,1,0,0,4,-21.3,34.79,2,0,2,0,3,0,0
940fec6e-b401-585c-969d-0a0259feac86,2024-2,Ingenieria en Energia,2023,80.14,91.77,17,1,6,119,45.08,50.69,19,2,2,1,1,1,1,1,Regular,31,31,264,5,0,0,1,6,11.63,13.92,2,0,4,0,1,0,0
eec2cbdd-c552-5974-b4b4-7122783a027a,2023-1,Ingenieria en Desarrollo de Software,2021,78.72,89.04,25,2,6,139,51.48,74.91,9,0,3,1,1,1,1,3,Regular,35,35,270,6,0,0,2,6,10.32,22.92,2,1,1,1,1,0,0
2662a73f-09af-5a60-b2c1-2150e79f499e,2023-2,Ingenieria Biomedica,2021,71.95,60.26,26,5,5,201,71.28,19.31,25,4,2,5,1,4,4,1,Irregular,38,8,282,7,0,4,5,5,-11.69,28.3,1,1,0,1,4,0,0
4a692001-1f13-5b39-9be8-628342d5abdc,2024-2,Ingenieria Biomedica,2024,71.3,79.84,8,0,4,53,18.79,41.68,20,0,1,1,4,0,0,1,Regular,31,31,282,2,0,0,0,4,8.54,25.33,1,0,0,0,0,0,0
abce74b5-2546-5c0f-9118-68351c898ce9,2024-1,Ingenieria en Desarrollo de Software,2023,73.55,,18,0,0,92,34.07,5.54,29,2,5,2,0,1,0,4,Baja Temporal,0,0,270,3,2,0,0,0,,29.47,2,3,1,8,1,0,1
c51bfb5d-171c-5d59-9e04-9bdfd346531e,2025-1,Ingenieria en Energia,2021,86.06,85.5,32,2,6,241,91.29,65.72,9,2,3,1,0,2,0,2,Regular,32,32,264,9,0,0,2,6,-0.56,55.4,2,1,0,0,2,0,0
29b4e738-d41e-521e-ac17-d79dedca6499,2024-1,Ingenieria en Desarrollo de Software,2022,64.83,50.07,18,0,7,112,41.48,61.58,15,2,4,1,0,1,0,2,Regular,36,36,270,5,1,0,0,7,-14.76,27.55,2,2,3,4,1,0,0
abc180cf-9427-5a78-8b50-34004de499b2,2023-2,Ingenieria Agroindustrial,2023,95.13,,5,0,0,31,11.23,5.82,29,5,0,3,1,0,0,2,Baja Temporal,0,0,276,1,2,0,0,0,,34.13,0,0,0,0,0,0,1
445ce841-52c4-5ca0-894e-0438d31e0b5a,2023-1,Ingenieria Agroindustrial,2020,88.77,84.09,34,0,4,212,76.81,45.44,15,2,3,0,1,1,0,0,Regular,23,23,276,6,0,0,0,4,-4.68,32.49,0,3,2,6,1,0,0
42cf5351-9333-5987-a6ed-54c19ef4d4ef,2025-1,Ingenieria en Energia,2022,73.43,68.74,34,0,7,190,71.97,50.2,14,3,6,2,0,4,0,1,Regular,40,40,264,7,0,0,0,7,-4.69,16.43,4,2,1,3,4,0,0
aa7ca79c-eb27-5e9c-8dc8-273d6e0d2fc0,2023-1,Ingenieria en Desarrollo de Software,2023,81.13,60.87,2,1,4,11,4.07,24.92,26,4,2,3,2,1,1,1,Regular,28,21,270,1,1,1,1,4,-20.26,18.99,1,1,2,0,1,0,0
2fe4363c-8e73-5566-ab81-18d5185d4351,2024-2,Ingenieria en Desarrollo de Software,2022,76.88,69.61,14,1,7,106,39.26,46.11,15,1,3,2,0,0,0,1,Regular,41,35,270,6,0,1,1,7,-7.27,21.98,2,1,2,4,0,0,0
cbae73fe-6d0b-5bd7-ab21-7d8c818b2a3f,2024-1,Ingenieria en Desarrollo de Software,2023,86.73,94.21,17,1,8,134,49.63,78.56,7,0,1,0,0,0,1,1,Regular,56,56,270,4,0,0,1,8,7.48,11.53,1,0,3,1,0,0,0
58bbc9bc-6ddc-512a-9532-3cd20cbefd60,2023-2,Ingenieria en Energia,2021,61.33,64.76,28,1,7,156,59.09,64.44,7,2,3,3,0,2,1,0,Regular,52,52,264,6,0,0,1,7,3.43,55.66,1,2,1,2,1,1,0
6cc79d48-f39c-593d-9bda-651cd14a256d,2022-2,Ingenieria en Energia,2021,98.0,100.0,19,0,5,100,37.88,80.61,7,3,2,0,0,1,0,0,Regular,28,28,264,4,0,0,0,5,2.0,30.63,0,2,1,1,1,0,0
62f357eb-e20f-5434-9709-8b42b5a00f7c,2025-1,Ingenieria en Desarrollo de Software,2023,98.0,100.0,28,0,5,153,56.67,87.55,4,1,1,0,0,1,0,1,Regular,30,30,270,5,1,0,0,5,2.0,17.87,0,1,0,2,0,1,0
e5edc7f3-911e-5e2b-ae67-e0ed4a206685,2023-2,Ingenieria en Desarrollo de Software,2020,94.04,100.0,29,0,7,204,75.56,50.51,19,0,4,1,0,1,0,2,Regular,55,55,270,7,1,0,0,7,5.96,22.24,0,4,1,1,0,1,0
8f335cb4-0955-54d1-8c12-425793b84c1d,2022-2,Ingenieria en Desarrollo de Software,2024,88.92,87.89,5,2,7,34,12.59,32.76,22,2,2,1,0,2,0,2,Regular,39,39,270,1,0,0,2,7,-1.03,27.41,0,2,0,2,2,0,0
ef8485d0-ff25-5dbb-8dde-5e31b71f1100,2024-1,Ingenieria en Desarrollo de Software,2022,54.33,53.0,10,0,7,70,25.93,93.25,0,1,4,2,0,0,0,2,Regular,49,49,270,4,0,0,0,7,-1.33,46.98,4,0,6,0,0,0,0
3d174935-b18f-55de-970d-5d765c0cfb45,2024-2,Ingenieria en Desarrollo de Software,2021,69.16,66.63,23,4,5,161,59.63,55.67,16,1,3,1,0,2,0,5,Regular,34,20,270,7,0,2,4,5,-2.53,21.58,2,1,2,2,2,0,0
02763653-7955-5805-92a6-4eaccb9a7f18,2025-1,Ingenieria en Desarrollo de Software,2023,45.96,39.54,15,7,7,78,28.89,28.09,21,2,4,3,0,2,3,6,Irregular,39,11,270,5,1,5,7,7,-6.42,28.93,4,0,3,0,2,0,0
b39ffbb4-c4b2-53e3-8761-384ac611e77e,2022-2,Ingenieria Biomedica,2021,62.87,58.25,16,2,4,85,30.14,82.63,3,3,3,2,0,3,0,2,Regular,23,17,282,4,0,1,2,4,-4.62,42.67,2,1,2,0,3,0,0
329a82c4-8f6b-511d-ab37-f82f70163621,2024-2,Ingenieria en Energia,2024,59.79,56.42,2,0,5,11,4.17,95.48,4,0,0,1,0,1,0,3,Regular,35,35,264,2,0,0,0,5,-3.37,60.56,0,0,0,2,1,0,0
bfa0823a-f7c7-5596-b0e3-a66f3958e6ae,2023-1,Ingenieria en Desarrollo de Software,2024,98.0,79.63,9,0,7,61,22.59,36.9,18,2,0,0,1,2,0,1,Regular,40,40,270,2,0,0,0,7,-18.37,77.29,0,0,1,1,2,0,0
9ad918b4-1ab6-5ab2-9fbd-b3675b4d4528,2025-1,Ingenieria Biomedica,2024,81.36,68.67,11,2,7,84,29.79,73.69,9,1,1,2,0,1,0,3,Regular,50,36,282,3,1,2,2,7,-12.69,40.13,0,1,0,1,1,0,0
87f5940e-e552-5406-b47a-9b374e6946a6,2023-1,Ingenieria Agroindustrial,2023,83.37,88.39,8,0,7,62,22.46,94.6,2,0,2,0,0,1,0,0,Regular,39,39,276,2,0,0,0,7,5.02,36.73,1,1,1,1,1,0,0
b1ed78f0-bb89-5d85-85fa-162260e0609b,2025-1,Ingenieria Biomedica,2022,80.48,68.9,30,0,5,162,57.45,74.86,13,1,2,1,0,0,0,1,Regular,36,36,282,6,0,0,0,5,-11.58,36.99,1,1,0,4,0,0,0
18be3ba1-6d85-58f2-9b26-b10029defc46,2024-2,Ingenieria Biomedica,2024,64.26,55.75,2,1,7,12,4.26,74.79,5,1,3,0,1,1,1,0,Regular,37,37,282,2,0,0,1,7,-8.51,21.7,1,2,1,3,1,0,0
c9e1b01b-18c5-5850-aa98-9dece84ec1f6,2024-2,Ingenieria Biomedica,2022,73.48,67.82,31,2,8,172,60.99,32.85,18,4,1,1,0,1,2,0,Regular,56,49,282,7,0,1,2,8,-5.66,42.14,1,0,0,0,1,0,0
27462c28-94fe-5344-8e71-c51dac61a7f6,2024-2,Ingenieria Agroindustrial,2022,61.39,59.3,22,1,6,164,59.42,44.89,18,1,1,2,0,0,1,2,Regular,37,37,276,6,0,0,1,6,-2.09,24.46,1,0,2,1,0,0,0
43db1337-d582-578c-9ed3-5c858e19a5cc,2023-1,Ingenieria en Energia,2021,82.17,92.03,16,2,6,108,40.91,78.23,8,4,1,1,0,1,1,1,Regular,31,31,264,5,0,0,2,6,9.86,43.68,1,0,0,0,0,1,0
d8dc0acb-1ca5-526d-9a3f-1b8264c90e03,2023-1,Ingenieria Biomedica,2020,69.93,48.73,25,1,5,192,68.09,55.22,15,1,4,1,0,2,1,0,Regular,27,27,282,7,0,0,1,5,-21.2,30.83,1,3,0,2,2,0,0
da318a51-fa99-55ca-a411-9491e7360890,2024-1,Ingenieria en Desarrollo de Software,2023,90.8,94.35,16,0,4,101,37.41,65.74,9,1,1,0,0,3,0,0,Regular,22,22,270,3,0,0,0,4,3.55,17.34,0,1,0,1,2,1,0
9c6456f6-e9e4-53fb-929a-70d0fdb60e10,2024-2,Ingenieria Biomedica,2021,77.64,84.25,45,0,6,253,89.72,78.07,4,3,3,0,0,0,0,1,Regular,39,39,282,9,1,0,0,6,6.61,13.29,1,2,0,1,0,0,0
031bfefb-1dfb-5b57-9297-fddbc2c02d4a,2022-2,Ingenieria en Energia,2022,71.89,52.9,3,1,5,19,7.2,54.07,15,0,5,1,0,0,0,1,Regular,27,22,264,1,0,1,1,5,-18.99,42.14,3,2,5,2,0,0,0
334c64d3-2519-5709-9430-8e4a3c99f827,2022-2,Ingenieria Biomedica,2023,70.55,53.95,4,1,7,34,12.06,89.65,6,1,4,2,1,0,1,2,Regular,37,37,282,1,0,0,1,7,-16.6,45.05,2,2,3,1,0,0,0
f434d258-f8de-50c2-a7b3-0a691d8d26d9,2023-2,Ingenieria en Desarrollo de Software,2022,83.1,68.83,12,1,7,97,35.93,5.0,28,3,4,2,1,5,0,2,Regular,50,43,270,4,0,1,1,7,-14.27,28.53,2,2,0,1,4,1,0
f1cc2bd7-59ad-5243-aff8-7c311c7808ca,2025-1,Ingenieria Biomedica,2023,92.36,100.0,22,1,4,151,53.55,96.47,2,2,1,1,0,1,1,0,Regular,29,22,282,5,0,1,1,4,7.64,12.34,0,1,0,1,1,0,0
3eb298a7-e708-59e7-8f7f-8129a7717b61,2023-1,Ingenieria Biomedica,2024,60.88,60.12,2,1,7,11,3.9,91.66,2,1,3,2,1,3,0,1,Regular,35,35,282,1,0,0,1,7,-0.76,35.45,1,2,3,0,2,1,0
f5625603-47ad-5d13-89d2-6d95b7c93701,2023-2,Ingenieria en Energia,2020,66.09,61.65,27,5,5,207,78.41,86.85,5,3,2,0,0,0,3,3,Regular,29,29,264,8,0,0,5,5,-4.44,22.0,0,2,0,5,0,0,0
b0e8cd10-f45d-5762-8189-585b7139e25d,2023-2,Ingenieria en Desarrollo de Software,2023,76.74,77.33,8,1,0,52,19.26,7.63,28,3,2,0,0,4,0,3,Baja Temporal,0,0,270,1,2,0,1,0,0.59,11.66,1,1,0,1,3,1,0
2dbed516-e4b1-58d1-afc1-71c03176cd5e,2023-2,Ingenieria en Desarrollo de Software,2020,56.73,80.38,20,0,5,140,51.85,94.65,1,2,3,2,0,2,0,1,Regular,26,26,270,7,0,0,0,5,23.65,32.77,1,2,0,2,2,0,0
0f0c1f2c-7f7c-5c8c-81e8-b85bbdb56217,2023-2,Ingenieria Biomedica,2020,75.86,59.1,35,0,5,247,87.59,45.99,11,4,2,1,2,5,0,0,Regular,30,30,282,10,0,0,0,5,-16.76,16.82,0,2,1,3,5,0,0
516c0160-443f-580e-a9cc-55f8e751da9f,2024-2,Ingenieria en Energia,2022,85.96,64.85,32,1,5,201,76.14,70.82,5,0,2,0,0,2,0,1,Regular,30,30,264,7,0,0,1,5,-21.11,34.36,0,2,0,3,2,0,0
9b2c6716-1dc3-54aa-b836-6c32be241a01,2025-1,Ingenieria Agroindustrial,2023,84.37,,25,1,0,178,64.49,9.11,24,3,8,1,0,0,1,2,Baja Temporal,0,0,276,6,2,0,1,0,,46.31,4,4,2,3,0,0,1
e942961c-1617-5cbb-a886-198e74e37355,2025-1,Ingenieria en Energia,2022,70.43,71.06,34,2,7,173,65.53,60.23,15,3,3,0,0,1,0,3,Regular,40,40,264,7,0,0,2,7,0.63,13.6,2,1,2,1,1,0,0
78ddd9f8-cb89-587c-a6ff-cf96be15b83b,2024-2,Ingenieria Agroindustrial,2022,73.58,74.4,16,1,4,119,43.12,87.48,5,1,2,1,0,0,1,0,Regular,31,31,276,5,0,0,1,4,0.82,34.04,1,1,0,0,0,0,0
66c4f0b3-d06c-56ad-b5fc-a347c275c606,2025-1,Ingenieria en Desarrollo de Software,2022,63.54,72.27,21,2,5,147,54.44,73.26,8,7,1,2,0,0,0,4,Regular,27,27,270,7,1,0,2,5,8.73,47.26,0,1,1,1,0,0,0
89b0d2a3-7576-549b-8baa-4db8ae042363,2023-2,Ingenieria en Desarrollo de Software,2022,97.29,85.19,14,0,7,97,35.93,64.07,12,2,2,1,0,0,0,2,Regular,38,38,270,4,1,0,0,7,-12.1,10.55,1,1,2,0,0,0,0
0df879f8-1297-5a1b-875b-80259773543e,2023-2,Ingenieria en Desarrollo de Software,2023,69.98,66.61,2,0,5,11,4.07,86.74,3,3,0,1,0,1,0,1,Regular,31,31,270,1,0,0,0,5,-3.37,38.14,0,0,0,1,1,0,0
c600b064-6156-5956-8f6c-5f783eadee27,2023-1,Ingenieria Biomedica,2021,86.93,90.32,20,0,5,128,45.39,43.6,22,2,5,3,0,0,0,1,Regular,31,31,282,4,0,0,0,5,3.39,42.03,3,2,3,1,0,0,0
4954ff9f-e5f2-583d-a137-2d8f546c3097,2023-2,Ingenieria Agroindustrial,2023,63.91,60.44,1,0,0,11,3.99,9.8,21,4,3,2,0,2,0,1,Baja Temporal,0,0,276,2,0,0,0,0,-3.47,18.53,1,2,0,2,1,1,0
25bec214-5e79-52f8-93fd-54bbfcf2b81e,2023-1,Ingenieria en Energia,2022,76.62,67.86,13,2,6,73,27.65,84.18,9,5,0,3,0,2,2,1,Regular,47,47,264,3,1,0,2,6,-8.76,8.28,0,0,0,1,2,0,0
2f00dad5-2441-5cbe-8762-8cd00232b268,2025-1,Ingenieria Agroindustrial,2022,73.38,74.42,27,0,5,177,64.13,88.72,6,5,3,1,0,0,0,0,Regular,32,32,276,6,0,0,0,5,1.04,29.96,2,1,2,0,0,0,0
316bf334-f15b-5024-9e0b-ae04ad13eb06,2024-2,Ingenieria en Desarrollo de Software,2021,69.83,,22,1,0,146,54.07,2.69,29,0,4,2,0,1,0,5,Baja Temporal,0,0,270,7,2,0,1,0,,27.61,4,0,3,1,0,1,1
1e3ef2d0-f50b-5253-9858-543b7591fb98,2023-2,Ingenieria en Energia,2021,61.8,56.39,22,2,5,125,47.35,66.79,10,1,4,2,0,2,1,1,Regular,34,20,264,6,0,2,2,5,-5.41,20.12,3,1,1,3,2,0,0
58a3c37d-72ef-583a-b8b2-e1c6f9a72c3e,2023-2,Ingenieria en Desarrollo de Software,2021,80.16,78.35,27,0,4,191,70.74,82.73,9,2,2,0,0,1,0,0,Regular,26,26,270,7,0,0,0,4,-1.81,18.53,1,1,1,1,1,0,0
df3f05db-7238-5f39-927c-e8ea12c54ec1,2025-1,Ingenieria Agroindustrial,2020,71.57,66.26,29,4,0,231,83.7,22.68,26,4,7,0,0,3,4,3,Baja Temporal,0,0,276,11,3,0,4,0,-5.31,27.93,6,1,3,0,3,0,0
a1bfc510-c2f0-59ce-bade-ed4e72818f70,2022-2,Ingenieria Biomedica,2023,82.4,88.51,6,1,6,42,14.89,60.13,14,3,2,0,0,0,1,0,Regular,47,47,282,1,0,0,1,6,6.11,33.18,0,2,0,2,0,0,0
21120ac4-22d7-53e8-b151-e38996b7a13f,2024-2,Ingenieria en Desarrollo de Software,2022,87.16,86.83,28,0,5,145,53.7,45.43,12,0,1,1,1,3,0,1,Regular,32,32,270,6,0,0,0,5,-0.33,52.18,1,0,3,1,3,0,0
1ef37d80-bdb9-5c0e-b1b1-5acc29eb45be,2023-2,Ingenieria Agroindustrial,2023,89.0,84.05,11,0,5,85,30.8,36.46,21,6,4,1,1,3,0,1,Regular,30,30,276,2,1,0,0,5,-4.95,4.65,3,1,4,1,3,0,0
8e9a0e27-bdbb-5b84-bd2d-a37c669b8fed,2024-1,Ingenieria en Desarrollo de Software,2021,88.29,86.34,30,0,6,214,79.26,77.38,7,5,0,0,2,2,0,1,Regular,47,47,270,8,0,0,0,6,-1.95,24.49,0,0,1,0,2,0,0
a6bc1a21-d850-5a6a-9b2e-887ce6358e54,2024-2,Ingenieria en Energia,2020,74.75,67.21,31,2,4,223,84.47,76.99,6,2,1,1,1,0,0,2,Regular,27,27,264,11,0,0,2,4,-7.54,22.28,0,1,1,2,0,0,0
07a87927-165d-5e93-967a-1a1dbcfd9488,2024-1,Ingenieria Agroindustrial,2022,60.95,72.39,20,0,6,111,40.22,45.21,16,2,1,1,0,0,0,0,Regular,38,38,276,4,0,0,0,6,11.44,36.21,1,0,0,0,0,0,0
b11b54fc-fe27-5ca6-8138-9d47d78be031,2024-1,Ingenieria en Desarrollo de Software,2020,98.0,99.72,39,0,4,259,95.93,97.44,0,0,1,0,0,1,0,0,Regular,23,23,270,9,0,0,0,4,1.72,13.84,0,1,0,3,1,0,0
fcafb6bf-4e56-5dd0-95ba-953f26004190,2025-1,Ingenieria en Desarrollo de Software,2020,72.64,88.86,38,1,7,254,94.07,94.84,1,3,2,1,0,1,0,1,Regular,44,44,270,11,0,0,1,7,16.22,23.81,1,1,1,2,1,0,0
6246add4-4c22-5896-b8a3-ff79d843219d,2024-2,Ingenieria Biomedica,2024,77.2,96.25,8,0,7,42,14.89,97.51,1,0,8,0,1,0,0,0,Regular,43,43,282,2,0,0,0,7,19.05,23.38,1,7,1,8,0,0,0
957ec335-d48e-5d3c-973a-c08b5f917f00,2025-1,Ingenieria en Energia,2024,62.86,66.09,8,2,6,46,17.42,43.97,17,0,3,1,0,0,0,4,Irregular,36,30,264,3,1,1,2,6,3.23,30.84,2,1,2,1,0,0,0
0c84248e-7311-5e1c-acd4-b7429dc55c64,2024-1,Ingenieria Agroindustrial,2022,98.0,,24,0,0,128,46.38,3.82,22,1,3,0,0,2,0,1,Baja Temporal,0,0,276,4,1,0,0,0,,5.79,0,3,0,2,2,0,1
14306c58-dbc7-5a15-8cd0-0bbe060c03e7,2024-2,Ingenieria Biomedica,2024,83.87,71.95,10,0,4,57,20.21,81.88,5,0,2,0,0,0,0,0,Regular,21,21,282,1,0,0,0,4,-11.92,23.2,0,2,0,2,0,0,0
f411c143-b2ef-5cb1-a19c-aaa760c52024,2024-2,Ingenieria en Desarrollo de Software,2022,59.86,76.13,24,3,7,160,59.26,76.93,4,1,6,1,1,0,2,1,Regular,47,47,270,7,0,0,3,7,16.27,17.52,5,1,2,2,0,0,0
4e8dd29e-67cc-5e6d-a6a4-f47e116f5fcd,2025-1,Ingenieria en Desarrollo de Software,2022,80.49,85.55,30,0,7,197,72.96,43.97,17,4,2,0,0,0,0,0,Regular,48,48,270,7,0,0,0,7,5.06,46.24,1,1,0,1,0,0,0
3369ead0-9955-5a30-9a64-4a6d1203b8a4,2023-2,Ingenieria Biomedica,2021,56.01,34.51,16,7,5,122,43.26,64.42,11,2,1,1,0,1,2,5,Irregular,36,22,282,6,0,2,7,5,-21.5,24.86,1,0,0,0,1,0,0
095b729d-e4eb-5692-8b1b-c9e5ba5b9fd6,2025-1,Ingenieria Biomedica,2024,72.9,77.16,8,0,6,48,17.02,71.06,9,1,2,1,1,0,0,1,Regular,48,48,282,2,0,0,0,6,4.26,18.5,2,0,2,0,0,0,0
40e8b221-e368-527a-8609-c0ddc7f6fc8d,2025-1,Ingenieria Agroindustrial,2022,56.51,,12,4,0,80,28.99,24.34,18,1,2,1,0,1,1,5,Baja Temporal,0,0,276,6,2,1,4,0,,44.55,2,0,1,1,0,1,1
e685307c-2734-5851-8656-f134b46ad7ea,2024-2,Ingenieria en Energia,2022,58.83,47.87,26,2,7,148,56.06,47.05,18,3,1,3,1,2,2,1,Irregular,52,37,264,7,0,2,2,7,-10.96,68.85,1,0,3,1,2,0,0
445ed050-4fc3-5eef-a25a-f7d81e14f20e,2023-1,Ingenieria en Desarrollo de Software,2024,80.75,69.97,1,0,4,11,4.07,69.86,12,2,4,1,0,1,0,1,Regular,30,30,270,1,0,0,0,4,-10.78,24.98,3,1,2,3,1,0,0
dc74ed3d-05ea-55ef-bcfc-ac5ba061cc4d,2023-2,Ingenieria Biomedica,2021,78.18,80.01,23,0,4,158,56.03,92.07,0,2,3,0,0,2,0,1,Regular,31,31,282,6,0,0,0,4,1.83,47.36,1,2,1,1,2,0,0
cdb7d889-70c5-550c-92d7-a2f67fe7800f,2023-1,Ingenieria en Energia,2024,89.54,84.72,7,0,0,39,14.77,0.37,24,2,6,0,0,0,0,3,Baja Temporal,0,0,264,1,3,0,0,0,-4.82,11.58,2,4,2,3,0,0,0
88390eed-b9ca-58c1-8879-0d69f5bf75d8,2023-2,Ingenieria en Desarrollo de Software,2023,68.65,69.08,5,1,7,29,10.74,40.69,19,1,2,2,1,1,0,2,Regular,54,46,270,2,0,1,1,7,0.43,33.96,2,0,3,0,0,1,0
a138ee13-f62f-5420-8c67-613aa76d430c,2024-1,Ingenieria en Desarrollo de Software,2024,67.04,64.7,2,0,7,11,4.07,78.0,5,0,1,0,0,0,0,0,Regular,38,38,270,2,0,0,0,7,-2.34,27.45,0,1,0,1,0,0,0
797d8cf4-0006-5847-90a8-b4d11b473f02,2025-1,Ingenieria Biomedica,2023,96.11,90.92,31,0,7,175,62.06,90.0,6,3,1,0,0,2,0,0,Regular,36,36,282,5,0,0,0,7,-5.19,15.23,0,1,0,2,1,1,0
9394fcc5-c659-5b31-92ec-121f43e76cb3,2024-1,Ingenieria en Desarrollo de Software,2020,82.08,65.39,36,1,4,229,84.81,53.91,17,1,3,2,0,1,0,1,Regular,27,20,270,9,0,1,1,4,-16.69,79.29,1,2,0,6,1,0,0
95613cb3-9430-52c0-bb6f-64f8e3bde662,2025-1,Ingenieria Agroindustrial,2023,69.46,71.83,22,1,5,124,44.93,92.28,0,3,4,1,0,0,0,2,Regular,28,28,276,5,0,0,1,5,2.37,18.32,4,0,1,0,0,0,0
b24fd473-79a8-5414-8072-575b45b0fb28,2022-2,Ingenieria en Energia,2022,72.17,75.64,17,1,5,108,40.91,55.62,13,0,3,1,0,0,1,1,Regular,39,39,264,3,0,0,1,5,3.47,24.3,0,3,0,2,0,0,0
9551e439-b745-589c-8917-f9226a5f8537,2024-2,Ingenieria Agroindustrial,2024,88.12,80.37,10,0,7,53,19.2,76.12,7,1,3,0,1,1,0,0,Regular,49,49,276,2,0,0,0,7,-7.75,54.78,0,3,1,5,1,0,0
c773c788-1720-5749-a366-7f4da3fad773,2023-2,Ingenieria en Desarrollo de Software,2022,90.11,82.69,16,0,5,123,45.56,92.41,3,1,3,0,0,1,0,0,Regular,26,26,270,4,0,0,0,5,-7.42,7.54,0,3,1,4,1,0,0
5678b00d-6900-545e-818c-84330ae68310,2022-2,Ingenieria en Desarrollo de Software,2023,92.15,77.81,7,0,5,37,13.7,73.62,4,2,1,1,0,1,0,0,Regular,33,33,270,1,0,0,0,5,-14.34,35.35,0,1,0,2,1,0,0
072e0952-0b0c-5cda-a773-e625c2be2f82,2024-2,Ingenieria en Desarrollo de Software,2024,87.57,70.6,7,2,7,50,18.52,39.58,16,2,5,0,0,3,1,2,Regular,48,48,270,2,0,0,2,7,-16.97,17.02,3,2,4,3,3,0,0
f0181b10-9d17-51bc-b5e2-388d0fcf347f,2024-2,Ingenieria Agroindustrial,2022,86.53,74.53,34,1,7,183,66.3,41.01,16,1,1,3,0,3,1,1,Regular,38,33,276,6,0,1,1,7,-12.0,9.02,1,0,0,1,1,2,0
0ad8949c-005b-557f-9411-fe64c6cda4da,2023-1,Ingenieria Agroindustrial,2021,59.39,55.4,16,3,6,129,46.74,52.91,16,0,4,5,0,1,3,0,Regular,36,24,276,5,0,2,3,6,-3.99,21.74,3,1,1,1,1,0,0
11a9b9d3-a6b8-5575-a754-8a6a1cd11162,2023-1,Ingenieria en Desarrollo de Software,2023,75.1,72.75,2,0,6,11,4.07,76.98,5,0,2,1,0,1,0,1,Regular,31,31,270,1,0,0,0,6,-2.35,31.55,1,1,1,3,1,0,0
3d8da569-4151-51ea-9d34-f03823ccfbec,2024-1,Ingenieria Biomedica,2020,77.19,76.17,35,2,6,242,85.82,86.43,5,1,3,2,0,0,0,3,Regular,45,45,282,9,0,0,2,6,-1.02,22.7,1,2,1,1,0,0,0
8ffe9913-e081-54ce-9f23-5bc1f49117d9,2024-1,Ingenieria Biomedica,2024,87.45,84.92,3,0,7,22,7.8,81.52,4,2,1,0,0,2,0,2,Regular,37,37,282,1,0,0,0,7,-2.53,63.35,1,0,1,1,2,0,0
d09b96e3-8cf9-51f5-a175-ad73981e3eec,2023-2,Ingenieria en Desarrollo de Software,2020,81.79,83.27,42,2,7,218,80.74,52.27,16,2,0,1,1,1,1,1,Regular,51,51,270,8,0,0,2,7,1.48,24.59,0,0,0,1,0,1,0
6dc82946-ffbc-56bb-b327-50ee9d35c3a3,2024-1,Ingenieria Biomedica,2021,79.76,57.55,38,3,7,199,70.57,56.25,14,2,4,3,0,2,0,4,Regular,47,47,282,7,1,0,3,7,-22.21,39.75,3,1,1,1,1,1,0
c5cdbd0a-c5c8-52ac-ab89-7cbd6542038c,2024-2,Ingenieria en Desarrollo de Software,2022,48.31,41.72,26,1,4,147,54.44,87.15,1,0,3,3,0,2,0,3,Regular,25,25,270,6,0,0,1,4,-6.59,30.96,3,0,2,1,2,0,0
cf50b2af-10f4-534e-8097-a142650cbed4,2025-1,Ingenieria en Desarrollo de Software,2021,66.68,66.94,31,1,7,220,81.48,72.2,7,1,1,0,0,0,0,4,Regular,43,43,270,10,0,0,1,7,0.26,56.42,1,0,2,1,0,0,0
10ace144-dbaa-50d5-8406-78cbae6e2f18,2024-1,Ingenieria Biomedica,2022,88.04,81.22,20,1,5,141,50.0,73.1,9,4,3,3,1,1,1,1,Regular,25,25,282,5,0,0,1,5,-6.82,22.5,0,3,0,0,1,0,0
81da3234-9076-525c-a73e-175e199ab0c1,2023-2,Ingenieria Agroindustrial,2023,71.64,74.96,9,0,5,52,18.84,60.89,11,1,2,0,2,0,0,0,Regular,37,37,276,1,0,0,0,5,3.32,44.81,1,1,2,2,0,0,0
cede8acd-4ea5-5019-96ab-063c8337808b,2023-1,Ingenieria Biomedica,2022,95.99,100.0,12,0,7,96,34.04,63.75,11,3,2,1,0,0,0,0,Regular,52,52,282,3,0,0,0,7,4.01,30.33,0,2,0,6,0,0,0
a306fc91-41d3-5cf2-876e-e16f8ce23b77,2024-1,Ingenieria en Energia,2022,61.38,60.7,15,5,4,114,43.18,41.12,19,6,3,5,0,4,4,1,Irregular,26,0,264,5,0,4,5,4,-0.68,20.87,0,3,0,1,3,1,0
b03cff1b-76f2-5c92-ae69-9eda92d76eaf,2025-1,Ingenieria en Energia,2023,75.58,78.34,27,3,6,161,60.98,72.76,6,3,6,0,0,0,3,0,Regular,31,31,264,6,0,0,3,6,2.76,18.72,2,4,4,6,0,0,0
5a9e20e6-f378-56c9-bf17-abcf53a21fe8,2024-2,Ingenieria Biomedica,2024,79.12,74.46,6,1,6,35,12.41,56.23,15,1,2,2,0,2,0,1,Regular,41,41,282,2,0,0,1,6,-4.66,85.0,1,1,1,1,2,0,0
28176ac3-83fe-589e-9d2a-fbdc88f93fa8,2024-1,Ingenieria en Energia,2022,78.97,72.28,20,0,4,123,46.59,77.94,11,0,2,2,0,0,0,0,Regular,30,30,264,5,0,0,0,4,-6.69,34.26,0,2,0,0,0,0,0
7f0d1385-dbba-5c63-9a61-fc9d0c125639,2022-2,Ingenieria en Energia,2021,82.49,73.1,14,1,6,92,34.85,49.02,15,3,2,1,3,2,1,0,Regular,43,36,264,4,0,1,1,6,-9.39,29.0,1,1,3,3,1,1,0
ba46e528-fc96-5624-b0a9-e66e2ef6fa8d,2023-1,Ingenieria Biomedica,2023,68.96,70.23,1,0,5,11,3.9,64.32,10,1,5,0,1,0,0,1,Regular,33,33,282,1,0,0,0,5,1.27,22.16,2,3,2,6,0,0,0
facf4daa-f51f-56a7-81ee-291cd610031c,2024-1,Ingenieria en Desarrollo de Software,2022,77.14,81.83,19,0,4,128,47.41,89.3,2,0,3,0,0,2,0,1,Regular,28,28,270,5,1,0,0,4,4.69,21.19,0,3,0,0,2,0,0
5769ce83-ab13-5d64-873e-8af3bc6302be,2024-2,Ingenieria Agroindustrial,2022,68.23,63.86,35,6,5,198,71.74,45.12,14,2,1,2,1,1,6,1,Irregular,36,22,276,7,1,2,6,5,-4.37,52.44,0,1,0,1,1,0,0
293139c1-5575-56ca-84e5-e38cfcf4e2aa,2025-1,Ingenieria Biomedica,2023,79.27,80.29,10,1,7,78,27.66,68.36,10,1,0,1,0,2,1,2,Regular,51,51,282,4,1,0,1,7,1.02,51.85,0,0,0,0,2,0,0
324ccb29-e0eb-5f19-a546-f0914fd2393b,2025-1,Ingenieria Agroindustrial,2024,85.23,84.89,15,0,5,111,40.22,80.05,9,0,2,0,0,0,0,0,Regular,39,39,276,4,0,0,0,5,-0.34,25.09,1,1,1,2,0,0,0
f8d44416-b211-58c4-b3a6-0bdb9114d350,2024-1,Ingenieria en Energia,2022,78.77,85.28,22,2,6,139,52.65,81.76,6,1,5,2,0,0,1,1,Regular,32,27,264,4,0,1,2,6,6.51,18.07,1,4,1,3,0,0,0
f5a08b16-bdce-5d35-a861-d983ac8f7d5d,2025-1,Ingenieria Biomedica,2024,95.98,100.0,16,0,7,102,36.17,86.81,5,2,0,0,1,0,0,0,Regular,53,53,282,3,0,0,0,7,4.02,33.32,0,0,0,0,0,0,0
1d194697-10fc-5cb2-b16f-98fa46fd355e,2025-1,Ingenieria Biomedica,2023,84.22,90.73,17,1,4,127,45.04,81.26,5,2,3,1,0,2,0,2,Regular,31,31,282,5,0,0,1,4,6.51,13.23,2,1,0,2,2,0,0
96a3cd15-f651-5263-bda1-8c0201895bfe,2024-1,Ingenieria en Desarrollo de Software,2023,76.24,69.41,16,3,6,86,31.85,38.16,17,3,2,5,2,3,0,4,Regular,47,31,270,3,0,2,3,6,-6.83,23.21,1,1,1,5,0,3,0
2c961494-db0a-5662-9660-7a1d079fffdc,2024-2,Ingenieria en Desarrollo de Software,2020,71.29,67.36,32,0,4,231,85.56,86.93,3,1,1,0,0,0,0,0,Regular,27,27,270,11,0,0,0,4,-3.93,39.88,1,0,0,0,0,0,0
c1467927-b931-5a25-a171-492453033228,2023-1,Ingenieria en Energia,2024,84.14,83.29,5,0,5,26,9.85,74.91,10,1,4,2,0,0,0,0,Regular,25,25,264,1,0,0,0,5,-0.85,31.74,0,4,0,1,0,0,0
84d65e56-b47e-525a-9110-64992c828812,2022-2,Ingenieria en Desarrollo de Software,2022,78.69,69.84,3,2,5,20,7.41,51.21,16,3,2,2,1,0,0,4,Regular,40,24,270,2,0,2,2,5,-8.85,26.32,2,0,2,1,0,0,0
35ca30c4-9434-505c-a4de-962a3e104e77,2024-1,Ingenieria Agroindustrial,2020,67.21,61.28,39,6,5,269,97.46,54.7,14,4,4,2,1,0,3,5,Irregular,33,33,276,10,1,0,6,5,-5.93,53.93,3,1,0,1,0,0,0
132144c1-aff2-5138-9df6-a21330043697,2024-1,Ingenieria en Energia,2022,83.97,78.57,18,1,4,97,36.74,57.93,13,1,4,1,0,1,0,1,Regular,24,24,264,4,0,0,1,4,-5.4,48.04,3,1,1,1,1,0,0
20dfbd2d-8dfc-59d5-9a1d-f802136ec065,2024-2,Ingenieria Agroindustrial,2022,83.24,,20,1,0,139,50.36,14.57,29,4,2,1,0,0,1,2,Baja Temporal,0,0,276,5,2,0,1,0,,38.49,0,2,0,2,0,0,1
0ad4e6f1-23c5-5d9d-ac0a-a671031b3159,2024-2,Ingenieria en Desarrollo de Software,2022,76.43,55.11,17,2,6,112,41.48,48.24,13,2,3,0,2,1,0,3,Regular,36,24,270,5,0,2,2,6,-21.32,22.45,1,2,3,2,1,0,0
f06439cf-7ec1-52fd-8bef-273b744fea05,2024-1,Ingenieria Biomedica,2023,82.3,78.41,9,0,6,65,23.05,90.83,2,2,2,0,0,0,0,0,Regular,39,39,282,2,0,0,0,6,-3.89,32.09,1,1,1,1,0,0,0
7a12c6c4-d6fc-58e5-a03b-09a98e3d0721,2023-2,Ingenieria Agroindustrial,2023,93.21,100.0,11,0,7,66,23.91,90.6,6,3,1,1,0,1,0,1,Regular,45,45,276,2,0,0,0,7,6.79,6.89,1,0,0,2,1,0,0
76c54f02-360a-5abe-b7ef-bced2c04c710,2024-1,Ingenieria en Desarrollo de Software,2024,71.19,72.49,1,1,6,11,4.07,74.51,4,0,1,2,1,5,1,0,Regular,31,31,270,1,0,0,1,6,1.3,35.75,1,0,1,0,4,1,0
7edb1ac6-2a82-5020-bf95-a5fd046bb7b3,2024-1,Ingenieria en Energia,2021,67.27,55.17,21,8,4,151,57.2,58.44,14,1,5,4,0,1,4,5,Irregular,28,7,264,7,0,3,8,4,-12.1,41.37,4,1,2,0,1,0,0
6def255d-65ea-5083-83fc-f9fa23a7b23e,2024-1,Ingenieria Agroindustrial,2022,74.91,82.34,28,0,5,157,56.88,65.67,5,1,1,0,0,2,0,0,Regular,38,38,276,6,0,0,0,5,7.43,29.78,0,1,0,3,1,1,0
af9f486d-3cb2-58d5-afce-99ffa1aabf10,2024-1,Ingenieria Biomedica,2022,65.11,57.3,18,1,6,109,38.65,44.3,14,4,7,3,0,2,0,3,Irregular,41,34,282,5,1,1,1,6,-7.81,25.4,5,2,6,1,2,0,0
9a3c3c33-ac55-5dde-9914-0c9683855cd1,2024-1,Ingenieria Agroindustrial,2021,81.26,84.37,21,1,7,166,60.14,63.23,8,2,3,0,1,2,1,0,Regular,44,44,276,6,0,0,1,7,3.11,13.22,1,2,0,1,1,1,0
7e4e0a79-a29f-51ac-91c3-5dc85d02f050,2023-1,Ingenieria Biomedica,2024,75.45,71.31,2,2,4,11,3.9,84.53,7,0,5,0,1,1,1,3,Regular,24,24,282,1,0,0,2,4,-4.14,35.34,2,3,0,2,1,0,0
74bf18b6-0ed6-5b8c-ab80-df8bf3efff54,2024-1,Ingenieria en Desarrollo de Software,2023,64.99,62.85,10,0,4,53,19.63,64.05,9,6,1,0,0,3,0,0,Regular,30,30,270,3,0,0,0,4,-2.14,27.18,1,0,0,1,3,0,0
1dbdbb99-e6bf-533b-a95e-1df513735ca1,2024-1,Ingenieria Biomedica,2020,65.23,52.17,37,1,6,201,71.28,57.36,8,0,4,2,0,5,1,1,Regular,39,32,282,8,0,1,1,6,-13.06,22.6,3,1,1,2,5,0,0
d6cc1af3-9f1e-5042-92b6-4fd1f45b26dd,2024-2,Ingenieria en Desarrollo de Software,2022,58.84,65.86,32,5,7,173,64.07,37.35,19,3,2,2,0,0,5,1,Irregular,40,34,270,7,0,1,5,7,7.02,55.3,2,0,0,0,0,0,0
fcc7cfed-33a3-566c-bbcd-6a6e0e366549,2025-1,Ingenieria Biomedica,2021,87.61,90.12,47,3,8,276,97.87,51.75,15,4,2,0,0,3,2,2,Regular,56,56,282,9,0,0,3,8,2.51,15.81,0,2,0,4,3,0,0
a6f07534-bede-598b-8074-bc6b10f08bad,2024-2,Ingenieria Biomedica,2021,85.68,88.91,32,1,4,235,83.33,75.35,6,3,0,2,0,0,0,1,Regular,27,27,282,8,0,0,1,4,3.23,49.49,0,0,0,0,0,0,0
91bf4649-d5f7-58ee-a8dc-dbd5e0e1e14f,2024-2,Ingenieria Biomedica,2022,82.47,79.94,34,1,4,234,82.98,65.56,12,2,2,0,0,1,1,3,Regular,26,26,282,8,0,0,1,4,-2.53,22.23,0,2,0,7,0,1,0
f01278bb-4cd4-52c0-82a9-e8daf3c34937,2024-2,Ingenieria en Energia,2020,92.6,93.87,48,0,7,259,98.11,90.19,2,1,1,3,0,2,0,0,Regular,46,46,264,10,0,0,0,7,1.27,17.6,0,1,0,1,0,2,0
340fd49d-0bb3-58b9-8158-ac42828b26b9,2024-2,Ingenieria en Desarrollo de Software,2022,85.93,85.77,28,0,7,163,60.37,45.42,16,3,2,0,0,0,0,0,Regular,41,41,270,6,0,0,0,7,-0.16,12.42,0,2,0,2,0,0,0
3b3b026f-7299-53c1-a68b-b863a89d4e8b,2024-2,Ingenieria Agroindustrial,2021,62.26,53.03,28,2,6,209,75.72,89.64,1,2,4,1,2,2,2,1,Regular,47,47,276,8,0,0,2,6,-9.23,46.93,3,1,4,2,1,1,0
02555840-b70e-5bf7-8346-3234fc2b5e6b,2022-2,Ingenieria en Desarrollo de Software,2020,49.65,43.01,23,4,5,184,68.15,80.58,8,0,3,4,1,0,2,3,Irregular,31,19,270,7,0,2,4,5,-6.64,38.25,2,1,1,0,0,0,0
5ce136a8-06bd-51a0-9606-7e97a6c62419,2025-1,Ingenieria en Energia,2021,85.66,81.9,35,0,7,239,90.53,84.43,8,0,2,1,1,1,0,0,Regular,49,49,264,9,0,0,0,7,-3.76,9.52,0,2,0,4,1,0,0
882dda45-4c36-5e88-97a2-64d1a17fb9c2,2023-2,Ingenieria Agroindustrial,2020,70.03,70.56,27,4,5,168,60.87,74.83,10,2,1,1,0,0,4,1,Regular,33,33,276,7,0,0,4,5,0.53,44.29,0,1,1,0,0,0,0
d0b1c610-3606-57b4-a887-951c45b5d835,2022-2,Ingenieria Biomedica,2021,76.07,51.8,11,1,7,76,26.95,48.01,16,4,3,2,1,3,1,0,Regular,42,36,282,3,0,1,1,7,-24.27,13.56,2,1,5,2,3,0,0
15d22b19-1790-5ecf-8101-82ee18e95fa2,2023-2,Ingenieria en Desarrollo de Software,2023,55.99,44.72,2,2,0,11,4.07,2.3,19,4,5,1,0,2,0,3,Baja Temporal,0,0,270,2,1,2,2,0,-11.27,85.0,3,2,2,4,2,0,0
b72aa645-e014-5be4-b461-78599f269412,2024-1,Ingenieria en Desarrollo de Software,2023,75.61,75.32,13,0,4,67,24.81,68.89,8,1,0,0,0,1,0,0,Regular,31,31,270,3,0,0,0,4,-0.29,33.6,0,0,0,0,1,0,0
fdf8a7c1-7093-5cdb-99ec-5d2832a38ebc,2023-2,Ingenieria en Energia,2024,91.1,84.08,12,0,5,66,25.0,69.15,7,0,3,0,0,1,0,0,Regular,36,36,264,1,0,0,0,5,-7.02,49.71,0,3,0,0,1,0,0
bb32d3ba-b39c-596e-8332-5ceda763b0d0,2023-1,Ingenieria Biomedica,2023,73.07,72.62,2,0,7,11,3.9,58.42,11,3,1,1,0,0,0,1,Regular,51,51,282,1,1,0,0,7,-0.45,20.55,0,1,0,2,0,0,0
b8e43d70-526d-5b09-ab77-0ac7757889d5,2024-1,Ingenieria Agroindustrial,2020,49.06,37.19,25,7,4,194,70.29,74.84,7,0,6,4,0,0,6,2,Irregular,31,16,276,9,0,2,7,4,-11.87,41.81,3,3,6,3,0,0,0
888f40d3-6d08-5671-8c41-61b10ec6cbef,2024-2,Ingenieria en Desarrollo de Software,2024,43.18,26.1,2,3,6,14,5.19,54.98,14,2,5,4,0,3,3,0,Irregular,37,18,270,2,0,3,3,6,-17.08,44.4,4,1,2,2,3,0,0
1826b388-30a6-5894-951c-d593dab72110,2023-1,Ingenieria Biomedica,2020,83.42,69.16,33,0,7,214,75.89,36.88,18,1,4,1,2,3,0,0,Regular,47,47,282,7,0,0,0,7,-14.26,16.07,0,4,1,3,3,0,0
582a643c-3405-5658-ac88-6c6466ceaea3,2024-1,Ingenieria Biomedica,2023,89.58,88.84,23,0,5,126,44.68,84.06,6,1,1,1,0,0,0,1,Regular,30,30,282,3,1,0,0,5,-0.74,72.65,0,1,0,0,0,0,0
4c9651f4-c272-57eb-84e4-12c787ff8369,2024-2,Ingenieria Biomedica,2021,75.66,65.13,28,0,0,202,71.63,6.54,20,3,4,0,0,1,0,2,Baja Temporal,0,0,282,8,2,0,0,0,-10.53,34.23,2,2,2,0,0,1,0
2fbd30e3-5c25-5981-be7a-023e4424f6b2,2024-1,Ingenieria en Energia,2024,95.27,94.73,9,1,5,55,20.83,90.85,2,0,2,0,0,0,1,1,Regular,28,22,264,1,0,1,1,5,-0.54,13.77,0,2,0,4,0,0,0
94f2873b-ef22-5a0b-81e9-759920c32c0f,2024-1,Ingenieria en Energia,2022,84.29,82.67,14,1,4,97,36.74,65.34,11,2,7,1,0,1,1,0,Regular,28,28,264,5,0,0,1,4,-1.62,32.3,1,6,1,3,1,0,0
24faa547-6ee7-53af-851d-9a16c5cf47b7,2023-1,Ingenieria Agroindustrial,2023,74.17,63.61,3,1,6,23,8.33,78.37,7,3,4,1,0,3,0,1,Regular,37,37,276,2,0,0,1,6,-10.56,15.76,2,2,3,2,2,1,0
4244837d-2023-5444-a069-bf9f4fadb601,2023-2,Ingenieria en Desarrollo de Software,2023,75.72,67.39,9,1,8,50,18.52,64.6,10,2,4,0,1,1,0,2,Regular,54,54,270,2,0,0,1,8,-8.33,49.49,2,2,1,2,1,0,0
9720331c-4771-544c-9df7-448c39e2f982,2024-2,Ingenieria en Desarrollo de Software,2023,81.97,97.2,20,1,5,116,42.96,76.55,5,3,3,0,0,1,1,1,Regular,35,35,270,4,1,0,1,5,15.23,14.29,1,2,0,2,1,0,0
f9e447a5-6032-5a5f-8d4c-8a8630cae2ad,2022-2,Ingenieria en Desarrollo de Software,2020,68.85,63.96,18,2,5,137,50.74,25.17,23,2,4,0,3,1,2,1,Irregular,25,20,270,6,0,1,2,5,-4.89,26.63,1,3,2,5,1,0,0
3a00ff5b-8281-5532-a8d3-88dca3379e19,2023-2,Ingenieria en Desarrollo de Software,2023,79.4,67.54,7,1,0,45,16.67,21.13,20,1,2,2,0,2,0,3,Baja Temporal,0,0,270,2,2,0,1,0,-11.86,15.08,1,1,2,1,2,0,0
cc92e40c-efdf-5cff-8aa8-5aed1d4532d0,2025-1,Ingenieria en Energia,2023,77.38,79.27,24,1,7,153,57.95,58.51,14,2,0,0,0,1,0,1,Regular,38,38,264,6,0,0,1,7,1.89,23.54,0,0,0,1,0,1,0
61c59c40-4add-597c-8e06-b056ddedaceb,2024-2,Ingenieria en Energia,2023,72.89,63.98,13,1,4,93,35.23,87.77,2,1,2,2,0,1,1,0,Regular,30,30,264,4,0,0,1,4,-8.91,37.9,1,1,2,0,0,1,0
bd59e84c-4720-571c-b9d8-d87948cd5c6f,2024-1,Ingenieria Agroindustrial,2023,64.46,72.68,9,2,7,57,20.65,25.65,24,4,1,2,1,0,0,3,Irregular,39,28,276,3,0,2,2,7,8.22,15.37,0,1,2,0,0,0,0
ef9869be-3ae1-575c-9e80-eabdbe028178,2024-2,Ingenieria Agroindustrial,2021,87.94,81.2,25,1,7,167,60.51,35.23,19,4,3,0,2,2,1,0,Regular,39,33,276,7,0,1,1,7,-6.74,22.74,3,0,3,0,2,0,0
bf4fd85e-1711-51ca-be94-6a48152b1323,2023-1,Ingenieria en Desarrollo de Software,2024,75.64,45.25,1,0,5,11,4.07,70.28,11,2,2,0,1,4,0,1,Regular,35,35,270,1,1,0,0,5,-30.39,22.49,0,2,2,3,4,0,0
b5a4724e-8339-57de-8a96-81ab61c913f6,2023-1,Ingenieria Biomedica,2021,92.17,74.5,19,0,7,136,48.23,63.42,7,2,2,1,0,5,0,2,Regular,52,52,282,5,0,0,0,7,-17.67,30.81,1,1,3,0,5,0,0
7cd10ccb-4256-5a91-bd2e-439d1becf1af,2024-2,Ingenieria en Energia,2024,57.93,72.11,3,0,7,22,8.33,99.0,0,2,7,1,1,1,0,2,Regular,55,55,264,2,1,0,0,7,14.18,85.0,3,4,2,4,0,1,0
98dcd0ae-c6de-5e82-8d50-78c8388049fc,2022-2,Ingenieria Biomedica,2022,88.72,92.99,9,0,6,64,22.7,45.11,19,3,3,1,4,2,0,0,Regular,35,35,282,2,0,0,0,6,4.27,19.05,0,3,1,1,1,1,0
80cac17b-43c7-5363-8db5-eb6a572b7922,2024-1,Ingenieria en Energia,2021,72.14,72.37,33,1,4,193,73.11,99.0,2,0,3,0,0,0,0,2,Regular,26,26,264,8,0,0,1,4,0.23,45.73,3,0,3,1,0,0,0
db57b99f-4eb4-5d72-9284-26821b14c535,2023-1,Ingenieria en Desarrollo de Software,2021,65.69,91.23,23,2,4,158,58.52,58.62,14,3,2,0,0,0,2,0,Regular,23,23,270,5,0,0,2,4,25.54,46.48,0,2,0,4,0,0,0
8d0d973b-eae9-5c86-bac4-5e3d4ddfafcc,2024-1,Ingenieria en Desarrollo de Software,2021,77.29,65.19,29,2,7,165,61.11,58.59,12,1,4,4,1,3,2,1,Regular,52,45,270,7,0,1,2,7,-12.1,28.56,3,1,3,1,3,0,0
652f634e-49e7-5e9a-87eb-94d629bc351d,2025-1,Ingenieria en Desarrollo de Software,2023,83.87,85.95,18,0,5,119,44.07,78.06,4,4,2,0,0,1,0,1,Regular,38,38,270,4,0,0,0,5,2.08,21.87,0,2,0,1,1,0,0
ad40f8e6-23be-54a5-8367-365add1f8798,2025-1,Ingenieria en Desarrollo de Software,2022,85.84,86.68,38,3,4,221,81.85,77.2,5,2,3,0,0,2,3,1,Regular,21,21,270,8,0,0,3,4,0.84,47.75,1,2,0,4,2,0,0
0b12775f-68b6-55c2-b055-4df1374fda15,2024-1,Ingenieria Biomedica,2021,67.91,62.32,34,0,5,233,82.62,95.89,0,1,1,1,0,0,0,1,Regular,26,26,282,8,0,0,0,5,-5.59,27.93,0,1,1,1,0,0,0
d8546ebb-428b-5a5a-a570-f1fe758b099f,2022-2,Ingenieria en Energia,2020,81.01,58.4,20,3,6,140,53.03,28.02,22,1,3,4,0,5,3,0,Regular,44,22,264,5,0,3,3,6,-22.61,63.23,2,1,1,1,5,0,0
372fb26b-d8b4-5119-9a9b-0ff7ffa0b6e6,2023-2,Ingenieria en Energia,2020,96.99,93.97,27,1,5,203,76.89,93.81,2,0,6,0,2,4,1,0,Regular,40,40,264,8,0,0,1,5,-3.02,16.44,0,6,0,1,2,2,0
06c997ac-1462-5acb-b71a-a41b1c0486d3,2024-1,Ingenieria en Energia,2022,63.16,60.68,11,2,6,70,26.52,74.11,10,0,5,2,0,3,1,2,Regular,41,34,264,4,0,1,2,6,-2.48,62.61,1,4,0,6,3,0,0
854c98b8-3c87-583d-a54d-02cfe52cfda2,2023-2,Ingenieria en Desarrollo de Software,2023,76.26,79.06,9,0,6,58,21.48,51.46,15,3,2,1,1,1,0,1,Regular,33,33,270,2,1,0,0,6,2.8,47.23,1,1,2,3,1,0,0
1e4509fc-1754-5072-85f7-e6b09413d8a3,2024-1,Ingenieria Agroindustrial,2023,76.82,63.02,12,0,5,71,25.72,67.0,9,2,3,0,0,1,0,2,Regular,27,27,276,3,0,0,0,5,-13.8,18.27,0,3,0,2,1,0,0
875a7d87-c57f-5817-811d-2045ddaf17d7,2024-2,Ingenieria Biomedica,2024,88.43,99.0,7,0,7,37,13.12,99.0,2,1,4,1,0,3,0,0,Regular,37,37,282,2,0,0,0,7,10.57,16.95,0,4,0,7,3,0,0
2cffad31-2899-5a8e-9f91-b8c6a680e8cc,2024-1,Ingenieria Agroindustrial,2024,92.96,87.54,9,0,5,54,19.57,86.86,3,1,5,0,0,0,0,0,Regular,35,35,276,1,0,0,0,5,-5.42,12.73,1,4,1,8,0,0,0
a96f54db-8232-5bc2-93b4-6874ef4a2c0a,2023-2,Ingenieria en Desarrollo de Software,2020,53.62,48.09,31,3,6,184,68.15,38.22,16,4,3,3,0,1,0,5,Irregular,43,22,270,8,1,3,3,6,-5.53,42.05,2,1,3,1,1,0,0
1bedfb98-bb4c-5ed0-9e02-49d4115324ef,2023-1,Ingenieria en Desarrollo de Software,2024,76.45,61.55,2,0,6,11,4.07,92.93,1,2,1,0,0,0,0,1,Regular,34,34,270,1,0,0,0,6,-14.9,18.48,1,0,1,2,0,0,0
c82d24f1-86cd-56b3-a976-039463bbde00,2025-1,Ingenieria Agroindustrial,2022,61.0,47.61,26,4,5,150,54.35,54.04,12,3,2,1,1,0,0,4,Irregular,39,31,276,7,0,1,4,5,-13.39,40.87,2,0,2,0,0,0,0
00ecad7a-9dac-5168-b00b-7c18df000d0b,2024-1,Ingenieria en Energia,2023,87.15,65.95,11,1,5,64,24.24,93.02,0,0,6,0,1,1,0,1,Regular,25,25,264,3,0,0,1,5,-21.2,18.79,1,5,1,4,0,1,0
adb7bb27-ad5c-5d2a-9f86-50b29d04b661,2022-2,Ingenieria en Desarrollo de Software,2022,77.76,76.1,6,1,6,48,17.78,34.84,18,3,5,0,2,2,1,0,Regular,47,39,270,2,0,1,1,6,-1.66,14.1,2,3,3,2,2,0,0
6ba61eb2-a51d-55b7-b12b-9d18758d9c5b,2024-2,Ingenieria en Energia,2023,87.78,96.71,23,0,4,129,48.86,63.01,14,1,3,1,0,0,0,0,Regular,27,27,264,5,0,0,0,4,8.93,22.69,0,3,0,4,0,0,0
8d45e944-e8a8-5f05-afc1-525fe30b54d1,2024-1,Ingenieria Agroindustrial,2020,68.41,88.97,36,1,5,213,77.17,73.54,7,2,4,2,0,1,1,1,Regular,38,38,276,9,0,0,1,5,20.56,19.0,2,2,1,0,1,0,0
a00ae3ce-e60c-5abb-99e5-43f0540f79d4,2024-2,Ingenieria en Energia,2020,81.54,82.7,32,1,5,236,89.39,81.56,6,4,4,2,0,0,1,0,Regular,28,28,264,9,0,0,1,5,1.16,28.0,2,2,4,3,0,0,0
22cda8fe-ef8b-519f-a449-36d45dbb8b10,2024-1,Ingenieria Agroindustrial,2020,75.06,89.06,40,3,5,233,84.42,84.04,3,1,8,2,0,0,0,4,Regular,31,31,276,9,0,0,3,5,14.0,44.46,6,2,5,0,0,0,0
9e38507e-8858-55ea-9dab-14936c97d755,2025-1,Ingenieria Agroindustrial,2024,56.45,69.36,12,1,4,78,28.26,76.55,7,4,2,1,0,2,1,2,Regular,22,22,276,4,1,0,1,4,12.91,39.96,0,2,0,5,1,1,0
dd9d05c1-f4b4-5570-982d-57fa7faefd1c,2023-1,Ingenieria Agroindustrial,2022,86.69,68.84,12,1,7,93,33.7,46.59,16,2,2,0,1,3,1,1,Regular,38,33,276,3,0,1,1,7,-17.85,31.38,0,2,0,3,3,0,0
081b7cb1-7039-50e0-b219-7fd957899579,2023-1,Ingenieria Agroindustrial,2021,50.99,55.22,12,3,5,82,29.71,55.95,13,0,4,4,0,0,3,0,Regular,32,19,276,5,0,2,3,5,4.23,62.57,3,1,2,1,0,0,0
b83ee102-f433-5778-a609-3a02d4940f0a,2024-2,Ingenieria Agroindustrial,2023,58.31,35.28,20,8,5,117,42.39,70.93,5,1,1,3,0,2,4,4,Irregular,38,0,276,5,0,5,8,5,-23.03,47.71,1,0,1,0,2,0,0
bcc4ae22-5c93-59f0-93cb-9fcc72d84f50,2024-2,Ingenieria en Desarrollo de Software,2023,84.49,85.54,19,4,5,100,37.04,61.62,10,2,5,0,0,0,1,4,Regular,36,36,270,4,1,0,4,5,1.05,35.32,3,2,3,2,0,0,0
a7402a94-adc2-5012-8bf8-61a9c8630a43,2024-2,Ingenieria Agroindustrial,2021,76.81,61.39,31,2,5,209,75.72,21.65,27,4,3,0,1,0,1,2,Irregular,34,20,276,8,0,2,2,5,-15.42,16.78,0,3,0,1,0,0,0
cb5f9259-071b-523a-ac98-1def9b7f0767,2023-1,Ingenieria Biomedica,2022,90.99,88.95,8,0,5,58,20.57,88.42,4,3,2,0,0,1,0,0,Regular,32,32,282,2,0,0,0,5,-2.04,12.76,1,1,0,0,1,0,0
7069e596-e278-5580-8415-9a9e64f125b8,2023-1,Ingenieria Biomedica,2021,73.96,65.55,20,1,4,155,54.96,58.29,13,0,3,1,0,3,0,1,Regular,31,31,282,5,0,0,1,4,-8.41,9.29,2,1,1,1,2,1,0
a018aaf2-0708-5278-8c98-82b2c4365962,2024-1,Ingenieria Agroindustrial,2024,72.18,71.47,2,0,5,11,3.99,62.8,10,0,2,0,0,1,0,0,Regular,25,25,276,1,0,0,0,5,-0.71,18.28,1,1,3,2,1,0,0
6e96afd3-a2b8-5e0e-9170-66713cb48f05,2025-1,Ingenieria en Energia,2020,73.63,53.2,34,1,6,244,92.42,48.27,15,1,1,2,1,3,0,1,Regular,44,37,264,11,0,1,1,6,-20.43,25.74,0,1,0,1,3,0,0
aae82ed3-e9c8-571d-a3cb-708dcbd4ed2f,2025-1,Ingenieria en Desarrollo de Software,2023,94.35,96.17,20,0,5,158,58.52,74.97,7,6,1,2,0,2,0,1,Regular,25,25,270,5,0,0,0,5,1.82,7.48,0,1,0,4,2,0,0
ee490ede-2a6e-5a9f-9ea4-73cef8c36e5f,2025-1,Ingenieria en Energia,2021,85.51,88.6,24,0,6,189,71.59,49.34,18,1,2,0,0,1,0,0,Regular,42,42,264,8,0,0,0,6,3.09,56.75,0,2,0,2,1,0,0
48bf5e1f-d2ab-56aa-925d-8eab37edf155,2024-2,Ingenieria en Desarrollo de Software,2020,69.68,55.23,47,6,7,244,90.37,66.42,12,3,2,3,0,0,2,6,Irregular,48,48,270,10,1,0,6,7,-14.45,48.58,1,1,0,2,0,0,0
13b38dc3-e72b-5a02-90d1-1b4993f808ba,2023-1,Ingenieria Agroindustrial,2022,76.07,61.7,6,1,6,43,15.58,63.74,12,1,0,0,0,3,0,1,Regular,45,45,276,3,0,0,1,6,-14.37,46.32,0,0,0,0,3,0,0
4de2abb1-6273-51dc-86f0-18d417cc48bf,2025-1,Ingenieria Biomedica,2023,98.0,100.0,19,0,5,130,46.1,54.37,14,2,5,0,0,0,0,0,Regular,31,31,282,5,0,0,0,5,2.0,3.75,0,5,0,4,0,0,0
ddb73bf3-c442-516a-8072-f868a14c0dd6,2024-1,Ingenieria en Desarrollo de Software,2020,72.36,76.55,30,0,7,207,76.67,78.35,6,3,2,1,0,2,0,2,Regular,41,41,270,8,1,0,0,7,4.19,23.54,1,1,0,2,1,1,0
95a9160e-ebb9-5dcd-8de0-0173085f890d,2024-1,Ingenieria en Energia,2020,79.84,74.14,32,0,5,234,88.64,66.34,13,1,4,1,0,1,0,1,Regular,35,35,264,10,0,0,0,5,-5.7,17.11,2,2,2,3,1,0,0
23d3b7f7-6deb-54cc-9fa8-dac05ab06a11,2024-2,Ingenieria Biomedica,2022,69.2,53.91,25,2,5,170,60.28,61.14,12,4,4,2,0,4,0,5,Regular,36,36,282,6,0,0,2,5,-15.29,29.55,4,0,6,0,4,0,0
2cdf1dba-d59a-5bb7-89c4-e1963d67c012,2025-1,Ingenieria en Desarrollo de Software,2023,84.62,75.55,17,1,7,106,39.26,80.28,3,1,6,3,0,3,1,0,Regular,53,53,270,5,0,0,1,7,-9.07,20.18,2,4,3,4,3,0,0
1c9692e2-02eb-5d5b-81b1-19e4969e73f9,2024-1,Ingenieria en Desarrollo de Software,2020,90.19,91.28,32,0,5,251,92.96,53.41,15,1,0,0,0,2,0,0,Regular,38,38,270,9,0,0,0,5,1.09,15.7,0,0,0,0,2,0,0
bb597b73-1f0a-52fc-9404-f16ec733d8d8,2025-1,Ingenieria Biomedica,2020,79.75,74.92,50,1,4,262,92.91,58.71,10,2,3,0,1,4,1,0,Regular,28,28,282,10,0,0,1,4,-4.83,17.56,1,2,3,1,4,0,0
7e12eefa-3cb0-5e27-b046-7df72700b9f8,2023-2,Ingenieria Biomedica,2020,85.29,76.59,37,0,5,263,93.26,65.53,8,1,1,0,1,2,0,1,Regular,30,30,282,9,1,0,0,5,-8.7,18.28,0,1,1,1,2,0,0
37912c43-6523-5ba0-ac38-35eb411c286f,2024-1,Ingenieria Biomedica,2024,82.92,96.22,11,0,7,63,22.34,92.84,5,3,3,0,0,0,0,0,Regular,49,49,282,2,0,0,0,7,13.3,21.99,0,3,0,0,0,0,0
94d4cd6e-e05c-5478-b104-f5e7c789c540,2023-1,Ingenieria en Energia,2024,79.17,68.56,2,0,7,11,4.17,58.11,9,1,0,0,0,2,0,2,Regular,53,53,264,1,0,0,0,7,-10.61,25.05,0,0,1,1,2,0,0
93c84e96-957b-5daa-9332-2c21822d44f2,2024-1,Ingenieria en Desarrollo de Software,2024,82.84,75.51,8,1,6,54,20.0,60.26,15,5,5,1,0,2,1,0,Regular,42,35,270,2,0,1,1,6,-7.33,7.05,1,4,0,2,2,0,0
8b00e2fc-f86b-5a5e-b251-8bdb25c38204,2023-1,Ingenieria en Desarrollo de Software,2024,63.37,57.0,2,0,7,11,4.07,82.65,7,2,2,1,1,1,0,0,Regular,54,54,270,1,0,0,0,7,-6.37,23.88,1,1,2,1,0,1,0
f01617a1-9638-50f9-9f3a-262ddc2cec02,2023-1,Ingenieria Biomedica,2023,54.37,56.2,2,3,5,11,3.9,44.76,15,2,3,1,0,5,3,0,Regular,30,18,282,1,0,2,3,5,1.83,65.61,0,3,0,2,2,3,0
ff1afbc4-6850-5e85-a229-da1eabde2633,2023-1,Ingenieria Agroindustrial,2023,73.05,76.54,5,0,7,29,10.51,65.76,14,1,0,0,1,1,0,0,Regular,51,51,276,1,0,0,0,7,3.49,74.34,0,0,0,0,0,1,0
dceeaee3-0bc1-5472-9dba-339a5a523c22,2024-1,Ingenieria en Energia,2020,73.62,77.98,38,4,0,230,87.12,7.62,27,0,1,2,2,1,2,4,Baja Temporal,0,0,264,9,1,0,4,0,4.36,74.67,1,0,2,0,1,0,0
339968a0-f105-5cfb-9419-6f848a16de20,2022-2,Ingenieria Biomedica,2023,64.32,63.68,2,0,6,12,4.26,81.04,7,1,0,1,0,0,0,0,Regular,41,41,282,1,0,0,0,6,-0.64,60.68,0,0,0,2,0,0,0
caa55ee9-8a51-5920-8263-5ba3ce8cae69,2022-2,Ingenieria Agroindustrial,2022,61.64,57.17,4,1,4,22,7.97,85.02,8,0,3,1,0,0,1,0,Regular,29,29,276,2,0,0,1,4,-4.47,45.54,1,2,2,1,0,0,0
fe695689-c78d-5049-a672-820e20d03f55,2023-1,Ingenieria en Desarrollo de Software,2020,74.88,64.69,16,1,6,126,46.67,78.84,4,0,2,1,0,1,1,0,Regular,34,34,270,6,0,0,1,6,-10.19,67.86,2,0,0,1,1,0,0
0a4f906e-eb89-52a2-a6cd-5ae21c3c782e,2023-1,Ingenieria en Desarrollo de Software,2020,78.22,64.14,25,2,5,184,68.15,16.51,26,1,2,0,5,1,2,1,Regular,28,22,270,7,0,1,2,5,-14.08,10.91,1,1,1,1,0,1,0
4da1abf3-52c2-5943-badd-40fdf4402730,2024-2,Ingenieria en Energia,2022,91.2,95.91,25,0,7,163,61.74,81.95,8,1,4,0,2,2,0,1,Regular,56,56,264,6,0,0,0,7,4.71,23.43,0,4,0,3,0,2,0
a8c1ae84-95e3-50b0-a618-ef340152743e,2024-2,Ingenieria en Desarrollo de Software,2024,85.43,71.85,9,0,7,51,18.89,61.3,16,2,2,0,0,0,0,0,Regular,45,45,270,2,0,0,0,7,-13.58,12.75,1,1,1,2,0,0,0
2ea32d21-c0c5-54e6-92c5-73b3a6d60305,2024-2,Ingenieria en Energia,2022,91.75,100.0,29,0,7,184,69.7,70.57,4,4,2,0,0,1,0,2,Regular,43,43,264,6,1,0,0,7,8.25,6.98,1,1,2,1,0,1,0
c8647c5e-05a6-5e1b-94f1-5069774da931,2025-1,Ingenieria en Desarrollo de Software,2023,77.85,71.2,20,3,7,147,54.44,58.14,13,3,4,1,0,0,2,3,Regular,36,36,270,5,0,0,3,7,-6.65,12.74,2,2,4,3,0,0,0
3fbf087f-c80f-589c-b954-8d931fdb3ea7,2024-2,Ingenieria Agroindustrial,2024,72.47,70.51,8,1,5,63,22.83,66.02,8,3,2,0,1,1,1,0,Regular,29,29,276,3,0,0,1,5,-1.96,29.01,2,0,2,0,1,0,0
7ed3e51e-ae1f-5671-b233-c322a3d40e40,2023-2,Ingenieria Agroindustrial,2023,70.93,62.89,2,1,7,11,3.99,72.36,8,1,3,2,0,3,1,0,Regular,36,31,276,1,0,1,1,7,-8.04,22.87,1,2,3,3,3,0,0
1c76534a-451d-5189-850a-04e774642c1d,2024-1,Ingenieria Agroindustrial,2020,82.22,87.1,43,2,0,217,78.62,6.75,32,3,2,2,1,0,0,3,Baja Temporal,0,0,276,8,1,0,2,0,4.88,13.88,0,2,1,3,0,0,0
97335b8a-d377-5195-8f4e-fa3d7fe54a80,2023-2,Ingenieria en Desarrollo de Software,2020,69.1,63.68,37,0,4,192,71.11,81.78,7,2,1,0,1,3,0,0,Regular,25,25,270,7,0,0,0,4,-5.42,37.63,0,1,1,1,3,0,0
20cc6779-8f2f-540b-b0a7-f2c26449eeb8,2023-2,Ingenieria en Energia,2022,77.8,50.65,17,2,7,92,34.85,63.92,10,1,2,1,0,3,0,4,Regular,39,33,264,3,1,1,2,7,-27.15,25.26,1,1,0,2,3,0,0
aa1b7f1d-48bd-55fc-accb-9e05dc96f134,2025-1,Ingenieria Biomedica,2023,85.66,81.31,24,0,4,161,57.09,77.44,6,3,1,1,1,0,0,0,Regular,23,23,282,6,0,0,0,4,-4.35,16.84,1,0,0,1,0,0,0
6d6a1535-6a16-545e-af3a-f3cf62a59478,2023-2,Ingenieria en Desarrollo de Software,2024,62.52,38.71,3,3,7,23,8.52,43.3,16,5,5,4,1,3,1,3,Irregular,41,23,270,1,0,3,3,7,-23.81,32.26,4,1,1,3,2,1,0
20e9afa4-86e3-5944-84fd-c6d2c9023478,2024-1,Ingenieria Biomedica,2020,74.92,71.91,50,1,4,271,96.1,60.14,13,1,2,1,0,1,1,0,Regular,25,25,282,9,0,0,1,4,-3.01,25.32,0,2,0,1,0,1,0
c8126f52-00ab-5eb9-a412-a69e02df1a5e,2025-1,Ingenieria en Energia,2021,80.82,93.98,32,1,7,242,91.67,79.11,6,2,2,0,0,0,1,0,Regular,52,52,264,9,0,0,1,7,13.16,32.86,1,1,2,0,0,0,0
bdb885ce-ecec-51f4-b2c7-54efcac76a01,2023-1,Ingenieria en Energia,2023,70.67,79.98,2,1,6,11,4.17,50.7,15,0,0,0,0,1,1,0,Regular,35,35,264,1,0,0,1,6,9.31,63.65,0,0,0,2,1,0,0
25e66314-5ba7-559a-b070-6e1dc382f94c,2025-1,Ingenieria Biomedica,2023,82.24,72.25,16,1,7,93,32.98,44.86,22,5,1,1,1,2,0,3,Regular,53,53,282,4,0,0,1,7,-9.99,30.77,1,0,1,1,2,0,0
31793212-9090-5492-aee6-faef96cc6743,2025-1,Ingenieria Biomedica,2021,66.61,53.55,36,4,4,196,69.5,43.32,20,3,2,8,0,2,1,3,Irregular,24,0,282,8,0,4,4,4,-13.06,17.34,0,2,0,1,2,0,0
aa1c89f7-5608-5037-81cb-9a10a6e865fb,2023-1,Ingenieria Agroindustrial,2022,60.74,29.1,2,7,7,11,3.99,42.9,15,4,3,7,0,1,4,3,Irregular,54,0,276,3,0,7,7,7,-31.64,38.41,3,0,3,1,1,0,0
b21d5a82-cd5b-5ddf-be38-3e6dbf6e8abb,2024-1,Ingenieria Agroindustrial,2024,92.82,93.0,8,0,6,63,22.83,97.41,0,3,2,2,0,3,0,0,Regular,37,37,276,2,0,0,0,6,0.18,14.49,0,2,0,3,3,0,0
03fd4d42-fb32-58a4-9135-ae37abd38659,2023-2,Ingenieria Agroindustrial,2022,85.99,88.87,14,0,6,90,32.61,90.08,4,0,3,0,0,0,0,0,Regular,47,47,276,4,0,0,0,6,2.88,47.63,1,2,0,2,0,0,0
6829a6b1-cf42-5870-8067-0c43a310a3d6,2023-1,Ingenieria Biomedica,2024,72.92,68.15,8,1,5,52,18.44,44.06,16,3,5,2,0,1,0,1,Regular,30,30,282,2,0,0,1,5,-4.77,10.44,1,4,0,6,1,0,0
cf0080bf-45d1-5c17-baa2-7a77efaa7639,2024-1,Ingenieria Biomedica,2022,80.18,88.85,13,0,7,94,33.33,92.6,0,0,2,0,0,3,0,2,Regular,46,46,282,4,0,0,0,7,8.67,27.86,1,1,1,4,3,0,0
18736f1c-8f58-5d01-a261-1be141aac3cf,2024-1,Ingenieria Biomedica,2020,71.37,69.23,35,1,7,216,76.6,86.5,5,2,2,1,0,1,1,1,Regular,54,54,282,8,0,0,1,7,-2.14,23.98,1,1,0,1,1,0,0
0d47b075-6eda-554c-9dd0-f6e95d90f9dc,2023-1,Ingenieria Agroindustrial,2020,58.88,64.19,22,1,7,127,46.01,66.88,9,0,1,0,0,2,0,1,Regular,37,32,276,6,0,1,1,7,5.31,17.98,0,1,0,1,2,0,0
01f3198e-01fb-590d-b7d5-4a41359023ab,2023-1,Ingenieria Biomedica,2020,86.7,80.98,30,0,7,231,81.91,64.5,12,3,3,0,0,2,0,0,Regular,52,52,282,8,0,0,0,7,-5.72,13.99,0,3,0,3,2,0,0
c7a775c9-40a1-5cd1-86a4-12c43ee7a737,2024-1,Ingenieria en Energia,2021,56.22,43.48,29,1,7,159,60.23,57.46,14,6,4,3,0,0,1,0,Regular,51,44,264,6,0,1,1,7,-12.74,27.54,3,1,5,0,0,0,0
206f71ce-1d9a-5512-87ef-577d736e8c44,2023-2,Ingenieria en Desarrollo de Software,2020,77.42,82.78,39,1,5,202,74.81,68.18,12,1,0,1,0,0,1,2,Regular,40,40,270,7,0,0,1,5,5.36,18.82,0,0,0,0,0,0,0
396c0b47-3945-526c-8556-e5d282f5aabc,2023-1,Ingenieria en Energia,2021,63.61,56.25,24,0,6,125,47.35,44.67,16,4,5,0,0,3,0,3,Regular,32,32,264,5,1,0,0,6,-7.36,20.79,3,2,1,4,3,0,0
a836dfcc-db34-58f2-a062-7a940108bd28,2023-2,Ingenieria Agroindustrial,2022,95.17,82.37,12,1,6,93,33.7,37.29,14,2,0,0,1,6,1,0,Regular,31,31,276,3,0,0,1,6,-12.8,13.98,0,0,0,1,6,0,0
1b6b68de-1fa3-5bf5-b4e7-aac7677c4af4,2023-1,Ingenieria en Desarrollo de Software,2022,75.13,69.07,7,1,5,52,19.26,44.34,19,2,3,2,0,3,0,1,Regular,29,23,270,3,0,1,1,5,-6.06,24.46,1,2,2,1,3,0,0
6e0c2837-a40d-554e-885c-df5d64eed66b,2025-1,Ingenieria Biomedica,2024,68.21,58.19,20,4,5,108,38.3,20.6,22,5,1,2,2,5,1,3,Irregular,27,5,282,3,0,4,4,5,-10.02,44.81,1,0,3,1,5,0,0
5cc27944-b596-52b3-be03-fdec303b58fd,2024-2,Ingenieria en Desarrollo de Software,2023,69.77,69.64,17,0,5,127,47.04,80.4,4,0,2,0,0,2,0,0,Regular,36,36,270,5,0,0,0,5,-0.13,44.88,1,1,1,2,2,0,0
9dea7deb-585d-55c6-be00-ad235472de5c,2023-2,Ingenieria en Desarrollo de Software,2022,74.77,79.62,16,3,7,106,39.26,70.13,7,3,2,0,0,1,2,3,Regular,52,52,270,4,1,0,3,7,4.85,25.11,1,1,0,3,1,0,0
e4774db0-550c-52d8-8070-6c231ce6495a,2023-1,Ingenieria Biomedica,2021,84.56,69.73,23,1,5,134,47.52,64.52,10,0,5,0,0,0,0,2,Regular,36,36,282,6,1,0,1,5,-14.83,15.69,3,2,1,0,0,0,0
7adbf388-105f-5cd7-9542-e29eee0be50f,2023-1,Ingenieria Biomedica,2023,88.97,100.0,8,0,5,48,17.02,83.7,7,2,0,0,0,2,0,1,Regular,39,39,282,1,1,0,0,5,11.03,13.03,0,0,0,0,2,0,0
02b74cd9-ac23-546d-8be4-73cd3b876ac0,2024-2,Ingenieria Agroindustrial,2021,90.88,100.0,42,1,6,218,78.99,66.93,10,4,3,0,0,0,1,0,Regular,37,37,276,8,0,0,1,6,9.12,31.94,1,2,0,2,0,0,0
ed658304-7aec-5d3d-99c4-5a5fdc0d31f9,2025-1,Ingenieria Agroindustrial,2020,89.79,96.89,34,0,7,270,97.83,49.66,15,2,0,0,1,1,0,0,Regular,46,46,276,11,0,0,0,7,7.1,31.39,0,0,0,0,0,1,0
8d881bfd-f678-5fc7-bd02-b216cdfbc446,2025-1,Ingenieria en Desarrollo de Software,2023,74.82,65.9,14,2,4,101,37.41,52.59,15,2,3,2,0,2,2,0,Regular,27,27,270,4,0,0,2,4,-8.92,20.04,2,1,0,5,2,0,0
d1df370c-f77e-5b29-bed2-6ad9ab38318d,2024-1,Ingenieria en Energia,2020,97.04,94.16,39,0,5,259,98.11,38.91,24,3,2,1,2,4,0,0,Regular,34,34,264,10,0,0,0,5,-2.88,19.65,2,0,3,0,3,1,0
8b0ade60-b933-5040-8dab-069b16610264,2024-2,Ingenieria en Desarrollo de Software,2021,71.84,73.85,30,2,5,199,73.7,74.4,7,1,2,2,0,0,2,1,Regular,32,32,270,9,0,0,2,5,2.01,19.16,1,1,1,1,0,0,0
8041ee70-d459-5ac1-930b-b00e07ff4687,2024-1,Ingenieria Agroindustrial,2022,61.2,52.08,18,2,4,112,40.58,58.85,13,1,1,1,0,0,1,1,Regular,32,32,276,5,0,0,2,4,-9.12,23.4,1,0,0,2,0,0,0
ac02a16c-78be-529f-82fb-b6e645372449,2024-1,Ingenieria Biomedica,2024,80.11,66.55,2,0,6,11,3.9,49.01,16,0,1,0,0,4,0,0,Regular,44,44,282,1,0,0,0,6,-13.56,16.11,0,1,0,1,4,0,0
5844544f-02e5-58c7-893d-8a8915f18748,2023-2,Ingenieria en Desarrollo de Software,2020,71.1,65.74,38,2,4,205,75.93,66.85,12,2,0,1,1,2,1,2,Regular,22,22,270,8,0,0,2,4,-5.36,21.24,0,0,2,0,2,0,0
84eb20af-555e-5420-866b-6824666824a4,2025-1,Ingenieria Biomedica,2021,60.81,55.95,38,1,5,217,76.95,65.89,11,2,5,0,2,4,0,1,Regular,39,39,282,9,0,0,1,5,-4.86,38.52,4,1,4,1,2,2,0
4b4cf828-bac5-5a68-9e18-b2a0540b77fb,2024-1,Ingenieria en Desarrollo de Software,2024,61.0,39.55,2,0,7,11,4.07,71.24,5,2,2,1,0,1,0,1,Regular,55,55,270,1,0,0,0,7,-21.45,34.73,2,0,1,1,1,0,0
a09a4294-5894-58a7-8f69-ccdee65c483e,2024-1,Ingenieria Biomedica,2021,68.22,56.51,28,6,0,217,76.95,5.73,26,1,4,4,0,4,3,5,Baja Temporal,0,0,282,8,2,4,6,0,-11.71,65.09,2,2,2,0,4,0,0
4fd33a22-2719-5708-a859-f8a9b9e5490b,2024-1,Ingenieria en Desarrollo de Software,2024,89.95,100.0,5,0,4,24,8.89,69.24,9,4,3,1,0,1,0,1,Regular,25,25,270,1,0,0,0,4,10.05,22.77,0,3,0,2,1,0,0
94e0894f-273f-586e-a23e-1599904b37f5,2025-1,Ingenieria en Desarrollo de Software,2020,71.48,63.67,38,3,5,226,83.7,87.75,7,0,3,1,0,1,1,3,Regular,28,28,270,12,0,0,3,5,-7.81,24.7,3,0,4,0,1,0,0
72770868-bbaf-56fc-b4a2-e3699fe792ce,2023-2,Ingenieria en Energia,2021,76.17,84.2,23,0,6,169,64.02,64.2,7,3,2,0,0,2,0,1,Regular,36,36,264,6,0,0,0,6,8.03,33.9,1,1,0,2,1,1,0
78562e22-9104-55b8-b9a7-b59ac785853b,2023-1,Ingenieria en Desarrollo de Software,2021,68.75,61.59,12,2,5,88,32.59,74.68,11,2,3,0,0,2,1,1,Regular,36,36,270,4,0,0,2,5,-7.16,56.74,2,1,3,2,2,0,0
24ebc1d1-e0e6-5411-bbce-e8522fcdc6b9,2024-2,Ingenieria en Desarrollo de Software,2022,83.53,87.72,28,0,6,159,58.89,64.84,11,0,2,2,0,0,0,1,Regular,39,39,270,6,0,0,0,6,4.19,31.59,1,1,2,0,0,0,0
f33867a4-0e1c-559e-9e38-c5bc7f7b9763,2022-2,Ingenieria en Desarrollo de Software,2024,91.93,87.34,4,0,6,23,8.52,70.74,9,2,1,0,0,2,0,0,Regular,30,30,270,1,0,0,0,6,-4.59,19.3,0,1,0,2,1,1,0
d31d6e25-9859-5b82-8913-641ae50c9c2e,2025-1,Ingenieria en Desarrollo de Software,2022,78.02,64.16,37,1,4,210,77.78,50.75,15,2,2,0,1,0,1,2,Regular,24,24,270,8,0,0,1,4,-13.86,8.86,0,2,0,2,0,0,0
53bdd054-74d5-55c4-9b0e-ec9080c292a2,2025-1,Ingenieria Biomedica,2021,85.72,80.64,50,1,5,274,97.16,36.99,17,3,3,2,1,4,0,1,Regular,31,31,282,9,0,0,1,5,-5.08,19.1,1,2,0,3,4,0,0
791d2df7-b90b-5a2f-b018-c157f8fe949b,2023-2,Ingenieria en Desarrollo de Software,2024,78.94,78.95,5,1,5,31,11.48,99.0,0,5,1,2,0,0,1,1,Regular,37,37,270,1,1,0,1,5,0.01,8.45,1,0,0,0,0,0,0
0b21ee5a-6861-5be2-87ad-caf328ca9173,2023-1,Ingenieria en Desarrollo de Software,2021,70.43,82.53,19,1,7,109,40.37,99.0,0,1,5,0,0,1,1,0,Regular,42,42,270,5,0,0,1,7,12.1,31.85,2,3,1,3,1,0,0
e73ee718-43ca-5237-8e63-b2d8ea6694f7,2023-1,Ingenieria en Desarrollo de Software,2024,98.0,94.21,11,0,4,68,25.19,58.5,11,2,3,1,2,1,0,0,Regular,20,20,270,2,0,0,0,4,-3.79,18.25,2,1,1,1,1,0,0
10c3353b-a997-571c-b026-d74c4f401898,2024-1,Ingenieria Biomedica,2021,86.68,,26,0,0,194,68.79,19.85,26,2,2,0,0,1,0,1,Baja Temporal,0,0,282,7,1,0,0,0,,8.15,1,1,1,1,0,1,1
3695ebb1-5928-545c-8da4-785f2b77fe78,2024-2,Ingenieria Biomedica,2023,73.83,61.92,13,0,4,103,36.52,50.36,13,4,4,2,0,1,0,0,Regular,26,26,282,4,0,0,0,4,-11.91,23.65,1,3,0,2,1,0,0
f02a18fb-9e8d-5889-87ca-af3ad8145cf1,2024-1,Ingenieria en Desarrollo de Software,2024,98.0,100.0,13,0,8,70,25.93,99.0,3,1,2,0,1,1,0,1,Regular,56,56,270,1,1,0,0,8,2.0,17.78,0,2,1,2,1,0,0
f42a23e1-169c-51ca-a7d9-242f2015eb6c,2023-1,Ingenieria en Desarrollo de Software,2020,82.24,75.62,22,1,4,171,63.33,71.65,8,0,3,0,0,1,0,2,Regular,26,26,270,7,0,0,1,4,-6.62,17.57,0,3,0,5,0,1,0
9d9658ab-fea9-5f70-9dd0-a004a047e6e5,2024-1,Ingenieria en Energia,2022,59.72,72.81,18,1,5,119,45.08,73.15,9,0,0,0,0,1,1,0,Regular,25,25,264,5,0,0,1,5,13.09,13.24,0,0,0,0,1,0,0
25d2ad73-b526-5986-b586-8fad6ddb2689,2024-2,Ingenieria en Desarrollo de Software,2022,78.28,78.82,21,0,4,149,55.19,70.62,6,1,3,1,0,2,0,3,Regular,20,20,270,6,1,0,0,4,0.54,14.12,3,0,1,0,2,0,0
7c2d4c91-986c-579d-a701-8c744d177fdc,2023-1,Ingenieria Biomedica,2020,56.23,45.98,19,4,5,152,53.9,91.37,2,2,1,0,0,0,4,2,Irregular,40,40,282,7,1,0,4,5,-10.25,17.65,0,1,0,4,0,0,0
86085691-dc2b-5311-9ecb-8007915a4dd8,2024-2,Ingenieria en Desarrollo de Software,2020,72.7,64.51,47,1,7,259,95.93,73.13,6,1,0,2,0,4,1,0,Regular,40,40,270,9,0,0,1,7,-8.19,23.06,0,0,1,1,4,0,0
ed83d762-8c7b-5027-bda2-f49d2bd4831c,2024-2,Ingenieria en Desarrollo de Software,2021,66.59,57.33,37,3,7,247,91.48,66.34,10,1,3,2,0,1,0,4,Regular,48,34,270,9,0,2,3,7,-9.26,40.33,3,0,4,1,1,0,0
872f3d80-e886-5f1d-aba1-ec65171db0f6,2024-1,Ingenieria en Desarrollo de Software,2023,79.09,78.18,10,1,6,63,23.33,61.52,12,7,5,0,1,2,1,0,Regular,46,46,270,3,0,0,1,6,-0.91,19.68,3,2,4,1,2,0,0
88ab65fd-a5d4-5a7c-8302-214ab91a3a69,2024-2,Ingenieria en Desarrollo de Software,2024,80.42,83.41,12,0,5,79,29.26,84.31,6,2,2,1,0,2,0,1,Regular,32,32,270,3,0,0,0,5,2.99,55.29,0,2,0,4,2,0,0
36f74914-47d9-567f-8948-ad397799750f,2025-1,Ingenieria Biomedica,2021,54.04,53.83,28,2,7,187,66.31,81.39,6,1,1,0,0,1,2,0,Regular,37,37,282,8,0,0,2,7,-0.21,36.83,0,1,0,2,0,1,0
75b100bb-8638-5e0e-bf59-7c65a6c16245,2025-1,Ingenieria en Desarrollo de Software,2021,68.39,58.98,32,1,4,244,90.37,76.92,8,2,2,0,1,2,1,0,Regular,27,27,270,9,0,0,1,4,-9.41,13.35,1,1,1,1,1,1,0
ab3b9569-4fa3-5e4d-ab55-5c5d5050c287,2023-2,Ingenieria Biomedica,2024,77.57,78.43,13,0,7,86,30.5,85.62,6,1,1,0,0,0,0,1,Regular,46,46,282,2,0,0,0,7,0.86,26.58,0,1,0,1,0,0,0
eaecf934-40e4-5d69-aa8b-9580398c6d12,2023-1,Ingenieria en Desarrollo de Software,2022,72.31,65.64,9,0,5,62,22.96,71.7,11,2,3,0,0,0,0,1,Regular,37,37,270,2,1,0,0,5,-6.67,16.35,1,2,1,2,0,0,0
b86a48b6-4b76-5a31-88ba-623869cb3c8e,2022-2,Ingenieria Agroindustrial,2024,63.16,,3,1,0,21,7.61,8.83,29,1,4,0,0,3,0,4,Baja Temporal,0,0,276,1,3,1,1,0,,42.07,4,0,7,0,3,0,1
6bdff58b-4ca8-5623-9fd6-242900682ea5,2024-2,Ingenieria en Desarrollo de Software,2023,74.74,74.64,14,1,4,98,36.3,50.56,16,2,3,1,1,4,1,0,Regular,25,19,270,4,0,1,1,4,-0.1,60.03,1,2,1,3,2,2,0
5db7e4fc-70f6-5812-b76c-4ca251002f81,2023-2,Ingenieria en Desarrollo de Software,2023,64.07,68.07,5,0,5,31,11.48,94.6,0,0,2,2,0,1,0,0,Regular,32,32,270,3,0,0,0,5,4.0,29.96,1,1,1,1,1,0,0
4ffe17c7-3413-5bb2-acfd-c6e809a577f1,2025-1,Ingenieria Agroindustrial,2022,58.91,43.13,24,8,6,164,59.42,44.34,17,1,3,1,1,1,3,5,Irregular,32,16,276,7,0,3,8,6,-15.78,26.56,1,2,1,0,1,0,0
3c209726-ca90-5bec-926e-ee8d4beaef4c,2024-1,Ingenieria Agroindustrial,2021,60.18,58.91,24,2,4,139,50.36,85.96,2,1,0,1,0,1,0,5,Regular,29,29,276,7,0,0,2,4,-1.27,20.77,0,0,0,0,1,0,0
1d6e6d44-a135-5a6d-aa6c-369e469e67ae,2024-2,Ingenieria en Desarrollo de Software,2021,60.53,65.0,35,3,5,225,83.33,36.54,19,5,2,2,0,0,3,0,Irregular,36,29,270,9,0,1,3,5,4.47,27.85,1,1,2,2,0,0,0
1bb20bf2-0fc1-57e7-a5b2-65f231b44aec,2023-1,Ingenieria en Energia,2024,57.5,44.48,2,3,6,14,5.3,93.17,0,0,6,2,0,1,2,1,Regular,46,23,264,2,0,3,3,6,-13.02,27.94,4,2,3,5,1,0,0
8f40d4d6-2642-577e-9749-318f632a2ce3,2024-2,Ingenieria Agroindustrial,2022,60.03,69.07,20,3,5,146,52.9,94.47,3,1,3,3,0,0,0,3,Irregular,28,28,276,5,0,0,3,5,9.04,39.79,2,1,0,0,0,0,0
3e80ad0e-a509-5b4e-a79d-4d144c09e17e,2024-1,Ingenieria Biomedica,2022,89.14,91.87,25,0,7,147,52.13,68.12,8,1,2,0,1,1,0,0,Regular,40,40,282,5,0,0,0,7,2.73,12.15,1,1,1,3,0,1,0
26372c78-42a8-5c31-ab19-b225628fb0c0,2024-1,Ingenieria Biomedica,2023,71.01,60.26,12,1,7,66,23.4,56.22,11,1,2,3,0,3,0,2,Regular,40,34,282,3,1,1,1,7,-10.75,15.53,1,1,0,3,3,0,0
cf51218e-bf9b-5d68-9492-c133faf5487a,2022-2,Ingenieria en Desarrollo de Software,2023,57.75,59.88,6,1,7,38,14.07,45.06,19,1,4,2,1,0,1,1,Regular,52,45,270,1,0,1,1,7,2.13,46.78,3,1,1,5,0,0,0
6aae94d0-6a39-5b36-8144-50b6c53a3d1d,2025-1,Ingenieria Agroindustrial,2023,69.92,63.51,23,0,7,139,50.36,61.61,10,3,5,1,0,0,0,0,Regular,45,45,276,5,0,0,0,7,-6.41,8.81,3,2,2,1,0,0,0
61f8dcc8-6756-5652-a2f4-433df1b68095,2023-1,Ingenieria en Energia,2023,62.13,54.12,2,1,6,11,4.17,62.06,9,2,4,3,0,3,0,2,Regular,40,33,264,1,0,1,1,6,-8.01,27.37,1,3,1,5,3,0,0
4e0134e1-cd38-5541-9b9f-4fdacfc28f65,2022-2,Ingenieria en Desarrollo de Software,2023,67.51,46.56,2,0,6,11,4.07,62.1,10,0,1,2,0,4,0,2,Regular,44,44,270,2,0,0,0,6,-20.95,20.9,1,0,3,0,4,0,0
2640732c-37ce-5deb-81cc-5ef946c14bb5,2023-1,Ingenieria en Energia,2022,80.74,73.33,18,0,7,99,37.5,54.85,14,0,3,0,0,1,0,2,Regular,44,44,264,3,0,0,0,7,-7.41,34.82,1,2,1,2,1,0,0
073e85b4-f229-5339-8bf7-125537d1591b,2024-1,Ingenieria Biomedica,2024,69.54,60.47,7,2,4,37,13.12,81.92,4,1,6,1,0,0,1,2,Regular,26,20,282,2,0,1,2,4,-9.07,17.37,5,1,4,2,0,0,0
5907c8cc-f1b4-52df-9c8d-ed05add0f284,2025-1,Ingenieria Agroindustrial,2020,90.85,85.48,34,2,7,241,87.32,80.37,6,0,2,0,0,0,0,4,Regular,51,51,276,11,1,0,2,7,-5.37,35.77,1,1,0,2,0,0,0
7d27a641-5392-527a-86c6-443dc9e44b33,2025-1,Ingenieria Biomedica,2020,97.53,100.0,43,0,0,276,97.87,8.44,25,2,2,0,0,0,0,1,Baja Temporal,0,0,282,10,1,0,0,0,2.47,36.77,0,2,0,3,0,0,0
7ceb0c5e-462f-5b9c-b5e6-4aadb9394b9a,2025-1,Ingenieria Biomedica,2021,82.19,72.58,36,1,6,270,95.74,93.0,2,1,1,0,0,0,1,1,Regular,43,43,282,9,0,0,1,6,-9.61,20.5,0,1,0,1,0,0,0
38597b6d-5815-5483-8e73-83d21477d362,2024-2,Ingenieria en Energia,2021,87.73,,42,1,0,232,87.88,5.69,24,1,5,0,1,4,0,6,Baja Temporal,0,0,264,9,3,0,1,0,,12.77,2,3,3,5,3,1,1
85c5b41b-b14d-560f-a480-7a856b11b1ad,2023-1,Ingenieria en Energia,2023,76.19,84.8,4,1,6,29,10.98,70.3,8,2,2,0,0,1,1,0,Regular,35,35,264,1,0,0,1,6,8.61,36.05,1,1,1,2,1,0,0
015d8756-0d83-5fc0-b8a6-f854d26378ef,2024-2,Ingenieria en Desarrollo de Software,2022,82.95,83.15,25,2,7,157,58.15,85.36,5,2,3,1,0,1,2,0,Regular,43,43,270,6,0,0,2,7,0.2,17.16,0,3,0,2,1,0,0
373b20e3-6365-5e7c-acba-7ceb522b6490,2024-1,Ingenieria Biomedica,2022,64.77,59.56,14,1,5,99,35.11,81.23,8,2,4,2,0,0,0,2,Regular,35,35,282,5,1,0,1,5,-5.21,20.73,3,1,1,2,0,0,0
6c940ffd-71ca-5fb1-8b40-e0f4e155603b,2024-2,Ingenieria en Energia,2021,78.5,83.02,33,1,7,198,75.0,99.0,0,1,2,1,0,2,0,1,Regular,41,41,264,8,0,0,1,7,4.52,13.69,1,1,1,2,2,0,0
ee0e54c8-cf9c-5df2-be89-fa37c6d62fee,2023-1,Ingenieria en Energia,2023,64.02,54.34,2,1,6,18,6.82,56.15,13,2,1,1,0,3,1,1,Regular,34,28,264,2,0,1,1,6,-9.68,32.88,1,0,1,1,3,0,0
69316497-97ea-5271-8380-2b742314c575,2024-2,Ingenieria en Energia,2024,85.58,83.13,10,0,6,74,28.03,68.62,8,1,1,1,0,1,0,0,Regular,37,37,264,2,0,0,0,6,-2.45,13.92,0,1,1,1,1,0,0
779c7d35-efdc-5f44-837a-0a77a81b530f,2023-2,Ingenieria en Energia,2021,52.25,45.85,10,2,6,68,25.76,99.0,0,0,5,1,1,2,2,0,Regular,39,39,264,5,0,0,2,6,-6.4,34.4,3,2,4,3,1,1,0
f02f5932-e76b-53d6-8ac8-1125a4da71aa,2025-1,Ingenieria en Desarrollo de Software,2024,82.71,90.36,12,2,5,71,26.3,95.93,0,2,2,1,0,0,1,1,Regular,29,29,270,3,0,0,2,5,7.65,35.19,1,1,1,2,0,0,0
14f14c49-c9ff-5027-af17-e1b890b7e847,2023-1,Ingenieria en Desarrollo de Software,2024,67.98,72.49,19,1,7,112,41.48,66.31,14,4,2,0,1,1,1,1,Regular,43,43,270,3,0,0,1,7,4.51,35.45,0,2,1,1,0,1,0
83cb67c8-ac17-5733-9f50-3c8d86814c6b,2024-2,Ingenieria Agroindustrial,2021,77.3,72.48,28,1,6,195,70.65,35.31,19,2,4,3,3,3,0,2,Regular,33,28,276,7,0,1,1,6,-4.82,37.15,2,2,2,5,3,0,0
68a460a7-3754-540b-99b8-487ff597efa1,2024-1,Ingenieria en Desarrollo de Software,2021,78.27,81.71,39,0,7,201,74.44,35.09,22,2,1,0,1,2,0,1,Regular,49,49,270,8,0,0,0,7,3.44,30.96,0,1,1,3,1,1,0
47898378-d549-5816-a1d1-d3cfba2d9170,2024-2,Ingenieria en Desarrollo de Software,2023,86.97,75.88,13,0,4,78,28.89,72.01,11,2,2,0,0,2,0,0,Regular,27,27,270,3,0,0,0,4,-11.09,32.53,1,1,1,4,2,0,0
2792de5b-69b2-58f1-972e-2aeab47b4a3e,2023-1,Ingenieria Agroindustrial,2020,81.62,84.75,24,1,6,187,67.75,15.45,29,4,2,3,3,3,0,1,Regular,40,33,276,7,0,1,1,6,3.13,28.14,1,1,4,2,2,1,0
f0bcbd1b-c8fd-5724-a7f0-2ab9cc1f406c,2024-1,Ingenieria Agroindustrial,2021,85.96,87.51,21,1,5,168,60.87,58.17,12,3,4,0,0,1,1,0,Regular,38,38,276,6,0,0,1,5,1.55,17.89,1,3,0,0,1,0,0
0f1f2019-5f52-5cc7-8d15-90634736bf55,2023-2,Ingenieria en Energia,2023,59.79,71.82,2,1,5,11,4.17,28.8,18,7,1,2,0,2,0,1,Irregular,36,29,264,1,0,1,1,5,12.03,23.64,1,0,0,0,2,0,0
b44acd3b-7a4d-5555-ac05-0d7782cbca74,2023-2,Ingenieria en Desarrollo de Software,2024,75.14,87.7,2,1,7,11,4.07,83.72,4,7,3,0,0,1,1,1,Regular,38,38,270,1,0,0,1,7,12.56,30.61,0,3,0,7,1,0,0
bfbab6af-bd93-5d35-baa1-52a4497eabda,2024-1,Ingenieria en Desarrollo de Software,2021,72.57,64.94,23,0,5,181,67.04,62.59,11,1,3,0,0,1,0,0,Regular,35,35,270,7,0,0,0,5,-7.63,8.62,1,2,3,3,1,0,0
23e517a9-70fd-572c-a70c-a36cc2ea65fd,2023-1,Ingenieria en Energia,2020,77.47,83.35,33,1,4,209,79.17,75.32,8,1,0,0,0,1,0,2,Regular,27,27,264,7,0,0,1,4,5.88,10.73,0,0,0,1,1,0,0
f0c4ca25-6a33-5160-a45c-c892d199a512,2023-1,Ingenieria en Energia,2022,84.42,86.63,21,0,6,128,48.48,39.81,19,2,3,0,1,0,0,1,Regular,45,45,264,4,1,0,0,6,2.21,21.08,0,3,1,3,0,0,0
552caf22-d5f0-53f1-8e68-fa2906f82c65,2024-1,Ingenieria Biomedica,2023,83.04,84.93,11,0,4,68,24.11,65.02,12,2,1,0,0,1,0,0,Regular,25,25,282,3,0,0,0,4,1.89,48.91,0,1,0,4,1,0,0
e92f360a-885e-50f8-8060-fb75eb58b93f,2024-1,Ingenieria en Desarrollo de Software,2023,83.19,88.86,20,0,6,148,54.81,58.69,11,3,5,0,0,1,0,0,Regular,39,39,270,4,0,0,0,6,5.67,50.61,4,1,3,0,1,0,0
77088762-80c2-5cda-859a-3362503b11f7,2024-1,Ingenieria Biomedica,2024,79.4,70.13,2,2,5,11,3.9,67.66,13,1,0,1,0,0,1,1,Regular,31,25,282,1,0,1,2,5,-9.27,18.2,0,0,0,0,0,0,0
b6a0384c-337e-5f4b-b13f-76e1e877a687,2024-1,Ingenieria en Desarrollo de Software,2023,77.59,77.08,7,0,7,53,19.63,44.81,19,3,3,2,1,2,0,0,Regular,50,50,270,3,0,0,0,7,-0.51,32.58,3,0,2,0,2,0,0
24badb1f-7345-5778-b50e-95a4a0299523,2023-2,Ingenieria Agroindustrial,2020,78.43,61.05,38,1,5,200,72.46,72.58,12,0,6,1,0,0,0,1,Regular,38,30,276,8,0,1,1,5,-17.38,19.15,5,1,4,1,0,0,0
c9df965a-ba85-57b2-8db0-b49703cce1ab,2025-1,Ingenieria Agroindustrial,2021,72.68,72.27,32,2,7,212,76.81,48.08,21,2,0,1,0,1,0,3,Regular,44,44,276,8,0,0,2,7,-0.41,50.7,0,0,1,1,0,1,0
7f4e8bef-1150-5708-aa84-0f6a9fce8102,2025-1,Ingenieria en Energia,2023,88.89,79.67,27,1,5,152,57.58,73.85,9,4,1,2,0,2,1,1,Regular,27,27,264,6,1,0,1,5,-9.22,74.32,1,0,2,0,2,0,0
ee36813b-b731-5f55-9bbf-0fb1b04396b0,2023-1,Ingenieria Agroindustrial,2020,68.54,63.21,21,0,5,162,58.7,85.61,6,1,0,2,0,2,0,0,Regular,39,39,276,7,0,0,0,5,-5.33,32.05,0,0,0,0,2,0,0
a74eb047-7cf4-554a-ae27-5c763d3376b5,2023-2,Ingenieria Agroindustrial,2023,77.91,78.03,6,0,6,48,17.39,82.0,4,1,6,2,0,2,0,1,Regular,39,39,276,3,0,0,0,6,0.12,47.19,1,5,3,6,2,0,0
62e578b5-b243-51ac-b863-444e473c4536,2023-1,Ingenieria en Energia,2023,72.55,71.46,2,0,7,11,4.17,76.09,9,3,2,0,2,1,0,0,Regular,52,52,264,1,0,0,0,7,-1.09,44.1,0,2,1,2,0,1,0
fbf37fda-fa76-54ca-9188-9a50c0f76dc1,2025-1,Ingenieria Biomedica,2022,67.49,,22,0,0,170,60.28,14.3,19,2,0,3,0,1,0,0,Baja Temporal,0,0,282,7,0,0,0,0,,10.23,0,0,0,1,1,0,1
cbb10722-0e2f-5682-b20b-09b57bdddc08,2023-2,Ingenieria Agroindustrial,2020,60.75,67.04,29,2,6,222,80.43,70.21,7,2,0,0,1,2,2,1,Regular,45,45,276,9,0,0,2,6,6.29,33.24,0,0,0,0,2,0,0
49ec7b01-ea08-5161-9647-b1833dc2cd51,2024-2,Ingenieria Biomedica,2022,81.36,80.76,36,0,5,185,65.6,74.39,6,2,0,0,1,5,0,0,Regular,37,37,282,6,0,0,0,5,-0.6,39.25,0,0,1,1,3,2,0
