id_estudiante,id_periodo,programa,cohorte,promedio_general,promedio_periodo,materias_aprobadas,materias_reprobadas,materias_en_curso,creditos_acumulados,porcentaje_avance,porcentaje_asistencia,faltas,retardos,num_tutorias,num_asesorias,num_incidencias,num_permisos,recursamientos,rezago_materias,estatus_academico
2efd0cb4-d405-4917-b521-49c95832f8f4,2024-1,Ingeniería en Energía,2022,44.57,17.41,16,4,6,96,32.0,34.97,26,1,0,0,2,0,5,3,Baja Temporal
c49253b4-8e73-4751-8f3b-554c057d4838,2024-1,Ingeniería en Energía,2020,52.46,45.05,17,5,6,102,34.0,42.12,22,0,0,0,5,0,2,8,Baja Temporal
6d68fab8-02ef-4dfd-8a23-2f8eba84d33b,2023-1,Ingeniería Agroindustrial,2022,75.8,77.35,35,2,6,210,70.0,80.73,4,2,2,1,0,2,1,1,Irregular
669b034d-d31c-4120-9760-0b4aebf21338,2023-2,Ingeniería Agroindustrial,2022,61.32,70.24,23,4,7,138,46.0,77.48,10,5,3,4,1,1,1,1,Irregular
63e928e4-ddfa-4f29-9c6c-947ec59ad750,2023-1,Ingeniería en Energía,2020,80.89,75.56,21,0,7,126,42.0,85.15,3,3,2,1,1,0,0,0,Regular
81c1e3ac-fbad-4338-90e5-2c4d420f40dd,2023-1,Ingeniería Agroindustrial,2020,64.95,50.49,23,5,6,138,46.0,77.75,12,5,4,4,1,1,3,4,Irregular
1579be63-44d4-4760-8cd3-660b98ac1a3f,2024-1,Ingeniería Biomédica,2021,82.56,77.79,31,2,7,186,62.0,91.43,6,3,1,1,1,2,0,1,Irregular
306acaa1-faa7-402d-a86e-79a7c332d65a,2023-2,Ingeniería en Desarrollo de Software,2021,98.18,99.9,25,0,7,150,50.0,98.34,2,0,1,0,0,0,0,0,Regular
ce53efea-b51c-4571-a140-2d321531e654,2023-1,Ingeniería Biomédica,2021,92.02,98.89,29,0,4,174,58.0,98.36,1,0,0,0,0,0,0,0,Regular
fba56c5d-2942-4693-92bb-6e5dd3ca47e0,2023-2,Ingeniería en Desarrollo de Software,2021,56.51,13.77,20,4,7,120,40.0,59.3,15,1,2,0,4,0,3,6,Baja Temporal
c1b2e080-7edf-41c3-a27d-034236b1bb47,2023-2,Ingeniería Agroindustrial,2021,89.97,91.93,37,0,7,222,74.0,43.64,20,1,4,0,6,0,0,0,Regular
1352662b-f29e-4dcb-bff8-6c4296ea67f5,2023-2,Ingeniería Biomédica,2023,40.24,8.7,30,6,4,180,60.0,38.49,24,5,1,0,3,0,2,6,Baja Temporal
f9064d29-7ab2-4499-850e-cf2c69c3c4c1,2023-2,Ingeniería Agroindustrial,2023,74.79,55.79,32,3,6,192,64.0,79.21,8,6,5,3,3,0,1,1,Irregular
b8139327-96d9-47b6-bf86-6839d8a788e3,2024-1,Ingeniería en Desarrollo de Software,2022,94.17,92.02,23,0,6,138,46.0,42.12,15,0,4,0,5,1,0,0,Regular
7357d6c9-f26c-4a12-adab-a6a6d686428f,2023-1,Ingeniería Agroindustrial,2023,89.72,79.44,19,2,4,114,38.0,90.75,4,3,2,1,0,2,0,1,Irregular
6e631097-8716-49d5-9aba-bd5b99a2b1cc,2023-1,Ingeniería en Energía,2023,81.96,78.81,26,2,4,156,52.0,86.92,2,4,3,1,0,2,0,1,Irregular
defb1711-222f-4aa5-bf0d-d24e303a680c,2023-1,Ingeniería Biomédica,2023,88.37,94.3,25,1,4,150,50.0,86.14,4,4,3,1,0,0,1,0,Irregular
fe4e67bb-d9b2-49b7-8e1e-091386e206bd,2023-2,Ingeniería Agroindustrial,2020,71.99,57.11,25,3,4,150,50.0,62.05,10,5,3,3,1,2,1,2,Irregular
34eb9102-cce6-4575-b7a0-a6c1aacc531d,2023-1,Ingeniería en Energía,2022,85.13,94.28,36,1,4,216,72.0,84.01,5,1,1,1,0,0,0,1,Irregular
ffb1a171-9439-414a-8b7a-db4405e15987,2024-1,Ingeniería Agroindustrial,2023,41.22,35.47,13,7,4,78,26.0,21.59,18,2,1,0,3,0,2,6,Irregular
6034bee7-4830-4365-b5a6-29e3430d44cf,2023-2,Ingeniería Agroindustrial,2021,83.43,88.73,23,2,6,138,46.0,89.07,2,1,2,1,1,1,1,1,Irregular
ed8dd71e-eb92-49f0-ac77-afc963480920,2023-1,Ingeniería en Desarrollo de Software,2021,92.03,90.52,21,0,7,126,42.0,98.62,2,0,1,0,0,0,0,0,Regular
1a50ec06-2e4a-4a56-94cf-d8036f086791,2023-1,Ingeniería Biomédica,2023,51.28,42.47,15,8,6,90,30.0,49.22,19,3,0,0,4,0,5,8,Irregular
d70d2481-4410-4112-90ba-da313ef7fe19,2023-2,Ingeniería Biomédica,2023,78.97,72.1,30,0,4,180,60.0,82.28,3,3,1,0,0,2,1,1,Regular
632b0b72-fc5e-4a99-a5b5-9fcc88d0fdba,2023-2,Ingeniería Agroindustrial,2022,57.18,31.43,29,4,5,174,58.0,35.97,16,1,0,0,3,0,2,5,Irregular
ea2c5aa9-a6f3-494a-82af-801e73747c97,2023-2,Ingeniería en Energía,2023,80.36,87.78,30,2,5,180,60.0,93.73,2,3,2,0,1,0,1,1,Irregular
ccc9a3ae-6229-404e-9016-372c64c5a32a,2023-1,Ingeniería Biomédica,2021,43.51,13.03,31,5,7,186,62.0,59.12,18,3,0,0,4,0,4,6,Baja Temporal
7da3700e-c5cf-45dd-b0c4-2533e1836b17,2024-1,Ingeniería en Desarrollo de Software,2022,48.16,38.28,24,5,7,144,48.0,56.8,25,3,0,0,3,0,2,8,Irregular
7699ebd7-fffb-4c06-a493-1f4c596981b9,2023-1,Ingeniería Biomédica,2023,64.48,61.66,21,2,6,126,42.0,72.62,10,4,2,3,1,0,2,3,Irregular
7b8ea1b7-04b8-48be-9655-1818cf776d50,2024-1,Ingeniería Agroindustrial,2023,76.94,86.36,32,2,5,192,64.0,87.32,6,2,3,1,1,2,0,0,Irregular
317d443a-665c-4c68-bfa7-4ebc8a73a7f4,2024-1,Ingeniería en Energía,2023,83.06,77.05,21,1,6,126,42.0,84.18,5,2,3,0,1,1,1,1,Irregular
69ea46e3-742f-42d5-b6a8-8fd9d0db7bd0,2023-1,Ingeniería Agroindustrial,2021,81.97,70.46,29,2,4,174,58.0,84.31,2,1,1,0,0,0,0,1,Irregular
118e3e4d-7cdd-4fcb-b786-344ec8422535,2024-1,Ingeniería en Desarrollo de Software,2021,74.88,72.72,32,2,6,192,64.0,71.7,7,3,4,4,3,2,1,1,Irregular
8cef37bd-0c06-439e-9ccb-794d8fe40c62,2024-1,Ingeniería en Energía,2022,85.51,93.75,27,0,4,162,54.0,83.83,6,4,1,2,0,1,0,0,Regular
2bc0c9c5-38f9-459b-888c-d2497b8f24dc,2023-2,Ingeniería Agroindustrial,2021,94.54,99.63,35,0,6,210,70.0,95.45,2,1,0,1,0,0,0,0,Regular
864284ac-d790-4b75-965e-2c70bf1886ff,2023-1,Ingeniería Biomédica,2023,78.2,79.42,22,1,5,132,44.0,80.63,6,4,3,0,0,0,1,0,Irregular
48530dc5-03b6-43ea-848d-e078631060d2,2023-1,Ingeniería Biomédica,2022,81.06,84.91,26,2,7,156,52.0,87.4,6,2,1,0,0,0,1,0,Irregular
2c50709a-9fbe-4e68-bc6e-eb5947581cf4,2023-1,Ingeniería Biomédica,2021,96.68,94.16,26,0,4,156,52.0,95.74,1,1,1,1,0,0,0,0,Regular
89c2f46a-c3e7-4433-ad27-b86c5c73dd14,2024-1,Ingeniería en Desarrollo de Software,2023,70.03,50.2,28,4,4,168,56.0,77.2,5,2,2,3,2,2,2,1,Irregular
f06132bf-5eb1-4de3-9338-1ee5c1ebac13,2023-2,Ingeniería Agroindustrial,2022,82.32,74.96,22,1,6,132,44.0,85.08,5,4,1,1,1,1,0,1,Irregular
dc33e79f-ca96-47d2-ab59-74a1d7e320a9,2023-2,Ingeniería en Desarrollo de Software,2022,89.22,91.84,20,2,7,120,40.0,81.89,3,3,3,2,1,2,1,1,Irregular
98c843e4-4eac-4191-a540-8da3bd759bfa,2023-1,Ingeniería en Desarrollo de Software,2022,68.74,71.46,33,4,7,198,66.0,76.54,8,6,5,2,1,2,2,2,Irregular
0c04f894-76a7-4ba2-9fd7-0188d1952c81,2023-1,Ingeniería en Energía,2022,85.97,90.95,39,1,7,234,78.0,88.55,3,2,3,2,1,2,0,0,Irregular
f08548a1-6b0d-4105-8a91-174fe4a1b3ac,2024-1,Ingeniería Agroindustrial,2021,83.62,73.67,23,1,4,138,46.0,89.14,3,3,2,1,0,2,0,1,Irregular
b71af248-6964-4b6e-b8b6-f4c215b1c34a,2024-1,Ingeniería en Desarrollo de Software,2021,82.63,89.66,38,1,7,228,76.0,86.06,3,1,3,2,0,0,0,1,Irregular
459de348-c71f-4edc-9e2f-061d64a20518,2024-1,Ingeniería en Energía,2022,82.96,72.72,31,2,5,186,62.0,94.31,4,2,1,0,0,0,1,0,Irregular
3dc1d47c-d322-4d47-801d-fec753212746,2023-2,Ingeniería en Energía,2023,78.05,73.95,19,1,7,114,38.0,84.24,6,3,1,2,0,2,0,0,Irregular
549405eb-ead6-4a91-9804-4ffeafb9241e,2023-1,Ingeniería Biomédica,2020,74.37,61.59,17,3,4,102,34.0,60.54,6,6,4,3,1,0,2,2,Irregular
6e543732-1a0b-48fe-a5f5-a7504b41ce82,2023-1,Ingeniería en Energía,2022,83.44,90.08,25,0,4,150,50.0,88.31,5,3,1,2,1,0,0,0,Regular
e2160058-6079-485d-bd9a-fd81b8e9ec6b,2024-1,Ingeniería Agroindustrial,2020,82.9,74.39,26,2,4,156,52.0,81.05,3,1,1,1,1,0,0,0,Irregular
b24bde24-4f74-4031-bae1-1f998a30b553,2024-1,Ingeniería Biomédica,2020,87.05,89.29,26,0,6,156,52.0,92.51,3,2,3,0,0,1,0,1,Regular
cd457f26-c983-436f-9866-bd324ddfe716,2024-1,Ingeniería en Desarrollo de Software,2022,66.22,73.55,33,2,6,198,66.0,66.9,9,2,5,3,3,0,2,3,Irregular
61a07d27-2d29-490b-b971-4dc167c1019c,2023-2,Ingeniería en Desarrollo de Software,2022,75.31,78.94,21,2,7,126,42.0,93.59,3,2,2,0,0,1,0,0,Irregular
075809b9-69eb-4976-a923-e0cee898a760,2024-1,Ingeniería en Energía,2021,40.15,33.0,27,4,5,162,54.0,41.58,11,1,1,0,4,0,4,3,Irregular
af9abf84-e413-499c-9ab5-4b822853291a,2023-1,Ingeniería Agroindustrial,2022,98.92,96.79,23,0,4,138,46.0,96.79,0,2,0,0,0,0,0,0,Regular
db500ff2-3304-4f78-a9f9-595b3592f641,2023-2,Ingeniería en Desarrollo de Software,2023,80.8,83.07,33,2,4,198,66.0,89.42,4,1,3,0,0,0,1,1,Irregular
e23c90d9-76d3-4485-bd62-a83954cbde55,2023-1,Ingeniería Agroindustrial,2021,66.24,57.77,30,4,5,180,60.0,75.19,6,4,5,3,3,2,1,3,Irregular
da2bfd30-a929-40b9-8657-dcea22011540,2023-1,Ingeniería en Desarrollo de Software,2023,65.13,61.89,21,5,5,126,42.0,71.08,11,5,4,3,2,1,3,2,Irregular
7615422d-6c3d-4fb1-bd40-a8c8ae9c703e,2024-1,Ingeniería en Desarrollo de Software,2020,67.5,59.52,18,5,5,108,36.0,70.65,8,6,5,2,3,2,1,4,Irregular
dabe0792-5167-46ab-a70e-6cfeb3c3a643,2023-1,Ingeniería en Energía,2021,86.94,87.38,22,2,5,132,44.0,84.45,3,3,1,2,1,0,0,1,Irregular
54a6551c-ee78-4a38-af21-5f5f5f973726,2023-1,Ingeniería Biomédica,2020,81.37,86.07,37,0,7,222,74.0,90.64,2,1,2,0,1,2,1,1,Regular
d5b353c3-8c27-473c-bbdf-5c9e3530155a,2024-1,Ingeniería Biomédica,2020,83.27,82.08,29,2,5,174,58.0,93.42,2,1,1,0,0,2,1,1,Irregular
2f8d414e-4f41-47a6-950f-b9918d446514,2023-1,Ingeniería Biomédica,2022,80.66,81.14,27,0,5,162,54.0,91.97,4,1,2,1,0,0,0,0,Regular
c5a833ca-c392-42ad-8ce3-10a40f9a55b8,2024-1,Ingeniería Agroindustrial,2022,89.73,90.85,35,0,4,210,70.0,81.07,5,3,3,1,0,0,1,1,Regular
9ff8b9a4-715e-4c1a-9b9e-069093e100b0,2024-1,Ingeniería en Desarrollo de Software,2021,48.9,48.32,26,7,7,156,52.0,40.71,21,0,0,0,5,0,2,4,Baja Temporal
cc27657d-9ad7-4950-840f-df247c41976d,2024-1,Ingeniería Biomédica,2023,86.36,79.12,23,1,4,138,46.0,80.85,2,2,3,0,0,2,0,1,Irregular
def0fb13-250f-4410-8388-4f771ead8bf3,2024-1,Ingeniería Biomédica,2023,69.27,68.69,28,4,6,168,56.0,64.94,6,3,4,2,3,1,2,3,Irregular
1fc79dcd-5dc2-495b-8e6c-1efe693c53be,2023-2,Ingeniería Biomédica,2023,89.58,72.23,27,0,7,162,54.0,82.68,5,4,2,2,0,0,1,0,Regular
a45fcd98-106d-424b-a0b5-40be7d47d81f,2023-1,Ingeniería en Desarrollo de Software,2023,97.71,97.57,30,0,4,180,60.0,95.15,0,0,0,1,0,0,0,0,Regular
24e7bdc4-a2d5-47ec-95e2-285fc9330840,2023-1,Ingeniería en Desarrollo de Software,2021,86.73,86.51,35,2,4,210,70.0,88.67,4,1,2,1,1,0,1,1,Irregular
233949a7-1f3c-481a-bf52-1d6d0d3b9271,2023-2,Ingeniería Agroindustrial,2022,86.84,85.49,24,1,4,144,48.0,80.8,6,2,3,2,1,2,1,0,Irregular
a7ac61ed-82cb-4561-bd6c-8e045f612cbf,2023-2,Ingeniería en Desarrollo de Software,2020,83.0,92.49,34,1,6,204,68.0,84.38,6,4,2,1,0,1,1,1,Irregular
59cefa49-1f31-4f41-9cb2-92c67afec287,2023-2,Ingeniería en Energía,2022,88.84,92.44,31,0,6,186,62.0,46.71,20,0,6,0,4,0,0,0,Regular
e05614f2-fc5b-4347-a74c-0f6658681d18,2023-2,Ingeniería Agroindustrial,2023,76.0,84.0,20,2,7,120,40.0,88.9,2,2,3,2,1,2,1,0,Irregular
ee595d65-efa6-42c4-8074-14aafec63c72,2023-1,Ingeniería Agroindustrial,2022,94.45,98.45,29,0,7,174,58.0,96.67,1,2,1,1,0,0,0,0,Regular
0f8e8f99-b347-486b-8e1f-0afe02e608d9,2024-1,Ingeniería en Desarrollo de Software,2021,79.07,88.0,21,0,5,126,42.0,90.42,4,4,1,0,0,2,0,1,Regular
30a0e3d2-a007-40a4-aa4d-95c46bdbb606,2024-1,Ingeniería en Energía,2022,98.29,91.15,25,0,5,150,50.0,98.22,0,1,1,0,0,0,0,0,Regular
bc1e51c5-f70d-4ea9-9034-43b57f7d6593,2023-1,Ingeniería en Desarrollo de Software,2022,85.69,70.88,30,2,7,180,60.0,84.87,5,2,3,1,0,1,1,0,Irregular
febcfe39-a87b-4aff-a131-6f24db9fa13f,2023-1,Ingeniería Biomédica,2023,71.12,64.14,26,4,7,156,52.0,78.64,7,6,4,3,2,0,3,4,Irregular
71b6950f-8e5d-4fce-b1bf-1746379d93c9,2023-1,Ingeniería en Desarrollo de Software,2022,49.16,34.61,36,4,4,216,72.0,36.74,20,3,0,0,3,0,4,8,Baja Temporal
a9c04cc8-c989-465c-bede-e6055860d471,2024-1,Ingeniería en Energía,2020,93.88,89.7,20,0,6,120,40.0,45.31,16,1,4,0,6,2,0,0,Regular
bf3b4234-50f3-4b05-aeba-80e69115835d,2023-1,Ingeniería Biomédica,2021,66.69,60.69,28,4,6,168,56.0,78.48,11,6,3,4,3,2,1,1,Irregular
e696938e-45fb-4e74-b7c4-06eae14a26ec,2023-1,Ingeniería Biomédica,2021,86.88,82.6,20,1,6,120,40.0,89.45,4,3,3,0,1,1,1,1,Irregular
28449e5c-cbcb-48e5-b314-5c0b65672272,2024-1,Ingeniería Agroindustrial,2023,62.37,53.69,24,5,4,144,48.0,74.41,12,4,4,3,3,0,2,2,Irregular
d5968335-c119-4aca-8fc8-771e01003106,2024-1,Ingeniería Agroindustrial,2023,71.1,68.21,32,5,7,192,64.0,66.6,6,2,2,4,2,0,2,1,Irregular
ed800e1d-633b-40a4-aef8-ab1dbf2e9377,2024-1,Ingeniería en Desarrollo de Software,2022,74.63,72.77,32,5,4,192,64.0,70.6,10,2,3,3,3,0,1,2,Irregular
2449fb0a-cb49-4858-802d-f23ced5992d1,2024-1,Ingeniería Agroindustrial,2023,79.31,83.83,31,0,6,186,62.0,89.0,4,4,1,2,1,2,1,1,Regular
cebd8d29-0386-4e1a-9ad7-29259d20b965,2023-2,Ingeniería en Energía,2021,75.53,82.17,24,0,6,144,48.0,83.5,6,2,1,0,0,1,0,1,Regular
175fcbba-afa5-42c8-b142-0f9764badc3f,2023-2,Ingeniería Agroindustrial,2023,69.19,74.1,22,4,4,132,44.0,65.18,12,2,5,3,1,2,3,2,Irregular
727c2fd5-e984-4841-aecc-185692f644c5,2023-1,Ingeniería en Desarrollo de Software,2022,88.45,76.5,32,2,6,192,64.0,83.68,6,3,1,1,0,2,1,1,Irregular
1b3c6d91-15f6-4f5c-8d66-0a1cb66a3363,2023-1,Ingeniería en Desarrollo de Software,2020,85.07,88.17,28,0,4,168,56.0,83.07,2,2,1,2,0,0,0,0,Regular
ce178c88-c71e-4c46-9a6d-64b0cc4bcbb0,2023-2,Ingeniería Agroindustrial,2023,44.03,12.71,35,4,6,210,70.0,50.1,24,2,0,0,5,0,4,6,Baja Temporal
9b01fac2-ee2a-4839-a700-c7d360137551,2023-1,Ingeniería Agroindustrial,2023,75.98,94.78,34,0,6,204,68.0,88.36,6,2,1,2,1,2,1,1,Regular
7be27b3e-8392-40f8-84c5-7b4bf43f13e2,2023-1,Ingeniería Biomédica,2021,99.36,94.94,20,0,6,120,40.0,97.48,1,0,0,0,0,0,0,0,Regular
3e458d24-7b44-41ec-9ed5-a4a71924d5d0,2023-1,Ingeniería en Energía,2022,75.81,70.98,34,1,5,204,68.0,85.94,2,2,1,1,1,1,1,1,Irregular
980d0765-e95e-421f-b305-8c87cb479d95,2024-1,Ingeniería en Energía,2023,82.74,79.92,18,2,5,108,36.0,94.47,4,4,3,2,1,0,1,1,Irregular
52c134a6-8d6f-49ac-b7d9-3c1d6c9d94ce,2023-1,Ingeniería Agroindustrial,2020,54.26,20.93,34,6,6,204,68.0,47.79,10,0,0,0,5,0,2,6,Baja Temporal
e95055c0-efd1-4ff8-92b8-a57cb33a13a4,2023-2,Ingeniería Biomédica,2021,84.25,89.18,26,0,5,156,52.0,91.19,5,4,3,0,1,2,0,1,Regular
f8fb0f9c-6b50-481e-b637-a4d2146dc58f,2023-1,Ingeniería en Energía,2023,46.54,27.01,29,8,7,174,58.0,39.67,28,2,2,0,5,0,2,5,Baja Temporal
e06666de-11a6-4bc1-a166-89623ac9eada,2023-1,Ingeniería Agroindustrial,2022,92.35,96.29,37,0,6,222,74.0,98.68,2,1,1,1,0,0,0,0,Regular
4ed5d8f1-c936-46bf-83d5-0ea216f2ce38,2023-2,Ingeniería en Energía,2021,85.26,82.22,34,2,7,204,68.0,83.37,3,1,2,0,1,0,1,1,Irregular
c93a150a-c71b-4408-8673-37583a503918,2024-1,Ingeniería Agroindustrial,2021,89.92,90.9,33,0,4,198,66.0,45.95,17,2,6,0,5,1,0,0,Regular
4cf332f7-8bf5-40f3-bc2a-9fdb10a68f5c,2023-2,Ingeniería Agroindustrial,2021,88.55,77.33,20,1,5,120,40.0,92.44,5,1,3,0,0,0,1,1,Irregular
e13972a3-1f2e-4a6a-953a-fcc2acbf1525,2024-1,Ingeniería en Desarrollo de Software,2020,82.99,71.27,28,2,5,168,56.0,89.23,5,1,3,2,0,2,0,0,Irregular
b2528e24-57fe-420d-bce9-19fe324eaec3,2023-1,Ingeniería en Energía,2021,74.49,50.88,32,2,6,192,64.0,73.52,6,5,5,1,2,1,1,4,Irregular
4c78a1b6-a10e-4d7d-9677-01018e65cb7c,2023-2,Ingeniería Biomédica,2021,83.13,83.69,28,0,6,168,56.0,85.59,4,1,3,2,0,1,0,0,Regular
9c06f975-b5a7-405f-920d-1ba563ca46e3,2024-1,Ingeniería en Energía,2020,60.46,60.76,32,2,4,192,64.0,63.2,12,4,3,3,2,0,3,4,Irregular
c026706a-b93e-4e9d-b6e0-be39ecaa330f,2023-2,Ingeniería en Energía,2020,85.93,89.89,32,2,6,192,64.0,81.38,5,4,3,1,1,2,1,1,Irregular
f61f71e7-7198-4dfd-9a8e-9c3b70fde669,2024-1,Ingeniería Agroindustrial,2021,85.66,87.82,21,0,5,126,42.0,32.93,16,1,8,0,5,1,0,0,Regular
0fdc8234-0756-48ff-9db9-c4c750ae721c,2024-1,Ingeniería Agroindustrial,2021,82.7,83.47,37,0,6,222,74.0,88.52,4,1,2,1,0,0,1,1,Regular
29f0180c-80e9-4773-9322-9787ee61d9f4,2024-1,Ingeniería Agroindustrial,2023,85.07,89.58,36,0,7,216,72.0,41.3,21,2,5,0,6,2,0,0,Regular
fab6d447-7b85-4fae-bb53-566dd76b9691,2024-1,Ingeniería en Energía,2022,64.69,60.77,23,2,4,138,46.0,72.67,8,6,5,4,1,1,2,2,Irregular
275bef44-91ff-453c-877a-1f4a167327ec,2023-1,Ingeniería en Desarrollo de Software,2022,78.36,83.24,38,0,7,228,76.0,87.79,5,1,2,0,1,2,1,1,Regular
525c2197-4ac8-4edd-8cf9-74b82e6dbac0,2023-1,Ingeniería Biomédica,2020,85.31,93.05,29,0,4,174,58.0,47.42,23,0,7,0,5,0,0,0,Regular
1055aaf3-fcea-443d-bfde-c14e692d58fe,2024-1,Ingeniería en Energía,2023,86.06,90.17,25,2,4,150,50.0,83.27,6,2,3,0,1,1,0,1,Irregular
52294877-8232-42c0-a691-6a8336f318bc,2023-1,Ingeniería en Energía,2020,92.2,93.7,30,0,4,180,60.0,47.23,22,1,6,0,3,1,0,0,Regular
e34f0e80-34b2-49fa-bb88-bd054bc6569a,2024-1,Ingeniería Biomédica,2023,85.84,87.2,24,0,7,144,48.0,48.29,15,2,4,0,5,2,0,0,Regular
b5840ed4-3556-4630-95c3-53b85d97d519,2024-1,Ingeniería Biomédica,2023,55.68,28.48,20,7,6,120,40.0,21.02,20,5,0,0,3,0,5,5,Irregular
47b8732c-a522-4a19-b1ec-27acc70eaa52,2023-2,Ingeniería Agroindustrial,2023,83.47,85.97,36,2,4,216,72.0,93.08,4,2,1,1,0,2,0,1,Irregular
9a6c2c10-b9a7-4bff-8eac-6efc009e3e8f,2024-1,Ingeniería Biomédica,2020,69.38,54.09,35,3,5,210,70.0,74.92,11,6,2,3,1,2,2,3,Irregular
95ca4a4c-70d8-43ed-aa29-fb2b1dc29619,2023-2,Ingeniería Biomédica,2020,87.71,85.27,27,1,7,162,54.0,82.82,4,2,2,0,1,1,0,1,Irregular
dcd5d449-54f5-4db8-9ec1-20ed77f63fee,2023-1,Ingeniería Biomédica,2023,100.0,95.76,23,0,6,138,46.0,98.18,1,1,0,1,0,0,0,0,Regular
541d5c8f-142f-4597-a15b-022051358e75,2023-1,Ingeniería Agroindustrial,2022,59.54,34.48,28,4,6,168,56.0,39.53,28,5,2,0,5,0,2,6,Irregular
e6667c6e-bf88-42aa-ae06-a9637769af36,2024-1,Ingeniería en Energía,2022,80.08,88.8,26,1,5,156,52.0,90.66,6,2,1,1,0,0,1,1,Irregular
a0f7b586-2565-4f5a-a2a6-552724a4a6eb,2023-2,Ingeniería Agroindustrial,2022,71.56,64.24,17,5,4,102,34.0,71.34,9,3,4,2,3,2,2,4,Irregular
78a07fa1-0b39-4dd1-939b-881977dd1528,2023-2,Ingeniería Biomédica,2020,68.75,55.18,16,4,4,96,32.0,69.08,7,5,3,3,3,2,2,2,Irregular
8393a5c7-d267-4e73-a5ad-793d9f0f1a1e,2024-1,Ingeniería en Desarrollo de Software,2022,86.79,88.15,24,1,4,144,48.0,94.9,5,3,2,2,0,1,0,1,Irregular
133ea3c8-86c2-4fd5-8880-4a3990e17f4e,2024-1,Ingeniería Biomédica,2023,68.38,53.48,24,4,7,144,48.0,60.01,6,6,4,3,2,0,3,3,Irregular
48a11fea-a022-46dd-bd24-c699c83ad808,2024-1,Ingeniería Agroindustrial,2020,82.79,77.14,22,1,7,132,44.0,92.91,3,3,2,1,1,1,0,1,Irregular
31925f41-1409-4082-8cdb-50f5d7247f4f,2024-1,Ingeniería en Desarrollo de Software,2022,81.91,75.25,36,1,4,216,72.0,85.45,2,4,3,2,0,1,1,1,Irregular
107f5c4f-dd27-4fbf-aa27-e1d46d1d9698,2023-1,Ingeniería en Energía,2020,73.41,53.09,23,4,4,138,46.0,68.37,6,3,4,3,3,2,2,2,Irregular
133d4f68-8db4-4712-a565-45d03b0cead6,2024-1,Ingeniería en Desarrollo de Software,2021,40.39,3.64,26,6,4,156,52.0,47.5,26,1,0,0,2,0,5,5,Irregular
d574eadc-2076-4e87-aaa5-3c4ac41b80ed,2023-2,Ingeniería en Desarrollo de Software,2021,64.44,66.07,18,4,5,108,36.0,74.69,9,4,3,3,2,0,3,2,Irregular
85e675a6-da67-44f1-bc2d-f2ec33d02b6d,2023-1,Ingeniería en Energía,2023,90.97,96.86,22,0,5,132,44.0,99.19,0,2,1,1,0,0,0,0,Regular
fab94ca7-9bd4-4a8c-b56f-24d7343e644e,2023-1,Ingeniería en Desarrollo de Software,2021,84.03,84.75,39,0,5,234,78.0,83.65,6,3,3,1,1,1,1,1,Regular
7d41c63f-cf28-453f-957b-9fdcd02b1022,2023-2,Ingeniería Agroindustrial,2020,82.46,73.88,19,1,7,114,38.0,82.25,4,1,2,2,0,1,1,0,Irregular
a540ec61-0292-408a-b0d9-b2e5d1a4571d,2023-1,Ingeniería en Desarrollo de Software,2023,86.08,89.35,28,2,4,168,56.0,80.99,3,3,1,2,1,2,0,1,Irregular
123e5ead-cfe0-430b-b0af-130f4978c15e,2023-2,Ingeniería en Energía,2021,97.3,92.53,37,0,6,222,74.0,99.36,2,0,1,1,0,0,0,0,Regular
24211846-117a-4861-9da9-723e51d739a0,2023-1,Ingeniería Agroindustrial,2020,92.8,98.47,31,0,6,186,62.0,97.99,0,1,0,1,0,0,0,0,Regular
b4ed7122-4d37-44e8-89ae-d41744f0b672,2023-1,Ingeniería en Desarrollo de Software,2020,79.88,93.33,24,1,6,144,48.0,90.51,4,3,2,0,1,0,0,0,Irregular
4c031ebb-5383-4b45-adcc-755dbda1a0b2,2023-1,Ingeniería en Energía,2021,92.87,98.69,35,0,7,210,70.0,96.68,1,0,1,1,0,0,0,0,Regular
6379f077-c2df-4d11-865b-a9875c6f8451,2024-1,Ingeniería Agroindustrial,2021,87.09,83.19,27,2,4,162,54.0,80.13,3,2,3,0,0,1,1,1,Irregular
23fae040-2dc8-49f7-a84e-0598b8c71797,2023-1,Ingeniería Biomédica,2023,54.27,4.08,16,4,7,96,32.0,57.64,15,2,1,0,2,0,2,5,Baja Temporal
17a2d4c1-7fe8-47bc-a63a-c7dbe26ee9ce,2023-2,Ingeniería Agroindustrial,2021,72.57,71.35,21,4,5,126,42.0,64.06,8,4,2,3,2,2,3,4,Irregular
877e7ecd-c4c6-41bb-a3ea-018dc82fdf98,2024-1,Ingeniería en Energía,2020,85.18,79.74,31,2,4,186,62.0,82.77,4,4,2,2,0,2,1,0,Irregular
6f87aa8b-148c-4aeb-a442-1af35dc037e0,2023-2,Ingeniería en Energía,2023,77.59,84.71,24,0,6,144,48.0,80.03,6,3,2,1,1,1,0,1,Regular
2454f436-dc10-49d7-a8b2-9447dedbe44d,2024-1,Ingeniería Agroindustrial,2021,86.55,94.21,23,1,5,138,46.0,81.97,3,1,1,2,1,0,0,0,Irregular
6b3fbccc-7d5d-47a0-80ec-21c4f7ed0533,2024-1,Ingeniería en Desarrollo de Software,2022,89.84,77.86,20,1,7,120,40.0,89.41,4,4,2,1,1,0,0,0,Irregular
b6a3fc21-459d-4a19-b61c-8e2e826e1021,2024-1,Ingeniería Agroindustrial,2022,97.48,99.72,36,0,7,216,72.0,98.66,1,0,0,1,0,0,0,0,Regular
987dd65e-00c0-4931-930d-5465af411a70,2023-2,Ingeniería en Desarrollo de Software,2021,75.28,85.06,31,2,6,186,62.0,84.73,3,1,1,2,0,1,0,0,Irregular
7477bdd6-0b7a-4ad3-96cb-3dc2078c18a6,2024-1,Ingeniería Agroindustrial,2021,86.53,77.09,22,0,6,132,44.0,94.83,4,4,3,1,0,0,1,1,Regular
354ea004-b39d-45e1-82a6-32973e619f64,2023-1,Ingeniería Biomédica,2022,88.62,87.45,33,0,4,198,66.0,49.78,15,0,5,0,5,2,0,0,Regular
0e6d3a20-491f-4ab3-9658-5c55497e433d,2023-1,Ingeniería en Desarrollo de Software,2020,62.05,70.79,32,5,5,192,64.0,79.19,12,4,3,3,2,2,3,2,Irregular
553b0776-e0ab-4cb6-875b-d60ebecca9c3,2023-2,Ingeniería en Desarrollo de Software,2023,96.2,96.26,32,0,6,192,64.0,99.53,2,2,1,1,0,0,0,0,Regular
e8e38742-9200-46f2-b697-85e037ac295b,2024-1,Ingeniería en Desarrollo de Software,2020,89.73,73.71,30,1,4,180,60.0,80.98,2,4,3,0,1,1,1,1,Irregular
893dc0c3-94ff-454a-aa88-260ae5653f3a,2023-1,Ingeniería Agroindustrial,2020,84.73,80.31,18,2,5,108,36.0,89.65,2,2,3,2,0,1,0,0,Irregular
485985c7-11c1-498e-a5e3-6ae33d92c1f5,2023-1,Ingeniería Agroindustrial,2021,92.87,89.73,28,0,5,168,56.0,35.67,16,1,5,0,3,1,0,0,Regular
4ee23f2e-d859-4338-a8f8-75bb15b441da,2023-1,Ingeniería Biomédica,2023,62.69,69.85,27,4,5,162,54.0,68.92,10,6,3,4,2,2,2,3,Irregular
2b04df37-56c2-47bd-8d58-097275f4739b,2023-1,Ingeniería en Desarrollo de Software,2023,63.46,63.79,32,2,4,192,64.0,70.46,12,6,3,1,1,0,2,2,Irregular
d4751c92-9eea-48c7-ad10-f9a4ebd4c670,2024-1,Ingeniería en Energía,2020,63.39,72.98,28,2,7,168,56.0,71.04,5,2,3,4,2,1,1,2,Irregular
f102432f-e09b-44e0-881e-e6523f054515,2023-2,Ingeniería Biomédica,2021,57.03,13.93,28,7,6,168,56.0,29.29,21,3,1,0,5,0,3,3,Baja Temporal
ed2f78b7-cc07-4d24-943a-3203ea4ceb1a,2023-1,Ingeniería Agroindustrial,2023,86.71,78.57,39,1,6,234,78.0,81.18,6,4,2,2,0,1,1,0,Irregular
eef307a8-8848-4a39-89f4-4b67760e37f1,2024-1,Ingeniería en Desarrollo de Software,2023,91.33,99.87,34,0,5,204,68.0,99.71,1,2,1,0,0,0,0,0,Regular
12def2fb-a734-4e13-874e-d5d864e81015,2023-1,Ingeniería en Energía,2022,79.31,77.89,35,1,7,210,70.0,86.67,2,4,2,2,0,0,0,1,Irregular
84e962b5-f4fb-440f-8ccc-a4479ed087af,2023-1,Ingeniería Biomédica,2023,47.18,9.54,21,8,5,126,42.0,41.41,11,1,0,0,2,0,2,5,Baja Temporal
700d6926-d3a2-4cc1-bd5b-40cdb52c8f93,2024-1,Ingeniería Biomédica,2022,86.96,91.67,27,2,4,162,54.0,90.94,6,3,3,1,1,0,1,0,Irregular
e04499d0-c0c5-4fcf-8038-83266637e0ce,2023-2,Ingeniería en Energía,2020,87.8,87.01,25,2,5,150,50.0,94.05,3,1,1,1,0,1,1,1,Irregular
c9518f2a-0658-44bf-95e8-471dee88cb59,2023-1,Ingeniería Agroindustrial,2021,88.45,73.89,30,2,4,180,60.0,83.78,4,1,3,1,0,1,0,0,Irregular
8a382e13-98ca-442f-8f66-3cf4e66c1422,2023-2,Ingeniería en Energía,2020,56.7,33.42,30,5,4,180,60.0,56.06,21,4,0,0,3,0,2,4,Irregular
589bbf8c-5277-4272-8a5e-5295e7afcf7c,2023-2,Ingeniería en Desarrollo de Software,2023,88.24,70.7,20,2,5,120,40.0,90.57,6,4,3,1,1,2,0,1,Irregular
5f0d8820-7d61-4372-8363-56fa3a024d36,2023-2,Ingeniería Biomédica,2021,88.75,87.26,39,1,4,234,78.0,86.11,4,4,1,0,0,0,1,0,Irregular
1946f2e5-803f-4140-9141-dfcf9012b4e2,2023-1,Ingeniería Biomédica,2021,89.74,73.35,36,2,4,216,72.0,89.82,3,1,2,1,0,2,0,0,Irregular
58ef51b9-bd10-4af8-9084-7b1915f5ae02,2024-1,Ingeniería Biomédica,2021,94.47,96.22,36,0,4,216,72.0,98.2,2,1,0,1,0,0,0,0,Regular
2fa8d756-8817-4342-9cd1-94f3aedef5fd,2023-2,Ingeniería en Energía,2021,65.96,68.39,26,3,6,156,52.0,64.03,5,3,2,2,2,0,1,2,Irregular
f48f270b-8d9e-4f3e-8b65-4553303898a4,2023-1,Ingeniería Agroindustrial,2020,88.41,86.32,34,0,4,204,68.0,86.81,2,4,2,2,0,0,0,1,Regular
609181d3-5d11-46d0-952b-65409e7e35ba,2023-2,Ingeniería en Energía,2022,67.71,50.81,28,4,5,168,56.0,75.41,7,2,4,1,2,1,2,2,Irregular
2a048fc6-860a-459a-95b0-57a692bc92d8,2024-1,Ingeniería Agroindustrial,2020,77.91,72.18,31,0,6,186,62.0,88.74,2,1,1,1,0,1,1,0,Regular
c21d95db-f0f2-42e8-987f-24ac89b1f837,2023-2,Ingeniería Agroindustrial,2020,96.06,90.54,31,0,6,186,62.0,97.95,2,2,0,1,0,0,0,0,Regular
483ac87f-7627-4d57-baec-37cdadbfc61a,2024-1,Ingeniería Agroindustrial,2022,74.49,54.81,17,3,4,102,34.0,75.47,6,4,5,4,2,0,1,2,Irregular
5d6d3f75-3444-4d51-be22-7d578ed03dd3,2023-1,Ingeniería en Energía,2022,79.82,73.76,21,2,7,126,42.0,88.4,2,2,3,1,1,2,0,0,Irregular
64255e6c-c845-4e1e-9ee9-8cb841007609,2023-2,Ingeniería Agroindustrial,2022,75.86,86.77,24,2,4,144,48.0,90.25,4,2,2,1,1,0,0,1,Irregular
9f46819e-8e89-41a6-91c0-bb6275c37377,2023-2,Ingeniería Agroindustrial,2020,80.88,91.55,33,1,6,198,66.0,84.45,3,3,2,0,1,1,0,1,Irregular
3601fb32-bf0e-4fda-8590-edceca2ddabc,2023-1,Ingeniería Biomédica,2020,71.32,50.95,27,5,7,162,54.0,78.65,10,2,3,2,2,0,1,2,Irregular
09991be3-9689-4ad3-ba71-68c42eeade71,2023-1,Ingeniería en Desarrollo de Software,2023,82.13,77.21,31,0,6,186,62.0,81.22,2,1,2,1,0,1,1,0,Regular
765a3676-606f-464c-b410-b7cb23bc320e,2024-1,Ingeniería Biomédica,2020,80.99,78.76,25,1,6,150,50.0,92.28,4,2,3,2,0,0,0,0,Irregular
a3b022b2-b870-488a-b6f8-f9c9a848bffb,2023-1,Ingeniería en Desarrollo de Software,2021,77.44,81.28,38,0,6,228,76.0,84.92,5,1,2,1,1,0,1,0,Regular
4f24bc38-cae2-4a34-97a7-3b6eb93ceb75,2024-1,Ingeniería en Desarrollo de Software,2021,87.18,89.81,28,2,4,168,56.0,92.23,3,4,1,0,0,0,1,0,Irregular
c2def1df-af5e-4475-83a4-37cf894dc064,2023-1,Ingeniería Biomédica,2021,64.31,62.98,32,5,7,192,64.0,70.39,8,2,4,2,2,0,2,4,Irregular
ccf847c8-a7e0-4db7-863c-aec8b634029e,2023-1,Ingeniería en Energía,2020,77.33,86.4,33,2,6,198,66.0,86.64,6,3,1,0,0,0,1,0,Irregular
e3ad1061-8aba-418e-a2d1-d72b9abc3bf2,2023-2,Ingeniería Biomédica,2021,90.71,96.9,20,0,4,120,40.0,98.33,2,0,0,0,0,0,0,0,Regular
0ff2890e-0e7d-4ac5-b531-531a04ab2af4,2023-1,Ingeniería en Energía,2020,71.82,54.02,36,2,7,216,72.0,77.93,9,3,5,4,1,2,2,1,Irregular
b33a39b0-4aec-4c8a-9996-d2620f81f945,2023-2,Ingeniería Agroindustrial,2023,87.57,92.74,19,2,7,114,38.0,82.8,2,3,2,0,0,1,0,1,Irregular
a6761828-7ddf-45ae-b3ea-13bcf14a0f74,2023-2,Ingeniería en Desarrollo de Software,2022,74.76,62.03,22,5,6,132,44.0,66.72,10,2,4,3,2,0,2,2,Irregular
201166db-640e-4fd8-a295-ca220b09ec2a,2023-2,Ingeniería Biomédica,2021,85.6,70.05,30,0,7,180,60.0,83.8,4,2,3,1,1,2,1,1,Regular
2ed4c81e-2c1a-4c83-9788-a949f8d9cad6,2023-1,Ingeniería Biomédica,2021,98.57,96.36,22,0,6,132,44.0,97.91,0,0,0,1,0,0,0,0,Regular
299bfe89-1d0c-44af-9ef8-917964be1d91,2023-2,Ingeniería Biomédica,2021,88.23,80.73,35,1,6,210,70.0,83.33,3,1,1,2,1,1,1,0,Irregular
95b94afc-b427-4c90-956f-3e311446b581,2024-1,Ingeniería en Energía,2021,96.09,98.22,26,0,7,156,52.0,98.42,1,1,1,1,0,0,0,0,Regular
8424202d-96ca-460b-a24e-2e30ef256c40,2024-1,Ingeniería Biomédica,2022,92.79,91.7,28,0,6,168,56.0,96.14,1,2,1,0,0,0,0,0,Regular
93b4de3d-97fc-4274-9787-c7c56366aa52,2023-1,Ingeniería en Energía,2020,62.05,73.01,22,2,4,132,44.0,67.06,11,4,4,3,2,0,1,1,Irregular
6a8f5f41-871c-48bc-bcac-65b782a3f9b7,2023-2,Ingeniería Agroindustrial,2023,88.1,82.03,30,1,5,180,60.0,88.44,2,3,1,1,0,2,1,1,Irregular
38e84df0-8753-423a-9234-813698d10153,2024-1,Ingeniería Biomédica,2022,79.81,90.33,25,1,6,150,50.0,87.66,3,4,3,2,1,2,1,1,Irregular
decaf6d8-673e-42da-bb63-9cb8fba165ff,2023-1,Ingeniería en Energía,2022,89.43,88.39,39,0,7,234,78.0,43.36,20,1,4,0,5,0,0,0,Regular
91d39f1b-2b6b-433f-81ae-8a5a1c11f1af,2023-2,Ingeniería Agroindustrial,2021,94.08,89.3,23,0,5,138,46.0,33.74,16,0,5,0,5,2,0,0,Regular
efaae7b6-e644-453b-b430-40def24f6d7a,2023-2,Ingeniería Biomédica,2020,71.79,53.77,17,5,6,102,34.0,63.8,9,4,3,2,1,2,2,1,Irregular
0d2a219f-8349-4561-ab46-cdc7e9f41567,2023-2,Ingeniería Biomédica,2020,51.58,23.35,14,8,4,84,28.0,24.19,24,2,2,0,4,0,4,5,Baja Temporal
6adc8527-a4be-4e42-b3f0-9d4f048edeb8,2024-1,Ingeniería en Energía,2020,48.82,4.74,18,8,7,108,36.0,45.19,30,3,2,0,3,0,5,4,Baja Temporal
1572bf11-4ddb-4b9e-82b8-dbb34f7b2f6b,2023-2,Ingeniería en Desarrollo de Software,2021,94.15,93.29,21,0,6,126,42.0,43.16,25,2,5,0,4,2,0,0,Regular
f993c9d6-4ef1-450d-9e2b-669bb9bc1b03,2023-2,Ingeniería en Desarrollo de Software,2021,74.76,71.25,28,2,4,168,56.0,71.03,9,2,2,3,3,1,1,4,Irregular
919c4ccb-a2c0-4469-95f8-6ce3c767b68b,2024-1,Ingeniería Biomédica,2023,73.16,53.08,38,2,5,228,76.0,61.35,5,4,5,1,3,2,1,3,Irregular
453cfed8-1fbe-46d8-b9ee-d0b88a320fc1,2023-1,Ingeniería Biomédica,2021,84.85,81.66,28,1,6,168,56.0,81.88,3,1,2,2,1,0,1,0,Irregular
b1403897-6adb-41e5-8041-2e19b933fbaf,2023-1,Ingeniería en Desarrollo de Software,2020,93.4,90.53,33,0,7,198,66.0,98.09,2,1,1,0,0,0,0,0,Regular
335e9df1-e7c3-4aeb-87ed-2e78d2ab9540,2024-1,Ingeniería en Energía,2023,84.09,84.24,34,2,7,204,68.0,86.18,4,2,3,0,1,2,0,1,Irregular
cc0ead60-a1fd-4af5-a83f-5ce1f5ede8c6,2023-1,Ingeniería en Desarrollo de Software,2023,61.09,52.69,29,2,7,174,58.0,64.01,10,6,5,1,3,2,3,1,Irregular
5f9a520d-27f4-4c30-b936-86fed351bd00,2023-2,Ingeniería en Energía,2020,82.3,91.79,33,2,6,198,66.0,90.74,2,3,3,2,0,2,0,0,Irregular
27244229-eb4c-4fb7-8aac-f9754fe077f4,2023-1,Ingeniería Biomédica,2023,82.47,91.68,36,0,5,216,72.0,87.98,3,1,2,1,0,1,1,1,Regular
0f774ed6-2791-4340-89f2-a6a806f41611,2023-2,Ingeniería Biomédica,2021,81.44,91.82,24,2,6,144,48.0,87.4,3,1,2,1,1,1,1,0,Irregular
acd8d80d-12d5-4ae8-84de-9fda93fb977b,2023-2,Ingeniería Agroindustrial,2023,89.46,82.17,38,2,7,228,76.0,83.15,5,2,3,1,0,1,0,1,Irregular
5207e979-35b1-4fba-96ad-0962138733e9,2023-1,Ingeniería Agroindustrial,2023,89.6,93.59,37,2,6,222,74.0,80.83,5,3,2,2,0,2,1,1,Irregular
1e35bca4-569b-4dc7-b162-5e5e100132ee,2024-1,Ingeniería en Desarrollo de Software,2023,51.91,32.59,32,8,5,192,64.0,29.35,29,0,2,0,5,0,2,8,Baja Temporal
6c0f19c7-d0ec-45fc-910f-908c48a3faab,2024-1,Ingeniería en Desarrollo de Software,2020,82.63,85.64,31,2,5,186,62.0,83.79,4,1,3,0,0,2,0,0,Irregular
2492b607-5579-4964-ba76-906484a0e00d,2023-1,Ingeniería Agroindustrial,2022,70.73,63.92,28,3,7,168,56.0,74.53,9,4,4,4,3,2,2,4,Irregular
ff759f0d-15e0-4b46-be0a-ac2bef81611b,2024-1,Ingeniería Agroindustrial,2021,76.2,74.8,28,2,4,168,56.0,87.15,3,1,2,1,1,2,0,0,Irregular
6c2400df-1065-4e72-9226-e011812ffa41,2023-1,Ingeniería Biomédica,2023,87.98,78.59,20,0,5,120,40.0,93.24,4,4,1,1,0,1,0,0,Regular
d9eee207-8a67-4b1c-81e7-f1b8242b78f6,2023-1,Ingeniería Agroindustrial,2020,90.68,92.51,25,0,4,150,50.0,95.45,2,2,1,0,0,0,0,0,Regular
fd2e22a1-a5b7-49f2-90ab-1644a22014ee,2023-2,Ingeniería Biomédica,2021,70.46,67.92,25,2,5,150,50.0,73.57,8,3,2,3,2,0,3,2,Irregular
4d984b41-5cf0-4d4f-8214-aa14b87d1e42,2024-1,Ingeniería Agroindustrial,2021,73.55,53.96,31,2,7,186,62.0,70.61,11,6,2,1,1,2,1,1,Irregular
75ac9100-c4ec-4add-9562-d3efe86452f1,2023-2,Ingeniería Biomédica,2023,76.38,81.03,19,2,6,114,38.0,94.19,2,1,2,2,0,1,0,1,Irregular
f497c730-a451-48fa-9304-e8ba859752f3,2024-1,Ingeniería en Desarrollo de Software,2021,87.96,91.39,37,0,7,222,74.0,40.97,19,1,8,0,3,2,0,0,Regular
9b265753-701d-4c6e-ac77-c189ed4e657e,2023-1,Ingeniería Agroindustrial,2022,83.12,76.24,35,0,5,210,70.0,87.95,4,3,2,1,0,2,1,0,Regular
d8d6e79a-6130-487d-ba36-636808f56645,2024-1,Ingeniería en Energía,2021,70.04,54.47,23,2,6,138,46.0,78.25,5,5,3,4,1,0,3,4,Irregular
fb7f19cc-67e9-4cf6-bdec-30473402be3a,2024-1,Ingeniería Agroindustrial,2020,64.51,70.89,30,5,6,180,60.0,65.25,12,3,4,2,3,2,2,3,Irregular
bba9e7d3-8ed4-4fc1-a86a-1c04ed0585d0,2023-1,Ingeniería en Energía,2020,93.71,95.28,30,0,5,180,60.0,95.16,1,1,1,0,0,0,0,0,Regular
0820aa33-03c7-4e7e-87c3-356742db0358,2023-1,Ingeniería en Energía,2022,49.18,3.41,26,8,7,156,52.0,54.72,23,1,0,0,2,0,5,7,Baja Temporal
696e1393-7747-4f41-8ac8-e92ccb370a62,2024-1,Ingeniería Biomédica,2022,96.56,97.04,21,0,4,126,42.0,95.15,1,2,1,1,0,0,0,0,Regular
2f6e62b2-5416-4cc9-bf41-413c2bbde733,2023-1,Ingeniería Agroindustrial,2023,62.04,70.78,26,4,7,156,52.0,65.84,5,2,4,2,2,0,2,4,Irregular
0f9eb28a-3933-4a16-8caa-a41f8d40b607,2023-1,Ingeniería en Energía,2022,78.98,90.44,30,2,5,180,60.0,83.79,4,4,1,2,0,2,0,0,Irregular
11a8708b-ec94-4a16-ab1d-62775e139340,2024-1,Ingeniería Agroindustrial,2020,77.34,84.53,34,2,6,204,68.0,82.14,6,1,3,1,0,0,1,0,Irregular
f053c71b-8aaa-4f33-b56a-d1826e506b26,2024-1,Ingeniería en Desarrollo de Software,2020,86.57,85.16,20,0,7,120,40.0,30.65,16,2,6,0,4,2,0,0,Regular
09ab6e65-196e-4d34-9965-28462490ebb1,2023-2,Ingeniería Agroindustrial,2022,81.95,78.9,37,2,5,222,74.0,81.1,3,2,2,0,0,0,0,1,Irregular
70f4d51f-a708-421b-83e4-e1711d112c25,2023-2,Ingeniería Agroindustrial,2023,48.84,5.7,34,4,4,204,68.0,34.2,10,1,1,0,3,0,5,8,Irregular
e7360cf1-91fc-4fc5-8ebc-5786782a62b9,2023-1,Ingeniería Biomédica,2021,60.46,54.19,36,4,4,216,72.0,79.28,9,3,3,2,1,2,2,3,Irregular
6b9f6a4a-7d49-4672-9793-da7c0a5d23e2,2024-1,Ingeniería Biomédica,2023,80.22,91.8,29,1,6,174,58.0,87.65,4,2,3,0,0,2,0,0,Irregular
fe94a765-0d8f-4437-a53e-97c209bc0eec,2024-1,Ingeniería Agroindustrial,2020,54.66,26.78,27,6,6,162,54.0,27.26,16,1,1,0,3,0,3,4,Irregular
ff17e5dd-e2f4-478d-b2b1-982f1ae1cf12,2023-1,Ingeniería en Energía,2022,71.88,51.52,28,5,6,168,56.0,67.08,10,4,4,4,2,1,1,1,Irregular
5c123a69-8d15-4cee-b582-31a2e44e2628,2023-2,Ingeniería en Energía,2023,85.4,70.67,30,1,4,180,60.0,91.21,3,3,3,1,1,1,0,1,Irregular
7a43e99e-4c28-4d38-a166-a9890e49aaed,2023-2,Ingeniería Agroindustrial,2021,88.41,89.49,20,0,6,120,40.0,94.65,6,4,1,2,1,1,1,0,Regular
0ff5b166-f267-4f80-9edb-904e4584dfcd,2023-1,Ingeniería Biomédica,2023,89.89,78.53,20,2,4,120,40.0,88.08,5,1,2,0,0,0,1,1,Irregular
ae175c1c-bf27-400a-9cd7-1f4d32323269,2023-2,Ingeniería en Desarrollo de Software,2021,49.38,38.95,21,8,7,126,42.0,54.7,29,1,2,0,2,0,3,3,Irregular
56f59ca1-3a8a-4262-9518-bdb59382e211,2024-1,Ingeniería en Desarrollo de Software,2020,60.31,57.92,24,5,6,144,48.0,78.66,10,6,3,1,1,2,3,4,Irregular
1c9a1e94-e09a-4ce5-883c-18f28a34dd0b,2024-1,Ingeniería en Energía,2022,88.5,91.98,22,0,4,132,44.0,94.75,5,3,3,2,0,0,1,0,Regular
7a6727ec-1159-408c-a107-946dd06d2a58,2024-1,Ingeniería en Desarrollo de Software,2020,90.62,92.22,29,0,5,174,58.0,44.36,20,2,4,0,6,2,0,0,Regular
a17bce90-4cb7-4a83-a02a-493e3171ebf7,2024-1,Ingeniería Biomédica,2023,77.89,77.8,24,1,6,144,48.0,84.59,4,3,2,1,1,1,0,1,Irregular
b2b45366-b4ce-4001-8919-4e611215ce92,2023-2,Ingeniería Biomédica,2020,96.37,96.19,32,0,5,192,64.0,96.1,1,1,1,1,0,0,0,0,Regular
8ba4360a-b09b-44c9-aca8-c12143abed61,2023-2,Ingeniería Agroindustrial,2023,77.36,89.54,30,2,6,180,60.0,81.43,4,4,2,2,1,2,1,0,Irregular
15869b3b-860f-483b-bc28-05b8af9c83df,2024-1,Ingeniería en Desarrollo de Software,2021,78.99,80.05,26,0,4,156,52.0,94.6,6,2,2,1,0,0,0,0,Regular
b3ff652d-d112-4bfb-a5e2-a0f30bb6c891,2023-2,Ingeniería Biomédica,2023,87.03,92.06,32,2,5,192,64.0,85.56,6,3,2,0,0,0,1,1,Irregular
4d605a94-134d-441c-b36e-8ada58fc7db8,2023-2,Ingeniería en Energía,2020,85.28,87.15,18,2,7,108,36.0,86.52,6,1,3,0,0,1,1,1,Irregular
3c68d4cc-9108-426b-a677-d5e04e3b19d6,2023-2,Ingeniería en Energía,2022,77.37,91.76,30,0,7,180,60.0,81.9,4,4,3,0,1,1,1,0,Regular
1d1e8f49-d84b-4aae-8757-ee85d40bec31,2024-1,Ingeniería en Energía,2022,92.24,94.67,34,0,4,204,68.0,44.74,20,0,5,0,3,1,0,0,Regular
07eddc70-ef97-4077-a0f4-baf15c730a2f,2023-1,Ingeniería en Energía,2021,91.43,93.97,22,0,7,132,44.0,30.5,19,0,7,0,5,0,0,0,Regular
d6089d67-7acd-46c7-9279-1a18666ba552,2024-1,Ingeniería en Energía,2020,67.44,74.01,24,2,6,144,48.0,70.41,12,2,4,3,1,2,1,4,Irregular
e1268c55-e0d0-4a4d-afef-85e0f89ba648,2023-1,Ingeniería en Desarrollo de Software,2022,75.79,92.25,28,1,4,168,56.0,91.28,6,2,3,1,0,1,1,0,Irregular
e6e2098c-7f67-424c-8bb7-c7b71ceca25c,2023-1,Ingeniería en Energía,2022,68.82,66.62,31,4,4,186,62.0,76.98,5,5,5,2,2,0,2,2,Irregular
a406bdc6-d063-4750-ad42-56f571d5267d,2024-1,Ingeniería Agroindustrial,2023,94.2,94.27,20,0,5,120,40.0,30.04,16,0,7,0,4,1,0,0,Regular
0b288d31-f910-4d40-a661-999520314225,2023-2,Ingeniería en Energía,2021,64.53,62.03,27,3,7,162,54.0,65.03,12,6,2,1,3,1,3,3,Irregular
27b09c2a-60fd-492e-9dd6-fed5260d65df,2023-2,Ingeniería Biomédica,2022,52.08,46.75,30,8,6,180,60.0,36.65,18,3,0,0,4,0,4,8,Irregular
cfd8d6d0-0255-46fb-a215-b19648ebb25b,2024-1,Ingeniería en Desarrollo de Software,2020,60.86,60.88,29,5,7,174,58.0,66.18,9,4,4,1,3,0,2,4,Irregular
1643fc35-5bf8-418e-980c-82ba12cb81dc,2023-2,Ingeniería Biomédica,2020,76.56,71.19,29,1,4,174,58.0,80.84,6,3,2,0,1,2,0,0,Irregular
d8361e22-e328-4f89-9f6e-9a3da71c57f6,2023-1,Ingeniería en Energía,2021,85.16,81.27,35,0,7,210,70.0,90.9,2,4,3,2,1,1,0,1,Regular
b7e10d7d-84df-46f7-bd27-94dcce118001,2023-1,Ingeniería Biomédica,2020,86.86,93.75,31,2,5,186,62.0,88.55,3,1,2,2,1,1,0,0,Irregular
15211761-a8b5-44f8-a8ef-5af6fcc32684,2023-1,Ingeniería en Energía,2021,62.57,64.15,23,2,6,138,46.0,77.99,10,5,2,3,1,1,2,2,Irregular
40a23648-2303-46cf-8bfc-cfcad30ef442,2023-2,Ingeniería Biomédica,2020,76.34,77.73,34,1,7,204,68.0,92.33,3,1,1,2,0,0,1,0,Irregular
f5c613f4-8c48-49c8-871c-4adeff82d8cb,2024-1,Ingeniería en Desarrollo de Software,2020,84.77,78.01,28,0,5,168,56.0,83.89,6,4,3,1,0,1,1,0,Regular
2a36f256-1d27-4eed-9153-526e494999b2,2023-1,Ingeniería en Desarrollo de Software,2020,83.89,74.8,30,2,6,180,60.0,80.0,4,1,1,2,0,2,1,1,Irregular
5b740053-9c3a-4ac6-ad6e-82ae0787441c,2024-1,Ingeniería Agroindustrial,2020,92.39,93.34,37,0,6,222,74.0,32.15,24,2,4,0,3,1,0,0,Regular
65b6f118-92eb-4c10-add7-340cdac13425,2024-1,Ingeniería en Energía,2022,61.33,57.18,28,4,6,168,56.0,64.13,8,4,2,2,3,0,1,4,Irregular
fc4ba8da-8883-4e6e-a956-39a8a4570391,2023-1,Ingeniería en Desarrollo de Software,2020,88.63,94.73,38,2,7,228,76.0,82.01,5,2,1,1,1,0,0,1,Irregular
4dcc52ff-7bd8-4c01-8f58-5a3bc24d7fb5,2024-1,Ingeniería Agroindustrial,2023,68.87,54.31,30,2,5,180,60.0,70.98,7,3,5,3,1,0,2,1,Irregular
c10731c9-2461-4b31-9b35-ee7eb0132651,2024-1,Ingeniería Agroindustrial,2021,74.14,57.39,37,2,4,222,74.0,78.21,6,2,5,4,3,1,3,2,Irregular
ef732f5a-765a-419c-a171-c952e66f1466,2024-1,Ingeniería en Energía,2022,79.34,76.36,23,2,7,138,46.0,89.47,3,1,2,1,1,2,1,1,Irregular
62f686b3-da34-4e9e-a1b8-fbc218bcb24d,2023-2,Ingeniería Biomédica,2020,73.06,61.85,17,5,7,102,34.0,68.36,12,3,5,4,2,0,2,3,Irregular
88854c28-e7de-4058-8e22-8f57a8f67e98,2023-2,Ingeniería en Desarrollo de Software,2022,84.12,89.24,32,1,7,192,64.0,87.22,3,2,2,1,1,1,0,1,Irregular
d2bcf228-7a0a-40a1-897b-cf3af0b5f037,2023-1,Ingeniería en Desarrollo de Software,2023,83.96,90.53,39,1,5,234,78.0,89.83,4,1,2,0,1,2,1,0,Irregular
f6dff5d6-eb3b-4f40-9233-0dda06769303,2023-2,Ingeniería Agroindustrial,2021,76.52,82.24,40,0,7,240,80.0,83.74,3,4,1,2,0,2,0,1,Regular
a34dfa69-df83-4317-ad41-0c247dcd5266,2023-1,Ingeniería Agroindustrial,2022,96.09,99.77,24,0,6,144,48.0,98.62,1,0,0,1,0,0,0,0,Regular
68c006b9-a614-489a-9c39-bb384d145464,2023-1,Ingeniería en Desarrollo de Software,2020,90.94,96.93,20,0,6,120,40.0,98.91,1,1,1,1,0,0,0,0,Regular
85ddc15a-02e7-4434-8460-b342c2910ffe,2023-2,Ingeniería Biomédica,2020,87.87,92.9,23,0,5,138,46.0,35.57,15,1,5,0,3,2,0,0,Regular
de503ee0-a0bc-4e1a-9f2a-187a9518fd79,2023-2,Ingeniería Biomédica,2022,87.05,92.33,27,2,6,162,54.0,93.58,5,1,2,2,0,1,1,0,Irregular
caddf4e6-503b-432f-9f4a-26355c28fe84,2024-1,Ingeniería en Energía,2020,78.09,70.46,29,1,4,174,58.0,83.6,5,1,2,0,1,2,0,1,Irregular
f62cf405-b56e-4456-9970-17d0ebe68f53,2023-2,Ingeniería en Desarrollo de Software,2021,98.66,92.57,40,0,7,240,80.0,95.37,1,1,0,1,0,0,0,0,Regular
f6a4d5e8-9351-4d79-b5d9-54a81cb38281,2023-1,Ingeniería Agroindustrial,2022,89.11,81.98,38,2,6,228,76.0,90.9,5,1,3,0,1,2,1,1,Irregular
12c82758-2ae0-430f-a3b9-37e5a8f83c1e,2023-1,Ingeniería Agroindustrial,2022,98.98,92.03,23,0,4,138,46.0,96.35,1,0,0,0,0,0,0,0,Regular
6b50147c-5489-4703-ab62-f26d52e43d58,2024-1,Ingeniería Biomédica,2022,80.91,84.65,27,0,7,162,54.0,92.35,3,3,3,1,0,2,0,1,Regular
0a73f653-9f7e-4deb-a290-be36cd08f28c,2023-1,Ingeniería Agroindustrial,2021,84.27,91.75,20,0,7,120,40.0,91.02,5,4,3,0,0,2,0,0,Regular
cd1b0ef4-e747-4954-a102-e9eb7f088548,2023-2,Ingeniería en Energía,2023,92.89,97.27,23,0,5,138,46.0,96.24,1,1,1,0,0,0,0,0,Regular
900fbbe9-6a5a-4fef-ae60-f112334e4d87,2023-2,Ingeniería Biomédica,2020,72.78,58.21,28,3,7,168,56.0,74.67,8,6,4,1,2,1,1,4,Irregular
2293d734-75de-4787-9692-fd6a78827d7c,2023-2,Ingeniería en Desarrollo de Software,2022,78.9,77.01,26,0,7,156,52.0,91.78,3,4,1,1,1,0,1,1,Regular
81ee3b2b-d481-4c89-b5ca-5bb6f43f60dd,2023-1,Ingeniería en Desarrollo de Software,2021,69.13,50.61,32,5,5,192,64.0,69.52,8,5,3,4,3,0,1,1,Irregular
1fef4fb8-adea-4986-955e-46569dc3f4fa,2023-1,Ingeniería en Desarrollo de Software,2021,82.62,94.88,28,2,4,168,56.0,84.53,4,2,3,0,1,2,1,0,Irregular
5410ef68-5931-44de-b0e8-1a02574b0c9b,2023-2,Ingeniería en Energía,2021,69.49,55.41,26,5,4,156,52.0,61.44,5,5,5,4,2,2,2,3,Irregular
58a09415-76be-449e-8e31-e2c971d02bc5,2024-1,Ingeniería Agroindustrial,2022,88.61,88.65,34,0,7,204,68.0,42.92,23,2,6,0,4,1,0,0,Regular
24e65c1d-1935-4f37-ad02-a8c31b38a2f1,2023-2,Ingeniería en Energía,2021,94.39,91.85,35,0,4,210,70.0,95.49,1,1,1,1,0,0,0,0,Regular
6660b2dd-e960-4228-8ffd-912d898ed7b2,2023-2,Ingeniería en Energía,2021,78.0,76.12,27,2,4,162,54.0,80.76,3,1,2,1,0,2,1,0,Irregular
67777edc-d152-4795-9453-bf871c7c55bf,2023-2,Ingeniería en Desarrollo de Software,2021,42.89,43.59,18,8,7,108,36.0,40.68,23,5,0,0,5,0,3,3,Baja Temporal
fc2161f2-d84d-44e1-83bf-96bc028ee0ee,2023-1,Ingeniería en Energía,2021,88.17,70.95,36,1,7,216,72.0,83.13,2,3,3,2,0,1,0,1,Irregular
e2876145-a7f6-4a9a-b721-647753121c14,2024-1,Ingeniería Biomédica,2020,85.98,76.23,31,0,4,186,62.0,87.36,2,2,1,0,1,2,1,1,Regular
aaaf40f7-0e40-47dd-850b-0f18f7d4e0d9,2024-1,Ingeniería Biomédica,2021,62.15,61.72,31,3,7,186,62.0,77.44,12,5,3,2,1,1,2,4,Irregular
2dd0b36f-1c69-4105-b0fd-c394d0cade44,2023-1,Ingeniería Biomédica,2020,76.55,75.98,26,0,4,156,52.0,88.58,4,2,2,1,0,1,1,1,Regular
25cbabf1-d5de-4a7f-8919-55354370a1a4,2024-1,Ingeniería en Energía,2023,82.95,78.05,25,1,4,150,50.0,81.41,5,1,1,0,1,1,1,1,Irregular
feb54cd4-df78-4c42-8641-8ec0f9c0c39e,2024-1,Ingeniería Biomédica,2021,92.01,91.47,27,0,4,162,54.0,96.1,0,2,0,0,0,0,0,0,Regular
3cf0e1b6-a620-420f-9609-961d30a1a7ca,2023-2,Ingeniería Biomédica,2022,66.89,66.41,35,3,6,210,70.0,67.69,5,4,2,1,3,1,3,3,Irregular
783fac6c-b6a9-4e9f-b880-7a2a62eba4e6,2024-1,Ingeniería Biomédica,2023,40.29,4.2,13,7,4,78,26.0,54.03,25,3,0,0,2,0,2,6,Irregular
ce323f44-5bae-4e94-9f90-a31fe82b3260,2024-1,Ingeniería Biomédica,2020,65.38,59.76,37,3,5,222,74.0,62.15,12,5,2,2,1,1,2,3,Irregular
c80df6f9-1598-4253-9161-692c55506af8,2024-1,Ingeniería en Energía,2022,88.28,87.94,26,0,7,156,52.0,93.5,4,2,3,2,1,1,1,0,Regular
4ba6b260-1e75-471b-b19a-c8205c4501a4,2024-1,Ingeniería en Desarrollo de Software,2022,98.64,95.25,40,0,4,240,80.0,99.61,2,1,0,1,0,0,0,0,Regular
5029eb77-9d69-4649-9014-5d6569599f11,2023-1,Ingeniería Biomédica,2022,86.91,70.87,24,1,7,144,48.0,92.6,5,2,2,2,1,2,0,1,Irregular
8a6fc734-5771-40ba-b83f-436d31475fba,2023-1,Ingeniería Biomédica,2023,81.28,78.76,23,1,6,138,46.0,81.61,5,3,3,0,0,1,1,1,Irregular
5b82d66d-1c7d-4da6-9bff-606cd1c25e53,2023-2,Ingeniería Biomédica,2022,80.44,75.11,20,1,4,120,40.0,87.14,4,2,2,0,0,1,0,0,Irregular
b4b097e3-9565-458c-bfe7-9dfbdffbd662,2024-1,Ingeniería en Energía,2023,86.28,93.8,32,1,6,192,64.0,90.15,5,2,2,2,0,2,1,0,Irregular
5849e29c-0eb8-4812-af03-96c42e62c42f,2023-2,Ingeniería en Desarrollo de Software,2022,76.66,85.0,35,2,6,210,70.0,83.53,4,3,2,0,0,1,0,0,Irregular
842877bb-a541-4948-8bd1-88b8d98269ea,2023-1,Ingeniería en Energía,2020,81.69,81.94,18,2,4,108,36.0,87.74,6,4,3,0,0,2,1,0,Irregular
3b13fba0-e227-48a0-8933-0b3ee88688e3,2023-1,Ingeniería en Energía,2020,84.34,77.42,20,2,5,120,40.0,83.17,3,2,1,0,0,1,1,1,Irregular
698de949-574b-4840-b2c1-5be93bbf0b24,2023-1,Ingeniería en Desarrollo de Software,2020,92.03,90.32,23,0,4,138,46.0,97.63,2,2,0,0,0,0,0,0,Regular
32af307c-5d08-4625-8b78-5dc0f7d5ef28,2023-2,Ingeniería en Energía,2020,76.6,94.92,24,0,5,144,48.0,88.27,2,4,3,1,1,2,1,0,Regular
edbfd59d-a1ee-4226-9d66-402dcbbb3a98,2023-1,Ingeniería Biomédica,2023,90.96,86.2,32,0,6,192,64.0,35.62,24,0,6,0,5,0,0,0,Regular
670746ad-b2ee-4fed-bc43-8cb61491e8b2,2024-1,Ingeniería en Desarrollo de Software,2023,75.68,71.97,31,0,4,186,62.0,86.07,2,4,3,1,1,1,1,1,Regular
e1331c7a-cb00-4584-be02-d347190f111c,2024-1,Ingeniería en Energía,2021,60.31,59.59,27,2,5,162,54.0,67.36,9,6,3,2,2,1,1,4,Irregular
6405e0e5-d561-4999-a91f-c0584af04800,2023-2,Ingeniería en Energía,2020,99.44,97.63,36,0,6,216,72.0,98.33,2,1,0,1,0,0,0,0,Regular
944ce87f-e3c8-4263-9a91-7739c7069543,2023-2,Ingeniería en Desarrollo de Software,2023,70.92,70.4,31,5,6,186,62.0,65.54,8,4,3,1,2,2,2,3,Irregular
8d0f01c4-008b-434d-acd7-87011645c264,2023-1,Ingeniería Biomédica,2021,88.62,93.57,23,1,4,138,46.0,89.57,5,4,3,2,1,1,0,0,Irregular
6f161358-6722-496f-a4de-656f3c9cc898,2024-1,Ingeniería en Desarrollo de Software,2021,75.79,74.1,35,1,6,210,70.0,90.97,6,4,2,2,1,0,0,1,Irregular
98122def-ccbb-4ac4-8a92-5b9828851975,2023-2,Ingeniería Agroindustrial,2022,82.26,82.32,37,0,7,222,74.0,85.69,6,2,2,0,0,0,0,0,Regular
8c383239-ba64-4958-9057-0b56654f713a,2024-1,Ingeniería en Energía,2023,82.79,84.0,20,0,6,120,40.0,92.68,3,1,1,1,0,2,0,0,Regular
5cce03c0-c4d5-4260-8a03-bb05910f5cce,2023-2,Ingeniería en Energía,2020,74.88,55.29,30,5,7,180,60.0,61.88,7,6,3,1,2,2,3,4,Irregular
28279733-338a-46d6-a1fb-7f67a045c840,2023-2,Ingeniería en Desarrollo de Software,2022,95.09,95.76,32,0,6,192,64.0,96.53,0,0,1,0,0,0,0,0,Regular
c87e64d9-c67a-4bda-a5dc-15970cacd0c1,2024-1,Ingeniería Agroindustrial,2020,52.92,39.16,32,5,6,192,64.0,43.29,13,3,0,0,2,0,3,7,Baja Temporal
41cd11e6-c848-4ef2-a23e-92331319f2e0,2024-1,Ingeniería Agroindustrial,2023,84.26,80.06,35,2,7,210,70.0,82.19,4,2,2,0,0,0,0,0,Irregular
e9529ea7-3a59-405d-b30c-9ec1015f64e8,2024-1,Ingeniería Biomédica,2020,79.64,72.62,37,2,5,222,74.0,89.83,4,3,1,0,0,0,0,0,Irregular
77644a67-b1ec-4f25-bc4d-1c358cfe06dc,2023-1,Ingeniería en Desarrollo de Software,2022,93.93,96.04,31,0,5,186,62.0,96.91,0,1,0,1,0,0,0,0,Regular
6358b8b6-edf3-4177-b5ed-621d6c2e61e9,2023-1,Ingeniería en Desarrollo de Software,2022,83.52,83.26,27,2,6,162,54.0,85.6,5,3,2,1,1,2,1,1,Irregular
09aae25e-1145-4f4b-ad15-da9b16915ea6,2023-2,Ingeniería Agroindustrial,2023,66.88,58.03,36,4,7,216,72.0,73.81,10,5,3,2,3,2,3,1,Irregular
da214479-02e7-416e-b2db-15db7b336971,2023-2,Ingeniería en Desarrollo de Software,2021,88.69,78.2,37,2,4,222,74.0,88.05,3,2,1,2,0,0,0,0,Irregular
4f99053c-030c-4483-a326-4e36daf62661,2023-2,Ingeniería en Desarrollo de Software,2020,94.43,94.94,40,0,4,240,80.0,99.51,0,2,1,0,0,0,0,0,Regular
c6149169-2c61-4166-bdd6-c4250d2c30d9,2023-2,Ingeniería Agroindustrial,2022,84.34,94.96,22,0,4,132,44.0,80.51,4,3,3,1,1,2,1,0,Regular
922c980d-d47b-449d-b22d-c3275a83a203,2023-2,Ingeniería Agroindustrial,2021,78.2,79.82,37,1,4,222,74.0,90.48,6,2,3,2,1,1,0,1,Irregular
8835e527-72f2-4380-b0aa-0765c057e963,2023-1,Ingeniería Agroindustrial,2022,90.82,97.37,24,0,5,144,48.0,99.88,2,1,0,1,0,0,0,0,Regular
411e298f-861c-42b6-93d5-b1b33d205bcf,2024-1,Ingeniería en Energía,2023,76.22,93.91,24,1,6,144,48.0,80.96,5,4,1,0,0,0,1,1,Irregular
eef98a69-88d2-47a2-a521-e26eda5019ca,2023-1,Ingeniería Biomédica,2020,67.38,62.95,29,2,7,174,58.0,65.04,8,5,2,4,3,2,2,1,Irregular
6918b8b8-19d7-4b2a-87c3-05ea3fc779f5,2023-1,Ingeniería en Desarrollo de Software,2020,76.7,79.27,26,1,6,156,52.0,81.57,6,3,2,2,1,2,0,0,Irregular
599e55c2-0933-4924-92ee-068ba942fc55,2023-2,Ingeniería en Desarrollo de Software,2021,97.98,99.93,37,0,7,222,74.0,95.43,0,0,1,1,0,0,0,0,Regular
f59f7049-b706-4175-8074-edebf143f9bc,2023-2,Ingeniería Biomédica,2022,64.68,58.95,19,5,7,114,38.0,74.62,11,4,3,1,2,1,2,4,Irregular
17ff5b2b-cc19-4e57-ad9c-1d946ca71694,2024-1,Ingeniería Agroindustrial,2020,80.23,84.65,23,1,4,138,46.0,84.35,3,1,2,2,0,2,1,1,Irregular
506b6cce-6d08-4de0-af57-4860af588f6d,2023-1,Ingeniería Biomédica,2021,55.56,0.92,31,7,4,186,62.0,21.24,11,4,1,0,3,0,5,8,Irregular
d2b375e8-6499-4b12-b230-95a2de0c12a5,2024-1,Ingeniería Agroindustrial,2022,87.12,88.36,27,0,7,162,54.0,85.86,5,1,2,1,0,0,0,1,Regular
9f56c0d8-709b-4ac7-b1af-13348e97a47a,2024-1,Ingeniería Agroindustrial,2023,67.26,59.47,22,2,6,132,44.0,60.98,7,3,5,2,2,2,2,3,Irregular
56e6eb11-5625-4247-ab42-e7d6ce0a153e,2024-1,Ingeniería en Desarrollo de Software,2022,78.51,75.14,28,1,6,168,56.0,92.38,5,1,1,1,1,2,1,0,Irregular
4f8ed7d4-68d4-4230-a2e7-a50705a4c221,2024-1,Ingeniería en Energía,2020,86.68,90.97,33,1,6,198,66.0,83.13,3,1,1,2,1,1,0,0,Irregular
06fe1429-03b2-47c7-b9ef-ce25619381e4,2023-1,Ingeniería en Desarrollo de Software,2020,60.75,63.72,36,3,7,216,72.0,78.28,11,5,2,1,3,0,1,2,Irregular
06ad39a0-de92-471b-963b-0b0a0d197180,2023-1,Ingeniería Biomédica,2021,72.13,66.34,36,3,5,216,72.0,60.84,7,5,5,4,1,0,1,1,Irregular
d6fb87a6-5c0f-41d8-b1a7-4003a713493f,2024-1,Ingeniería en Energía,2021,87.88,79.65,38,0,6,228,76.0,92.32,6,4,3,2,0,0,0,0,Regular
e45867e4-d766-4173-9f55-5086e62fea47,2023-2,Ingeniería en Energía,2021,77.76,78.49,28,1,5,168,56.0,81.2,3,1,2,0,0,0,0,1,Irregular
5b8caf3d-14c8-44a6-853f-a0a740f8174f,2023-1,Ingeniería Biomédica,2022,87.99,87.59,20,1,5,120,40.0,83.48,3,2,1,1,1,0,1,0,Irregular
af2ab188-1566-4c5e-8542-8f67b15ddf63,2023-2,Ingeniería en Desarrollo de Software,2021,62.38,58.03,20,5,5,120,40.0,72.38,8,6,3,1,3,0,2,2,Irregular
2edeafa1-9bc9-49cc-9f6c-741a5286a439,2023-1,Ingeniería Agroindustrial,2021,90.76,94.72,28,0,4,168,56.0,34.05,21,2,5,0,6,2,0,0,Regular
109923f4-e097-4cab-9392-25cc88962fd5,2024-1,Ingeniería Biomédica,2023,79.04,81.2,28,2,5,168,56.0,81.91,2,2,3,2,1,0,1,0,Irregular
139e7de3-0182-42e8-8bc3-c0878f4c31b8,2024-1,Ingeniería Biomédica,2020,57.42,32.39,26,6,4,156,52.0,29.71,19,3,0,0,3,0,3,6,Baja Temporal
3e7bca8d-2165-42cf-bdeb-497b9b7aaab9,2023-2,Ingeniería Biomédica,2021,82.11,86.5,30,1,7,180,60.0,92.04,5,1,2,0,0,2,1,1,Irregular
a10920cb-dd42-44dc-8cd7-54a4cd874c40,2023-2,Ingeniería en Energía,2020,88.33,92.99,33,2,7,198,66.0,81.6,5,1,3,2,1,0,0,0,Irregular
bff5dd75-408c-4b91-bd64-9aad354b33f1,2023-1,Ingeniería Biomédica,2022,90.69,92.15,31,0,6,186,62.0,96.23,0,0,0,0,0,0,0,0,Regular
b1303942-a03f-4a23-ace8-6b7422129de1,2023-2,Ingeniería en Desarrollo de Software,2022,80.76,80.03,26,2,6,156,52.0,80.96,2,3,1,1,0,1,1,1,Irregular
d405339b-719e-47d1-a70f-be135d5d807a,2023-1,Ingeniería Biomédica,2021,55.74,28.05,24,4,5,144,48.0,22.3,11,3,0,0,5,0,2,8,Baja Temporal
0800e573-b7c9-442e-a2ff-f1013c18b365,2024-1,Ingeniería en Energía,2020,79.19,76.3,24,2,5,144,48.0,80.16,2,1,3,1,1,0,0,1,Irregular
0c9d67fc-23e9-4162-b031-2b64afdb67a1,2024-1,Ingeniería en Desarrollo de Software,2023,71.72,56.45,35,5,4,210,70.0,60.14,12,5,4,2,3,2,1,3,Irregular
38789d3d-c7f6-4139-b0d3-91ea3dc1cb72,2024-1,Ingeniería Biomédica,2023,94.88,97.78,26,0,5,156,52.0,99.13,0,0,0,0,0,0,0,0,Regular
70831440-048d-4a94-bf1f-a01471b71098,2024-1,Ingeniería Biomédica,2020,88.89,88.83,36,1,7,216,72.0,87.86,6,1,1,2,1,0,1,1,Irregular
3c15896f-db41-47ff-9272-2c4c0ff03728,2023-1,Ingeniería Agroindustrial,2021,75.27,80.03,34,1,7,204,68.0,92.01,5,4,1,1,1,2,1,1,Irregular
b85cec74-389f-4dfc-a657-b9aff632aa6b,2024-1,Ingeniería Biomédica,2022,87.24,90.38,26,1,6,156,52.0,84.57,6,3,2,2,0,1,0,1,Irregular
d02345de-b622-42e8-bf38-16cda51c1f5c,2024-1,Ingeniería Agroindustrial,2021,86.45,91.1,28,0,7,168,56.0,90.18,2,2,3,1,0,0,0,1,Regular
3494917a-91aa-43a1-ae9d-fb292124c58e,2024-1,Ingeniería en Energía,2021,55.23,2.51,16,7,6,96,32.0,47.13,29,1,2,0,2,0,4,8,Irregular
fe014712-7c16-427d-9a4f-22c3bad4453e,2023-1,Ingeniería en Desarrollo de Software,2023,46.54,5.0,34,4,7,204,68.0,21.18,15,1,2,0,2,0,2,4,Baja Temporal
a641aa1d-dda4-4daf-adc4-07793a227bee,2023-2,Ingeniería en Desarrollo de Software,2022,78.02,82.65,35,2,6,210,70.0,83.35,4,1,3,1,0,0,0,1,Irregular
bcc1132d-cbc8-40b7-889a-c31d6c076501,2024-1,Ingeniería Biomédica,2023,81.12,93.81,19,1,4,114,38.0,82.2,2,3,3,2,0,1,0,1,Irregular
46d5853d-e121-4837-b17e-642d4002bfca,2023-1,Ingeniería Biomédica,2023,75.22,77.35,24,0,4,144,48.0,90.57,3,3,1,1,1,0,0,0,Regular
6358e5d6-7af0-4922-9e0a-559b31172cac,2023-2,Ingeniería Agroindustrial,2021,59.29,34.49,18,5,5,108,36.0,26.22,25,1,1,0,5,0,3,3,Baja Temporal
604e3ef4-5982-4324-9a36-fba7b4310c99,2024-1,Ingeniería Biomédica,2023,90.77,98.02,39,0,4,234,78.0,98.75,2,2,0,0,0,0,0,0,Regular
9b95ce56-0311-4303-84c1-d609d3c2ff74,2023-2,Ingeniería Biomédica,2020,68.25,67.81,36,2,4,216,72.0,76.58,9,3,2,3,1,2,1,4,Irregular
8384465a-aed5-4094-8af1-ad4eec3393ae,2024-1,Ingeniería en Energía,2021,50.4,4.17,25,4,4,150,50.0,24.29,22,4,0,0,5,0,4,7,Baja Temporal
67b18048-f71d-4fa3-878b-6805db059ac9,2023-2,Ingeniería Agroindustrial,2023,83.98,94.62,33,1,7,198,66.0,86.7,6,2,3,1,1,0,1,1,Irregular
388d5a59-9e65-4ea5-9840-75324412c164,2023-1,Ingeniería en Energía,2023,92.63,97.22,39,0,5,234,78.0,98.91,1,0,0,1,0,0,0,0,Regular
98b48e14-70b5-4020-ad96-6cd3df4b018c,2023-2,Ingeniería en Energía,2020,91.15,87.73,30,0,5,180,60.0,31.55,18,2,4,0,6,2,0,0,Regular
777d1dea-1f1c-4b44-bb0f-5dd7be789c76,2023-1,Ingeniería Biomédica,2022,89.95,85.65,28,0,4,168,56.0,42.16,24,1,8,0,5,2,0,0,Regular
15adc0fa-35b3-4876-a69b-0c09f27ec74b,2023-2,Ingeniería Biomédica,2020,89.15,76.42,28,1,4,168,56.0,91.88,4,4,2,2,1,2,0,0,Irregular
d229c2fd-6c1d-4eb3-812f-8d8d3f85cbc3,2023-1,Ingeniería en Energía,2023,66.22,55.1,36,2,5,216,72.0,70.57,7,3,2,3,2,0,3,3,Irregular
9c1fcf4a-e474-4dbd-8c9a-a67198afb147,2023-2,Ingeniería Biomédica,2020,79.88,94.71,24,2,4,144,48.0,88.95,4,2,3,0,0,1,0,0,Irregular
2264d699-f005-4b83-ad60-5ac4c10b0d89,2023-1,Ingeniería en Energía,2023,62.9,72.57,33,5,6,198,66.0,71.01,12,3,3,4,3,2,2,2,Irregular
4829620a-4676-4275-af3b-d3b8285e2cf3,2024-1,Ingeniería en Energía,2022,84.18,82.46,28,1,6,168,56.0,91.89,5,2,1,2,1,2,0,0,Irregular
26414ea0-f0f8-4176-bd1a-f6cb1bb92c87,2023-1,Ingeniería Agroindustrial,2022,89.43,72.96,32,0,5,192,64.0,82.97,5,3,2,0,1,2,1,0,Regular
d98c6608-86d5-4327-9468-80d934826fd1,2023-1,Ingeniería Agroindustrial,2020,77.52,74.97,24,0,5,144,48.0,91.5,2,2,3,0,0,1,1,0,Regular
c7f2472d-7491-40bb-b653-1b24fee38b55,2023-2,Ingeniería Agroindustrial,2023,83.57,83.46,32,2,5,192,64.0,86.19,6,4,3,0,0,0,0,0,Irregular
c616a463-0e98-4097-878f-020695ad855a,2024-1,Ingeniería en Energía,2020,91.83,97.71,27,0,7,162,54.0,97.91,2,0,0,0,0,0,0,0,Regular
e8504665-17e4-476f-b75b-ff15f5a05c21,2024-1,Ingeniería Biomédica,2023,91.58,91.72,28,0,4,168,56.0,97.59,0,2,0,1,0,0,0,0,Regular
f510df4a-f4a4-41d0-bdad-7f4f93e13293,2024-1,Ingeniería en Desarrollo de Software,2021,78.55,85.74,35,2,5,210,70.0,93.43,6,2,3,1,1,1,0,0,Irregular
def12e82-9491-47e6-a196-2116ca6ad8c8,2023-1,Ingeniería en Energía,2020,78.76,78.4,36,1,5,216,72.0,89.36,5,3,2,1,1,2,0,1,Irregular
d69b2e0c-8218-4b57-af97-8fed187bb9dc,2023-1,Ingeniería en Energía,2022,89.82,79.76,38,2,7,228,76.0,82.01,4,2,1,2,1,2,1,0,Irregular
526a96c3-0ee9-4db5-9a67-348cd9bf1cef,2024-1,Ingeniería en Desarrollo de Software,2022,96.85,94.51,36,0,7,216,72.0,96.69,2,0,1,1,0,0,0,0,Regular
f6eae591-2541-4548-81c5-19afb95ab0a4,2023-2,Ingeniería en Desarrollo de Software,2023,88.76,77.13,27,0,7,162,54.0,92.42,2,1,1,2,0,1,1,1,Regular
d58e22d5-6661-403a-a3df-3e9100203211,2023-2,Ingeniería Agroindustrial,2020,64.98,53.77,25,5,6,150,50.0,60.79,9,5,4,3,1,0,2,3,Irregular
58cbb933-91ce-492a-b3e0-e60b35bde2e6,2023-2,Ingeniería Agroindustrial,2021,88.9,80.92,37,2,4,222,74.0,83.9,4,4,2,0,0,0,1,1,Irregular
a9804544-0f3d-49f0-811c-aba897bf436c,2023-1,Ingeniería Biomédica,2023,77.65,85.98,24,1,7,144,48.0,81.66,2,3,2,2,0,0,1,1,Irregular
9dfd0e34-45cf-470b-a410-f0337e73b02f,2023-1,Ingeniería en Energía,2021,91.46,99.39,28,0,7,168,56.0,97.41,2,1,0,1,0,0,0,0,Regular
b21a4a4f-5087-46a8-9654-f26a87f5c364,2023-2,Ingeniería en Energía,2023,83.59,76.14,26,2,6,156,52.0,88.54,2,3,2,2,1,2,0,1,Irregular
e99b96fd-fb98-40d9-8db3-68767ffaf9eb,2024-1,Ingeniería en Energía,2022,84.27,74.58,31,0,4,186,62.0,80.19,3,4,1,0,1,2,0,0,Regular
5573deb3-5299-4dad-a77e-85a9fbbf7726,2024-1,Ingeniería en Energía,2022,68.79,69.49,36,3,4,216,72.0,71.82,11,2,3,3,2,1,3,2,Irregular
4ada43ca-21cf-4092-bea8-25ccb8f0fed5,2023-2,Ingeniería en Desarrollo de Software,2023,81.81,87.09,35,0,5,210,70.0,81.07,5,3,1,0,0,1,0,0,Regular
e81838a3-e67c-4e80-8c5e-cb6ae278bc0a,2023-2,Ingeniería en Desarrollo de Software,2023,76.81,91.32,28,2,6,168,56.0,90.2,3,1,3,1,0,2,0,1,Irregular
f22dbe6c-2c9e-476b-8a38-ed8c17a02748,2023-1,Ingeniería Biomédica,2020,83.63,70.1,21,0,5,126,42.0,90.87,6,2,3,2,1,1,0,0,Regular
18ada45a-7edf-4639-af1b-73b387e09c70,2024-1,Ingeniería Biomédica,2023,74.05,68.75,24,4,5,144,48.0,76.63,9,6,3,2,1,2,1,4,Irregular
852811e7-8e05-41ff-93aa-9c5f41abb4b0,2024-1,Ingeniería en Desarrollo de Software,2022,90.45,99.73,25,0,5,150,50.0,96.99,1,1,1,1,0,0,0,0,Regular
27e7823c-6387-466c-9113-9bfc9a332161,2023-1,Ingeniería Biomédica,2022,60.67,61.23,29,4,6,174,58.0,67.45,6,3,4,2,1,1,2,3,Irregular
8c2ef44b-785e-4919-8faf-aebaece4caf2,2024-1,Ingeniería en Desarrollo de Software,2021,56.55,6.61,13,8,5,78,26.0,46.67,27,1,1,0,3,0,3,6,Irregular
9d55c782-8369-40e9-b5c0-3e3c97d814bc,2023-1,Ingeniería Biomédica,2021,96.93,99.06,25,0,4,150,50.0,97.37,1,0,0,0,0,0,0,0,Regular
2d826d5e-1869-4825-9e9a-d490e96e2d47,2023-1,Ingeniería Biomédica,2020,94.43,93.87,21,0,7,126,42.0,98.12,0,0,1,1,0,0,0,0,Regular
a01c0253-aa27-4698-8e5c-517f2e9344cc,2024-1,Ingeniería Agroindustrial,2020,79.3,76.63,22,2,6,132,44.0,94.55,4,1,3,1,1,2,0,0,Irregular
dc9c6dd2-b1f5-4838-801b-ec97c1e80f9e,2024-1,Ingeniería Biomédica,2020,83.96,78.07,31,2,5,186,62.0,92.3,4,2,3,1,1,0,1,1,Irregular
9b786ac8-0797-4f8f-abbd-5149e16879cf,2023-2,Ingeniería en Desarrollo de Software,2021,67.06,57.31,22,5,6,132,44.0,69.75,8,2,5,1,3,0,3,1,Irregular
2af8874e-e3d0-4c97-849e-77e8b64a2578,2024-1,Ingeniería en Energía,2021,87.3,88.19,32,2,5,192,64.0,88.47,2,2,3,2,1,1,1,0,Irregular
97f22f2e-0406-4965-833f-88dc556d8913,2023-1,Ingeniería Biomédica,2023,81.45,79.98,22,2,6,132,44.0,91.8,6,3,2,2,1,0,1,1,Irregular
a7bd8f91-a789-454a-8132-94cd054232a8,2023-1,Ingeniería en Desarrollo de Software,2020,82.87,76.26,30,2,6,180,60.0,82.12,2,1,1,1,0,0,1,1,Irregular
89517961-61c7-4b7e-91d7-db5a39440fde,2024-1,Ingeniería Biomédica,2021,88.89,85.0,29,0,5,174,58.0,81.98,2,2,1,1,0,1,1,1,Regular
49a17b4d-d14b-45e9-9c09-0d95ba0a4eb9,2023-1,Ingeniería Biomédica,2021,80.12,72.01,24,0,6,144,48.0,92.57,3,1,1,0,0,1,1,0,Regular
fbd2946b-6bdf-4339-81ef-7cc6e1e78b71,2023-2,Ingeniería en Energía,2022,85.85,77.9,31,2,7,186,62.0,83.83,5,4,2,2,0,0,1,1,Irregular
c710119d-0806-440a-a0ce-215abb1564de,2024-1,Ingeniería Agroindustrial,2020,70.29,55.62,24,5,7,144,48.0,75.14,10,2,5,2,2,2,2,3,Irregular
d8b1e3bd-460f-4f01-b392-f758abe2472c,2024-1,Ingeniería Biomédica,2022,81.97,76.34,22,2,4,132,44.0,89.71,3,2,1,0,0,0,1,1,Irregular
7ffe4049-63e4-46bb-8227-ad7b3c3ad6cf,2023-2,Ingeniería en Energía,2020,77.65,87.9,20,2,6,120,40.0,88.67,6,2,3,1,0,0,0,1,Irregular
0650bd83-0b8e-4513-b241-38b87d755f0a,2023-1,Ingeniería en Desarrollo de Software,2023,77.02,75.08,23,1,7,138,46.0,90.0,6,4,1,2,0,0,0,1,Irregular
ed1036e4-df0c-484c-a6a2-a9e7ade09325,2024-1,Ingeniería Biomédica,2022,77.54,93.54,31,2,5,186,62.0,86.97,5,4,1,0,1,2,0,0,Irregular
9754d715-987e-4d05-85ed-37792d88528f,2024-1,Ingeniería Biomédica,2021,67.93,74.63,28,4,5,168,56.0,60.51,9,6,2,2,3,0,1,4,Irregular
dbfcc8d8-f5ad-4bf1-b566-f245832cf09b,2024-1,Ingeniería en Desarrollo de Software,2023,58.44,28.06,30,6,6,180,60.0,58.8,11,4,1,0,3,0,4,7,Baja Temporal
648bfbe2-8d60-450e-b822-dda18f9b9373,2024-1,Ingeniería Biomédica,2021,57.66,7.47,21,6,6,126,42.0,39.78,10,3,2,0,3,0,2,3,Baja Temporal
5dd4a683-6236-4df7-bb7a-b67377a260a0,2023-2,Ingeniería Biomédica,2023,61.42,70.83,35,3,7,210,70.0,62.93,12,2,3,1,1,2,3,1,Irregular
0c4725f9-4bf5-4863-94e7-44042c9e0bfe,2023-1,Ingeniería Biomédica,2021,82.44,83.2,37,2,5,222,74.0,82.0,6,1,3,0,0,2,1,1,Irregular
9604c027-8c9f-4cd1-95fc-7753c3097545,2023-2,Ingeniería en Energía,2023,88.54,87.79,40,0,6,240,80.0,33.24,15,2,4,0,5,2,0,0,Regular
01a2b440-5f61-40ee-be0e-d614ae1295ca,2023-2,Ingeniería en Energía,2023,89.76,73.42,25,2,6,150,50.0,81.05,2,3,2,0,0,0,1,0,Irregular
6f574af9-204a-4b20-92e1-18ed3b7ad902,2023-1,Ingeniería Biomédica,2023,77.26,77.73,37,1,4,222,74.0,85.87,5,2,1,2,1,2,1,0,Irregular
33c3f766-3174-4a94-9f83-ee302ec89a31,2024-1,Ingeniería Agroindustrial,2021,83.78,84.83,31,2,6,186,62.0,87.21,3,3,2,0,1,1,1,1,Irregular
da406ae8-d67e-4d18-8624-b6d1d6ee2e1d,2023-2,Ingeniería Agroindustrial,2020,84.78,88.28,24,2,6,144,48.0,85.39,3,1,3,2,0,2,1,0,Irregular
19e005ba-24f0-40de-9988-ddb44c3c60ac,2024-1,Ingeniería Biomédica,2023,66.01,54.38,36,2,6,216,72.0,68.2,9,5,2,4,3,0,1,1,Irregular
b824d568-684e-49fb-bbc1-e70b1ed47b91,2023-1,Ingeniería en Energía,2022,86.25,74.36,36,1,4,216,72.0,82.23,3,1,3,1,0,1,1,0,Irregular
38dea534-5cb4-43b7-9a61-c150b84c8c41,2023-1,Ingeniería en Energía,2023,79.58,94.2,36,1,5,216,72.0,85.55,2,3,1,1,0,1,0,1,Irregular
9311d243-f42c-4ed8-b659-3268e7ac2a5a,2023-2,Ingeniería Biomédica,2023,95.03,92.3,26,0,7,156,52.0,96.12,1,2,1,0,0,0,0,0,Regular
d3b4efc3-1daa-4c4a-9cc3-3a17489e2ea6,2023-1,Ingeniería Biomédica,2022,66.12,69.33,27,5,4,162,54.0,61.87,11,6,4,1,2,0,3,2,Irregular
f42daf82-9216-441c-9fe1-36d9741466b5,2024-1,Ingeniería en Desarrollo de Software,2020,41.56,38.51,22,7,7,132,44.0,39.21,11,4,1,0,2,0,5,5,Baja Temporal
399699e7-bfd8-4c62-b1f5-300871e06734,2023-1,Ingeniería en Energía,2021,97.65,90.12,21,0,7,126,42.0,99.95,0,0,1,1,0,0,0,0,Regular
25556b17-c88c-4e94-954a-f3f6c5d3cfbb,2024-1,Ingeniería Agroindustrial,2023,82.63,70.62,30,2,7,180,60.0,89.73,5,3,3,1,1,0,1,1,Irregular
9b261cd0-259e-48ad-9ee8-f1f52350affd,2024-1,Ingeniería Agroindustrial,2020,76.42,92.71,37,2,7,222,74.0,81.52,6,1,3,0,0,2,0,1,Irregular
f1318e54-89af-4acd-88aa-36d4d5f3b6b4,2023-2,Ingeniería en Energía,2020,93.25,90.6,38,0,4,228,76.0,96.0,0,1,1,1,0,0,0,0,Regular
c916373a-6d8b-4d17-af04-4fdee5ece86f,2023-2,Ingeniería en Energía,2020,88.02,93.17,22,2,5,132,44.0,94.44,6,2,1,2,0,2,1,0,Irregular
0b42e5a1-c2d5-40de-8de2-bd99384342dd,2023-2,Ingeniería Agroindustrial,2022,85.17,91.1,38,1,4,228,76.0,91.29,5,1,2,1,1,2,0,0,Irregular
1e778730-1e1c-4ef3-b71a-3066a85e05fe,2023-2,Ingeniería Biomédica,2023,53.99,29.86,15,8,4,90,30.0,52.99,10,1,0,0,2,0,2,8,Irregular
e8ea7ec6-a6c1-46df-8cb4-2206634de260,2023-2,Ingeniería Biomédica,2020,88.17,73.85,39,1,6,234,78.0,86.08,6,2,1,1,1,1,1,0,Irregular
7094fce4-744e-4329-8bbf-91cf6d6c8232,2023-2,Ingeniería en Energía,2021,80.88,85.37,26,2,7,156,52.0,85.3,6,3,1,1,1,0,1,1,Irregular
8d75a78e-b08f-4965-aad9-a83c32e0cc9b,2023-1,Ingeniería en Desarrollo de Software,2023,85.11,90.06,39,0,7,234,78.0,87.48,3,2,3,0,0,2,0,1,Regular
b8556788-1fc1-4eac-a9ec-748a493cd93c,2023-1,Ingeniería en Desarrollo de Software,2020,99.5,99.5,29,0,5,174,58.0,96.44,1,1,0,0,0,0,0,0,Regular
2a87e341-31cf-43ae-9f4d-d8e34192cc97,2023-1,Ingeniería en Energía,2022,76.8,82.47,30,2,5,180,60.0,81.21,5,2,3,1,1,0,0,0,Irregular
357f88c4-d419-451e-9b60-c1e3f9f7eba2,2024-1,Ingeniería Agroindustrial,2023,75.31,90.46,25,2,6,150,50.0,83.44,2,2,3,2,1,1,1,1,Irregular
ffec7403-7c6c-4fa6-b43e-b3f3729b8783,2023-1,Ingeniería en Desarrollo de Software,2021,80.58,79.51,33,0,7,198,66.0,93.24,3,1,1,1,1,1,0,0,Regular
732e9f7a-d0e2-489c-b4a6-b8fe64348156,2023-2,Ingeniería en Desarrollo de Software,2022,87.97,81.78,34,2,7,204,68.0,84.45,3,3,2,0,0,2,0,1,Irregular
37aad241-d1de-42cc-9762-b0fa07eae963,2023-1,Ingeniería Biomédica,2022,53.99,10.99,33,5,7,198,66.0,39.71,21,2,2,0,2,0,5,4,Irregular
94137df2-507c-45d2-86ce-64c6bf847981,2023-2,Ingeniería en Energía,2022,77.73,94.13,38,0,5,228,76.0,86.37,2,3,2,0,1,2,1,1,Regular
32cc60c9-fd1f-49a2-ae8f-8783063c94f7,2023-2,Ingeniería en Desarrollo de Software,2022,63.01,59.4,18,5,5,108,36.0,76.74,8,6,2,2,1,0,2,2,Irregular
fc10ca00-c6a7-42ae-aa7e-15209228482a,2023-1,Ingeniería en Desarrollo de Software,2020,70.06,67.58,35,3,6,210,70.0,71.62,12,5,2,3,2,0,3,2,Irregular
5ceea54f-9b25-4e67-9d2e-4489d8f56700,2023-1,Ingeniería en Desarrollo de Software,2020,85.94,83.63,20,2,6,120,40.0,80.56,6,4,3,2,1,2,0,0,Irregular
564e6a76-70f4-4964-a5fb-013319f9e4e1,2024-1,Ingeniería Biomédica,2022,70.0,55.23,17,3,4,102,34.0,78.74,6,4,5,3,2,2,3,1,Irregular
014354e9-414e-4208-ab83-90aa2ea4f4ea,2024-1,Ingeniería en Energía,2022,96.28,98.25,40,0,4,240,80.0,96.54,0,1,1,1,0,0,0,0,Regular
2f93d802-ca82-49f6-917e-09ecdce34c1d,2024-1,Ingeniería Agroindustrial,2021,79.6,71.4,32,2,5,192,64.0,85.3,6,3,3,0,0,1,1,1,Irregular
eaba77b2-98ab-481a-9d68-7f0a3ae7d09b,2024-1,Ingeniería en Energía,2020,85.34,72.53,36,1,5,216,72.0,94.0,2,1,2,1,0,1,0,1,Irregular
0204b43f-da67-4b7d-a524-5ee146572a92,2023-2,Ingeniería Agroindustrial,2022,76.34,89.19,21,2,4,126,42.0,94.43,3,2,2,2,0,2,1,1,Irregular
d350873f-40c3-4ffe-8cf4-ff7adc9151ce,2023-1,Ingeniería en Energía,2022,75.12,72.57,32,0,6,192,64.0,81.92,2,4,1,2,1,0,1,1,Regular
70a3681b-ac91-44fd-83de-3436c721c9bd,2023-1,Ingeniería en Desarrollo de Software,2023,80.29,70.38,33,2,5,198,66.0,80.78,6,3,3,2,0,1,1,0,Irregular
57243aed-78b8-4cee-aeab-7ad14d7df6cc,2023-2,Ingeniería en Desarrollo de Software,2021,79.06,88.49,34,1,5,204,68.0,94.2,5,2,3,1,0,0,1,0,Irregular
bff82b0e-1bd5-47ce-85ba-5dfaaebfd56c,2024-1,Ingeniería en Energía,2022,77.63,73.93,21,0,6,126,42.0,86.6,2,4,3,0,1,2,1,1,Regular
568d287a-43ec-4195-94b5-9c6201ebb8ad,2023-1,Ingeniería Biomédica,2023,77.49,91.53,27,0,7,162,54.0,89.83,2,1,1,0,1,0,0,0,Regular
18c1796c-c639-4999-8399-68edb09f2851,2023-2,Ingeniería Biomédica,2023,81.68,78.22,39,0,5,234,78.0,90.1,2,2,3,0,0,2,1,1,Regular
b73397f6-93d7-419c-bb1c-d57c34f47a71,2024-1,Ingeniería en Desarrollo de Software,2023,84.62,92.72,35,0,4,210,70.0,90.21,2,2,3,1,1,2,1,1,Regular
78e4680a-c963-4223-97f5-8a212e494049,2023-1,Ingeniería en Energía,2022,76.05,74.3,29,2,5,174,58.0,87.52,3,1,2,0,1,1,0,0,Irregular
1c387978-29c0-409c-94d7-636efa9989e1,2023-2,Ingeniería Biomédica,2022,85.42,74.35,27,0,4,162,54.0,82.12,2,4,2,0,0,2,0,0,Regular
f31262ea-e5b0-4726-ac4b-585d957dc434,2024-1,Ingeniería Biomédica,2020,68.27,64.87,35,3,7,210,70.0,62.07,9,6,3,1,2,1,3,1,Irregular
4a1ca519-71c9-47d4-8758-8ace03a79ccb,2023-1,Ingeniería Biomédica,2023,60.16,74.24,33,5,7,198,66.0,69.54,5,4,3,4,3,2,3,1,Irregular
a4e6faa6-1b98-486b-b350-a7b25991acd4,2023-1,Ingeniería en Energía,2022,84.24,74.14,28,0,5,168,56.0,87.79,2,3,3,1,1,0,0,0,Regular
b13bd62d-d783-4a45-8750-0270f9635f2f,2024-1,Ingeniería Agroindustrial,2021,80.44,73.47,21,1,4,126,42.0,86.37,4,3,2,1,0,0,1,1,Irregular
62800b5b-1106-4184-94fb-3aa99fec39c3,2024-1,Ingeniería en Energía,2021,81.52,84.73,18,2,6,108,36.0,92.22,2,2,1,1,0,2,0,0,Irregular
a320ea1c-fd34-41fa-a1f6-701b05477a68,2023-1,Ingeniería Agroindustrial,2023,75.4,76.65,39,1,4,234,78.0,92.0,4,2,1,2,0,2,0,1,Irregular
eb36af63-a340-4d8c-981f-f53ce3ef5beb,2023-1,Ingeniería Biomédica,2023,81.5,72.02,35,2,7,210,70.0,93.83,2,1,1,1,1,2,1,0,Irregular
1eded946-a80a-4f9b-ab76-820e32670ae1,2023-2,Ingeniería en Desarrollo de Software,2023,77.29,71.82,19,1,6,114,38.0,86.09,6,2,1,0,0,2,0,1,Irregular
5cde98a0-f90c-4a2d-b626-4537c2e25b8a,2023-1,Ingeniería Agroindustrial,2022,81.82,79.44,39,1,6,234,78.0,86.82,3,1,2,0,0,0,0,0,Irregular
b55c5db5-8925-41e7-a2a7-fe61e92f0030,2024-1,Ingeniería Biomédica,2023,81.66,75.36,21,0,6,126,42.0,90.16,3,2,3,1,1,1,1,0,Regular
08c36985-d6ee-473f-9762-6ef70a864b44,2024-1,Ingeniería en Energía,2022,89.68,90.24,18,2,7,108,36.0,93.36,2,4,3,2,1,0,0,1,Irregular
3503f898-2bd5-46ac-81ed-e07632e2f3d7,2023-2,Ingeniería Biomédica,2023,91.9,99.42,29,0,7,174,58.0,97.07,1,2,1,0,0,0,0,0,Regular
d409b38d-253e-4c87-b2b0-2632daedd6d0,2023-1,Ingeniería en Desarrollo de Software,2022,83.03,79.64,21,0,4,126,42.0,89.98,3,1,3,2,0,2,1,1,Regular
aa5f89c0-b9e4-49a4-af4a-5cc17e22c1f3,2023-1,Ingeniería en Desarrollo de Software,2021,55.41,25.79,29,8,6,174,58.0,47.41,24,0,2,0,4,0,2,5,Irregular
037cb0c2-27a2-44aa-a79f-b0e1c99fcf29,2024-1,Ingeniería en Desarrollo de Software,2020,80.47,72.44,27,0,6,162,54.0,93.82,5,1,1,2,0,1,0,0,Regular
3c9a850a-57c1-4ac7-b2f1-8e1b5d048370,2023-2,Ingeniería en Energía,2021,45.71,16.77,22,6,5,132,44.0,22.8,29,2,0,0,4,0,2,4,Baja Temporal
7bcfd0c5-41c1-4fe9-a147-8af051784c4a,2023-2,Ingeniería en Energía,2020,85.67,93.36,35,2,4,210,70.0,94.72,4,3,1,1,1,1,0,1,Irregular
c04e93aa-2bee-4dfd-aab4-6de2e344c44a,2024-1,Ingeniería Biomédica,2023,62.97,71.63,20,3,5,120,40.0,78.94,12,6,5,1,2,1,2,4,Irregular
90d529d8-d6d6-48b4-aab1-04ba42b5e606,2024-1,Ingeniería Biomédica,2020,83.17,71.4,23,1,7,138,46.0,94.67,5,2,1,1,1,1,1,1,Irregular
b645d108-c917-48ee-9918-5b008c6a4fab,2024-1,Ingeniería Biomédica,2022,83.39,77.73,26,1,7,156,52.0,83.38,4,3,3,2,1,1,1,0,Irregular
b91fb61e-ed51-4c83-92a7-d8dc0740d4f1,2024-1,Ingeniería Agroindustrial,2023,89.31,92.45,20,0,4,120,40.0,87.22,5,3,2,1,0,2,0,0,Regular
036adbff-8e49-406d-b151-5d6c8bbdb739,2024-1,Ingeniería Agroindustrial,2022,72.99,52.38,18,3,5,108,36.0,70.82,9,5,3,2,3,1,2,3,Irregular
12b8b1a1-0b26-43d2-bd68-49b685ced643,2024-1,Ingeniería Agroindustrial,2021,50.59,23.21,25,7,5,150,50.0,48.21,12,4,1,0,4,0,2,3,Baja Temporal
584245ed-13b3-40ff-bae8-ef24fc3fb088,2023-1,Ingeniería en Desarrollo de Software,2021,82.16,82.06,27,2,4,162,54.0,81.07,4,3,2,0,0,1,0,0,Irregular
2a9e213a-4434-4038-9e5c-ec8212f9388a,2024-1,Ingeniería en Energía,2022,79.23,73.01,28,1,5,168,56.0,83.18,2,1,3,0,1,0,0,0,Irregular
2ad6b828-c1a4-4963-a0cd-f2f10da56ccb,2024-1,Ingeniería Agroindustrial,2022,86.45,91.2,26,0,7,156,52.0,87.24,4,3,2,0,1,1,0,1,Regular
feda180e-450b-47ed-86d8-95ce1413d90a,2024-1,Ingeniería en Desarrollo de Software,2021,92.31,96.42,36,0,4,216,72.0,95.92,0,0,1,0,0,0,0,0,Regular
b0a398e0-2d06-4a9a-8072-123668c3eb6d,2024-1,Ingeniería en Energía,2022,88.36,88.21,35,1,7,210,70.0,86.54,3,3,1,2,1,1,1,0,Irregular
0292a1d1-3e35-4eef-94fc-652b0b555918,2023-2,Ingeniería en Desarrollo de Software,2021,98.84,98.45,38,0,7,228,76.0,99.49,2,2,1,0,0,0,0,0,Regular
78c61310-6992-4e4b-bdb1-c608150aeb51,2023-2,Ingeniería en Energía,2023,89.74,75.6,25,2,6,150,50.0,85.3,2,1,2,2,1,2,0,0,Irregular
c37c8181-9959-43a6-8092-e8011ce35228,2024-1,Ingeniería Agroindustrial,2021,80.58,74.04,38,0,5,228,76.0,94.5,4,2,1,1,1,0,0,0,Regular
956b91d6-2e44-43e2-8e59-f14dd738710c,2023-1,Ingeniería Agroindustrial,2023,75.09,78.46,35,2,5,210,70.0,92.03,5,4,3,0,0,1,1,1,Irregular
cf489fe0-0dba-4511-8583-dddb99040dcd,2023-1,Ingeniería en Desarrollo de Software,2022,74.11,53.67,24,2,4,144,48.0,67.44,8,6,5,3,1,1,2,3,Irregular
bca1e7bd-9bf0-4e77-ae2a-94337c492e41,2024-1,Ingeniería Agroindustrial,2021,71.1,59.76,32,4,6,192,64.0,61.57,6,3,2,2,1,1,3,4,Irregular
0648e37e-7fa0-47fc-a989-78f3f4190991,2023-1,Ingeniería Agroindustrial,2020,68.05,66.1,31,5,4,186,62.0,69.77,8,4,3,1,2,2,1,3,Irregular
369dbd35-0fe3-4f53-9277-38b5903dc51c,2024-1,Ingeniería en Desarrollo de Software,2023,72.87,51.47,26,4,4,156,52.0,72.2,10,2,2,2,2,1,1,4,Irregular
e2363dc0-6c81-42cb-b1a5-8d06332b6f35,2024-1,Ingeniería en Desarrollo de Software,2022,89.97,90.47,38,0,6,228,76.0,42.4,20,1,5,0,6,0,0,0,Regular
e1fce10a-8d9c-4c01-8fc2-5e2ceae5181f,2023-2,Ingeniería Agroindustrial,2020,92.56,99.25,28,0,5,168,56.0,99.42,2,0,1,1,0,0,0,0,Regular
33b18947-0649-4320-bd8b-85e11fccdfca,2024-1,Ingeniería en Energía,2022,79.66,92.87,29,1,4,174,58.0,92.69,5,4,1,1,0,1,1,1,Irregular
34825d64-089f-4a2b-9d14-94b3f029fdbf,2024-1,Ingeniería en Energía,2022,89.61,92.1,24,1,5,144,48.0,84.0,2,4,1,0,1,2,1,1,Irregular
7c0c1e8b-7938-4785-bbcc-033dce0a6abb,2023-2,Ingeniería en Energía,2023,52.4,18.5,14,7,4,84,28.0,48.13,30,5,1,0,4,0,5,4,Irregular
cb93cc0d-523c-4140-b983-3dac91ea72cc,2023-1,Ingeniería Biomédica,2021,83.95,86.68,25,0,5,150,50.0,81.75,4,2,3,1,1,2,0,1,Regular
b0f2dd8e-bc01-4bbd-b93c-0057abe27021,2023-2,Ingeniería Agroindustrial,2021,85.76,84.82,19,1,4,114,38.0,81.73,3,1,1,0,1,0,0,0,Irregular
08a190c6-a2e5-4773-b201-2a4f2115b0df,2024-1,Ingeniería Biomédica,2020,89.26,85.26,28,2,6,168,56.0,86.86,2,2,3,0,1,0,1,1,Irregular
b0062d11-bdd1-4961-8ec8-24e4b448e4d5,2024-1,Ingeniería Biomédica,2022,43.45,19.78,27,4,5,162,54.0,53.85,20,5,1,0,3,0,2,8,Irregular
458c9d4e-ffbd-472d-8051-2daa5584723d,2023-2,Ingeniería en Desarrollo de Software,2022,77.53,81.01,38,1,5,228,76.0,89.48,5,3,1,0,0,2,1,1,Irregular
d8cca405-dcc0-4119-8ed3-adb2702f6d38,2023-2,Ingeniería Biomédica,2021,85.96,81.99,22,0,7,132,44.0,80.81,6,1,2,0,0,2,1,0,Regular
e685ba03-22b8-4bd3-b7d9-5a4df5a98e93,2023-1,Ingeniería en Desarrollo de Software,2022,80.61,91.24,26,2,4,156,52.0,94.22,5,4,1,2,0,0,0,1,Irregular
2d6d3573-cfff-4d10-b6a8-20aef6fc06e7,2024-1,Ingeniería en Energía,2020,97.18,99.27,32,0,6,192,64.0,97.21,2,0,0,0,0,0,0,0,Regular
0fc90e65-6c04-4eac-8c75-80c34a92123c,2024-1,Ingeniería en Energía,2021,57.11,19.82,16,4,6,96,32.0,56.68,11,0,2,0,3,0,4,8,Irregular
c358cf17-3e0c-4ca7-8b60-eccf6683c15f,2024-1,Ingeniería Agroindustrial,2023,83.99,89.81,27,2,6,162,54.0,83.57,3,3,2,2,1,1,0,0,Irregular
d16fea1f-6c6d-4a13-8caa-9e59a4c05eb8,2023-1,Ingeniería en Desarrollo de Software,2023,80.05,94.08,30,0,4,180,60.0,84.65,2,4,2,2,1,2,0,0,Regular
32d27549-baa7-40c1-ab8e-71abc54336bd,2023-1,Ingeniería Biomédica,2022,81.7,70.58,22,1,7,132,44.0,84.0,3,4,3,0,0,1,1,1,Irregular
6f8bd12a-3cc1-4f2e-bfcb-c0e1899b069e,2023-1,Ingeniería en Energía,2022,75.46,93.83,34,0,4,204,68.0,80.19,4,4,1,2,1,2,0,0,Regular
5d7c5915-7bbf-4ce1-9e56-8640cdff082f,2023-2,Ingeniería Agroindustrial,2021,60.86,62.3,23,4,4,138,46.0,67.27,12,6,2,3,1,1,1,3,Irregular
5318c5a0-0818-4f8a-b4f8-9916babc12c9,2023-1,Ingeniería Biomédica,2020,85.27,78.76,32,1,6,192,64.0,86.4,5,1,1,2,0,1,0,0,Irregular
ecc8ed2c-841b-42fc-9dae-2ab9ab0c3f26,2023-2,Ingeniería Biomédica,2020,84.08,77.45,23,0,7,138,46.0,90.91,2,2,3,1,0,1,1,1,Regular
2914d94b-bacd-4209-bd8d-485d75db3dc6,2024-1,Ingeniería Biomédica,2022,88.19,80.19,38,2,5,228,76.0,84.98,3,2,3,2,1,1,1,1,Irregular
ea59d4e6-a830-4162-9487-865b3f9826c2,2024-1,Ingeniería en Energía,2021,71.41,70.52,20,3,7,120,40.0,78.18,11,6,2,3,3,2,3,2,Irregular
a85591a8-1538-4df0-8776-d2585f16f4dd,2024-1,Ingeniería en Desarrollo de Software,2021,85.12,76.2,21,2,7,126,42.0,83.15,2,1,1,2,1,2,0,0,Irregular
28f091fd-6546-4a0b-8c1f-3087280d65e5,2023-1,Ingeniería Agroindustrial,2020,94.66,93.87,29,0,6,174,58.0,97.76,1,2,1,1,0,0,0,0,Regular
f1be729d-4ae4-4ab4-8736-03e47e13e4f1,2023-1,Ingeniería en Energía,2021,78.71,76.02,31,0,6,186,62.0,80.79,2,1,3,0,1,0,0,0,Regular
2c4c3e01-dc48-43ea-96c2-248b281bcf39,2023-2,Ingeniería en Desarrollo de Software,2021,85.19,94.48,22,2,6,132,44.0,92.61,3,3,3,0,0,2,1,0,Irregular
0c9c4912-1fcc-49d6-bdfe-515ef2dd10cd,2023-1,Ingeniería en Energía,2021,97.66,93.2,22,0,5,132,44.0,99.03,0,1,1,1,0,0,0,0,Regular
873ba980-4fed-4a92-b7e0-7d8c68551fc6,2024-1,Ingeniería Biomédica,2021,89.21,80.63,35,0,5,210,70.0,83.64,6,3,2,1,1,1,1,0,Regular
a4cc7d0b-d23d-490a-a583-2ea1759b8b9e,2024-1,Ingeniería en Desarrollo de Software,2023,72.64,74.94,28,2,5,168,56.0,66.37,8,4,4,4,3,2,1,4,Irregular
3483d7e4-0ae2-4464-ade6-3c7b3c8cfb6c,2024-1,Ingeniería en Desarrollo de Software,2023,72.84,65.89,30,2,6,180,60.0,79.52,6,4,3,2,1,1,3,1,Irregular
61492fdb-0482-4dc8-9f60-1d42febeac67,2023-2,Ingeniería Biomédica,2021,88.43,92.43,30,2,4,180,60.0,90.68,6,3,3,2,1,1,0,0,Irregular
4917465b-86bd-4a4c-b2b0-41cf75846548,2024-1,Ingeniería Biomédica,2021,81.87,89.32,35,0,4,210,70.0,90.27,2,4,1,2,0,2,1,0,Regular
d306244f-ef43-4771-b102-68239f71f5ad,2024-1,Ingeniería en Desarrollo de Software,2020,84.46,92.29,24,1,4,144,48.0,80.97,2,2,1,1,1,2,1,1,Irregular
886acd7c-dcf7-451b-82a6-f20511994176,2024-1,Ingeniería Biomédica,2023,84.12,72.45,37,0,4,222,74.0,91.85,4,1,2,1,0,0,1,1,Regular
22618afb-7b34-45c0-af62-78a3439bb78f,2023-1,Ingeniería Agroindustrial,2023,70.76,62.1,18,5,6,108,36.0,68.52,12,5,4,4,3,1,2,1,Irregular
a3fc6325-cd29-4b58-904a-a1a5517be4fa,2024-1,Ingeniería en Energía,2021,66.35,66.28,16,5,6,96,32.0,79.14,6,4,4,2,3,1,1,1,Irregular
091895c2-46fb-48b6-9f72-f63440e07e49,2024-1,Ingeniería Agroindustrial,2020,79.48,87.31,22,1,7,132,44.0,84.15,6,1,1,1,1,1,0,1,Irregular
16e080b8-d065-4245-b4f8-dc8cbdd88c59,2024-1,Ingeniería en Desarrollo de Software,2021,42.19,34.96,17,5,7,102,34.0,57.44,27,5,0,0,2,0,3,5,Baja Temporal
4e3ecc06-e6fc-47e6-808e-cd0027646b28,2024-1,Ingeniería en Energía,2021,92.35,88.75,27,0,7,162,54.0,34.72,21,2,6,0,6,1,0,0,Regular
37c3f1a8-8d20-4511-ba12-a0909e2d5854,2023-2,Ingeniería en Desarrollo de Software,2020,80.98,92.39,21,1,5,126,42.0,80.05,6,4,3,2,1,1,1,0,Irregular
64a507bc-4211-464c-a95b-107cab8bbc5d,2024-1,Ingeniería Biomédica,2022,45.52,26.71,36,4,4,216,72.0,52.19,29,5,0,0,3,0,3,3,Baja Temporal
304405d2-989d-4050-bf24-a355badc2361,2023-1,Ingeniería en Energía,2021,78.56,90.16,23,0,7,138,46.0,81.27,5,4,2,2,1,1,1,1,Regular
75cc07a2-5ff3-44dd-ade9-d7314e267be2,2023-2,Ingeniería en Desarrollo de Software,2021,86.24,75.4,21,2,5,126,42.0,93.27,2,4,2,0,1,0,1,0,Irregular
61b9b36c-5e35-4f48-805a-d3e3ce80d0b8,2023-2,Ingeniería en Energía,2023,96.12,98.95,37,0,4,222,74.0,99.2,2,1,1,1,0,0,0,0,Regular
bbb2f636-96ae-4d4f-909d-2e289adcfc28,2023-2,Ingeniería en Desarrollo de Software,2020,84.99,88.89,32,2,4,192,64.0,94.82,2,1,1,0,1,2,0,1,Irregular
442d6881-5fb9-4bc2-bdce-10366f9dc2a2,2023-1,Ingeniería en Energía,2022,97.5,93.58,38,0,4,228,76.0,97.79,1,1,0,1,0,0,0,0,Regular
398b436c-37d9-4d73-9286-215a6bad3845,2023-2,Ingeniería en Desarrollo de Software,2022,81.12,89.93,28,0,5,168,56.0,80.79,2,3,1,0,1,2,0,0,Regular
5d20c0d0-6491-45a4-9ad9-8bc199618536,2023-2,Ingeniería Agroindustrial,2021,57.43,12.94,14,6,5,84,28.0,46.2,16,0,1,0,2,0,4,5,Irregular
ddbcd214-8ca0-417d-9fcc-e7b7f562c857,2023-1,Ingeniería Biomédica,2023,66.92,68.86,29,5,5,174,58.0,70.06,7,6,3,3,3,2,1,3,Irregular
fe2c3114-a3c8-405e-ad56-8e2bac9bd947,2023-1,Ingeniería Agroindustrial,2020,77.89,85.46,21,0,7,126,42.0,84.82,3,1,1,2,0,0,1,0,Regular
bf51e8d4-137d-479c-bff0-a17ae17178ad,2023-2,Ingeniería en Desarrollo de Software,2021,69.97,63.87,28,4,4,168,56.0,60.09,11,5,2,4,1,1,3,2,Irregular
dbcc50c5-8d80-4eba-868e-682a77d5ed7e,2023-2,Ingeniería en Desarrollo de Software,2021,80.48,79.33,25,1,7,150,50.0,88.63,4,3,1,0,0,2,1,0,Irregular
e306f093-9ebb-480e-a796-1543aca09c85,2024-1,Ingeniería Biomédica,2020,73.32,71.14,21,4,4,126,42.0,64.34,10,3,4,2,2,2,1,3,Irregular
597de1fb-159f-4e07-8b73-137b8772ef2a,2023-2,Ingeniería en Desarrollo de Software,2021,69.88,63.77,29,2,5,174,58.0,79.25,12,5,3,3,2,0,1,3,Irregular
bb1b2aa0-bc3a-4d20-932c-0339d12ac5f3,2023-2,Ingeniería en Desarrollo de Software,2020,79.98,92.12,28,0,6,168,56.0,82.62,6,3,3,2,1,0,0,1,Regular
b37f2625-d79b-4600-9891-162b53be5812,2023-1,Ingeniería Agroindustrial,2022,98.58,93.86,33,0,4,198,66.0,96.61,1,1,1,0,0,0,0,0,Regular
65237848-5bfd-4693-9ba7-d28efb06d670,2024-1,Ingeniería en Desarrollo de Software,2022,84.47,74.92,37,0,4,222,74.0,83.6,2,2,2,0,1,2,0,1,Regular
7b5dcbac-7fa2-472d-929a-a49bf5454c84,2023-1,Ingeniería en Desarrollo de Software,2020,75.55,87.52,22,1,6,132,44.0,84.06,5,4,2,1,1,2,0,1,Irregular
40d12367-b890-4d59-8f55-7d157258b3d9,2023-2,Ingeniería Biomédica,2023,88.1,81.65,18,2,6,108,36.0,85.71,4,2,3,2,0,1,1,1,Irregular
674e8913-aacd-480e-ad6d-e8020514dfff,2024-1,Ingeniería en Desarrollo de Software,2022,63.94,66.41,26,4,5,156,52.0,75.03,7,3,2,3,2,1,2,3,Irregular
0e6bf5dc-510a-45da-a089-245aa391e2d6,2024-1,Ingeniería en Energía,2022,84.08,70.32,23,0,5,138,46.0,92.0,3,2,2,1,0,2,1,1,Regular
bb275cfd-9349-472c-a9cf-709a33c58f62,2023-2,Ingeniería Agroindustrial,2020,83.94,84.67,21,0,4,126,42.0,84.73,6,3,3,1,0,1,1,0,Regular
58d32f4c-890f-4d1c-960c-2118f8aa50e1,2024-1,Ingeniería en Desarrollo de Software,2021,86.13,90.04,28,0,7,168,56.0,43.87,17,2,6,0,5,0,0,0,Regular
9e579392-21ad-4baa-a936-7d753bb78521,2024-1,Ingeniería Biomédica,2023,75.59,89.04,18,2,5,108,36.0,86.9,6,1,1,1,1,0,1,1,Irregular
90e8e522-77c1-4d93-b0cf-88809620ec67,2023-1,Ingeniería en Energía,2021,77.49,84.27,19,2,6,114,38.0,86.06,5,1,3,2,0,0,0,0,Irregular
92e4033c-154b-4a7a-8174-0dce52123a0d,2024-1,Ingeniería en Desarrollo de Software,2021,94.35,99.44,34,0,6,204,68.0,97.4,0,1,0,0,0,0,0,0,Regular
1d852121-b9fc-4846-bc5b-ad1c88e6ba9a,2023-1,Ingeniería en Desarrollo de Software,2020,68.69,65.84,22,4,7,132,44.0,68.14,5,4,3,3,1,2,3,3,Irregular
0ff56014-1c57-42be-a5b3-57d6fdfc3ea4,2023-2,Ingeniería Agroindustrial,2020,88.04,71.16,28,2,4,168,56.0,81.7,6,2,2,0,0,2,0,0,Irregular
88e26175-1b8b-464e-b858-8e8a650af48f,2023-2,Ingeniería Biomédica,2022,67.26,54.22,35,2,5,210,70.0,76.59,7,4,5,3,1,0,3,4,Irregular
99e4fb58-5bb7-4b74-b20f-f647c7f2a082,2023-2,Ingeniería en Energía,2021,44.61,36.44,13,7,4,78,26.0,42.2,28,5,0,0,2,0,5,6,Baja Temporal
671cd930-063e-406e-ba6b-db3e3a83b20e,2023-2,Ingeniería Agroindustrial,2021,75.32,85.19,33,0,7,198,66.0,94.23,6,4,2,2,0,0,0,1,Regular
6ad74b5f-c01b-47a7-8ddb-ec26f7325668,2023-1,Ingeniería en Desarrollo de Software,2020,96.08,97.38,38,0,6,228,76.0,99.23,1,0,0,1,0,0,0,0,Regular
5119bbf9-19c2-44f6-a5b6-8253ac317342,2024-1,Ingeniería Agroindustrial,2023,79.25,84.51,27,2,5,162,54.0,86.16,6,3,1,2,1,1,1,1,Irregular
fde0d581-d4fc-432f-90fc-559b60915279,2024-1,Ingeniería Biomédica,2022,87.59,81.74,25,2,7,150,50.0,80.95,5,3,1,0,0,1,0,0,Irregular
7f2e3219-168d-41d5-b2b8-93ff2e019945,2023-2,Ingeniería Biomédica,2020,73.58,50.04,21,2,4,126,42.0,64.04,6,2,5,4,2,0,1,4,Irregular
b42f45b0-b402-45d1-8e28-4ebe5eae1b29,2024-1,Ingeniería Biomédica,2020,63.29,52.89,21,4,5,126,42.0,71.92,8,6,5,4,3,1,2,4,Irregular
99fd7e0b-d830-4f8a-8861-a5b26c5423ee,2023-2,Ingeniería Agroindustrial,2021,98.26,93.5,37,0,5,222,74.0,95.67,2,0,1,1,0,0,0,0,Regular
ae34d239-19bc-4a38-ad89-1e40fb03f05d,2024-1,Ingeniería Biomédica,2022,77.59,85.04,32,2,4,192,64.0,84.52,6,3,3,2,0,2,1,0,Irregular
259161c8-55cd-4aa9-b712-c52be2bae38a,2023-1,Ingeniería Biomédica,2021,89.11,75.53,21,1,7,126,42.0,84.91,2,1,2,1,1,0,1,0,Irregular
37c19daa-2a51-4f26-84c5-696fb8fc5a08,2023-1,Ingeniería en Desarrollo de Software,2020,74.25,60.8,17,3,4,102,34.0,63.16,7,4,2,1,1,0,3,2,Irregular
4e4fa8b9-01ac-4d84-9fed-039e617bcf00,2024-1,Ingeniería Agroindustrial,2023,98.06,94.81,28,0,4,168,56.0,95.11,2,0,0,0,0,0,0,0,Regular
7e9e499e-a3be-4fe3-8ed6-34ef09c527ec,2024-1,Ingeniería Biomédica,2022,89.35,83.82,34,0,4,204,68.0,83.49,5,2,1,0,1,1,0,1,Regular
cc43e58b-0489-4351-ad56-3d09357440db,2023-2,Ingeniería en Energía,2021,87.49,71.59,33,0,6,198,66.0,90.24,3,2,2,1,1,0,1,0,Regular
67346dee-d22a-448b-88d8-4fc49d43dd24,2024-1,Ingeniería en Energía,2020,95.4,94.26,27,0,6,162,54.0,99.75,0,0,1,1,0,0,0,0,Regular
0f8c45b3-4b68-4dd3-a4aa-246c9b204fa9,2023-2,Ingeniería en Energía,2020,88.38,86.91,26,1,7,156,52.0,90.75,3,3,3,2,0,0,1,1,Irregular
a796e776-e68d-45b4-bad6-342f64ef36bc,2024-1,Ingeniería Biomédica,2020,44.53,27.46,32,8,5,192,64.0,41.17,30,5,2,0,3,0,3,3,Irregular
136530ce-c2f3-4e3c-a8ea-86cb5ebfd735,2023-2,Ingeniería Agroindustrial,2021,88.22,93.1,34,1,6,204,68.0,90.11,4,3,1,1,0,2,0,1,Irregular
7be1c323-5ad4-409e-bbae-5112fc335e84,2023-1,Ingeniería Agroindustrial,2022,93.49,99.58,35,0,4,210,70.0,96.76,0,2,1,1,0,0,0,0,Regular
8b90f2df-6238-44dc-b66c-328d9598eb11,2024-1,Ingeniería en Energía,2023,60.34,63.46,31,3,7,186,62.0,72.98,5,5,5,1,2,1,2,4,Irregular
2dd1a444-7eea-4b3d-9929-c9dcec327ac3,2023-2,Ingeniería en Energía,2020,41.09,29.26,14,7,6,84,28.0,25.82,24,3,0,0,3,0,4,4,Irregular
212c26e4-a770-48e9-8a06-a7bfb0a9c51e,2023-2,Ingeniería en Energía,2023,80.63,86.82,29,1,4,174,58.0,93.23,6,3,1,1,0,2,0,1,Irregular
b5cf21e7-fab3-4a1b-b393-c7a025794f89,2023-2,Ingeniería Agroindustrial,2020,96.06,95.41,31,0,5,186,62.0,96.4,1,0,0,0,0,0,0,0,Regular
93745b27-3787-4606-9f34-3fee4dc41e25,2023-1,Ingeniería en Desarrollo de Software,2020,88.62,70.36,27,0,7,162,54.0,93.91,3,1,1,0,0,1,1,1,Regular
3cc79673-a0e6-457e-94cf-be9b55d4963c,2024-1,Ingeniería Agroindustrial,2020,77.84,70.5,38,0,5,228,76.0,87.09,6,4,1,2,0,2,0,1,Regular
396d77c0-5de0-4968-9385-caabae6ea3b8,2023-1,Ingeniería Agroindustrial,2020,76.33,93.71,18,2,4,108,36.0,93.65,2,3,1,1,0,0,0,1,Irregular
54d758f4-daa9-4a5b-a0ae-2cafbe93005b,2023-1,Ingeniería en Desarrollo de Software,2022,72.43,55.38,19,3,7,114,38.0,65.97,6,4,4,1,3,1,2,3,Irregular
68fe9c32-0151-42ac-8ab4-e2bb75bc3f26,2023-2,Ingeniería Biomédica,2021,83.1,83.6,31,0,6,186,62.0,94.67,5,2,3,2,1,2,0,0,Regular
4c44cb7c-8e4a-46af-860c-d99f95493578,2023-2,Ingeniería Biomédica,2021,84.6,81.55,31,0,7,186,62.0,93.57,6,1,2,0,1,0,1,1,Regular
b9b3c3b5-acaf-42f6-a16b-164fcd5fb9ab,2024-1,Ingeniería Biomédica,2022,76.64,94.93,32,0,5,192,64.0,80.21,2,4,1,1,1,1,1,0,Regular
6ec79426-8963-4268-8132-753603dfa16f,2024-1,Ingeniería Biomédica,2021,42.22,1.56,20,8,7,120,40.0,35.47,17,5,2,0,5,0,2,5,Irregular
8c3d194b-998a-4a9c-bdd0-9fbfd45cd72b,2023-2,Ingeniería en Energía,2022,89.28,88.79,25,0,6,150,50.0,48.7,21,0,4,0,4,0,0,0,Regular
83fb4b08-13a4-4557-a465-ad160175021b,2024-1,Ingeniería Agroindustrial,2023,86.43,80.29,23,2,7,138,46.0,91.57,3,2,2,2,1,0,0,0,Irregular
b495bfc9-0d09-4064-b9dd-d9e15f9f989e,2023-1,Ingeniería en Energía,2020,93.81,99.13,21,0,5,126,42.0,95.17,0,2,1,1,0,0,0,0,Regular
457ffd40-2f9c-415e-ab41-46cd4fbe744d,2023-2,Ingeniería Agroindustrial,2020,63.75,54.23,28,3,6,168,56.0,71.95,12,5,5,1,1,0,3,1,Irregular
76186499-472a-4b07-b937-67f896b2abfe,2023-2,Ingeniería Agroindustrial,2020,83.81,80.17,35,2,7,210,70.0,91.1,4,3,1,2,0,1,0,1,Irregular
4b772c86-6f20-4017-9230-3fd119210fd0,2023-1,Ingeniería Agroindustrial,2020,50.7,31.16,30,4,4,180,60.0,54.9,26,0,1,0,2,0,4,3,Irregular
0b4be21f-90de-4b0d-894d-96f1f63b680d,2024-1,Ingeniería Agroindustrial,2021,51.45,32.7,35,4,7,210,70.0,21.53,12,2,0,0,4,0,4,5,Irregular
6b1728cb-499c-4b4f-bed7-2f52a95bb417,2023-2,Ingeniería Agroindustrial,2021,57.25,42.55,18,8,5,108,36.0,57.9,20,0,1,0,4,0,4,5,Baja Temporal
a67c6d42-42b4-4740-bea8-23d60fbd5598,2023-1,Ingeniería en Energía,2020,90.46,90.98,26,0,4,156,52.0,95.6,1,2,1,1,0,0,0,0,Regular
f3527cda-8757-4eb4-8190-dd1040c03d6a,2023-2,Ingeniería Biomédica,2022,81.76,83.69,20,0,5,120,40.0,80.72,6,2,1,2,0,1,0,0,Regular
5d809555-a125-459f-b7ba-7b2fb466badc,2024-1,Ingeniería en Desarrollo de Software,2020,59.46,16.89,30,6,7,180,60.0,29.73,16,5,1,0,3,0,3,3,Baja Temporal
9d098278-a316-4ef5-adbd-83242edaa5ea,2024-1,Ingeniería Agroindustrial,2022,46.9,44.17,30,7,6,180,60.0,51.62,10,1,1,0,4,0,2,4,Irregular
9bbaddf2-a0c3-4200-8cc7-1a1af206b0b7,2023-1,Ingeniería en Energía,2023,66.95,54.77,35,3,4,210,70.0,66.82,11,3,3,4,3,2,2,2,Irregular
0b0a86a4-ae80-4af2-9304-62a638fa7e46,2024-1,Ingeniería en Desarrollo de Software,2022,77.03,86.61,36,2,6,216,72.0,92.77,6,3,1,1,1,1,1,0,Irregular
6083b6c8-3fc1-4697-b6fe-3a332b08c4d5,2024-1,Ingeniería Agroindustrial,2020,73.21,53.07,16,4,4,96,32.0,77.21,6,5,5,1,3,0,3,2,Irregular
0143063c-7287-4ae2-9bc2-fc6bfb02feee,2024-1,Ingeniería Biomédica,2023,82.74,91.14,38,0,4,228,76.0,89.7,4,4,2,0,0,1,1,1,Regular
fdb10fd8-8ffd-4c00-8f30-e3a59e6963f6,2023-1,Ingeniería en Desarrollo de Software,2023,64.6,58.15,30,2,7,180,60.0,67.83,7,6,3,3,3,1,3,4,Irregular
17c3b28b-3dfe-4721-922d-4711653e35e3,2023-1,Ingeniería en Desarrollo de Software,2021,89.26,83.17,33,1,7,198,66.0,87.93,2,4,2,2,0,2,1,0,Irregular
d2676a1c-9336-4437-bd56-0efd47aa2c53,2024-1,Ingeniería en Energía,2020,76.0,77.7,36,2,5,216,72.0,81.71,6,1,2,2,1,2,1,1,Irregular
5a018339-4192-4a88-af7e-5238a5c1eac7,2023-2,Ingeniería Biomédica,2022,66.8,68.26,18,3,4,108,36.0,79.87,7,6,4,3,3,1,1,2,Irregular
b88680a3-64cb-42b0-9ba9-8778f1de7d28,2024-1,Ingeniería en Energía,2021,80.88,75.93,30,0,5,180,60.0,94.2,3,1,2,1,0,0,0,1,Regular
f2354dd0-4d8a-4bc3-bff5-e433aca63966,2024-1,Ingeniería en Energía,2020,88.75,71.13,27,2,5,162,54.0,87.79,2,3,1,2,0,0,0,1,Irregular
ee39690a-2898-4c6b-b441-96e296e0d896,2023-1,Ingeniería Agroindustrial,2022,53.07,25.22,16,8,5,96,32.0,28.85,20,0,0,0,3,0,5,7,Baja Temporal
ff95c415-ca6b-47db-a0ef-fd07719f27d2,2023-2,Ingeniería en Energía,2022,89.78,79.74,22,2,7,132,44.0,93.79,6,1,2,0,0,0,1,1,Irregular
d49f3654-b1bd-49e2-971a-685263f212a0,2023-1,Ingeniería en Energía,2022,91.9,99.44,20,0,7,120,40.0,95.54,0,2,1,0,0,0,0,0,Regular
1b5ad332-d916-4672-a239-fb9ff39e60e3,2024-1,Ingeniería Agroindustrial,2023,94.0,94.98,26,0,6,156,52.0,34.09,16,0,6,0,6,2,0,0,Regular
a890ac2a-a508-45e9-9188-4ec2c79fd45f,2024-1,Ingeniería en Desarrollo de Software,2020,79.45,91.42,37,1,4,222,74.0,82.85,4,4,3,2,1,2,0,0,Irregular
5a862c13-0c4c-4801-b0ff-2408c261317d,2024-1,Ingeniería Biomédica,2023,79.64,73.27,33,0,7,198,66.0,87.56,5,1,3,2,1,0,0,0,Regular
51a4d4a4-b548-4453-ad21-6ad90ddea9d5,2023-2,Ingeniería Agroindustrial,2020,71.68,52.6,27,2,4,162,54.0,68.85,10,4,3,1,1,2,3,4,Irregular
2a5b8295-99e0-4f90-8b87-56de9a1cf328,2023-2,Ingeniería Agroindustrial,2023,88.24,73.11,29,1,4,174,58.0,89.85,3,1,1,1,0,2,1,1,Irregular
1a65089a-bdc5-41e4-91fc-055f627471f6,2023-2,Ingeniería Agroindustrial,2021,90.06,94.08,23,0,5,138,46.0,95.98,0,1,1,0,0,0,0,0,Regular
2f56e735-dec5-449b-874c-2ce130c9abed,2024-1,Ingeniería en Desarrollo de Software,2022,68.84,70.08,21,2,4,126,42.0,60.06,8,5,2,2,1,1,1,1,Irregular
c8de6211-84a0-4dd1-9292-306f016e3f89,2024-1,Ingeniería en Energía,2021,63.44,62.18,25,5,7,150,50.0,68.98,6,3,3,3,1,0,2,4,Irregular
91e53fdb-947d-498c-add9-c6896eddd7f6,2023-1,Ingeniería en Desarrollo de Software,2020,88.19,70.82,24,1,5,144,48.0,82.0,3,1,2,1,0,2,1,1,Irregular
ee91be05-91cb-4ec9-a1b0-695779c68de3,2023-1,Ingeniería en Desarrollo de Software,2023,81.38,82.91,37,1,7,222,74.0,86.86,5,3,1,2,0,2,0,0,Irregular
04514248-5cf3-4077-b1fe-978349959c03,2023-2,Ingeniería Agroindustrial,2021,69.64,63.57,26,2,6,156,52.0,63.41,10,3,3,3,1,0,2,4,Irregular
3e4ff629-3b68-4276-a4d6-e8f29df1288d,2024-1,Ingeniería Agroindustrial,2020,91.29,93.36,22,0,6,132,44.0,97.21,2,0,1,0,0,0,0,0,Regular
4d9afdcf-6160-47a3-8c8f-cc73d7000cb0,2024-1,Ingeniería Agroindustrial,2022,68.44,52.83,36,3,7,216,72.0,76.19,5,5,3,3,1,0,2,4,Irregular
434e0bf0-194e-4d46-95fb-b51c5a734d6d,2023-2,Ingeniería en Desarrollo de Software,2023,93.26,90.34,23,0,7,138,46.0,35.25,19,1,5,0,5,0,0,0,Regular
ef709617-6a3c-46de-bdda-e3486327db7f,2024-1,Ingeniería en Desarrollo de Software,2020,60.38,51.98,34,4,7,204,68.0,72.67,10,2,2,2,3,0,3,2,Irregular
e1aded88-7f7b-45ca-983a-40cca221bf09,2023-1,Ingeniería en Energía,2021,79.78,72.6,25,1,5,150,50.0,82.26,6,2,1,0,1,2,0,1,Irregular
357e3409-552f-4b1b-9ed8-38242b9c3532,2023-2,Ingeniería Agroindustrial,2020,86.22,90.81,22,2,4,132,44.0,83.62,5,1,1,0,1,2,0,0,Irregular
f11afa16-dd35-45b6-8bb4-8b696a6e51f6,2024-1,Ingeniería en Desarrollo de Software,2023,77.92,77.79,40,0,4,240,80.0,84.33,5,2,3,0,1,1,1,0,Regular
856716ab-f034-4309-81c8-b27a085fbcdb,2023-1,Ingeniería Agroindustrial,2021,97.68,90.7,26,0,7,156,52.0,99.71,2,1,0,1,0,0,0,0,Regular
bae429d0-aa3b-4343-ad96-baf6a6123ade,2023-2,Ingeniería Biomédica,2021,83.09,87.22,36,1,7,216,72.0,81.98,6,1,1,1,1,1,0,1,Irregular
1c23a6fe-68d6-4aa6-b569-409b3171365a,2024-1,Ingeniería en Energía,2020,76.2,76.84,40,0,5,240,80.0,84.57,3,3,3,0,1,0,1,0,Regular
c3ee593c-ee1e-4658-9705-3fa05867395e,2023-2,Ingeniería Biomédica,2020,77.63,88.56,37,2,7,222,74.0,85.03,2,3,3,1,1,1,0,0,Irregular
a554e4e2-b626-49a1-86fb-afba13daff2a,2024-1,Ingeniería Biomédica,2021,77.15,83.82,21,2,4,126,42.0,80.99,4,4,1,2,0,0,1,0,Irregular
f87fac01-cb20-4c3f-a6e3-4c05524e8c45,2023-1,Ingeniería Biomédica,2022,95.07,99.92,30,0,5,180,60.0,98.13,2,0,0,0,0,0,0,0,Regular
b6398ed5-f445-41e7-b3f4-bd2a69879831,2023-2,Ingeniería en Energía,2022,74.8,58.64,19,3,4,114,38.0,76.93,5,4,5,3,2,1,2,1,Irregular
ca02e84a-fdd8-4bb1-b45b-b64b14078140,2024-1,Ingeniería Agroindustrial,2021,92.96,91.39,31,0,7,186,62.0,96.87,2,2,1,0,0,0,0,0,Regular
ea3082fd-eb87-48bc-b5d7-b640771475aa,2023-1,Ingeniería en Desarrollo de Software,2020,98.97,93.43,25,0,4,150,50.0,95.51,2,1,1,0,0,0,0,0,Regular
ba706e60-5e35-4153-9e46-7aef8f1efe04,2023-1,Ingeniería Agroindustrial,2021,91.85,95.03,31,0,7,186,62.0,97.84,2,2,0,1,0,0,0,0,Regular
3fc39abe-9e2e-4644-a123-e068e483906c,2023-1,Ingeniería Agroindustrial,2021,78.52,93.66,26,0,5,156,52.0,83.8,2,1,2,2,1,2,1,1,Regular
9d41e681-bd04-4a7b-a115-f49a30de3122,2024-1,Ingeniería Biomédica,2023,70.35,63.37,19,5,4,114,38.0,75.51,9,3,2,2,3,0,1,2,Irregular
62168d97-f4c2-4188-9d7f-8bdfba15b105,2023-1,Ingeniería Agroindustrial,2021,80.6,94.39,22,0,6,132,44.0,93.32,5,4,3,0,1,1,1,1,Regular
19486c30-e4ab-491d-b407-8b7b088e8d3c,2024-1,Ingeniería en Desarrollo de Software,2020,74.34,55.6,25,5,4,150,50.0,64.98,11,3,4,2,3,2,2,2,Irregular
40ed700a-dd1c-423b-8339-5fa4af311809,2023-2,Ingeniería en Energía,2022,84.81,78.24,20,0,5,120,40.0,82.52,4,2,2,2,1,0,1,1,Regular
1878a1c3-ddaa-4c03-b2d5-9c562a794a5f,2023-2,Ingeniería Biomédica,2022,81.45,83.71,35,2,6,210,70.0,94.78,3,3,2,2,1,0,1,0,Irregular
ce8109af-8012-4935-90ec-0f35bc3f0923,2023-2,Ingeniería Agroindustrial,2023,91.89,95.3,31,0,5,186,62.0,95.67,2,1,0,1,0,0,0,0,Regular
03716064-a8c4-4539-9b7e-00a2d62c1f1b,2023-1,Ingeniería en Energía,2022,82.09,94.67,32,1,4,192,64.0,83.14,5,4,3,1,1,1,0,1,Irregular
46650ca5-7b1e-4c69-8d1f-8ced736eb921,2023-2,Ingeniería en Desarrollo de Software,2022,79.13,92.33,33,0,5,198,66.0,93.32,5,3,2,0,1,0,1,1,Regular
e4522ea5-7050-4dba-9cd8-41e859d57f9e,2023-2,Ingeniería Agroindustrial,2022,91.74,94.39,28,0,6,168,56.0,95.05,1,0,0,1,0,0,0,0,Regular
2bf1aac5-cc01-41c4-a3c0-bfab15374213,2024-1,Ingeniería Agroindustrial,2020,95.15,91.37,40,0,5,240,80.0,97.28,2,1,0,0,0,0,0,0,Regular
d2877c76-2621-4b12-ae24-78eba4286013,2023-1,Ingeniería en Energía,2023,88.86,90.56,24,2,4,144,48.0,93.14,5,4,1,2,1,0,1,0,Irregular
c2ca3e00-4ca2-4c44-8dea-d4a7ae550545,2023-1,Ingeniería Biomédica,2023,93.81,92.73,29,0,7,174,58.0,95.59,2,2,0,0,0,0,0,0,Regular
0ec468c2-9e9b-4b2c-b2b1-ab7b1050d880,2024-1,Ingeniería en Desarrollo de Software,2021,66.63,50.93,37,3,5,222,74.0,71.66,8,2,5,3,2,2,2,2,Irregular
6b86446c-8d62-4673-9dd1-fe49c0c0b1c2,2024-1,Ingeniería en Energía,2022,82.28,88.25,24,1,4,144,48.0,87.51,6,1,2,0,1,1,0,1,Irregular
9e9f482f-818b-4328-8652-54d49b9e9866,2023-1,Ingeniería Biomédica,2020,86.79,87.85,27,1,6,162,54.0,90.45,2,4,1,0,1,0,0,1,Irregular
5e74378e-095d-46f9-b943-6d38052f2fe3,2023-2,Ingeniería en Energía,2021,76.92,82.32,33,0,4,198,66.0,81.0,5,1,1,2,0,1,1,1,Regular
af946b1d-2fba-4f0c-8929-e08987192531,2023-2,Ingeniería Biomédica,2022,85.46,82.19,39,0,4,234,78.0,82.01,2,4,1,0,1,1,0,0,Regular
acf3b2f2-d787-4c0b-826e-7f09de535b96,2023-2,Ingeniería Agroindustrial,2022,66.41,55.87,27,5,7,162,54.0,72.58,7,4,4,4,3,0,2,2,Irregular
09236552-7f42-4475-b44c-67ba997ce1c7,2023-2,Ingeniería Biomédica,2020,91.16,97.71,32,0,4,192,64.0,99.63,1,0,1,1,0,0,0,0,Regular
ba022d0c-ccb2-4aac-805e-886e7de3215b,2023-1,Ingeniería en Energía,2023,88.13,76.42,22,1,5,132,44.0,93.05,3,4,2,1,0,2,1,1,Irregular
ce5bef17-1b09-4f8d-beac-0cb864afbd6b,2024-1,Ingeniería Biomédica,2021,86.97,83.74,36,0,5,216,72.0,82.11,3,3,1,1,1,1,1,0,Regular
c559bcf5-889f-4ab9-b0de-753a231db98b,2024-1,Ingeniería en Desarrollo de Software,2021,68.19,74.72,18,4,5,108,36.0,70.17,8,2,5,2,3,1,2,2,Irregular
3d399ec9-855b-4752-972b-68f2ce6da514,2023-2,Ingeniería Biomédica,2022,97.53,91.18,35,0,7,210,70.0,99.54,0,0,0,0,0,0,0,0,Regular
0f1d7faa-3474-47dd-b0de-bdec44a781b1,2023-1,Ingeniería Agroindustrial,2023,97.0,97.03,37,0,4,222,74.0,97.93,0,1,0,1,0,0,0,0,Regular
7ed77b36-2c9b-454c-b06c-6e3f31c737ad,2023-1,Ingeniería Biomédica,2021,79.94,75.19,36,0,6,216,72.0,89.74,4,1,3,0,1,2,1,1,Regular
f2c57d1d-15a7-446a-823a-f8863eadc331,2024-1,Ingeniería Biomédica,2022,42.76,2.71,15,7,6,90,30.0,21.37,10,2,2,0,2,0,5,7,Irregular
7b9d5a68-524f-4508-92ae-b76addd936be,2024-1,Ingeniería Biomédica,2023,51.15,48.92,32,6,6,192,64.0,39.72,30,0,1,0,3,0,4,5,Baja Temporal
69c3a2ce-a244-4f60-bc26-5df0a653e711,2023-2,Ingeniería Agroindustrial,2023,89.4,83.74,19,1,5,114,38.0,92.88,2,2,3,0,1,0,1,0,Irregular
116babf8-a3e5-4856-9518-26757df3da12,2023-2,Ingeniería en Desarrollo de Software,2020,97.18,97.03,31,0,7,186,62.0,98.74,0,1,1,0,0,0,0,0,Regular
205effec-089f-4411-8a15-b8fcc8cf86e9,2023-2,Ingeniería Agroindustrial,2021,83.51,87.43,34,1,5,204,68.0,94.0,4,3,1,1,1,2,1,0,Irregular
2b40e902-96f3-4da5-b9a2-55bd394f4405,2023-2,Ingeniería Biomédica,2022,55.9,37.26,22,5,4,132,44.0,43.12,27,2,2,0,4,0,5,8,Baja Temporal
6cc938f5-b490-46bb-a735-9563ae13aaeb,2023-1,Ingeniería Biomédica,2021,80.41,72.02,24,1,7,144,48.0,94.24,3,2,2,2,1,1,0,0,Irregular
6d508ba9-36e8-47d2-a5a4-c039845b45af,2023-2,Ingeniería Biomédica,2020,74.05,65.98,25,3,6,150,50.0,68.27,5,3,5,4,3,1,3,2,Irregular
50c8d3f2-05ff-492f-a51e-e364b16c9174,2023-1,Ingeniería Biomédica,2020,77.64,79.83,33,0,7,198,66.0,94.54,3,3,3,2,1,2,1,1,Regular
facc3b4e-1561-4000-a412-07cdd5ff3a51,2024-1,Ingeniería en Desarrollo de Software,2021,78.55,77.32,37,0,5,222,74.0,93.84,5,2,1,2,1,0,1,0,Regular
5195b1cf-9477-4a1c-920c-50ef440fcb04,2023-2,Ingeniería en Energía,2020,76.51,92.93,21,2,4,126,42.0,86.01,3,4,3,1,1,1,1,1,Irregular
48348f8a-25b2-4e57-8892-fea7c1d6a173,2023-2,Ingeniería en Energía,2023,81.34,71.26,29,2,7,174,58.0,83.96,4,3,1,1,0,1,0,1,Irregular
ba56fbd6-7024-4a5b-b57c-82c1d8d3bbda,2023-2,Ingeniería en Desarrollo de Software,2023,84.38,70.87,37,2,7,222,74.0,94.8,5,2,2,0,1,0,1,0,Irregular
6cc42857-79b1-415a-9dc7-532123f2b2e6,2024-1,Ingeniería en Desarrollo de Software,2023,88.55,82.53,22,1,5,132,44.0,93.29,3,3,3,1,0,2,0,1,Irregular
6b341446-e5e1-4632-9784-2a41c127d0ba,2024-1,Ingeniería en Energía,2022,93.01,90.63,40,0,7,240,80.0,30.93,15,2,4,0,6,0,0,0,Regular
5582dbb7-87fb-48c7-b10e-da9d2eafbf69,2023-1,Ingeniería en Desarrollo de Software,2020,87.63,77.9,39,0,7,234,78.0,90.06,6,1,3,0,1,1,1,1,Regular
29d1f5af-cf9a-4afd-a1f0-d462932a188a,2023-2,Ingeniería Agroindustrial,2023,41.37,5.94,29,5,6,174,58.0,41.41,25,4,1,0,3,0,2,8,Irregular
5b917153-adb3-4134-bf83-cd700aa291fc,2023-2,Ingeniería Agroindustrial,2022,92.33,86.55,26,0,4,156,52.0,34.45,17,0,4,0,5,0,0,0,Regular
85eaf9f3-e9e6-4aef-82ec-eab77d26b4f8,2023-1,Ingeniería en Energía,2020,49.88,32.05,24,5,5,144,48.0,48.98,26,2,2,0,2,0,4,8,Baja Temporal
154e8f20-dfa3-4bc1-8788-60c39b0152a2,2024-1,Ingeniería en Energía,2023,88.64,84.56,31,1,6,186,62.0,85.2,5,2,2,0,1,0,1,0,Irregular
2a1b3263-486a-4567-b2b5-e26108238aef,2024-1,Ingeniería en Energía,2020,81.29,73.1,24,2,5,144,48.0,80.93,4,3,2,2,1,1,1,0,Irregular
782f8f8f-0676-40dc-9d84-456ddffbf1c9,2023-1,Ingeniería en Desarrollo de Software,2021,70.92,58.64,31,3,4,186,62.0,79.73,9,2,2,2,1,1,3,3,Irregular
d0163e7b-822c-45cb-853f-d0f07195d95b,2023-1,Ingeniería Agroindustrial,2023,64.03,65.17,35,4,5,210,70.0,61.72,6,2,3,1,2,1,3,3,Irregular
51dc134b-46fc-4769-9a1c-5f481efac596,2023-2,Ingeniería Agroindustrial,2021,88.3,71.73,35,2,5,210,70.0,92.0,3,4,2,0,1,0,0,1,Irregular
e6250ed6-e6a9-4ded-ab7f-d3c1ff9097a3,2023-1,Ingeniería Agroindustrial,2020,41.0,48.6,17,4,5,102,34.0,47.97,25,2,0,0,5,0,5,7,Irregular
90357a76-1f7d-4691-8e31-653c4e9bb74b,2023-2,Ingeniería en Energía,2022,56.51,22.71,14,8,6,84,28.0,35.15,15,4,1,0,2,0,2,8,Baja Temporal
4365877d-050a-4a55-8cd6-bccd4b7410ac,2024-1,Ingeniería Biomédica,2020,79.67,83.87,39,1,6,234,78.0,91.14,6,2,1,1,1,0,1,0,Irregular
3e4f0eef-ae4b-4c32-b2a3-9b3c4ba7d999,2024-1,Ingeniería Agroindustrial,2022,77.27,91.75,28,1,6,168,56.0,88.44,6,3,3,1,1,1,0,0,Irregular
be061e70-9cb1-499d-a847-052e5deeb4a5,2024-1,Ingeniería en Energía,2020,85.95,74.95,24,1,6,144,48.0,86.56,3,2,2,2,0,1,1,1,Irregular
175894c6-9253-4cb9-ae00-0c50ebbca16f,2023-2,Ingeniería Biomédica,2022,76.18,83.07,29,2,6,174,58.0,90.37,5,3,2,1,0,2,1,0,Irregular
2aa9d273-0fe1-4cca-b4c7-ad60420ae652,2023-2,Ingeniería en Desarrollo de Software,2021,99.8,94.93,33,0,6,198,66.0,96.2,2,2,1,1,0,0,0,0,Regular
0e16ea64-fb00-429c-b6b2-9f4682c80877,2023-2,Ingeniería Biomédica,2022,77.55,75.22,30,0,5,180,60.0,86.63,6,2,3,1,1,1,1,1,Regular
8500cf4b-451a-4460-a851-1b5ace2bfae3,2023-1,Ingeniería en Energía,2021,89.82,87.23,21,1,7,126,42.0,88.2,5,4,2,2,0,2,1,0,Irregular
fbe2495f-13bd-4039-915e-72463df7e2d0,2024-1,Ingeniería en Desarrollo de Software,2022,91.9,94.23,30,0,4,180,60.0,46.37,24,1,8,0,6,2,0,0,Regular
7d6a93d8-b270-49a1-bdaa-ceaae8bb68a0,2023-1,Ingeniería en Desarrollo de Software,2023,62.27,61.58,23,2,7,138,46.0,61.42,9,5,3,4,3,0,2,3,Irregular
bb4ac28f-392d-4c8d-9145-1fd7c26277f0,2024-1,Ingeniería Agroindustrial,2022,85.73,71.19,36,0,7,216,72.0,81.33,2,1,3,2,0,0,1,0,Regular
82e74219-0345-4af3-a5d8-08a803d0acc9,2024-1,Ingeniería en Energía,2021,81.57,87.57,28,2,4,168,56.0,85.22,2,3,3,1,1,1,0,0,Irregular
56433fc6-f20c-403c-ba12-ffab0cea1ddf,2023-2,Ingeniería Agroindustrial,2021,76.62,72.6,33,2,5,198,66.0,85.99,4,2,3,0,1,2,0,1,Irregular
ce5d3082-a5e5-4d9e-8614-7807199c27de,2023-1,Ingeniería en Desarrollo de Software,2023,83.19,86.15,35,0,4,210,70.0,87.22,3,2,2,2,1,2,1,1,Regular
614e2791-ac2b-41a3-9a5d-c814bfdab112,2023-2,Ingeniería en Desarrollo de Software,2020,76.94,88.57,33,1,5,198,66.0,85.58,2,1,3,0,1,1,1,1,Irregular
18a85c00-ee01-4841-922c-82873d4f480d,2023-1,Ingeniería Agroindustrial,2022,84.53,76.23,35,2,4,210,70.0,94.76,2,4,1,2,0,2,0,0,Irregular
6a04dbf7-79c9-4e4d-8cd1-549dcfebe228,2023-1,Ingeniería en Desarrollo de Software,2020,90.83,91.83,29,0,5,174,58.0,95.01,0,2,0,1,0,0,0,0,Regular
e279d924-3491-4e41-817d-dbac1e95e09a,2023-2,Ingeniería Agroindustrial,2021,87.62,72.41,24,0,6,144,48.0,86.88,2,3,3,0,0,1,0,0,Regular
66e6636e-9f1c-494a-b18b-1edba974fd5c,2023-2,Ingeniería Agroindustrial,2021,76.79,75.62,32,0,4,192,64.0,94.54,2,2,3,1,1,2,1,1,Regular
4dd4b8f6-b437-480e-92e5-0f7e56a9a7d5,2024-1,Ingeniería Biomédica,2020,73.3,67.79,22,5,5,132,44.0,64.0,8,5,5,1,1,0,1,1,Irregular
66703254-55fa-48cd-a653-13c41ad0ead6,2024-1,Ingeniería Biomédica,2020,84.87,76.88,29,1,5,174,58.0,83.35,5,3,2,1,1,0,0,1,Irregular
bcd0c831-cdc8-48b6-9c15-bd7accd9fccb,2024-1,Ingeniería en Energía,2023,68.27,61.48,36,3,4,216,72.0,64.5,10,2,4,1,2,1,2,4,Irregular
f1bf7806-290c-4804-953c-b6d438ebd814,2024-1,Ingeniería Biomédica,2023,62.84,63.56,33,3,4,198,66.0,75.48,10,5,2,1,2,0,1,3,Irregular
eaa0279f-e129-4fc8-a77c-07a79a527235,2023-1,Ingeniería en Desarrollo de Software,2023,90.88,92.67,26,0,4,156,52.0,98.44,1,2,1,1,0,0,0,0,Regular
25957600-7cb5-42cd-bb30-0239cb707745,2023-1,Ingeniería en Desarrollo de Software,2020,95.3,92.68,28,0,5,168,56.0,95.55,0,0,0,1,0,0,0,0,Regular
c921ad88-acc5-4753-bbbf-d4d0961a6f82,2023-1,Ingeniería Biomédica,2022,83.15,86.31,27,0,4,162,54.0,81.7,6,3,1,1,1,0,0,1,Regular
31f82019-b994-4793-8501-ab775b08f4b7,2023-1,Ingeniería Agroindustrial,2023,93.05,93.07,26,0,5,156,52.0,37.33,17,0,5,0,4,1,0,0,Regular
b94f3423-40b4-4a72-b2ed-83db428c2c85,2023-2,Ingeniería Biomédica,2020,88.08,71.53,38,2,6,228,76.0,85.37,2,4,2,2,1,0,0,0,Irregular
d8d234f2-21f2-41a2-b274-6bc826243036,2023-1,Ingeniería en Desarrollo de Software,2023,86.08,78.71,36,1,4,216,72.0,89.24,6,2,2,0,0,2,1,0,Irregular
72335e93-1998-4df0-b7d2-97df909f348e,2023-2,Ingeniería en Desarrollo de Software,2023,75.32,74.41,33,1,4,198,66.0,94.42,3,4,2,2,1,2,1,0,Irregular
f092cdf7-68d6-4721-af81-ddd02efd1c21,2024-1,Ingeniería Biomédica,2022,74.56,61.28,16,4,7,96,32.0,74.34,10,5,4,1,3,0,2,1,Irregular
484c5b47-07be-4494-bb01-a6936aeec7b9,2024-1,Ingeniería Agroindustrial,2022,73.38,71.41,19,2,4,114,38.0,71.86,6,2,5,3,1,0,1,4,Irregular
7ededd52-35d7-47af-bf1c-3d079d87a3d2,2024-1,Ingeniería en Desarrollo de Software,2021,86.34,80.2,31,1,4,186,62.0,87.88,4,4,3,1,0,1,1,1,Irregular
2c3e0602-ef7e-450b-89b9-93b64b7a197f,2023-1,Ingeniería en Desarrollo de Software,2021,93.02,89.24,39,0,6,234,78.0,38.67,25,1,5,0,6,0,0,0,Regular
1ad147d3-7d03-4ec0-a43a-b62d72ba18eb,2024-1,Ingeniería Agroindustrial,2023,98.28,97.66,40,0,4,240,80.0,99.77,1,0,1,0,0,0,0,0,Regular
f8f493a0-d75b-4a28-b947-534371f42a4c,2023-1,Ingeniería Agroindustrial,2020,80.89,92.02,38,0,5,228,76.0,85.99,6,4,3,0,0,0,0,0,Regular
490364d7-9f86-48ce-94e5-4ae59eb572f5,2023-1,Ingeniería Agroindustrial,2022,94.01,97.59,23,0,6,138,46.0,95.13,1,0,1,1,0,0,0,0,Regular
26df69b3-a000-4e60-bfd4-85f310882204,2023-2,Ingeniería en Energía,2021,85.86,74.98,26,0,7,156,52.0,92.78,6,3,3,1,0,2,0,0,Regular
c6aab761-609a-4a1a-a3d4-88d5a34b49eb,2024-1,Ingeniería en Desarrollo de Software,2023,80.16,87.97,38,0,7,228,76.0,94.88,6,1,1,1,1,2,1,0,Regular
b554d222-ffff-4725-9cd9-cccb4a5e0e1e,2023-1,Ingeniería Agroindustrial,2021,87.73,81.64,27,1,7,162,54.0,81.84,4,3,2,0,1,2,1,0,Irregular
d3d74450-3a6d-440e-885e-2abe7d553d50,2023-2,Ingeniería Biomédica,2023,60.6,54.86,36,4,6,216,72.0,70.3,5,6,2,4,3,2,1,3,Irregular
50af966c-7201-4209-b737-7ffc79d859fa,2023-1,Ingeniería Agroindustrial,2020,63.79,71.88,21,3,7,126,42.0,72.03,10,3,4,4,3,0,2,4,Irregular
b4961e57-c453-426a-9278-f45c7f2f282e,2023-2,Ingeniería Biomédica,2022,84.93,77.87,27,0,4,162,54.0,87.49,3,1,1,1,0,0,0,0,Regular
a38d8631-1d7a-420c-962a-a8e529f9c568,2024-1,Ingeniería en Energía,2021,80.91,94.44,29,0,5,174,58.0,90.84,2,1,2,2,1,0,1,1,Regular
c6f153c7-f4db-43e1-87f6-fc161b622cff,2024-1,Ingeniería en Desarrollo de Software,2021,54.02,47.27,25,7,6,150,50.0,25.9,17,3,2,0,3,0,5,8,Irregular
86faa159-08ae-41d1-9961-7e8155250251,2024-1,Ingeniería Agroindustrial,2021,91.44,93.82,22,0,4,132,44.0,96.76,0,0,0,0,0,0,0,0,Regular
48e465e8-5af9-478c-93ca-18fee68660ad,2023-1,Ingeniería en Desarrollo de Software,2023,86.33,77.75,21,1,6,126,42.0,89.63,6,2,2,2,1,1,1,1,Irregular
31f5f968-1614-4d56-9dab-c858031553ba,2023-1,Ingeniería Biomédica,2020,69.58,54.91,35,3,4,210,70.0,60.86,7,3,3,4,1,0,1,1,Irregular
020352fa-dacd-43c4-b583-926a3ec8e89d,2024-1,Ingeniería en Desarrollo de Software,2022,46.02,9.74,32,4,4,192,64.0,39.23,27,0,0,0,5,0,3,7,Baja Temporal
7e5066da-ce17-4a35-b6a6-9217a8771702,2024-1,Ingeniería en Energía,2023,89.69,72.8,35,0,5,210,70.0,82.69,3,3,2,0,0,2,0,1,Regular
7c611587-e1f5-4aa0-86dc-49476f880a30,2023-1,Ingeniería en Energía,2020,76.37,89.84,35,0,5,210,70.0,82.48,6,4,2,0,1,2,0,1,Regular
6f4f8c24-780b-43f1-a29f-2f10bda88739,2024-1,Ingeniería Biomédica,2020,86.36,87.94,20,2,7,120,40.0,87.54,6,3,1,2,1,0,0,0,Irregular
2bd1500f-bfa2-47e3-85fb-684e2d41bb94,2023-2,Ingeniería Biomédica,2022,69.89,66.88,28,4,4,168,56.0,71.84,6,6,4,4,2,1,1,3,Irregular
90e9c910-1075-431f-b514-520fbc3c303f,2024-1,Ingeniería Biomédica,2021,62.42,58.99,21,3,4,126,42.0,65.66,8,6,2,4,3,1,2,3,Irregular
dbbb25ab-ec7f-45a2-ba36-36c687a67ced,2023-1,Ingeniería en Energía,2022,94.29,96.39,36,0,6,216,72.0,96.84,1,1,1,1,0,0,0,0,Regular
656ee813-b369-4ca4-a951-1b7491ceb444,2024-1,Ingeniería en Energía,2021,94.19,99.57,23,0,5,138,46.0,96.04,2,2,0,1,0,0,0,0,Regular
f0620487-14d6-4c5b-bfb0-af0f2c50458d,2024-1,Ingeniería Agroindustrial,2020,62.97,66.16,35,5,4,210,70.0,73.26,6,6,2,4,1,2,2,2,Irregular
b908f178-bbb3-45d2-80ec-c74e9e4384b8,2023-1,Ingeniería en Energía,2021,46.64,18.28,17,8,4,102,34.0,47.92,16,1,1,0,5,0,5,5,Baja Temporal
e79e3044-9581-404a-b1b1-d6142118acf0,2023-2,Ingeniería en Energía,2022,89.63,72.56,24,0,7,144,48.0,83.9,2,1,2,1,1,0,1,1,Regular
9db6f374-33b9-4b52-8032-61d67eb1226d,2023-1,Ingeniería en Energía,2021,93.51,90.88,23,0,6,138,46.0,38.71,15,1,7,0,5,1,0,0,Regular
fcfd3d81-efc7-45aa-9308-1afad323eda8,2023-1,Ingeniería en Desarrollo de Software,2021,80.28,94.13,28,2,5,168,56.0,90.24,2,4,2,1,0,0,1,0,Irregular
26bd0f03-cdca-4066-8c2e-bdff94a2da99,2023-1,Ingeniería Biomédica,2023,63.87,69.66,18,5,7,108,36.0,67.02,11,4,2,3,2,0,3,4,Irregular
b2a71f91-3b4a-4771-92d4-5e56d68b08b4,2023-2,Ingeniería Biomédica,2021,92.1,91.36,37,0,6,222,74.0,37.07,16,2,8,0,4,0,0,0,Regular
0352b9de-f87e-462b-a3b8-11098ef49cf6,2024-1,Ingeniería Biomédica,2022,94.27,94.94,35,0,6,210,70.0,95.2,2,2,0,1,0,0,0,0,Regular
29d4fabe-88ed-4fd4-8329-7436bb50ba5a,2023-1,Ingeniería en Desarrollo de Software,2023,45.71,10.09,30,7,4,180,60.0,28.76,23,4,1,0,3,0,5,7,Baja Temporal
31fc5fee-562d-4dc6-96cc-3bff06bd83a6,2023-1,Ingeniería Agroindustrial,2020,85.59,75.22,38,2,7,228,76.0,92.69,6,4,3,2,1,1,0,1,Irregular
c0440f3b-63e5-44ac-9037-9aaee9ff8a7a,2023-2,Ingeniería Biomédica,2022,40.17,23.11,32,7,7,192,64.0,44.38,23,0,2,0,3,0,2,4,Irregular
354b7038-c72a-459e-8ad6-a44ead95a974,2023-2,Ingeniería en Desarrollo de Software,2021,83.71,71.0,19,2,5,114,38.0,81.28,2,2,2,1,1,0,1,0,Irregular
9520f1de-a542-4945-b011-d57005ba7fa7,2024-1,Ingeniería Agroindustrial,2020,94.69,95.57,22,0,7,132,44.0,98.56,2,2,0,1,0,0,0,0,Regular
64edbee3-dc79-4cd2-b2bb-693e8743cdac,2024-1,Ingeniería en Energía,2022,95.34,91.68,31,0,4,186,62.0,98.51,0,0,1,0,0,0,0,0,Regular
61c9c19a-9185-455e-baaf-eb117cfa7394,2024-1,Ingeniería en Energía,2023,84.08,86.23,31,1,7,186,62.0,87.19,6,1,1,1,0,2,1,1,Irregular
a8fcd3d7-81ad-4e87-ad47-e833cd4ef9f0,2023-2,Ingeniería Biomédica,2021,93.15,93.64,27,0,7,162,54.0,43.69,17,0,8,0,4,0,0,0,Regular
9fc06a98-f478-4d1b-8107-8aaeedfe87ab,2024-1,Ingeniería Biomédica,2021,70.48,73.13,25,3,5,150,50.0,67.31,8,6,4,1,3,2,1,3,Irregular
c179f9ed-a7bf-4b7f-999d-c9dfab8b2cf7,2023-1,Ingeniería Agroindustrial,2022,87.12,83.76,24,1,4,144,48.0,88.65,4,3,2,2,1,0,1,0,Irregular
8a30fe32-d638-4d45-82fc-27d760f9dbbf,2024-1,Ingeniería Biomédica,2023,44.74,11.5,34,5,7,204,68.0,38.37,24,1,2,0,2,0,4,7,Irregular
55323fa4-6590-4148-858a-4478163d7aa4,2024-1,Ingeniería en Energía,2021,74.18,67.51,30,5,5,180,60.0,71.21,9,5,3,1,1,0,2,2,Irregular
5c84e67c-bbb4-49f0-ad8e-a675b898cf2d,2024-1,Ingeniería en Desarrollo de Software,2023,84.0,83.22,23,1,5,138,46.0,80.8,6,4,1,1,0,1,1,1,Irregular
83873226-21a7-4585-ad3b-57e5d4abbd22,2023-2,Ingeniería en Energía,2023,52.6,24.72,34,4,6,204,68.0,51.67,11,1,1,0,5,0,4,3,Baja Temporal
b4927eb7-b5b8-493e-b59c-170d375d7246,2024-1,Ingeniería Biomédica,2020,81.11,93.49,33,0,5,198,66.0,90.31,3,4,3,0,1,1,0,1,Regular
a7af43d8-5f38-4e6d-89a9-ef3f106a531d,2023-1,Ingeniería Agroindustrial,2022,97.97,99.51,34,0,7,204,68.0,96.72,1,2,1,1,0,0,0,0,Regular
851e1c80-510c-42fd-94fc-c92f25d61b3b,2023-2,Ingeniería Biomédica,2021,84.79,93.8,26,0,6,156,52.0,92.19,4,2,1,0,0,0,1,1,Regular
a92cda9f-96a3-4a18-adef-465bb173056d,2024-1,Ingeniería Agroindustrial,2021,68.99,50.01,28,5,6,168,56.0,77.78,11,5,5,2,2,0,1,4,Irregular
a6c5ee81-6a24-4921-96f8-01e6a60e07d0,2023-2,Ingeniería en Energía,2022,88.71,85.6,34,0,4,204,68.0,88.49,3,2,3,1,1,0,0,0,Regular
7a571fb0-6897-4a1f-a192-4f9d5870483f,2024-1,Ingeniería en Energía,2021,74.59,67.52,33,2,7,198,66.0,60.16,5,5,5,4,2,1,2,1,Irregular
332b09eb-f22a-4746-b303-a84e8197305e,2023-2,Ingeniería Biomédica,2022,83.53,90.82,22,2,5,132,44.0,91.17,5,1,1,1,1,0,1,0,Irregular
0d02a0a1-4cfa-4830-bbb7-256d142c97c3,2024-1,Ingeniería Biomédica,2021,99.33,91.32,35,0,6,210,70.0,98.11,0,1,0,1,0,0,0,0,Regular
5f79d468-d32e-4579-8ad4-ee2b1c9dd132,2023-2,Ingeniería en Desarrollo de Software,2020,77.86,94.31,30,1,4,180,60.0,82.55,6,1,2,1,0,1,0,1,Irregular
a71caa44-1a6d-47f7-b2de-3ed736aa43f8,2023-1,Ingeniería en Energía,2022,49.63,2.88,25,7,5,150,50.0,24.14,29,1,1,0,2,0,5,8,Baja Temporal
37479b5f-b950-4f05-8f5d-328e0a18d601,2024-1,Ingeniería Biomédica,2023,66.99,62.79,25,2,7,150,50.0,73.02,8,2,2,3,1,0,3,1,Irregular
4e7743a5-f10a-4e14-a3dc-cd33c249e3df,2024-1,Ingeniería Biomédica,2021,83.74,76.39,30,1,6,180,60.0,88.79,5,3,1,1,0,1,0,1,Irregular
5f487a84-6522-4b8e-a4cf-35b62c6cfc71,2024-1,Ingeniería Biomédica,2021,79.92,78.77,21,2,5,126,42.0,80.18,5,1,3,1,1,2,1,0,Irregular
cd7d31bd-d35a-49ba-a339-7dbc2eb6501e,2024-1,Ingeniería Agroindustrial,2021,82.0,81.86,39,0,6,234,78.0,93.82,6,4,1,1,0,0,0,0,Regular
91413676-6cd1-40ef-aca0-027a09a93e04,2023-1,Ingeniería en Desarrollo de Software,2022,71.05,72.47,20,5,5,120,40.0,71.8,6,5,3,2,2,0,3,4,Irregular
89cbf13d-7948-4da4-a287-36578c32b768,2023-1,Ingeniería Biomédica,2023,87.4,78.66,21,1,4,126,42.0,89.81,6,1,3,1,0,0,0,0,Irregular
d18e9433-e75e-430f-a7e4-8a55ad17d452,2024-1,Ingeniería en Energía,2021,61.42,71.45,20,4,4,120,40.0,78.65,7,5,5,1,1,1,2,4,Irregular
05991723-6bb7-4ee0-a941-2b2e073bff90,2024-1,Ingeniería Agroindustrial,2020,40.21,9.04,27,7,7,162,54.0,53.32,23,1,0,0,3,0,2,7,Irregular
f206642d-01a4-4c92-90f8-5cb97cc5f44a,2023-2,Ingeniería Agroindustrial,2022,70.17,69.26,31,3,6,186,62.0,78.04,12,2,3,3,3,1,3,3,Irregular
ef3636c1-278c-4dfb-adbd-5f31bb0d650c,2024-1,Ingeniería en Desarrollo de Software,2020,84.81,72.52,22,0,5,132,44.0,83.55,5,2,3,2,1,2,1,1,Regular
7b897eca-68b8-47b8-8025-ab0cd62a83de,2023-2,Ingeniería Agroindustrial,2022,68.79,70.64,28,2,5,168,56.0,71.59,5,3,3,4,3,2,2,4,Irregular
cc2b19ba-b7c4-43b7-9ba2-a3e6eb900347,2023-1,Ingeniería Agroindustrial,2021,89.28,83.86,21,2,6,126,42.0,83.93,4,3,1,0,1,2,0,0,Irregular
393b385b-dc92-4a52-a200-ad843ced320f,2023-2,Ingeniería en Desarrollo de Software,2020,97.25,98.97,23,0,5,138,46.0,98.91,1,1,0,0,0,0,0,0,Regular
5d41922f-6437-4453-aa24-64d19979b57b,2023-1,Ingeniería Agroindustrial,2021,42.68,30.69,26,6,6,156,52.0,56.57,20,2,1,0,2,0,2,6,Baja Temporal
775c3d9e-c93b-4766-b985-b536663ec323,2023-2,Ingeniería en Desarrollo de Software,2020,99.43,91.53,31,0,7,186,62.0,97.53,2,1,0,0,0,0,0,0,Regular
ab9c0915-0350-4414-b448-70c9f4280145,2023-2,Ingeniería en Desarrollo de Software,2020,85.4,91.48,38,0,6,228,76.0,43.56,19,2,7,0,5,0,0,0,Regular
6f0f394d-370f-439a-b7c6-714ce0798cbb,2023-1,Ingeniería Biomédica,2021,43.58,43.42,16,5,7,96,32.0,55.9,13,2,2,0,4,0,4,5,Baja Temporal
ca302ade-e4f5-4751-9ea3-a69a75ea2f43,2023-2,Ingeniería en Desarrollo de Software,2023,79.61,74.57,18,2,5,108,36.0,94.12,3,1,3,2,0,2,0,0,Irregular
a7d818b9-728a-41cf-a65c-6493bf46c56b,2023-1,Ingeniería Agroindustrial,2023,79.89,88.88,30,2,5,180,60.0,93.39,5,2,3,0,0,0,1,1,Irregular
a8f4bf51-a94b-4784-b6c6-b6d43b862849,2023-2,Ingeniería Agroindustrial,2022,81.24,79.88,30,1,4,180,60.0,85.1,2,3,2,0,1,0,1,1,Irregular
84f20a88-be31-46df-9006-1d7c315c9c83,2023-1,Ingeniería Agroindustrial,2023,75.31,84.05,35,0,5,210,70.0,88.16,2,1,2,2,0,0,1,0,Regular
6ba07e6b-3d09-4c82-ade0-d31769d3f87e,2023-2,Ingeniería Biomédica,2022,87.93,70.7,26,0,4,156,52.0,94.43,6,1,2,2,0,1,0,0,Regular
7164ffdb-84da-45dd-bd20-10b8bc71f0dc,2023-1,Ingeniería Biomédica,2023,81.47,78.12,33,0,6,198,66.0,87.29,4,1,2,1,1,0,0,1,Regular
77038900-a4f6-4080-89d5-e5b456060876,2023-2,Ingeniería Biomédica,2021,93.16,93.09,24,0,6,144,48.0,33.17,18,2,5,0,6,1,0,0,Regular
ffcad954-f946-46b4-9f9b-22d86dcbf2aa,2023-1,Ingeniería Biomédica,2020,85.61,88.16,23,0,7,138,46.0,32.78,16,0,5,0,4,0,0,0,Regular
de7e14c5-0228-4bbe-a187-bfabfbaac487,2023-2,Ingeniería en Desarrollo de Software,2020,83.13,80.94,21,0,4,126,42.0,86.98,2,2,1,2,1,1,1,1,Regular
b4c612cc-b7fd-4ab9-90ce-b36821c3fd80,2024-1,Ingeniería en Energía,2023,85.72,84.05,35,1,6,210,70.0,89.89,4,3,2,2,0,2,1,0,Irregular
33487894-b5ff-417a-aa8d-a6f2f93eb2ee,2023-1,Ingeniería Biomédica,2023,62.04,65.62,22,3,5,132,44.0,66.22,7,4,2,4,1,1,3,4,Irregular
12b94398-e9ef-4ad8-b2ae-92dd2c5cb3bc,2024-1,Ingeniería en Desarrollo de Software,2023,77.13,80.77,25,0,6,150,50.0,93.71,5,2,3,2,1,0,0,1,Regular
1558ccdb-14c0-45fd-a6b0-ccf7dfe9b352,2023-2,Ingeniería Biomédica,2020,61.28,53.31,27,2,6,162,54.0,62.26,8,3,3,2,1,2,2,3,Irregular
26ba29b1-afca-42af-afce-f5d1a28d5da2,2024-1,Ingeniería Agroindustrial,2020,88.16,94.07,32,1,4,192,64.0,84.74,5,1,1,2,0,0,1,1,Irregular
798605a8-ed8b-4105-84eb-b8703172f2df,2023-1,Ingeniería en Energía,2020,89.13,78.59,25,1,5,150,50.0,88.22,6,3,1,2,0,2,1,1,Irregular
1fcdc176-1179-44cb-bc05-549a39209544,2023-1,Ingeniería Agroindustrial,2022,89.79,85.64,22,0,4,132,44.0,33.49,18,2,4,0,4,0,0,0,Regular
a87b99b5-a9b7-4948-b960-a9bf84e05a60,2023-2,Ingeniería en Desarrollo de Software,2022,89.34,81.42,22,0,7,132,44.0,83.94,3,3,3,0,1,1,1,1,Regular
6a4cbc39-a080-4221-aa66-ba93dd0997f6,2023-2,Ingeniería Biomédica,2021,97.08,96.06,26,0,4,156,52.0,99.87,0,2,0,0,0,0,0,0,Regular
c3e6ff38-8fea-4d3f-ab78-01d66a870376,2023-2,Ingeniería en Energía,2021,84.28,91.01,33,1,6,198,66.0,90.68,2,1,1,1,1,0,1,1,Irregular
92b7a7be-e158-4eaa-9c8c-5033d40b1da6,2024-1,Ingeniería Agroindustrial,2021,88.04,74.68,33,1,7,198,66.0,86.92,4,1,1,0,0,1,1,0,Irregular
1aed6325-fded-4b45-a0d9-7756fa2cc6a1,2024-1,Ingeniería en Energía,2021,57.9,2.6,33,7,7,198,66.0,59.25,23,1,1,0,4,0,5,8,Irregular
219ddff9-251b-4052-a287-566d4e526651,2023-1,Ingeniería en Energía,2023,83.61,89.58,23,1,4,138,46.0,81.62,4,3,2,2,0,0,1,1,Irregular
7c520b5c-9d4a-4be6-9b24-98272f3ca20f,2023-1,Ingeniería en Energía,2020,75.41,88.21,31,1,6,186,62.0,89.22,6,2,2,0,1,2,0,0,Irregular
2ff133c9-e6e1-4cde-8ada-eb42f2456696,2023-1,Ingeniería en Desarrollo de Software,2021,76.16,86.63,22,0,7,132,44.0,87.3,3,3,3,2,1,0,0,1,Regular
76e4ffd1-0781-4925-935e-d229584cb02a,2023-2,Ingeniería Biomédica,2021,68.93,64.12,26,2,4,156,52.0,64.87,8,6,3,4,1,0,1,1,Irregular
fce48b82-16b2-4bb0-9656-aa09fb5435cb,2024-1,Ingeniería Biomédica,2020,73.69,50.08,32,3,4,192,64.0,62.15,8,3,2,1,1,2,1,2,Irregular
a9d9763a-137a-4f16-a1f1-9d3e8af119be,2023-1,Ingeniería Biomédica,2021,78.51,78.44,32,0,6,192,64.0,83.48,4,3,3,0,0,0,1,1,Regular
80d85427-15de-41d4-ac9b-ba031232a22f,2024-1,Ingeniería en Energía,2022,65.8,70.79,18,2,5,108,36.0,63.6,11,6,2,3,1,1,2,3,Irregular
8de76f59-350e-4902-90d4-4800a07dec8a,2024-1,Ingeniería Agroindustrial,2023,76.93,71.46,36,1,5,216,72.0,87.21,5,4,2,2,1,2,1,1,Irregular
63892089-968e-4b89-8f00-e92bf7c18f40,2023-2,Ingeniería Biomédica,2023,75.46,87.96,38,2,4,228,76.0,81.21,5,4,1,1,1,2,1,0,Irregular
989c96c4-061b-4478-9cf5-7a9cbdc3241a,2024-1,Ingeniería Agroindustrial,2023,84.49,82.39,25,2,7,150,50.0,87.57,5,1,2,0,1,1,0,0,Irregular
d2550711-9b37-438d-b3fa-f816c59da50c,2023-2,Ingeniería en Desarrollo de Software,2021,76.76,75.32,40,0,6,240,80.0,92.7,3,3,2,0,0,2,1,1,Regular
d670d6fb-9d64-4a34-9380-2d1610c3e9fc,2024-1,Ingeniería Agroindustrial,2020,64.68,50.14,34,4,4,204,68.0,77.52,7,6,2,4,3,2,3,1,Irregular
f8a0e186-1ef8-4ac1-899b-2097e6330f87,2023-2,Ingeniería en Desarrollo de Software,2022,80.69,90.71,34,0,5,204,68.0,86.37,4,1,3,0,1,2,0,0,Regular
4f886ef5-ffa0-4cd1-9b4f-68e053ab5ada,2023-1,Ingeniería en Energía,2021,45.15,33.61,19,7,4,114,38.0,34.44,14,5,2,0,5,0,5,3,Irregular
da4bb409-240e-42eb-9086-01e7d5442dc7,2023-1,Ingeniería Biomédica,2023,97.87,90.62,34,0,6,204,68.0,99.56,2,0,1,0,0,0,0,0,Regular
bad37b61-d90f-4d2c-866e-b2c34a1b113d,2023-1,Ingeniería en Energía,2021,80.62,94.39,25,2,6,150,50.0,82.32,6,4,1,2,0,2,0,0,Irregular
bf7ef50b-9688-49f1-8da5-ac72423af993,2024-1,Ingeniería Biomédica,2023,85.5,91.92,34,0,4,204,68.0,94.37,6,2,1,1,1,0,0,1,Regular
dc00fd9e-4b82-460b-8eda-6eaa6fd1e0f4,2023-2,Ingeniería en Desarrollo de Software,2023,76.17,82.07,31,1,6,186,62.0,87.69,3,1,3,1,0,1,1,1,Irregular
8fb4d1d5-a657-41a8-b87d-39aa073df048,2024-1,Ingeniería Agroindustrial,2021,66.14,51.74,31,4,6,186,62.0,79.7,7,6,4,1,1,0,3,4,Irregular
a025b8f7-e2e4-45e9-ad20-9850de4bd232,2024-1,Ingeniería en Desarrollo de Software,2022,77.0,75.12,20,2,4,120,40.0,90.79,6,4,1,0,1,2,0,1,Irregular
8ac3d320-08d3-4f13-8782-8d27f0503892,2023-2,Ingeniería en Energía,2022,64.05,53.16,23,4,7,138,46.0,75.44,9,3,4,1,3,0,3,1,Irregular
ecfaf9a0-5680-4209-bd79-6314c25af5da,2023-1,Ingeniería Biomédica,2021,80.62,80.21,29,2,7,174,58.0,86.18,6,3,1,2,0,2,1,1,Irregular
a97445de-db18-4bc0-bfc7-46f7a2462602,2024-1,Ingeniería en Energía,2021,83.33,94.56,37,1,7,222,74.0,94.58,5,2,3,2,0,2,1,0,Irregular
4417090a-d422-4608-ae0b-ce26d27ad127,2024-1,Ingeniería Agroindustrial,2022,46.26,45.49,16,6,5,96,32.0,54.92,30,2,1,0,4,0,3,5,Irregular
0e636887-cc8f-4928-9961-434009cd99de,2024-1,Ingeniería Biomédica,2022,79.27,80.45,23,2,6,138,46.0,88.25,5,2,2,2,1,0,0,1,Irregular
86ff4655-c151-4563-9474-d09c295037b5,2023-1,Ingeniería en Desarrollo de Software,2023,92.03,94.5,40,0,6,240,80.0,95.41,0,0,0,0,0,0,0,0,Regular
f66a382b-4add-43e1-8cfd-967ee4468d30,2024-1,Ingeniería en Energía,2021,96.95,99.85,23,0,4,138,46.0,95.05,0,0,0,0,0,0,0,0,Regular
509ce793-535d-49b8-8ee9-e8c2d880c818,2023-2,Ingeniería Agroindustrial,2023,40.04,39.97,17,4,6,102,34.0,21.28,24,1,1,0,5,0,3,6,Irregular
a62ec057-58a6-4d15-bda3-6ae065fd7e25,2023-2,Ingeniería Biomédica,2020,49.18,48.58,36,4,6,216,72.0,28.14,23,2,0,0,4,0,2,8,Irregular
2d00ba32-e988-4fd7-89d2-e05532370e4e,2023-2,Ingeniería Agroindustrial,2022,53.09,32.86,30,4,7,180,60.0,25.62,16,1,1,0,5,0,2,4,Irregular
0bd37a37-6034-4683-a4f7-0aa32d1057ac,2023-1,Ingeniería Biomédica,2022,77.28,81.37,33,0,5,198,66.0,91.92,3,4,2,2,1,0,0,0,Regular
46e76171-c4c4-439e-92e1-a01a070ee11a,2023-1,Ingeniería en Energía,2021,85.66,88.7,20,0,7,120,40.0,37.57,15,1,6,0,5,1,0,0,Regular
b736946d-52b4-4138-b9a9-48670e5a537e,2023-2,Ingeniería en Energía,2020,86.22,92.53,33,2,6,198,66.0,92.67,3,3,2,1,0,0,0,0,Irregular
15565a8d-e70d-43c3-b332-4e44dc13295d,2023-1,Ingeniería Biomédica,2021,76.76,84.98,30,1,6,180,60.0,80.97,3,4,1,2,1,0,0,1,Irregular
2e3e1a33-a6e1-4b1c-ae5c-1cc27890ff2f,2024-1,Ingeniería en Desarrollo de Software,2020,55.8,15.1,15,5,6,90,30.0,55.12,11,4,2,0,2,0,4,8,Baja Temporal
2758fb27-6ce7-4ea9-983f-9916a8bddb2f,2024-1,Ingeniería en Desarrollo de Software,2021,79.91,82.69,39,0,6,234,78.0,94.24,3,1,3,1,1,1,1,0,Regular
8d2d8294-7679-45b9-92ed-3bb437350495,2023-2,Ingeniería en Energía,2022,91.69,90.47,26,0,5,156,52.0,48.86,20,2,6,0,6,1,0,0,Regular
ea9980bd-9512-4873-b514-e838bc3060b0,2024-1,Ingeniería en Desarrollo de Software,2023,76.51,74.66,27,1,5,162,54.0,89.89,5,4,2,0,1,1,1,0,Irregular
7be67732-ab2e-48e8-a003-c8d5d9e55c67,2023-1,Ingeniería Biomédica,2021,87.09,88.35,35,0,7,210,70.0,38.75,16,1,7,0,3,0,0,0,Regular
34f00661-12bf-4fe8-bd6a-2e0fc8fbfb26,2024-1,Ingeniería en Desarrollo de Software,2021,83.05,80.7,34,1,5,204,68.0,89.8,3,3,1,1,1,0,1,1,Irregular
d5056a90-7873-4c1d-851d-6fbf4a54525b,2023-2,Ingeniería Biomédica,2021,91.98,98.13,37,0,6,222,74.0,99.32,1,0,1,0,0,0,0,0,Regular
e84fed4f-7316-41a7-a29f-accd34f8d59e,2023-2,Ingeniería en Energía,2021,60.02,57.0,24,4,6,144,48.0,77.71,9,3,5,3,3,1,3,2,Irregular
b9be5670-cba3-418d-bda9-361718d7e879,2023-2,Ingeniería en Desarrollo de Software,2020,42.75,43.12,15,7,4,90,30.0,45.16,21,0,1,0,2,0,5,6,Irregular
7df654a9-67e2-4204-a72f-73d4da1b4f6e,2024-1,Ingeniería en Desarrollo de Software,2023,47.17,36.43,18,8,4,108,36.0,51.85,23,1,1,0,4,0,3,8,Irregular
1510ed0e-3680-4503-9b1f-4f9d07b6d3d5,2024-1,Ingeniería Agroindustrial,2021,70.88,72.42,36,4,7,216,72.0,66.91,7,2,2,3,1,2,3,1,Irregular
ca987e52-890c-42a6-83a6-2f757813383e,2024-1,Ingeniería Agroindustrial,2020,79.59,82.96,20,2,6,120,40.0,83.37,5,4,1,1,0,0,0,1,Irregular
44dbaf2e-d1eb-45c0-9f69-289dc348f104,2023-2,Ingeniería en Desarrollo de Software,2020,82.88,82.76,37,2,6,222,74.0,91.61,4,2,1,0,0,2,0,0,Irregular
81d1c57f-df48-4fc6-b797-e1e31e2b1508,2023-1,Ingeniería en Energía,2020,68.98,61.78,34,3,4,204,68.0,76.9,10,3,2,4,2,2,3,4,Irregular
b699fddc-2e33-4ee6-8432-123f5878ebc3,2023-1,Ingeniería en Desarrollo de Software,2021,83.87,93.79,20,0,4,120,40.0,89.24,2,2,2,1,0,2,1,1,Regular
307d59f3-d86f-4faf-aea0-7f25e342a662,2023-1,Ingeniería Agroindustrial,2022,91.2,92.87,35,0,5,210,70.0,95.42,1,1,1,1,0,0,0,0,Regular
f3c157af-d6f4-410a-a929-78de17839fb9,2024-1,Ingeniería en Desarrollo de Software,2023,51.13,37.8,16,5,7,96,32.0,37.91,28,1,1,0,4,0,3,3,Baja Temporal
7303870d-3283-44f1-b2fb-2479032e18b1,2023-1,Ingeniería Agroindustrial,2020,88.21,89.83,31,1,5,186,62.0,92.86,6,4,2,0,0,2,1,1,Irregular
a62c02ab-4638-412b-a46c-af1b1e504056,2024-1,Ingeniería en Desarrollo de Software,2023,87.51,81.96,21,1,5,126,42.0,82.49,4,4,1,2,1,2,1,0,Irregular
1ba509d4-5a93-439f-ba42-11c21a8aea0f,2024-1,Ingeniería en Energía,2021,86.24,92.67,21,2,5,126,42.0,86.18,4,4,2,2,0,0,0,0,Irregular
8134593a-c54b-4b24-9c3c-7ac186a5279b,2023-1,Ingeniería Agroindustrial,2020,73.43,50.39,23,3,6,138,46.0,69.66,8,3,3,3,1,0,1,2,Irregular
be2554d9-ed43-405c-88c3-e98c3bf2aabc,2023-1,Ingeniería en Energía,2022,84.24,93.81,32,0,5,192,64.0,88.93,2,3,3,0,1,1,0,1,Regular
aef35132-65e4-4748-aa1b-d3546f3d3998,2023-1,Ingeniería en Desarrollo de Software,2022,53.13,43.88,27,4,5,162,54.0,21.4,12,3,0,0,2,0,5,7,Baja Temporal
b81fd11f-5a39-4cd1-ae0f-7008ca3f52de,2023-1,Ingeniería Agroindustrial,2023,79.44,91.6,38,0,4,228,76.0,83.2,5,2,3,2,0,2,0,0,Regular
632d6602-6d3b-47c4-8297-e1cee1d51dff,2024-1,Ingeniería Agroindustrial,2023,87.94,93.73,37,1,6,222,74.0,91.67,2,2,2,0,1,0,0,1,Irregular
b7fa4001-4241-4dc9-a79d-74d858515f77,2023-2,Ingeniería Biomédica,2021,49.39,22.79,21,7,4,126,42.0,35.55,16,0,2,0,4,0,3,6,Irregular
a438e320-2fee-4eb5-9dc3-9e03acfde026,2023-2,Ingeniería en Desarrollo de Software,2022,85.66,91.61,36,0,4,216,72.0,45.85,25,1,5,0,3,0,0,0,Regular
2b81a312-0561-4492-a3ce-0a984fd50957,2023-2,Ingeniería en Desarrollo de Software,2021,84.42,82.18,35,1,7,210,70.0,92.03,5,4,3,2,0,1,0,1,Irregular
8da5e185-43b4-4160-b6eb-a7f5734d21b0,2024-1,Ingeniería Biomédica,2023,50.9,24.54,31,5,5,186,62.0,20.83,13,2,2,0,4,0,4,6,Baja Temporal
fc054c6b-7b2a-4b0b-b127-f687fd72d1fa,2023-1,Ingeniería Agroindustrial,2022,97.29,92.55,21,0,6,126,42.0,99.28,2,0,1,0,0,0,0,0,Regular
8dee1217-04c0-4df1-9ce5-240d49656c91,2024-1,Ingeniería en Desarrollo de Software,2022,78.56,84.7,34,0,4,204,68.0,81.6,4,1,2,2,0,1,0,1,Regular
2a6efd49-5882-4ea9-9d24-68ec07db2ebd,2024-1,Ingeniería en Desarrollo de Software,2022,89.44,94.13,24,0,6,144,48.0,39.06,16,0,6,0,5,1,0,0,Regular
20f152c3-244b-48ca-a023-0ec6e57b6622,2023-1,Ingeniería en Desarrollo de Software,2022,82.14,89.26,33,0,4,198,66.0,81.24,4,1,1,0,1,1,0,0,Regular
adb53168-84aa-4960-9f92-2030011af930,2024-1,Ingeniería Biomédica,2022,79.5,89.64,27,2,4,162,54.0,89.53,5,4,3,0,0,2,1,1,Irregular
778bd0a8-fbcd-4fab-af3a-0d75cce66c1e,2023-2,Ingeniería Agroindustrial,2020,66.23,65.65,35,5,4,210,70.0,60.31,7,6,3,4,3,2,1,1,Irregular
d8f0e875-8d4c-402b-a115-9f31a511b9eb,2023-2,Ingeniería en Energía,2020,86.59,92.24,33,0,5,198,66.0,85.71,3,1,3,0,0,0,0,1,Regular
c4a781b0-e51a-4144-b4a0-29a279260d97,2023-1,Ingeniería Biomédica,2021,55.19,32.64,23,5,5,138,46.0,27.81,29,3,2,0,3,0,3,8,Baja Temporal
742e8b04-8325-4135-925b-6460fc93e294,2023-2,Ingeniería Agroindustrial,2020,79.21,80.94,26,2,4,156,52.0,88.76,4,1,2,0,1,1,0,1,Irregular
d1820c0a-cd2c-48e3-9fec-510bec98269d,2023-1,Ingeniería en Energía,2023,86.64,76.85,21,1,7,126,42.0,90.7,4,3,1,2,1,2,1,0,Irregular
0372185d-8534-43c8-b3e5-1afd346a43fe,2024-1,Ingeniería en Desarrollo de Software,2020,62.47,58.24,24,5,6,144,48.0,61.67,9,3,2,2,1,1,1,1,Irregular
3c535065-8cd1-476a-8914-7b82c34a9766,2024-1,Ingeniería en Desarrollo de Software,2023,85.4,71.51,22,0,5,132,44.0,89.71,5,3,2,1,1,1,0,1,Regular
b43672c6-acc6-487c-9b27-150b312ac9e4,2023-2,Ingeniería en Desarrollo de Software,2023,97.67,97.44,30,0,4,180,60.0,99.2,2,2,1,0,0,0,0,0,Regular
a728942c-e3b8-49b4-a246-8576e6f0a751,2023-2,Ingeniería Biomédica,2023,90.53,94.8,31,0,5,186,62.0,95.53,2,1,0,0,0,0,0,0,Regular
3369ab55-e738-43bd-aa93-6695b3de8f2d,2024-1,Ingeniería en Desarrollo de Software,2021,78.97,86.25,18,2,7,108,36.0,91.49,2,3,1,2,1,2,1,1,Irregular
c7740bc6-86b5-4c1f-aafd-767cca75785b,2023-2,Ingeniería Biomédica,2020,77.87,73.71,21,2,4,126,42.0,80.01,5,4,3,2,0,2,0,1,Irregular
bc72d04d-03e1-4b92-9973-1b201b4ef199,2024-1,Ingeniería Agroindustrial,2021,80.67,86.69,26,0,6,156,52.0,80.42,4,3,1,1,0,1,0,1,Regular
779e6932-3446-4cfb-b4c8-bab8dcc31dca,2024-1,Ingeniería Agroindustrial,2021,77.33,84.18,22,0,7,132,44.0,94.63,5,2,2,1,0,0,0,1,Regular
09cbd505-c257-40e8-83ee-90849ffd69fd,2023-1,Ingeniería Biomédica,2023,53.26,33.56,17,6,5,102,34.0,55.26,17,2,2,0,4,0,4,3,Baja Temporal
b3226f75-d66c-477f-92b5-da8430bd0b8b,2023-2,Ingeniería en Desarrollo de Software,2021,91.58,92.84,34,0,4,204,68.0,30.25,15,1,4,0,4,2,0,0,Regular
0c65b5c4-718b-4038-b19b-3e20d58bd2f7,2023-2,Ingeniería en Energía,2020,87.88,73.15,29,0,6,174,58.0,94.22,5,1,2,2,1,2,0,1,Regular
2fccbc04-19b9-4445-8556-b85f27cf5692,2023-1,Ingeniería Agroindustrial,2023,70.18,70.7,31,2,6,186,62.0,77.98,5,5,3,1,2,2,1,2,Irregular
6621c1f5-30db-419c-9a7d-50dd62bae2be,2023-1,Ingeniería en Desarrollo de Software,2022,87.69,91.86,35,0,6,210,70.0,44.21,20,1,5,0,4,2,0,0,Regular
6e68ea6a-6861-44e2-aaa7-ade626ee5374,2023-2,Ingeniería Biomédica,2020,95.04,90.9,29,0,7,174,58.0,96.75,1,0,0,1,0,0,0,0,Regular
8fa182b9-8d4b-44fa-aa1a-15fb7e0fd4e1,2024-1,Ingeniería Biomédica,2021,66.53,63.65,35,5,4,210,70.0,75.08,12,3,3,4,3,0,1,4,Irregular
54456023-3279-4ff2-bb4d-3a44dacb3820,2023-2,Ingeniería Biomédica,2022,79.69,90.86,28,2,6,168,56.0,90.22,3,4,2,1,0,0,0,0,Irregular
710362eb-0d24-4bee-afda-cb573f87d8ba,2023-2,Ingeniería en Energía,2020,81.1,86.21,27,1,5,162,54.0,87.42,6,1,1,0,1,0,0,1,Irregular
e13c74c3-7f2c-492a-a4a6-677f73f05594,2024-1,Ingeniería en Energía,2022,75.97,86.61,38,2,7,228,76.0,90.59,4,2,1,0,1,2,1,1,Irregular
d98a2628-4dba-415a-b32a-c96185ac9ef7,2023-1,Ingeniería en Desarrollo de Software,2023,52.17,39.93,25,5,5,150,50.0,38.37,27,4,2,0,2,0,4,3,Irregular
960dbe6b-1616-4325-beae-a2967c82bf88,2023-1,Ingeniería Biomédica,2023,64.66,65.58,29,5,6,174,58.0,61.37,11,2,4,2,3,1,3,1,Irregular
d4392c74-46d3-4234-a61a-9b3cd59f8ff3,2024-1,Ingeniería en Energía,2022,68.01,64.72,29,4,7,174,58.0,78.67,11,6,2,2,1,0,1,3,Irregular
8f253f8c-ac28-424f-aa0a-0b0a4b49dfc2,2023-2,Ingeniería en Energía,2023,65.37,73.27,34,2,7,204,68.0,63.4,7,6,3,1,1,0,1,3,Irregular
eda5e5bf-23f6-4566-b9a8-0308ea579056,2023-1,Ingeniería en Energía,2023,91.29,99.83,37,0,7,222,74.0,98.68,2,1,0,1,0,0,0,0,Regular
3fece6a6-ba45-4180-9607-5e5a40f213cf,2024-1,Ingeniería en Desarrollo de Software,2021,98.03,93.22,30,0,7,180,60.0,99.9,2,0,1,0,0,0,0,0,Regular
a8d0f677-a7f6-4f0e-86ad-47b9833f5bf1,2024-1,Ingeniería en Energía,2021,84.15,74.49,21,0,6,126,42.0,92.44,2,1,3,0,1,0,1,1,Regular
f462971d-1af4-4e9b-9487-77a65f394274,2023-2,Ingeniería Agroindustrial,2021,94.89,98.53,32,0,4,192,64.0,97.62,0,0,1,1,0,0,0,0,Regular
6d1c813f-bd2c-4b09-a4a0-f50d67aff3ac,2024-1,Ingeniería Agroindustrial,2021,75.14,75.69,26,2,7,156,52.0,91.42,5,4,1,2,1,0,1,1,Irregular
c39a3dea-0a04-448e-bb1b-e570e022846e,2023-1,Ingeniería en Desarrollo de Software,2022,74.66,70.63,29,5,4,174,58.0,75.65,7,2,4,1,1,1,2,2,Irregular
5ea6eb95-ce18-4d39-bdd7-ac689c930f42,2023-2,Ingeniería Agroindustrial,2022,82.52,76.73,29,1,5,174,58.0,85.19,6,2,2,2,0,2,1,0,Irregular
3d5e60f1-5254-46ae-a2a9-2078539e8c8b,2023-1,Ingeniería Agroindustrial,2023,79.96,81.43,34,1,6,204,68.0,89.16,5,1,3,0,1,1,0,1,Irregular
f773de97-1722-4de0-a1f6-e67740c6c8c1,2023-1,Ingeniería Agroindustrial,2023,77.2,94.1,32,2,6,192,64.0,84.65,4,4,3,2,1,1,0,1,Irregular
4826eae3-4479-4c78-a09f-f5b1afa564e0,2024-1,Ingeniería Agroindustrial,2022,78.05,75.81,32,2,5,192,64.0,87.01,6,2,1,0,1,2,0,0,Irregular
0c0c4cbd-012f-4719-a19a-1cfbf911a7f7,2024-1,Ingeniería en Desarrollo de Software,2022,75.84,81.74,24,2,7,144,48.0,92.17,5,2,1,0,0,2,0,1,Irregular
5e7a8641-ddce-48ec-916c-881aa351174e,2024-1,Ingeniería en Desarrollo de Software,2023,96.19,99.36,28,0,7,168,56.0,98.91,1,0,0,0,0,0,0,0,Regular
ef1c98b6-54af-42eb-9916-0409bef79632,2024-1,Ingeniería Agroindustrial,2020,67.7,66.04,31,3,5,186,62.0,68.73,10,5,5,1,1,2,2,1,Irregular
e18f742c-8fe9-4b65-8b05-7b2dcd99dd12,2023-2,Ingeniería en Desarrollo de Software,2021,81.03,79.8,21,0,7,126,42.0,90.67,5,3,1,2,1,0,0,1,Regular
bcae30af-c90d-48a1-82ef-e3ce216ab283,2023-1,Ingeniería Biomédica,2023,51.42,14.8,13,7,6,78,26.0,55.97,27,1,2,0,3,0,4,7,Irregular
15c4d8fa-4cbe-476f-b88e-7db86bdec4ad,2023-1,Ingeniería en Desarrollo de Software,2022,60.79,70.93,32,2,7,192,64.0,69.15,9,5,3,3,1,0,1,1,Irregular
8add3688-5409-4ea9-be39-61abb0de37fc,2023-2,Ingeniería en Energía,2023,77.17,81.84,27,0,4,162,54.0,84.79,3,2,2,0,1,1,0,1,Regular
41944ec7-789b-48bc-ae9f-af5bee1c5ea6,2023-2,Ingeniería en Desarrollo de Software,2020,70.53,53.69,28,4,7,168,56.0,71.29,7,3,5,2,1,0,3,4,Irregular
978f8f38-d7d5-4bb9-8f13-ad4b7e8cede4,2023-2,Ingeniería en Energía,2023,84.08,70.34,29,0,5,174,58.0,80.59,6,4,1,2,0,0,1,0,Regular
2354d0b7-ffaa-4239-88d6-7b403171d41f,2024-1,Ingeniería Agroindustrial,2022,44.39,18.45,32,7,7,192,64.0,23.57,16,3,2,0,5,0,5,6,Baja Temporal
d199a776-2f04-4b78-a726-c4a6ada95518,2024-1,Ingeniería Biomédica,2021,79.59,77.96,20,0,7,120,40.0,80.24,6,1,2,0,1,1,0,1,Regular
eb92a60d-653e-44f8-bb8e-3f6f6824e875,2024-1,Ingeniería Biomédica,2020,80.45,84.83,31,0,5,186,62.0,82.88,3,1,1,1,0,1,1,1,Regular
b5757294-07ec-469a-9246-df4d5d632997,2023-1,Ingeniería en Desarrollo de Software,2020,63.68,66.23,35,3,5,210,70.0,68.0,12,2,5,4,1,2,2,2,Irregular
71f2f1e7-52ea-4a04-967a-bc408375e2c7,2024-1,Ingeniería en Desarrollo de Software,2022,85.18,88.36,40,0,5,240,80.0,93.44,6,1,2,0,0,0,0,0,Regular
300aafc4-6a10-4cf4-8c25-d7ca05964739,2023-2,Ingeniería Biomédica,2022,71.34,62.12,25,4,6,150,50.0,77.07,6,4,3,3,2,1,3,4,Irregular
18c26fce-41ed-4137-8870-8461a87be5df,2023-2,Ingeniería en Energía,2022,77.05,83.32,32,0,5,192,64.0,80.63,2,1,2,0,0,2,1,0,Regular
7375ca68-dea4-40b2-8423-9de5b1d1692a,2023-2,Ingeniería Agroindustrial,2021,65.14,72.47,24,4,7,144,48.0,76.69,8,5,5,3,2,0,3,4,Irregular
b511e27d-11fa-4a98-b2e0-ee7eaeb5a09f,2023-2,Ingeniería Agroindustrial,2022,64.07,58.69,35,5,6,210,70.0,62.87,8,3,4,3,2,1,1,3,Irregular
b1830a03-fa06-473a-b34c-c8bbfb7e7d5f,2023-1,Ingeniería Agroindustrial,2022,88.96,77.3,22,0,7,132,44.0,83.7,3,1,2,2,1,0,0,1,Regular
2164ef8a-4099-4938-a8f6-6d506193c1c3,2024-1,Ingeniería en Desarrollo de Software,2020,98.91,91.13,31,0,4,186,62.0,97.83,1,2,1,1,0,0,0,0,Regular
dbbb9310-598f-4b00-b040-5e50589d7d36,2023-2,Ingeniería Biomédica,2023,75.54,79.97,26,2,6,156,52.0,84.94,2,3,2,2,0,0,1,1,Irregular
8fbb1622-c804-492b-bff1-ac3b147f496a,2023-2,Ingeniería Agroindustrial,2022,78.64,73.14,37,2,5,222,74.0,83.81,3,1,1,2,1,2,1,0,Irregular
a98958ef-3a0e-4022-a1f3-041a37b19b07,2023-2,Ingeniería Biomédica,2023,79.06,71.73,25,2,6,150,50.0,82.2,5,3,1,1,1,0,0,0,Irregular
daa43335-76eb-44da-8776-5b8efd4251fd,2024-1,Ingeniería en Desarrollo de Software,2020,80.08,84.75,25,2,5,150,50.0,93.95,2,4,3,2,1,2,1,0,Irregular
ff637a75-c483-4e2c-a070-6797c71b22bc,2023-2,Ingeniería en Energía,2022,79.09,88.95,38,1,7,228,76.0,86.44,3,1,2,2,1,1,1,0,Irregular
7339e2d5-fe6c-4b12-8b64-0656c05a5dd4,2023-1,Ingeniería Biomédica,2020,75.57,82.1,34,2,5,204,68.0,81.13,3,3,1,2,0,0,1,0,Irregular
fbfc9984-c254-41fd-afd9-4f56e314ad98,2023-1,Ingeniería en Energía,2020,80.95,71.9,21,1,6,126,42.0,81.21,5,1,3,0,1,1,0,0,Irregular
92aa5901-5dca-44f7-a072-4b4af7e75517,2024-1,Ingeniería en Desarrollo de Software,2021,69.95,55.78,28,4,6,168,56.0,62.17,10,5,3,4,2,1,1,1,Irregular
a3185676-6921-4766-8a1d-a929b5b51cd4,2024-1,Ingeniería Biomédica,2021,85.58,70.46,28,2,7,168,56.0,91.04,5,2,3,2,0,2,1,0,Irregular
cce151d8-dc30-497e-9bba-4b16aae08c7b,2024-1,Ingeniería en Desarrollo de Software,2022,41.55,22.51,16,7,7,96,32.0,47.94,18,0,1,0,2,0,4,6,Baja Temporal
543bbd36-0c5e-4eff-affc-fbccba345a92,2024-1,Ingeniería en Energía,2023,91.65,85.79,20,0,7,120,40.0,37.7,25,0,5,0,3,0,0,0,Regular
8f4e5516-b496-4bad-bc03-205e711440e8,2024-1,Ingeniería Biomédica,2021,98.67,90.28,20,0,5,120,40.0,95.5,1,1,0,1,0,0,0,0,Regular
fa666e36-3c9b-4f68-94bd-ffc5e3f8f2c1,2023-1,Ingeniería en Desarrollo de Software,2020,83.44,93.59,20,0,6,120,40.0,94.28,2,4,2,2,0,2,0,0,Regular
8209a313-39f3-4770-aa7b-5e86b9d4f9ab,2023-2,Ingeniería en Energía,2023,77.67,88.18,24,1,5,144,48.0,90.22,4,1,3,0,1,0,1,0,Irregular
606e4c5c-e5a2-4b1a-a9af-c39042d87d6e,2023-2,Ingeniería en Desarrollo de Software,2023,99.32,99.1,34,0,4,204,68.0,98.4,0,1,1,1,0,0,0,0,Regular
bbf19369-baae-4ba4-9377-727d5256b76c,2024-1,Ingeniería Biomédica,2022,61.86,63.5,28,3,5,168,56.0,60.46,7,3,3,3,2,0,1,2,Irregular
c680fb49-15d4-4ec5-aeb5-f4503e79d2ea,2023-2,Ingeniería Agroindustrial,2023,75.21,74.82,32,0,5,192,64.0,90.01,5,2,3,1,0,0,0,0,Regular
9df1caf2-940a-4234-b9f4-10af33402926,2023-2,Ingeniería Biomédica,2021,75.02,76.77,37,1,4,222,74.0,84.97,6,1,2,2,0,2,0,1,Irregular
c759b2a0-668d-4261-bc5e-eb4bb415fee6,2023-2,Ingeniería Agroindustrial,2020,44.14,37.01,33,7,4,198,66.0,31.91,24,5,0,0,2,0,3,8,Irregular
92c33810-2f99-41e4-a410-023765d88e3f,2023-2,Ingeniería en Desarrollo de Software,2023,79.82,72.87,39,1,5,234,78.0,86.37,3,1,2,0,0,1,0,1,Irregular
265e7be8-f04d-474c-baa5-63ec5596abed,2024-1,Ingeniería Biomédica,2022,67.89,65.58,26,5,4,156,52.0,66.67,5,3,4,3,1,2,3,1,Irregular
e79f8d29-eeff-489a-8023-311d73afeb52,2023-2,Ingeniería Agroindustrial,2020,59.75,44.42,32,6,6,192,64.0,54.88,11,3,1,0,4,0,4,6,Irregular
