id_estudiante,id_periodo,programa,cohorte,estatus_academico,cluster,distance_to_centroid,membership_score
IAG20200007,Mayo-Agosto 2023,Ingeniería Agroindustrial,2020,Irregular,0,3.6721706488465515,0.21403327813954665
IAG20200007,Septiembre-Diciembre 2022,Ingeniería Agroindustrial,2020,Irregular,0,3.0002490002601685,0.24998443845244678
IAG20200007,Septiembre-Diciembre 2023,Ingeniería Agroindustrial,2020,Irregular,0,3.4148563459841705,0.22650793630230284
IAG20200029,Enero-Abril 2023,Ingeniería Agroindustrial,2020,Irregular,0,5.1512435488128405,0.16256875411688015
IAG20200029,Septiembre-Diciembre 2022,Ingeniería Agroindustrial,2020,Irregular,1,4.561380496163795,0.17981146959640573
IAG20200039,Enero-Abril 2023,Ingeniería Agroindustrial,2020,Irregular,0,4.174551452669416,0.19325346537700888
IAG20200039,Mayo-Agosto 2023,Ingeniería Agroindustrial,2020,Irregular,0,2.906349246462993,0.2559934959490503
IAG20200039,Septiembre-Diciembre 2023,Ingeniería Agroindustrial,2020,Irregular,0,6.289314811606393,0.137187105488674
IAG20200051,Enero-Abril 2023,Ingeniería Agroindustrial,2020,Irregular,0,3.2595780640750625,0.23476503657343886
IAG20200051,Mayo-Agosto 2023,Ingeniería Agroindustrial,2020,Irregular,0,4.147147142143638,0.19428238058559347
IAG20200051,Septiembre-Diciembre 2022,Ingeniería Agroindustrial,2020,Irregular,0,4.776459199019203,0.1731164309391802
IAG20200051,Septiembre-Diciembre 2023,Ingeniería Agroindustrial,2020,Irregular,1,3.621489946069807,0.2163804339443423
IAG20200084,Enero-Abril 2023,Ingeniería Agroindustrial,2020,Irregular,1,4.791440158496861,0.1726686234567854
IAG20200084,Septiembre-Diciembre 2022,Ingeniería Agroindustrial,2020,Irregular,0,4.421782410055636,0.18444119006792425
IAG20200095,Septiembre-Diciembre 2022,Ingeniería Agroindustrial,2020,Irregular,0,5.421979422049675,0.15571522957026768
IAG20200095,Septiembre-Diciembre 2023,Ingeniería Agroindustrial,2020,Irregular,0,3.9403894878207466,0.20241319079502568
IAG20200097,Enero-Abril 2023,Ingeniería Agroindustrial,2020,Irregular,0,3.34430203671347,0.23018657348155172
IAG20200097,Mayo-Agosto 2023,Ingeniería Agroindustrial,2020,Irregular,0,3.591708864723926,0.21778384245624957
IAG20200097,Septiembre-Diciembre 2022,Ingeniería Agroindustrial,2020,Irregular,0,4.483297401695026,0.18237201573105896
IAG20200097,Septiembre-Diciembre 2023,Ingeniería Agroindustrial,2020,Irregular,0,5.392035482271773,0.1564446885148693
IAG20200098,Enero-Abril 2023,Ingeniería Agroindustrial,2020,Irregular,0,3.881767786676838,0.20484382782998561
IAG20200098,Mayo-Agosto 2023,Ingeniería Agroindustrial,2020,Irregular,0,3.7960506398771185,0.20850488768517703
IAG20200098,Septiembre-Diciembre 2023,Ingeniería Agroindustrial,2020,Irregular,0,5.503838201874078,0.1537553624430341
IAG20200124,Enero-Abril 2023,Ingeniería Agroindustrial,2020,Irregular,0,3.7134226845799505,0.21216005160570864
IAG20200124,Mayo-Agosto 2023,Ingeniería Agroindustrial,2020,Irregular,1,4.4229754230710885,0.18440061442020872
IAG20200124,Septiembre-Diciembre 2023,Ingeniería Agroindustrial,2020,Irregular,1,4.604797056561784,0.17841859212890782
IAG20200127,Mayo-Agosto 2023,Ingeniería Agroindustrial,2020,Irregular,0,4.081333017386805,0.19679875272458988
IAG20200127,Septiembre-Diciembre 2023,Ingeniería Agroindustrial,2020,Irregular,0,5.303083239929586,0.15865251368807423
IAG20200157,Enero-Abril 2023,Ingeniería Agroindustrial,2020,Regular,0,1.6793188068626383,0.3732291944649002
IAG20200157,Mayo-Agosto 2023,Ingeniería Agroindustrial,2020,Regular,0,2.988192026649219,0.2507401833507439
IAG20200157,Septiembre-Diciembre 2022,Ingeniería Agroindustrial,2020,Irregular,0,4.678040126635129,0.17611710690614849
IAG20200157,Septiembre-Diciembre 2023,Ingeniería Agroindustrial,2020,Regular,0,3.4476850837421993,0.22483606216981053
IAG20200167,Enero-Abril 2023,Ingeniería Agroindustrial,2020,Irregular,0,4.365471114432483,0.18637692360510863
IAG20200171,Enero-Abril 2023,Ingeniería Agroindustrial,2020,Regular,0,2.053128684406727,0.32753286984178215
IAG20200171,Septiembre-Diciembre 2022,Ingeniería Agroindustrial,2020,Irregular,0,3.1878093759053585,0.23878832827337348
IAG20200171,Septiembre-Diciembre 2023,Ingeniería Agroindustrial,2020,Irregular,1,4.233930971823449,0.19106098368194757
IAG20200194,Enero-Abril 2023,Ingeniería Agroindustrial,2020,Irregular,0,4.537988070564973,0.18057099207474137
IAG20200194,Septiembre-Diciembre 2022,Ingeniería Agroindustrial,2020,Irregular,0,3.4879222852652805,0.22282025766871988
IAG20200194,Septiembre-Diciembre 2023,Ingeniería Agroindustrial,2020,Irregular,0,4.212503145257485,0.19184640702036496
IAG20200249,Mayo-Agosto 2023,Ingeniería Agroindustrial,2020,Irregular,1,3.4915229877645637,0.2226416301829285
IAG20200249,Septiembre-Diciembre 2022,Ingeniería Agroindustrial,2020,Irregular,0,5.412694392948545,0.1559406918096095
IAG20200267,Enero-Abril 2023,Ingeniería Agroindustrial,2020,Irregular,0,3.9505461027813893,0.20199791684359128
IAG20200267,Mayo-Agosto 2023,Ingeniería Agroindustrial,2020,Irregular,0,3.9748639843331928,0.20101052071960018
IAG20200267,Septiembre-Diciembre 2022,Ingeniería Agroindustrial,2020,Irregular,0,4.238594606356811,0.19089089252803465
IAG20200290,Enero-Abril 2023,Ingeniería Agroindustrial,2020,Irregular,1,4.566067121351633,0.17966006844652738
IAG20200290,Mayo-Agosto 2023,Ingeniería Agroindustrial,2020,Irregular,1,4.802606626509421,0.17233634198662776
IAG20200369,Enero-Abril 2023,Ingeniería Agroindustrial,2020,Irregular,0,3.247732002473135,0.23541974856647618
IAG20200369,Septiembre-Diciembre 2022,Ingeniería Agroindustrial,2020,Irregular,0,3.8685253061719824,0.2054010068987972
IAG20200369,Septiembre-Diciembre 2023,Ingeniería Agroindustrial,2020,Irregular,0,5.728501746688593,0.1486214966789815
IAG20200376,Enero-Abril 2023,Ingeniería Agroindustrial,2020,Irregular,1,4.218139975967016,0.19163916732890665
IAG20200376,Mayo-Agosto 2023,Ingeniería Agroindustrial,2020,Irregular,0,4.576859333245518,0.1793123943504665
IAG20200376,Septiembre-Diciembre 2022,Ingeniería Agroindustrial,2020,Irregular,0,4.227875880888314,0.19128227654671887
IAG20210043,Enero-Abril 2023,Ingeniería Agroindustrial,2021,Regular,0,3.309568725187883,0.23204178045829937
IAG20210043,Septiembre-Diciembre 2022,Ingeniería Agroindustrial,2021,Regular,0,4.390809944650169,0.18550088210629617
IAG20210061,Septiembre-Diciembre 2022,Ingeniería Agroindustrial,2021,Regular,0,3.443446281546103,0.22505054334808985
IAG20210083,Septiembre-Diciembre 2023,Ingeniería Agroindustrial,2021,Irregular,1,10.08299334482417,0.09022833172294618
IAG20210108,Mayo-Agosto 2023,Ingeniería Agroindustrial,2021,Regular,0,2.6696073484009486,0.27250871961430845
IAG20210108,Septiembre-Diciembre 2023,Ingeniería Agroindustrial,2021,Regular,0,2.534355574736177,0.28293701039818137
IAG20210133,Enero-Abril 2023,Ingeniería Agroindustrial,2021,Regular,0,2.273897561287393,0.305446331560469
IAG20210133,Mayo-Agosto 2023,Ingeniería Agroindustrial,2021,Regular,0,4.175334312730181,0.19322423240180264
IAG20210133,Septiembre-Diciembre 2022,Ingeniería Agroindustrial,2021,Regular,0,5.052000327166801,0.16523462424664848
IAG20210138,Enero-Abril 2023,Ingeniería Agroindustrial,2021,Regular,0,1.7621001775329568,0.3620433495258585
IAG20210138,Septiembre-Diciembre 2022,Ingeniería Agroindustrial,2021,Regular,0,1.7885078148265006,0.35861473820621853
IAG20210176,Enero-Abril 2023,Ingeniería Agroindustrial,2021,Irregular,0,4.700079407224803,0.17543615247403543
IAG20210176,Mayo-Agosto 2023,Ingeniería Agroindustrial,2021,Irregular,0,4.00741842919769,0.19970370244457966
IAG20210176,Septiembre-Diciembre 2022,Ingeniería Agroindustrial,2021,Irregular,1,5.058108068773166,0.16506803586990337
IAG20210176,Septiembre-Diciembre 2023,Ingeniería Agroindustrial,2021,Irregular,1,5.128797175590493,0.16316415298955503
IAG20210196,Enero-Abril 2023,Ingeniería Agroindustrial,2021,Regular,0,3.9748783079621552,0.20100994197175187
IAG20210196,Mayo-Agosto 2023,Ingeniería Agroindustrial,2021,Regular,0,3.6096689431462003,0.21693531842169084
IAG20210196,Septiembre-Diciembre 2022,Ingeniería Agroindustrial,2021,Irregular,1,3.768458266574577,0.20971138764277167
IAG20210196,Septiembre-Diciembre 2023,Ingeniería Agroindustrial,2021,Regular,0,4.166800676137078,0.19354336710113673
IAG20210215,Septiembre-Diciembre 2022,Ingeniería Agroindustrial,2021,Irregular,1,5.427299025080556,0.15558635067355786
IAG20210238,Enero-Abril 2023,Ingeniería Agroindustrial,2021,Regular,0,3.70258242180547,0.212649117081518
IAG20210238,Mayo-Agosto 2023,Ingeniería Agroindustrial,2021,Regular,0,3.2794807021424623,0.23367321168182015
IAG20210238,Septiembre-Diciembre 2022,Ingeniería Agroindustrial,2021,Regular,0,3.1163222657273524,0.24293530376035813
IAG20210238,Septiembre-Diciembre 2023,Ingeniería Agroindustrial,2021,Regular,0,4.845730125146269,0.17106503013171148
IAG20210315,Enero-Abril 2023,Ingeniería Agroindustrial,2021,Irregular,0,3.158459494876158,0.24047366608527723
IAG20210315,Mayo-Agosto 2023,Ingeniería Agroindustrial,2021,Irregular,0,2.384331269584464,0.2954793489003759
IAG20210315,Septiembre-Diciembre 2023,Ingeniería Agroindustrial,2021,Irregular,0,3.5681560271219683,0.21890670854121863
IAG20210316,Enero-Abril 2023,Ingeniería Agroindustrial,2021,Regular,0,2.4764854910349126,0.2876468210722521
IAG20210316,Septiembre-Diciembre 2022,Ingeniería Agroindustrial,2021,Regular,0,2.213643589360509,0.3111732748804893
IAG20210339,Mayo-Agosto 2023,Ingeniería Agroindustrial,2021,Irregular,1,5.2616142086325075,0.15970322774299328
IAG20210339,Septiembre-Diciembre 2022,Ingeniería Agroindustrial,2021,Regular,0,3.243657225030722,0.23564579959512647
IAG20210339,Septiembre-Diciembre 2023,Ingeniería Agroindustrial,2021,Irregular,1,5.613834065367912,0.15119822936537075
IAG20210345,Mayo-Agosto 2023,Ingeniería Agroindustrial,2021,Regular,0,2.2438077359493276,0.3082796766644191
IAG20210345,Septiembre-Diciembre 2022,Ingeniería Agroindustrial,2021,Regular,0,3.893921361555873,0.20433511822553693
IAG20210345,Septiembre-Diciembre 2023,Ingeniería Agroindustrial,2021,Regular,0,2.7359087234438304,0.2676724925651238
IAG20210355,Enero-Abril 2023,Ingeniería Agroindustrial,2021,Irregular,0,2.8638253904147066,0.25881086719932483
IAG20210355,Mayo-Agosto 2023,Ingeniería Agroindustrial,2021,Irregular,1,4.406980051674112,0.1849461234262145
IAG20210355,Septiembre-Diciembre 2023,Ingeniería Agroindustrial,2021,Irregular,0,4.396807297481031,0.18529473907040403
IAG20210361,Enero-Abril 2023,Ingeniería Agroindustrial,2021,Regular,0,2.425434213545969,0.29193379223149984
IAG20210361,Mayo-Agosto 2023,Ingeniería Agroindustrial,2021,Regular,0,3.8710907698255106,0.20529282808577623
IAG20210361,Septiembre-Diciembre 2022,Ingeniería Agroindustrial,2021,Regular,0,3.6678358050457485,0.21423204280644126
IAG20210361,Septiembre-Diciembre 2023,Ingeniería Agroindustrial,2021,Regular,0,3.6564911929742587,0.21475397645093924
IAG20210386,Enero-Abril 2023,Ingeniería Agroindustrial,2021,Regular,0,3.13184743606261,0.2420224888441033
IAG20210386,Septiembre-Diciembre 2022,Ingeniería Agroindustrial,2021,Regular,0,2.353235123279604,0.2982194696272769
IAG20210386,Septiembre-Diciembre 2023,Ingeniería Agroindustrial,2021,Irregular,0,4.386416701551148,0.18565217943721768
IAG20220048,Enero-Abril 2023,Ingeniería Agroindustrial,2022,Regular,0,3.07438940944581,0.24543554862028216
IAG20220048,Septiembre-Diciembre 2023,Ingeniería Agroindustrial,2022,Regular,0,2.9451420571532023,0.2534762970542044
IAG20220062,Enero-Abril 2023,Ingeniería Agroindustrial,2022,Regular,0,4.44528786491009,0.18364502020987492
IAG20220062,Mayo-Agosto 2023,Ingeniería Agroindustrial,2022,Regular,0,2.872171577613909,0.2582530189987643
IAG20220062,Septiembre-Diciembre 2022,Ingeniería Agroindustrial,2022,Regular,0,3.0174347475428407,0.2489150572045069
IAG20220062,Septiembre-Diciembre 2023,Ingeniería Agroindustrial,2022,Regular,0,3.617024985809712,0.21658968774773152
IAG20220072,Enero-Abril 2023,Ingeniería Agroindustrial,2022,Regular,0,2.2307312170841462,0.3095274514673297
IAG20220072,Septiembre-Diciembre 2022,Ingeniería Agroindustrial,2022,Regular,0,2.8181591535796824,0.26190631657207336
IAG20220087,Enero-Abril 2023,Ingeniería Agroindustrial,2022,Regular,0,2.5491424430617773,0.2817582038598933
IAG20220087,Septiembre-Diciembre 2022,Ingeniería Agroindustrial,2022,Regular,0,3.6140943842358975,0.21672725278800334
IAG20220087,Septiembre-Diciembre 2023,Ingeniería Agroindustrial,2022,Regular,0,6.078539352833432,0.14127208314519227
IAG20220113,Enero-Abril 2023,Ingeniería Agroindustrial,2022,Irregular,1,4.262995763120977,0.19000585313163848
IAG20220113,Mayo-Agosto 2023,Ingeniería Agroindustrial,2022,Irregular,1,4.5249482921908335,0.18099716904381477
IAG20220113,Septiembre-Diciembre 2022,Ingeniería Agroindustrial,2022,Irregular,1,2.795436362914266,0.26347431609475486
IAG20220113,Septiembre-Diciembre 2023,Ingeniería Agroindustrial,2022,Irregular,1,7.5302868821043285,0.11722935158228946
IAG20220116,Enero-Abril 2023,Ingeniería Agroindustrial,2022,Egresado,0,2.3527851381118907,0.2982594943626917
IAG20220116,Mayo-Agosto 2023,Ingeniería Agroindustrial,2022,Egresado,0,3.0447834839767403,0.2472320221741072
IAG20220116,Septiembre-Diciembre 2023,Ingeniería Agroindustrial,2022,Egresado,0,3.886718737807286,0.20463629147780846
IAG20220135,Enero-Abril 2023,Ingeniería Agroindustrial,2022,Regular,0,3.1352466917802686,0.2418235415042407
IAG20220135,Septiembre-Diciembre 2022,Ingeniería Agroindustrial,2022,Regular,0,2.471868626699764,0.28802933161401467
IAG20220135,Septiembre-Diciembre 2023,Ingeniería Agroindustrial,2022,Regular,0,7.702845455093369,0.11490494748642775
IAG20220148,Enero-Abril 2023,Ingeniería Agroindustrial,2022,Regular,0,3.334821793521911,0.2306899908767715
IAG20220148,Mayo-Agosto 2023,Ingeniería Agroindustrial,2022,Regular,0,2.803097533474287,0.2629435588222894
IAG20220148,Septiembre-Diciembre 2022,Ingeniería Agroindustrial,2022,Regular,0,3.051947820878267,0.24679488586880377
IAG20220148,Septiembre-Diciembre 2023,Ingeniería Agroindustrial,2022,Regular,0,3.3659603666740354,0.22904468112746396
IAG20220223,Septiembre-Diciembre 2022,Ingeniería Agroindustrial,2022,Regular,0,4.563553804771137,0.17974122927371172
IAG20220229,Mayo-Agosto 2023,Ingeniería Agroindustrial,2022,Egresado,1,3.7298687013865663,0.21142235929442374
IAG20220229,Septiembre-Diciembre 2023,Ingeniería Agroindustrial,2022,Egresado,0,4.041702280483161,0.19834570634428003
IAG20220232,Mayo-Agosto 2023,Ingeniería Agroindustrial,2022,Regular,0,2.935549341905542,0.2540941335310036
IAG20220232,Septiembre-Diciembre 2022,Ingeniería Agroindustrial,2022,Regular,0,2.612752949704852,0.27679722746657676
IAG20220232,Septiembre-Diciembre 2023,Ingeniería Agroindustrial,2022,Regular,0,6.870009687373498,0.12706464664260606
IAG20220242,Septiembre-Diciembre 2022,Ingeniería Agroindustrial,2022,Regular,0,3.525561103049779,0.2209670750718843
IAG20220244,Enero-Abril 2023,Ingeniería Agroindustrial,2022,Regular,0,2.679105371174558,0.2718052078189728
IAG20220244,Mayo-Agosto 2023,Ingeniería Agroindustrial,2022,Regular,0,1.7275041794159718,0.36663555185243585
IAG20220244,Septiembre-Diciembre 2023,Ingeniería Agroindustrial,2022,Regular,0,3.2369127485009983,0.2360209094118815
IAG20220258,Enero-Abril 2023,Ingeniería Agroindustrial,2022,Regular,0,3.202519381973749,0.23795250160877104
IAG20220258,Mayo-Agosto 2023,Ingeniería Agroindustrial,2022,Regular,0,2.9715230224304943,0.25179257286239265
IAG20220258,Septiembre-Diciembre 2023,Ingeniería Agroindustrial,2022,Regular,0,5.58282836727165,0.15191038626675676
IAG20220262,Enero-Abril 2023,Ingeniería Agroindustrial,2022,Regular,0,4.441594014526892,0.18376968170179503
IAG20220262,Mayo-Agosto 2023,Ingeniería Agroindustrial,2022,Regular,0,2.9026845410282216,0.256233879394345
IAG20220262,Septiembre-Diciembre 2023,Ingeniería Agroindustrial,2022,Regular,0,2.560827425303939,0.28083360426113424
IAG20220264,Enero-Abril 2023,Ingeniería Agroindustrial,2022,Regular,0,3.1259974645220585,0.24236563609130493
IAG20220264,Mayo-Agosto 2023,Ingeniería Agroindustrial,2022,Regular,0,3.3650171148933383,0.22909417619189235
IAG20220264,Septiembre-Diciembre 2022,Ingeniería Agroindustrial,2022,Regular,0,3.7788275711630424,0.20925634689862352
IAG20220276,Mayo-Agosto 2023,Ingeniería Agroindustrial,2022,Baja Temporal,0,4.754913928094951,0.1737645449601068
IAG20220276,Septiembre-Diciembre 2022,Ingeniería Agroindustrial,2022,Baja Temporal,1,5.918870433421925,0.1445322628343282
IAG20220276,Septiembre-Diciembre 2023,Ingeniería Agroindustrial,2022,Baja Temporal,1,5.470456881149869,0.15454859191060544
IAG20220279,Septiembre-Diciembre 2022,Ingeniería Agroindustrial,2022,Regular,0,3.6345572418191634,0.21577034176569554
IAG20220279,Septiembre-Diciembre 2023,Ingeniería Agroindustrial,2022,Regular,0,1.855241572441338,0.3502330624672723
IAG20220280,Enero-Abril 2023,Ingeniería Agroindustrial,2022,Regular,1,4.918167806653519,0.168971214178102
IAG20220280,Mayo-Agosto 2023,Ingeniería Agroindustrial,2022,Regular,0,4.030380695111507,0.19879211149402545
IAG20220280,Septiembre-Diciembre 2022,Ingeniería Agroindustrial,2022,Regular,0,2.911211177328663,0.25567527670111506
IAG20220289,Septiembre-Diciembre 2023,Ingeniería Agroindustrial,2022,Regular,0,7.394980442354058,0.11911880043875211
IAG20220371,Enero-Abril 2023,Ingeniería Agroindustrial,2022,Irregular,1,3.927485525339136,0.20294326484727207
IAG20220371,Mayo-Agosto 2023,Ingeniería Agroindustrial,2022,Irregular,1,5.356826994227025,0.15731118699756239
IAG20220371,Septiembre-Diciembre 2022,Ingeniería Agroindustrial,2022,Irregular,1,5.210997025931561,0.16100474623074132
IAG20220371,Septiembre-Diciembre 2023,Ingeniería Agroindustrial,2022,Irregular,1,5.51261585358904,0.15354813219160005
IAG20220382,Enero-Abril 2023,Ingeniería Agroindustrial,2022,Regular,0,4.017813861373577,0.19928997520172256
IAG20220382,Mayo-Agosto 2023,Ingeniería Agroindustrial,2022,Regular,0,2.994890698402199,0.25031973976158123
IAG20220382,Septiembre-Diciembre 2022,Ingeniería Agroindustrial,2022,Regular,0,2.7573553825743047,0.2661446411584476
IAG20220382,Septiembre-Diciembre 2023,Ingeniería Agroindustrial,2022,Regular,0,3.5349619906727434,0.22050901464152164
IAG20220383,Septiembre-Diciembre 2023,Ingeniería Agroindustrial,2022,Egresado,0,3.1627046945697663,0.24022842679772513
IAG20220384,Mayo-Agosto 2023,Ingeniería Agroindustrial,2022,Regular,0,3.047160705984946,0.24708680298294033
IAG20220384,Septiembre-Diciembre 2023,Ingeniería Agroindustrial,2022,Regular,0,3.665831139664332,0.21432408719187845
IAG20230002,Enero-Abril 2023,Ingeniería Agroindustrial,2023,Regular,0,3.8782423408670903,0.20499186594781874
IAG20230002,Mayo-Agosto 2023,Ingeniería Agroindustrial,2023,Regular,0,3.6890170925687427,0.2132643111036686
IAG20230002,Septiembre-Diciembre 2022,Ingeniería Agroindustrial,2023,Regular,0,2.547802404029201,0.28186462663882034
IAG20230002,Septiembre-Diciembre 2023,Ingeniería Agroindustrial,2023,Regular,0,5.2307656318268,0.16049391986307304
IAG20230024,Enero-Abril 2023,Ingeniería Agroindustrial,2023,Irregular,0,4.366228742561557,0.1863506100790352
IAG20230024,Mayo-Agosto 2023,Ingeniería Agroindustrial,2023,Regular,0,2.937508264350924,0.25396772091977926
IAG20230024,Septiembre-Diciembre 2022,Ingeniería Agroindustrial,2023,Regular,0,3.8607469342087746,0.20572969824086892
IAG20230024,Septiembre-Diciembre 2023,Ingeniería Agroindustrial,2023,Regular,0,4.865652069569341,0.17048402942069157
IAG20230030,Enero-Abril 2023,Ingeniería Agroindustrial,2023,Irregular,0,4.17774670263722,0.1931342063316196
IAG20230030,Septiembre-Diciembre 2023,Ingeniería Agroindustrial,2023,Regular,0,4.738771655012113,0.1742533176288035
IAG20230074,Mayo-Agosto 2023,Ingeniería Agroindustrial,2023,Regular,0,3.003472447865616,0.24978316024958114
IAG20230074,Septiembre-Diciembre 2023,Ingeniería Agroindustrial,2023,Regular,0,4.558936044821831,0.179890538753635
IAG20230105,Enero-Abril 2023,Ingeniería Agroindustrial,2023,Irregular,1,3.8095026314321907,0.20792170763449952
IAG20230105,Septiembre-Diciembre 2022,Ingeniería Agroindustrial,2023,Irregular,0,4.877165008298499,0.17015006360856125
IAG20230105,Septiembre-Diciembre 2023,Ingeniería Agroindustrial,2023,Irregular,1,6.196370955927541,0.13895892889961645
IAG20230140,Enero-Abril 2023,Ingeniería Agroindustrial,2023,Regular,0,4.218642850397131,0.19162070075822518
IAG20230140,Mayo-Agosto 2023,Ingeniería Agroindustrial,2023,Regular,0,3.658761150505519,0.21464933867483002
IAG20230140,Septiembre-Diciembre 2022,Ingeniería Agroindustrial,2023,Regular,0,4.055363551643793,0.19780971037678227
IAG20230141,Enero-Abril 2023,Ingeniería Agroindustrial,2023,Regular,0,3.320678989379423,0.23144510445188837
IAG20230141,Septiembre-Diciembre 2022,Ingeniería Agroindustrial,2023,Regular,0,2.6654596359302083,0.2728170814371069
IAG20230155,Enero-Abril 2023,Ingeniería Agroindustrial,2023,Regular,0,4.173362870180188,0.1932978654492044
IAG20230155,Septiembre-Diciembre 2022,Ingeniería Agroindustrial,2023,Regular,0,4.046554740547204,0.19815498917813557
IAG20230179,Enero-Abril 2023,Ingeniería Agroindustrial,2023,Regular,0,3.007048569306219,0.24956023933923518
IAG20230179,Septiembre-Diciembre 2023,Ingeniería Agroindustrial,2023,Regular,0,3.464599377229452,0.22398426275384178
IAG20230188,Enero-Abril 2023,Ingeniería Agroindustrial,2023,Regular,0,3.4868379536760292,0.22287410651430106
IAG20230188,Mayo-Agosto 2023,Ingeniería Agroindustrial,2023,Regular,0,3.6753452574734933,0.21388794729148822
IAG20230188,Septiembre-Diciembre 2023,Ingeniería Agroindustrial,2023,Regular,0,5.419931364867218,0.1557649051316116
IAG20230213,Septiembre-Diciembre 2023,Ingeniería Agroindustrial,2023,Regular,0,3.019652524716398,0.24877772241533586
IAG20230219,Enero-Abril 2023,Ingeniería Agroindustrial,2023,Regular,0,3.2907664966730614,0.23305859239261134
IAG20230219,Septiembre-Diciembre 2022,Ingeniería Agroindustrial,2023,Regular,0,2.8651979176440134,0.25871896376513065
IAG20230219,Septiembre-Diciembre 2023,Ingeniería Agroindustrial,2023,Regular,0,2.708653241789448,0.2696396602227211
IAG20230236,Enero-Abril 2023,Ingeniería Agroindustrial,2023,Baja Temporal,1,5.511879762832529,0.15356548898639696
IAG20230236,Septiembre-Diciembre 2022,Ingeniería Agroindustrial,2023,Baja Temporal,1,5.306594142360176,0.15856419129355304
IAG20230261,Enero-Abril 2023,Ingeniería Agroindustrial,2023,Regular,0,3.2312149527765937,0.23633873749282897
IAG20230261,Septiembre-Diciembre 2022,Ingeniería Agroindustrial,2023,Regular,0,2.852247168113184,0.2595887429751285
IAG20230261,Septiembre-Diciembre 2023,Ingeniería Agroindustrial,2023,Regular,0,6.525467663434552,0.13288210709600068
IAG20230266,Enero-Abril 2023,Ingeniería Agroindustrial,2023,Regular,0,2.4899604773337627,0.2865361961817899
IAG20230266,Mayo-Agosto 2023,Ingeniería Agroindustrial,2023,Regular,0,3.182774730372108,0.23907574862656733
IAG20230266,Septiembre-Diciembre 2022,Ingeniería Agroindustrial,2023,Regular,0,3.100562873171053,0.24386895919649162
IAG20230281,Enero-Abril 2023,Ingeniería Agroindustrial,2023,Irregular,1,4.94789988081129,0.16812656904769563
IAG20230281,Septiembre-Diciembre 2022,Ingeniería Agroindustrial,2023,Irregular,0,4.308618532167537,0.18837292488441335
IAG20230281,Septiembre-Diciembre 2023,Ingeniería Agroindustrial,2023,Irregular,1,4.810550935642522,0.17210072006526891
IAG20230306,Enero-Abril 2023,Ingeniería Agroindustrial,2023,Irregular,1,3.8882484558429247,0.20457225303364024
IAG20230306,Septiembre-Diciembre 2022,Ingeniería Agroindustrial,2023,Regular,0,3.117502191713746,0.24286568736076128
IAG20230337,Enero-Abril 2023,Ingeniería Agroindustrial,2023,Regular,0,3.32877072523897,0.23101246600321965
IAG20230337,Mayo-Agosto 2023,Ingeniería Agroindustrial,2023,Regular,0,2.816859062027149,0.26199552662258796
IAG20230337,Septiembre-Diciembre 2023,Ingeniería Agroindustrial,2023,Regular,0,5.153708233312114,0.16250364204572784
IAG20230363,Septiembre-Diciembre 2022,Ingeniería Agroindustrial,2023,Irregular,0,4.759491491862773,0.17362643931549127
IAG20230363,Septiembre-Diciembre 2023,Ingeniería Agroindustrial,2023,Regular,0,4.212469851875683,0.19184763239257002
IAG20230365,Enero-Abril 2023,Ingeniería Agroindustrial,2023,Regular,0,4.159395203985014,0.19382116710648953
IAG20230365,Septiembre-Diciembre 2022,Ingeniería Agroindustrial,2023,Regular,0,4.719283846010542,0.17484706598319036
IAG20230387,Mayo-Agosto 2023,Ingeniería Agroindustrial,2023,Regular,0,2.852601537669174,0.25956486551292834
IAG20230387,Septiembre-Diciembre 2022,Ingeniería Agroindustrial,2023,Regular,0,3.6156562361876037,0.21665391632934314
IAG20230387,Septiembre-Diciembre 2023,Ingeniería Agroindustrial,2023,Regular,0,3.3991136596699394,0.2273185185388069
IAG20240031,Mayo-Agosto 2023,Ingeniería Agroindustrial,2024,Irregular,0,4.10584690895942,0.19585389413953297
IAG20240031,Septiembre-Diciembre 2023,Ingeniería Agroindustrial,2024,Regular,0,4.254073309153466,0.190328520589508
IAG20240106,Mayo-Agosto 2023,Ingeniería Agroindustrial,2024,Regular,0,2.5292714200711766,0.2833446003367552
IAG20240106,Septiembre-Diciembre 2022,Ingeniería Agroindustrial,2024,Regular,0,4.502579537644847,0.18173294782177904
IAG20240106,Septiembre-Diciembre 2023,Ingeniería Agroindustrial,2024,Regular,1,4.63996557534039,0.17730604675537348
IAG20240170,Enero-Abril 2023,Ingeniería Agroindustrial,2024,Regular,0,3.560857522942808,0.21925701361413474
IAG20240170,Mayo-Agosto 2023,Ingeniería Agroindustrial,2024,Regular,0,2.576693724684403,0.27958781963871876
IAG20240170,Septiembre-Diciembre 2022,Ingeniería Agroindustrial,2024,Regular,0,2.8247324749839646,0.26145619505170553
IAG20240170,Septiembre-Diciembre 2023,Ingeniería Agroindustrial,2024,Regular,0,5.243504294130097,0.16016646307749985
IAG20240177,Enero-Abril 2023,Ingeniería Agroindustrial,2024,Regular,0,3.5202663102187017,0.22122590382326776
IAG20240177,Septiembre-Diciembre 2023,Ingeniería Agroindustrial,2024,Regular,0,3.4661558869856663,0.2239062015085479
IAG20240207,Enero-Abril 2023,Ingeniería Agroindustrial,2024,Regular,0,2.776106934742677,0.26482300879758985
IAG20240207,Septiembre-Diciembre 2022,Ingeniería Agroindustrial,2024,Regular,0,2.698075972507418,0.2704108859402277
IAG20240207,Septiembre-Diciembre 2023,Ingeniería Agroindustrial,2024,Regular,0,2.8121795049591403,0.26231713346633667
IAG20240211,Enero-Abril 2023,Ingeniería Agroindustrial,2024,Egresado,1,5.1529638300692095,0.16252330220324923
IAG20240211,Mayo-Agosto 2023,Ingeniería Agroindustrial,2024,Egresado,1,4.728764320482917,0.17455771333174747
IAG20240211,Septiembre-Diciembre 2022,Ingeniería Agroindustrial,2024,Egresado,0,3.203840027025323,0.2378777483375383
IAG20240211,Septiembre-Diciembre 2023,Ingeniería Agroindustrial,2024,Egresado,1,4.309911489082211,0.18832705630896393
IAG20240216,Enero-Abril 2023,Ingeniería Agroindustrial,2024,Regular,0,5.235304832558003,0.1603770828939176
IAG20240216,Septiembre-Diciembre 2023,Ingeniería Agroindustrial,2024,Regular,0,2.9570525436324737,0.25271334888114105
IAG20240230,Enero-Abril 2023,Ingeniería Agroindustrial,2024,Regular,0,3.859766615732468,0.20577119830460813
IAG20240237,Enero-Abril 2023,Ingeniería Agroindustrial,2024,Regular,1,3.324618596795006,0.23123426439064582
IAG20240237,Mayo-Agosto 2023,Ingeniería Agroindustrial,2024,Irregular,1,4.695042403397819,0.1755913177052681
IAG20240237,Septiembre-Diciembre 2022,Ingeniería Agroindustrial,2024,Regular,0,3.878807656328748,0.2049681132033989
IAG20240237,Septiembre-Diciembre 2023,Ingeniería Agroindustrial,2024,Irregular,0,4.924253631537217,0.168797634638158
IAG20240250,Enero-Abril 2023,Ingeniería Agroindustrial,2024,Regular,0,3.8315252286696806,0.20697397874818538
IAG20240250,Mayo-Agosto 2023,Ingeniería Agroindustrial,2024,Regular,0,2.725898388882368,0.2683916456186458
IAG20240250,Septiembre-Diciembre 2023,Ingeniería Agroindustrial,2024,Irregular,1,6.149379816504346,0.13987227223422927
IAG20240277,Mayo-Agosto 2023,Ingeniería Agroindustrial,2024,Regular,0,3.4962397500301954,0.22240806887428197
IAG20240277,Septiembre-Diciembre 2023,Ingeniería Agroindustrial,2024,Regular,0,6.745346204446568,0.12910978716818425
IAG20240286,Enero-Abril 2023,Ingeniería Agroindustrial,2024,Irregular,0,4.790137335115563,0.17270747516389287
IAG20240302,Enero-Abril 2023,Ingeniería Agroindustrial,2024,Regular,0,4.758671513608575,0.1736511620148597
IAG20240302,Mayo-Agosto 2023,Ingeniería Agroindustrial,2024,Regular,1,5.32001853993026,0.158227383935971
IAG20240302,Septiembre-Diciembre 2022,Ingeniería Agroindustrial,2024,Irregular,0,4.701652099557678,0.17538776174673615
IAG20240302,Septiembre-Diciembre 2023,Ingeniería Agroindustrial,2024,Irregular,1,4.989299344577866,0.16696443815340498
IAG20240321,Enero-Abril 2023,Ingeniería Agroindustrial,2024,Regular,0,3.799420100090954,0.208358505641348
IAG20240347,Enero-Abril 2023,Ingeniería Agroindustrial,2024,Irregular,1,5.035279932042737,0.16569239724751822
IAG20240347,Mayo-Agosto 2023,Ingeniería Agroindustrial,2024,Irregular,0,5.173135236832915,0.16199223921636344
IAG20240347,Septiembre-Diciembre 2022,Ingeniería Agroindustrial,2024,Irregular,1,5.021441481560774,0.16607319079032173
IAG20240347,Septiembre-Diciembre 2023,Ingeniería Agroindustrial,2024,Irregular,1,4.595540210752032,0.17871375458592256
IBM20200010,Enero-Abril 2023,Ingeniería Biomédica,2020,Irregular,0,3.707119522577898,0.21244414874180648
IBM20200010,Septiembre-Diciembre 2022,Ingeniería Biomédica,2020,Irregular,0,4.604052018924209,0.17844231220965123
IBM20200010,Septiembre-Diciembre 2023,Ingeniería Biomédica,2020,Irregular,0,4.0900990931383605,0.1964598295047019
IBM20200017,Enero-Abril 2023,Ingeniería Biomédica,2020,Baja Temporal,1,6.5781682324735975,0.13195801007885372
IBM20200017,Septiembre-Diciembre 2022,Ingeniería Biomédica,2020,Baja Temporal,1,5.789011262332289,0.14729685389510772
IBM20200017,Septiembre-Diciembre 2023,Ingeniería Biomédica,2020,Baja Temporal,1,6.363255706825916,0.13580948968986312
IBM20200042,Enero-Abril 2023,Ingeniería Biomédica,2020,Irregular,1,2.55655116567708,0.2811712677299905
IBM20200042,Septiembre-Diciembre 2022,Ingeniería Biomédica,2020,Irregular,0,4.703006505869301,0.17534610892883268
IBM20200042,Septiembre-Diciembre 2023,Ingeniería Biomédica,2020,Irregular,0,4.936579702221758,0.16844716152395817
IBM20200056,Septiembre-Diciembre 2022,Ingeniería Biomédica,2020,Irregular,0,6.928827810043698,0.12612204779289926
IBM20200057,Enero-Abril 2023,Ingeniería Biomédica,2020,Irregular,0,3.471103443794416,0.22365843523211956
IBM20200057,Septiembre-Diciembre 2022,Ingeniería Biomédica,2020,Irregular,0,4.293486172964163,0.1889114219486165
IBM20200057,Septiembre-Diciembre 2023,Ingeniería Biomédica,2020,Irregular,0,3.864781749208634,0.20555906750856245
IBM20200058,Enero-Abril 2023,Ingeniería Biomédica,2020,Irregular,0,3.1018903797190256,0.24379003518580106
IBM20200058,Septiembre-Diciembre 2023,Ingeniería Biomédica,2020,Irregular,0,3.453361986187668,0.22454945344698043
IBM20200077,Enero-Abril 2023,Ingeniería Biomédica,2020,Irregular,0,4.148040550225707,0.19424866417498532
IBM20200077,Mayo-Agosto 2023,Ingeniería Biomédica,2020,Irregular,0,4.291858243485753,0.18896953659539054
IBM20200077,Septiembre-Diciembre 2022,Ingeniería Biomédica,2020,Irregular,0,3.0926063005654822,0.24434307298550276
IBM20200082,Mayo-Agosto 2023,Ingeniería Biomédica,2020,Irregular,0,3.3701059690448694,0.2288274030614777
IBM20200082,Septiembre-Diciembre 2022,Ingeniería Biomédica,2020,Irregular,0,3.1541390447876956,0.24072376711962143
IBM20200093,Enero-Abril 2023,Ingeniería Biomédica,2020,Irregular,0,4.52864608331417,0.18087611052153765
IBM20200093,Mayo-Agosto 2023,Ingeniería Biomédica,2020,Irregular,0,3.772271392583003,0.2095438246773195
IBM20200093,Septiembre-Diciembre 2023,Ingeniería Biomédica,2020,Irregular,0,4.836493767229531,0.17133574366424456
IBM20200107,Septiembre-Diciembre 2022,Ingeniería Biomédica,2020,Irregular,1,3.4477396074350883,0.22483330596250387
IBM20200150,Enero-Abril 2023,Ingeniería Biomédica,2020,Irregular,0,3.693230189268676,0.2130728644605061
IBM20200150,Mayo-Agosto 2023,Ingeniería Biomédica,2020,Irregular,0,3.589118033470127,0.21790679444429886
IBM20200150,Septiembre-Diciembre 2022,Ingeniería Biomédica,2020,Irregular,0,4.691066205459808,0.17571399873026172
IBM20200150,Septiembre-Diciembre 2023,Ingeniería Biomédica,2020,Irregular,0,4.683229756928221,0.17595628590959847
IBM20200203,Enero-Abril 2023,Ingeniería Biomédica,2020,Irregular,1,2.795974248895735,0.2634369820319261
IBM20200203,Mayo-Agosto 2023,Ingeniería Biomédica,2020,Irregular,1,5.975382949803777,0.14336130463319305
IBM20200203,Septiembre-Diciembre 2022,Ingeniería Biomédica,2020,Irregular,1,4.639550499419722,0.17731909663773635
IBM20200203,Septiembre-Diciembre 2023,Ingeniería Biomédica,2020,Irregular,1,5.51027650755871,0.15360330683941875
IBM20200226,Enero-Abril 2023,Ingeniería Biomédica,2020,Irregular,0,4.4557881415036045,0.1832915747575935
IBM20200226,Septiembre-Diciembre 2022,Ingeniería Biomédica,2020,Irregular,0,4.351530868795766,0.18686241834666387
IBM20200226,Septiembre-Diciembre 2023,Ingeniería Biomédica,2020,Irregular,0,3.412069576386692,0.22665100417998393
IBM20200255,Mayo-Agosto 2023,Ingeniería Biomédica,2020,Irregular,0,3.3834445175148566,0.22813109553555808
IBM20200255,Septiembre-Diciembre 2022,Ingeniería Biomédica,2020,Irregular,0,2.976513544782918,0.2514765733193525
IBM20200255,Septiembre-Diciembre 2023,Ingeniería Biomédica,2020,Irregular,0,3.769834872656066,0.2096508635409329
IBM20200260,Enero-Abril 2023,Ingeniería Biomédica,2020,Irregular,0,4.516241558552466,0.18128285162740645
IBM20200260,Septiembre-Diciembre 2022,Ingeniería Biomédica,2020,Irregular,0,6.179458087216258,0.13928627869290022
IBM20200311,Septiembre-Diciembre 2022,Ingeniería Biomédica,2020,Irregular,0,3.8098840183878218,0.20790522103590772
IBM20200329,Enero-Abril 2023,Ingeniería Biomédica,2020,Irregular,0,3.562949221391907,0.219156504155651
IBM20200329,Mayo-Agosto 2023,Ingeniería Biomédica,2020,Irregular,0,3.850830924258027,0.20615024840367074
IBM20200329,Septiembre-Diciembre 2022,Ingeniería Biomédica,2020,Irregular,0,3.8610326928204834,0.20571760430184988
IBM20200331,Enero-Abril 2023,Ingeniería Biomédica,2020,Irregular,1,4.019455999950125,0.19922477655147017
IBM20200331,Septiembre-Diciembre 2023,Ingeniería Biomédica,2020,Irregular,1,5.730045918294892,0.14858739630313808
IBM20200333,Enero-Abril 2023,Ingeniería Biomédica,2020,Irregular,0,3.228680657121797,0.23648037794384746
IBM20200333,Mayo-Agosto 2023,Ingeniería Biomédica,2020,Irregular,0,2.5304958452263357,0.2832463324810658
IBM20200333,Septiembre-Diciembre 2023,Ingeniería Biomédica,2020,Irregular,0,4.170633157789895,0.19339991244465582
IBM20200336,Enero-Abril 2023,Ingeniería Biomédica,2020,Irregular,0,3.949718440625274,0.20203169372067856
IBM20200336,Septiembre-Diciembre 2022,Ingeniería Biomédica,2020,Irregular,0,4.428117234166678,0.18422594001942544
IBM20200338,Enero-Abril 2023,Ingeniería Biomédica,2020,Irregular,1,4.436995960908976,0.18392509525293385
IBM20200338,Mayo-Agosto 2023,Ingeniería Biomédica,2020,Irregular,0,3.4070122105880873,0.22691110262809017
IBM20200338,Septiembre-Diciembre 2022,Ingeniería Biomédica,2020,Irregular,0,5.04205053006468,0.16550672574221173
IBM20200338,Septiembre-Diciembre 2023,Ingeniería Biomédica,2020,Irregular,0,4.580256587898006,0.17920322914339035
IBM20200343,Enero-Abril 2023,Ingeniería Biomédica,2020,Irregular,0,3.3833675698778936,0.22813510025303596
IBM20200343,Mayo-Agosto 2023,Ingeniería Biomédica,2020,Irregular,1,5.645822204583624,0.15047047140537403
IBM20200343,Septiembre-Diciembre 2022,Ingeniería Biomédica,2020,Irregular,0,5.250655630753869,0.1599832176131888
IBM20200343,Septiembre-Diciembre 2023,Ingeniería Biomédica,2020,Irregular,1,5.299649528612322,0.15873898944030282
IBM20200375,Septiembre-Diciembre 2022,Ingeniería Biomédica,2020,Irregular,0,4.744598427850575,0.17407657168025312
IBM20200375,Septiembre-Diciembre 2023,Ingeniería Biomédica,2020,Irregular,1,4.83048781901086,0.17151223551816797
IBM20210004,Mayo-Agosto 2023,Ingeniería Biomédica,2021,Irregular,0,2.8449611229581175,0.26008065309920503
IBM20210004,Septiembre-Diciembre 2022,Ingeniería Biomédica,2021,Regular,0,3.813630304866548,0.20774341539877017
IBM20210004,Septiembre-Diciembre 2023,Ingeniería Biomédica,2021,Irregular,0,7.27695120778691,0.12081743324271449
IBM20210044,Septiembre-Diciembre 2022,Ingeniería Biomédica,2021,Regular,0,3.8655995817117588,0.20552451618885406
IBM20210044,Septiembre-Diciembre 2023,Ingeniería Biomédica,2021,Regular,0,2.724624520999014,0.26848343889756204
IBM20210049,Enero-Abril 2023,Ingeniería Biomédica,2021,Irregular,1,3.968101721250945,0.20128412341529203
IBM20210049,Septiembre-Diciembre 2023,Ingeniería Biomédica,2021,Irregular,0,5.618377186461886,0.15109444080121842
IBM20210070,Septiembre-Diciembre 2022,Ingeniería Biomédica,2021,Regular,0,4.581369503154048,0.17916749633488646
IBM20210102,Mayo-Agosto 2023,Ingeniería Biomédica,2021,Egresado,0,5.183120843799223,0.16173062523965637
IBM20210102,Septiembre-Diciembre 2022,Ingeniería Biomédica,2021,Egresado,1,4.5529415421098625,0.18008473390484245
IBM20210102,Septiembre-Diciembre 2023,Ingeniería Biomédica,2021,Egresado,1,3.9765481307167776,0.20094249542724085
IBM20210111,Enero-Abril 2023,Ingeniería Biomédica,2021,Regular,0,3.275544816359841,0.23388832136050222
IBM20210111,Septiembre-Diciembre 2022,Ingeniería Biomédica,2021,Regular,0,2.198460572079646,0.31265040711438186
IBM20210111,Septiembre-Diciembre 2023,Ingeniería Biomédica,2021,Irregular,0,4.70577106747794,0.17526115018877178
IBM20210147,Septiembre-Diciembre 2022,Ingeniería Biomédica,2021,Irregular,1,4.505640287549144,0.1816319170472275
IBM20210147,Septiembre-Diciembre 2023,Ingeniería Biomédica,2021,Irregular,1,5.1165421089538174,0.16349106769593408
IBM20210151,Septiembre-Diciembre 2023,Ingeniería Biomédica,2021,Irregular,1,6.8197370622524645,0.12788153770888447
IBM20210204,Enero-Abril 2023,Ingeniería Biomédica,2021,Regular,0,3.6257762463936984,0.21617993321220627
IBM20210204,Septiembre-Diciembre 2022,Ingeniería Biomédica,2021,Regular,0,4.264835641894732,0.1899394526284045
IBM20210204,Septiembre-Diciembre 2023,Ingeniería Biomédica,2021,Irregular,1,3.0433030372294514,0.2473225456495141
IBM20210205,Enero-Abril 2023,Ingeniería Biomédica,2021,Regular,0,2.4965243188272312,0.2859982968273505
IBM20210205,Mayo-Agosto 2023,Ingeniería Biomédica,2021,Regular,0,3.1446378584005514,0.24127560336137735
IBM20210205,Septiembre-Diciembre 2022,Ingeniería Biomédica,2021,Regular,0,2.8438747514857017,0.2601541581482301
IBM20210263,Enero-Abril 2023,Ingeniería Biomédica,2021,Regular,0,2.459662521638595,0.28904553370320396
IBM20210294,Enero-Abril 2023,Ingeniería Biomédica,2021,Regular,0,2.9602506577118035,0.25250926934452955
IBM20210294,Mayo-Agosto 2023,Ingeniería Biomédica,2021,Regular,0,2.5282011478356683,0.28343055231231296
IBM20210294,Septiembre-Diciembre 2022,Ingeniería Biomédica,2021,Regular,0,4.113959204152942,0.19554321027588964
IBM20210294,Septiembre-Diciembre 2023,Ingeniería Biomédica,2021,Regular,0,3.5157031242411056,0.22144945592898266
IBM20210298,Enero-Abril 2023,Ingeniería Biomédica,2021,Irregular,1,3.9191970502119036,0.20328520890557192
IBM20210310,Mayo-Agosto 2023,Ingeniería Biomédica,2021,Irregular,0,3.7251416630012675,0.21163386652090982
IBM20210310,Septiembre-Diciembre 2023,Ingeniería Biomédica,2021,Irregular,0,4.733359183021336,0.1744178182593865
IBM20210325,Enero-Abril 2023,Ingeniería Biomédica,2021,Regular,0,3.202102150224309,0.2379761281973166
IBM20210325,Septiembre-Diciembre 2022,Ingeniería Biomédica,2021,Regular,0,3.5365865638794394,0.22043004931550453
IBM20210325,Septiembre-Diciembre 2023,Ingeniería Biomédica,2021,Irregular,0,3.251030610810056,0.23523707344216108
IBM20210330,Septiembre-Diciembre 2022,Ingeniería Biomédica,2021,Regular,0,3.57570109002889,0.21854574420937237
IBM20210330,Septiembre-Diciembre 2023,Ingeniería Biomédica,2021,Irregular,1,6.569018362836123,0.13211752859657463
IBM20210335,Septiembre-Diciembre 2022,Ingeniería Biomédica,2021,Regular,0,3.691394490709838,0.21315623786919988
IBM20210335,Septiembre-Diciembre 2023,Ingeniería Biomédica,2021,Irregular,0,2.3966068132183715,0.2944114685598462
IBM20220096,Mayo-Agosto 2023,Ingeniería Biomédica,2022,Regular,0,2.9044827762469487,0.2561158691961797
IBM20220096,Septiembre-Diciembre 2022,Ingeniería Biomédica,2022,Regular,0,3.2378540695503917,0.23596848395161785
IBM20220096,Septiembre-Diciembre 2023,Ingeniería Biomédica,2022,Regular,0,3.0492439796996664,0.2469596806251646
IBM20220115,Mayo-Agosto 2023,Ingeniería Biomédica,2022,Regular,0,4.450519071620661,0.18346876450845245
IBM20220115,Septiembre-Diciembre 2022,Ingeniería Biomédica,2022,Irregular,1,5.207558435553759,0.16109393256332558
IBM20220115,Septiembre-Diciembre 2023,Ingeniería Biomédica,2022,Regular,0,4.364873255699146,0.18639769335420783
IBM20220125,Enero-Abril 2023,Ingeniería Biomédica,2022,Regular,0,2.1075670266820636,0.32179515080892584
IBM20220125,Mayo-Agosto 2023,Ingeniería Biomédica,2022,Regular,0,3.214459026672861,0.2372783775262986
IBM20220125,Septiembre-Diciembre 2023,Ingeniería Biomédica,2022,Regular,0,4.14389056556498,0.19440537998501625
IBM20220144,Enero-Abril 2023,Ingeniería Biomédica,2022,Regular,0,4.430161581777306,0.18415658262469187
IBM20220144,Septiembre-Diciembre 2022,Ingeniería Biomédica,2022,Irregular,0,4.75911391646412,0.17363782250273016
IBM20220144,Septiembre-Diciembre 2023,Ingeniería Biomédica,2022,Irregular,1,5.206061406333195,0.16113279172189865
IBM20220185,Mayo-Agosto 2023,Ingeniería Biomédica,2022,Irregular,1,3.732553315900427,0.2113024266710744
IBM20220185,Septiembre-Diciembre 2022,Ingeniería Biomédica,2022,Irregular,1,4.693814966967042,0.17562917056517485
IBM20220185,Septiembre-Diciembre 2023,Ingeniería Biomédica,2022,Irregular,1,5.564643362028108,0.15233119986141272
IBM20220193,Enero-Abril 2023,Ingeniería Biomédica,2022,Regular,0,2.678453359006474,0.2718533857583268
IBM20220193,Septiembre-Diciembre 2023,Ingeniería Biomédica,2022,Irregular,1,5.604888050374772,0.1514030203650853
IBM20220209,Enero-Abril 2023,Ingeniería Biomédica,2022,Regular,0,2.9313310427304278,0.2543667753060729
IBM20220218,Mayo-Agosto 2023,Ingeniería Biomédica,2022,Baja Temporal,1,5.527213101027468,0.153204742134524
IBM20220218,Septiembre-Diciembre 2023,Ingeniería Biomédica,2022,Baja Temporal,0,6.317185601884511,0.13666456673484598
IBM20220278,Enero-Abril 2023,Ingeniería Biomédica,2022,Regular,0,3.1745937010021836,0.23954426984353772
IBM20220278,Mayo-Agosto 2023,Ingeniería Biomédica,2022,Regular,0,2.603108886421104,0.2775381015457682
IBM20220278,Septiembre-Diciembre 2022,Ingeniería Biomédica,2022,Regular,0,3.20457858221706,0.23783596392499898
IBM20220278,Septiembre-Diciembre 2023,Ingeniería Biomédica,2022,Regular,0,4.7457867609874285,0.17404056948123625
IBM20220295,Enero-Abril 2023,Ingeniería Biomédica,2022,Regular,0,3.374019322938082,0.22862267543168688
IBM20220295,Septiembre-Diciembre 2022,Ingeniería Biomédica,2022,Regular,0,4.436103264482424,0.18395529874011893
IBM20220359,Enero-Abril 2023,Ingeniería Biomédica,2022,Regular,0,2.2052095747642344,0.3119920793552344
IBM20220359,Septiembre-Diciembre 2023,Ingeniería Biomédica,2022,Regular,0,2.966015859228621,0.25214220908196194
IBM20220362,Mayo-Agosto 2023,Ingeniería Biomédica,2022,Irregular,1,4.48552817163496,0.1822978514942072
IBM20220362,Septiembre-Diciembre 2023,Ingeniería Biomédica,2022,Irregular,0,3.5522809459862925,0.21967009766426907
IBM20230006,Enero-Abril 2023,Ingeniería Biomédica,2023,Regular,0,2.4273846166985362,0.29176766305360274
IBM20230006,Septiembre-Diciembre 2022,Ingeniería Biomédica,2023,Regular,0,3.0359897398901134,0.24777069924544126
IBM20230013,Septiembre-Diciembre 2023,Ingeniería Biomédica,2023,Egresado,0,2.042440761522971,0.32868347434953005
IBM20230025,Mayo-Agosto 2023,Ingeniería Biomédica,2023,Regular,0,3.3170241909049567,0.23164104618797027
IBM20230025,Septiembre-Diciembre 2022,Ingeniería Biomédica,2023,Regular,0,3.172227402318618,0.23968012851942666
IBM20230025,Septiembre-Diciembre 2023,Ingeniería Biomédica,2023,Regular,0,5.512472485124726,0.15355151246843973
IBM20230064,Enero-Abril 2023,Ingeniería Biomédica,2023,Irregular,1,5.204855604300582,0.16116410498044476
IBM20230064,Mayo-Agosto 2023,Ingeniería Biomédica,2023,Irregular,1,4.3701508005129,0.18621451001049924
IBM20230064,Septiembre-Diciembre 2022,Ingeniería Biomédica,2023,Regular,0,4.981108279588643,0.16719309419838427
IBM20230091,Enero-Abril 2023,Ingeniería Biomédica,2023,Regular,0,2.712973836743389,0.26932589454416667
IBM20230091,Mayo-Agosto 2023,Ingeniería Biomédica,2023,Regular,0,3.440648994761601,0.22519230886738567
IBM20230091,Septiembre-Diciembre 2022,Ingeniería Biomédica,2023,Regular,0,4.321551944910588,0.18791510641108697
IBM20230091,Septiembre-Diciembre 2023,Ingeniería Biomédica,2023,Regular,0,4.3224424406508515,0.18788366640893456
IBM20230131,Enero-Abril 2023,Ingeniería Biomédica,2023,Irregular,0,3.8027456614977164,0.20821423212491208
IBM20230131,Septiembre-Diciembre 2022,Ingeniería Biomédica,2023,Irregular,0,3.8695919243431733,0.20535601658960023
IBM20230131,Septiembre-Diciembre 2023,Ingeniería Biomédica,2023,Irregular,0,3.5056974221555346,0.22194122381205036
IBM20230228,Enero-Abril 2023,Ingeniería Biomédica,2023,Regular,0,3.7702394154370147,0.20963308398398015
IBM20230228,Mayo-Agosto 2023,Ingeniería Biomédica,2023,Regular,0,3.34125630177621,0.23034806758376683
IBM20230233,Enero-Abril 2023,Ingeniería Biomédica,2023,Regular,0,2.5299360686429,0.2832912496300406
IBM20230233,Septiembre-Diciembre 2023,Ingeniería Biomédica,2023,Regular,0,3.3140082073656507,0.23180298968662602
IBM20230257,Mayo-Agosto 2023,Ingeniería Biomédica,2023,Irregular,1,3.678070256861984,0.21376335648938988
IBM20230257,Septiembre-Diciembre 2022,Ingeniería Biomédica,2023,Regular,0,4.260399302658043,0.19009963739724225
IBM20230257,Septiembre-Diciembre 2023,Ingeniería Biomédica,2023,Irregular,1,8.033004815736248,0.11070513305361207
IBM20230269,Mayo-Agosto 2023,Ingeniería Biomédica,2023,Regular,0,4.938801422106978,0.16838414503598917
IBM20230269,Septiembre-Diciembre 2022,Ingeniería Biomédica,2023,Regular,0,2.8768580564100246,0.2579408339045565
IBM20230269,Septiembre-Diciembre 2023,Ingeniería Biomédica,2023,Regular,0,4.611730001920185,0.178198166992679
IBM20230288,Enero-Abril 2023,Ingeniería Biomédica,2023,Regular,0,4.859603643527595,0.1706600072010981
IBM20230288,Mayo-Agosto 2023,Ingeniería Biomédica,2023,Regular,0,4.445555984213574,0.18363597819927951
IBM20230288,Septiembre-Diciembre 2022,Ingeniería Biomédica,2023,Irregular,1,4.839581148100934,0.17124515862326972
IBM20230288,Septiembre-Diciembre 2023,Ingeniería Biomédica,2023,Irregular,1,5.794105328412572,0.14718641405485067
IBM20230300,Enero-Abril 2023,Ingeniería Biomédica,2023,Regular,0,4.636220025408432,0.17742387548604163
IBM20230300,Septiembre-Diciembre 2022,Ingeniería Biomédica,2023,Regular,0,3.405479693442126,0.22699003731388706
IBM20230300,Septiembre-Diciembre 2023,Ingeniería Biomédica,2023,Regular,0,2.8152952769543527,0.26210291141562
IBM20230341,Mayo-Agosto 2023,Ingeniería Biomédica,2023,Regular,0,3.3084672037490024,0.23210110526775102
IBM20230351,Enero-Abril 2023,Ingeniería Biomédica,2023,Regular,0,4.106182707387891,0.19584101417936886
IBM20230351,Septiembre-Diciembre 2022,Ingeniería Biomédica,2023,Regular,0,3.900953503148022,0.20404192762850565
IBM20230372,Septiembre-Diciembre 2023,Ingeniería Biomédica,2023,Regular,0,3.188557061305659,0.2387457029625089
IBM20240003,Enero-Abril 2023,Ingeniería Biomédica,2024,Regular,0,3.5091586491604723,0.22177086188488462
IBM20240003,Mayo-Agosto 2023,Ingeniería Biomédica,2024,Regular,0,3.2251021141671212,0.23668067018946504
IBM20240003,Septiembre-Diciembre 2022,Ingeniería Biomédica,2024,Regular,0,4.282044141105639,0.18932064429712994
IBM20240037,Enero-Abril 2023,Ingeniería Biomédica,2024,Regular,0,2.7334128368265933,0.26785143880578755
IBM20240037,Septiembre-Diciembre 2022,Ingeniería Biomédica,2024,Regular,0,3.1035377831569284,0.24369216340703
IBM20240118,Mayo-Agosto 2023,Ingeniería Biomédica,2024,Regular,1,3.8915250043292224,0.20443522196348876
IBM20240118,Septiembre-Diciembre 2023,Ingeniería Biomédica,2024,Regular,0,3.460555380367575,0.22418732976645486
IBM20240137,Enero-Abril 2023,Ingeniería Biomédica,2024,Regular,0,3.014437430113993,0.24910090577040184
IBM20240137,Mayo-Agosto 2023,Ingeniería Biomédica,2024,Regular,0,3.019746379924843,0.24877191381877603
IBM20240145,Enero-Abril 2023,Ingeniería Biomédica,2024,Regular,0,3.502147021725984,0.22211624702043403
IBM20240145,Septiembre-Diciembre 2022,Ingeniería Biomédica,2024,Regular,0,4.19998603639921,0.1923082087144337
IBM20240145,Septiembre-Diciembre 2023,Ingeniería Biomédica,2024,Regular,0,3.333236088331923,0.23077440961333578
IBM20240161,Enero-Abril 2023,Ingeniería Biomédica,2024,Irregular,0,4.523930941273058,0.18103050357279407
IBM20240161,Mayo-Agosto 2023,Ingeniería Biomédica,2024,Irregular,0,3.869809854304384,0.20534682665609796
IBM20240161,Septiembre-Diciembre 2022,Ingeniería Biomédica,2024,Irregular,0,5.025547738199079,0.16596001615927464
IBM20240169,Mayo-Agosto 2023,Ingeniería Biomédica,2024,Irregular,0,4.426456284083256,0.18428232858581658
IBM20240169,Septiembre-Diciembre 2022,Ingeniería Biomédica,2024,Regular,0,3.978122298073161,0.20087895397569105
IBM20240169,Septiembre-Diciembre 2023,Ingeniería Biomédica,2024,Regular,0,4.9032585238018696,0.16939796825228162
IBM20240190,Septiembre-Diciembre 2022,Ingeniería Biomédica,2024,Regular,0,5.899321472268893,0.1449417894236986
IBM20240198,Mayo-Agosto 2023,Ingeniería Biomédica,2024,Irregular,0,5.147443552575488,0.16266924477591135
IBM20240198,Septiembre-Diciembre 2022,Ingeniería Biomédica,2024,Irregular,1,5.2952751570360075,0.1588492917394302
IBM20240198,Septiembre-Diciembre 2023,Ingeniería Biomédica,2024,Irregular,1,4.238456881322639,0.1908959112683416
IBM20240201,Mayo-Agosto 2023,Ingeniería Biomédica,2024,Regular,0,2.5993426449945356,0.2778285088780477
IBM20240201,Septiembre-Diciembre 2022,Ingeniería Biomédica,2024,Regular,0,3.5828679725631103,0.21820397314232887
IBM20240201,Septiembre-Diciembre 2023,Ingeniería Biomédica,2024,Regular,0,4.733311767970996,0.17441926071184113
IBM20240285,Enero-Abril 2023,Ingeniería Biomédica,2024,Irregular,1,4.648303771480085,0.17704430222915568
IBM20240285,Septiembre-Diciembre 2023,Ingeniería Biomédica,2024,Regular,0,3.5865252943755443,0.21802997603137605
IBM20240296,Enero-Abril 2023,Ingeniería Biomédica,2024,Regular,0,3.8812196041011737,0.20486683269890285
IBM20240296,Septiembre-Diciembre 2022,Ingeniería Biomédica,2024,Regular,0,3.9559261731956665,0.20177863128965515
IBM20240296,Septiembre-Diciembre 2023,Ingeniería Biomédica,2024,Regular,0,4.265855380998696,0.18990267062942867
IBM20240305,Septiembre-Diciembre 2023,Ingeniería Biomédica,2024,Regular,0,3.7319263161920118,0.21133042511210187
IBM20240307,Septiembre-Diciembre 2023,Ingeniería Biomédica,2024,Regular,0,3.1054976222354527,0.24357583221677714
IBM20240364,Enero-Abril 2023,Ingeniería Biomédica,2024,Regular,0,3.1792920164091574,0.2392749767361791
IBM20240364,Septiembre-Diciembre 2022,Ingeniería Biomédica,2024,Regular,0,2.377478318477791,0.2960788806634572
IBM20240364,Septiembre-Diciembre 2023,Ingeniería Biomédica,2024,Regular,0,4.366936526848003,0.18632603441414258
IBM20240370,Enero-Abril 2023,Ingeniería Biomédica,2024,Irregular,1,4.2967555115968326,0.18879481935886563
IBM20240370,Mayo-Agosto 2023,Ingeniería Biomédica,2024,Irregular,1,5.345492751977344,0.15759217433325193
IBM20240370,Septiembre-Diciembre 2022,Ingeniería Biomédica,2024,Irregular,0,5.139518333689981,0.1628792269440099
IBM20240370,Septiembre-Diciembre 2023,Ingeniería Biomédica,2024,Irregular,0,6.980791415299305,0.12530085651442838
IBM20240380,Mayo-Agosto 2023,Ingeniería Biomédica,2024,Regular,0,2.86498127424794,0.2587334657124783
IBM20240380,Septiembre-Diciembre 2023,Ingeniería Biomédica,2024,Irregular,1,5.303718960845948,0.1586365138121262
IDS20200001,Enero-Abril 2023,Ingeniería en Desarrollo de Software,2020,Irregular,0,3.246574175055666,0.2354839357037468
IDS20200001,Mayo-Agosto 2023,Ingeniería en Desarrollo de Software,2020,Irregular,0,3.25465302119488,0.2350367926640371
IDS20200001,Septiembre-Diciembre 2022,Ingeniería en Desarrollo de Software,2020,Irregular,0,4.109953689432116,0.19569648978778376
IDS20200001,Septiembre-Diciembre 2023,Ingeniería en Desarrollo de Software,2020,Irregular,0,4.601366452876068,0.17852786608641572
IDS20200012,Enero-Abril 2023,Ingeniería en Desarrollo de Software,2020,Irregular,0,4.84838347386524,0.17098741976628504
IDS20200012,Mayo-Agosto 2023,Ingeniería en Desarrollo de Software,2020,Irregular,0,4.126883980074563,0.19505024960316275
IDS20200012,Septiembre-Diciembre 2022,Ingeniería en Desarrollo de Software,2020,Irregular,1,4.659115866630852,0.17670604800593148
IDS20200012,Septiembre-Diciembre 2023,Ingeniería en Desarrollo de Software,2020,Irregular,0,6.013653210774425,0.14257904831447793
IDS20200026,Enero-Abril 2023,Ingeniería en Desarrollo de Software,2020,Irregular,1,3.267927635208475,0.23430575339432932
IDS20200026,Septiembre-Diciembre 2022,Ingeniería en Desarrollo de Software,2020,Irregular,0,4.266795824987417,0.18986876143093873
IDS20200026,Septiembre-Diciembre 2023,Ingeniería en Desarrollo de Software,2020,Regular,1,4.8665102677259915,0.17045908970813503
IDS20200055,Enero-Abril 2023,Ingeniería en Desarrollo de Software,2020,Irregular,0,2.948365258963,0.25326937464307453
IDS20200055,Mayo-Agosto 2023,Ingeniería en Desarrollo de Software,2020,Irregular,0,4.076095884773324,0.19700179482418415
IDS20200055,Septiembre-Diciembre 2022,Ingeniería en Desarrollo de Software,2020,Irregular,0,4.671170013201815,0.1763304569730969
IDS20200065,Enero-Abril 2023,Ingeniería en Desarrollo de Software,2020,Baja Temporal,1,5.8174687575891415,0.14668200699663045
IDS20200065,Septiembre-Diciembre 2022,Ingeniería en Desarrollo de Software,2020,Baja Temporal,1,7.082573848057523,0.1237229648375349
IDS20200066,Enero-Abril 2023,Ingeniería en Desarrollo de Software,2020,Irregular,0,3.5404142135904677,0.22024422287437517
IDS20200066,Mayo-Agosto 2023,Ingeniería en Desarrollo de Software,2020,Irregular,1,5.119264184894121,0.16341834079799622
IDS20200066,Septiembre-Diciembre 2022,Ingeniería en Desarrollo de Software,2020,Irregular,0,4.960634204718392,0.16776738274064992
IDS20200066,Septiembre-Diciembre 2023,Ingeniería en Desarrollo de Software,2020,Irregular,1,6.6114385778097695,0.13138120866078842
IDS20200078,Enero-Abril 2023,Ingeniería en Desarrollo de Software,2020,Irregular,0,2.95707915186213,0.2527116495836122
IDS20200078,Septiembre-Diciembre 2022,Ingeniería en Desarrollo de Software,2020,Irregular,0,3.2057131052660632,0.23777180586756586
IDS20200078,Septiembre-Diciembre 2023,Ingeniería en Desarrollo de Software,2020,Irregular,1,3.885892004847681,0.20467091761500675
IDS20200099,Enero-Abril 2023,Ingeniería en Desarrollo de Software,2020,Irregular,1,5.296521483579785,0.1588178492851685
IDS20200099,Septiembre-Diciembre 2022,Ingeniería en Desarrollo de Software,2020,Irregular,0,5.660545981674348,0.15013784196541452
IDS20200101,Enero-Abril 2023,Ingeniería en Desarrollo de Software,2020,Irregular,0,4.428155680784744,0.18422463518132381
IDS20200101,Septiembre-Diciembre 2023,Ingeniería en Desarrollo de Software,2020,Irregular,1,4.689079225418601,0.17577536897922533
IDS20200114,Enero-Abril 2023,Ingeniería en Desarrollo de Software,2020,Irregular,0,4.033064911296445,0.198686092395819
IDS20200114,Mayo-Agosto 2023,Ingeniería en Desarrollo de Software,2020,Irregular,1,3.5035323114104657,0.22204792390771347
IDS20200114,Septiembre-Diciembre 2022,Ingeniería en Desarrollo de Software,2020,Irregular,0,3.4985195813059256,0.22229535337705447
IDS20200114,Septiembre-Diciembre 2023,Ingeniería en Desarrollo de Software,2020,Irregular,1,4.5102617973196,0.18147958060476144
IDS20200117,Enero-Abril 2023,Ingeniería en Desarrollo de Software,2020,Irregular,0,3.1025258952707095,0.24375227007165887
IDS20200117,Mayo-Agosto 2023,Ingeniería en Desarrollo de Software,2020,Irregular,0,4.00347014048931,0.1998612906486149
IDS20200117,Septiembre-Diciembre 2023,Ingeniería en Desarrollo de Software,2020,Irregular,0,3.486700460105485,0.2228809364234869
IDS20200152,Enero-Abril 2023,Ingeniería en Desarrollo de Software,2020,Irregular,1,4.825533196234454,0.17165810687447228
IDS20200152,Mayo-Agosto 2023,Ingeniería en Desarrollo de Software,2020,Irregular,1,9.424128403267238,0.09593128186012843
IDS20200152,Septiembre-Diciembre 2022,Ingeniería en Desarrollo de Software,2020,Regular,0,2.271390411857368,0.30568042150378466
IDS20200152,Septiembre-Diciembre 2023,Ingeniería en Desarrollo de Software,2020,Irregular,1,6.335130428203473,0.13633022749738902
IDS20200174,Enero-Abril 2023,Ingeniería en Desarrollo de Software,2020,Irregular,0,3.193802965191138,0.23844706303564356
IDS20200174,Mayo-Agosto 2023,Ingeniería en Desarrollo de Software,2020,Irregular,1,3.5708299300393906,0.21877864967760507
IDS20200191,Septiembre-Diciembre 2022,Ingeniería en Desarrollo de Software,2020,Egresado,1,4.287402544417091,0.18912878140059314
IDS20200191,Septiembre-Diciembre 2023,Ingeniería en Desarrollo de Software,2020,Egresado,0,4.481487881354411,0.18243221943471882
IDS20200195,Mayo-Agosto 2023,Ingeniería en Desarrollo de Software,2020,Irregular,1,3.7002740627976247,0.21275355152477968
IDS20200195,Septiembre-Diciembre 2023,Ingeniería en Desarrollo de Software,2020,Irregular,1,4.0291560143122505,0.19884052058718096
IDS20200210,Enero-Abril 2023,Ingeniería en Desarrollo de Software,2020,Irregular,0,3.171963804541406,0.23969527226277623
IDS20200210,Septiembre-Diciembre 2022,Ingeniería en Desarrollo de Software,2020,Irregular,1,3.939089244076442,0.20246647723551908
IDS20200309,Enero-Abril 2023,Ingeniería en Desarrollo de Software,2020,Irregular,0,3.8494360092251463,0.2062095464498731
IDS20200309,Septiembre-Diciembre 2022,Ingeniería en Desarrollo de Software,2020,Irregular,0,5.376523017609526,0.15682527879823865
IDS20200353,Mayo-Agosto 2023,Ingeniería en Desarrollo de Software,2020,Irregular,0,3.608597576930621,0.21698574963579517
IDS20200353,Septiembre-Diciembre 2022,Ingeniería en Desarrollo de Software,2020,Irregular,0,4.479336602969258,0.1825038453483765
IDS20200353,Septiembre-Diciembre 2023,Ingeniería en Desarrollo de Software,2020,Irregular,1,5.866173040283721,0.14564153774351693
IDS20200377,Enero-Abril 2023,Ingeniería en Desarrollo de Software,2020,Irregular,0,4.36404405529839,0.18642650762948892
IDS20200377,Mayo-Agosto 2023,Ingeniería en Desarrollo de Software,2020,Irregular,0,3.8695271219529532,0.20535874941362767
IDS20200377,Septiembre-Diciembre 2022,Ingeniería en Desarrollo de Software,2020,Irregular,0,4.473350060314999,0.18270346113079575
IDS20200377,Septiembre-Diciembre 2023,Ingeniería en Desarrollo de Software,2020,Irregular,0,4.221878538819925,0.19150196477491924
IDS20210033,Enero-Abril 2023,Ingeniería en Desarrollo de Software,2021,Regular,0,2.6901833700571616,0.270989243546591
IDS20210033,Mayo-Agosto 2023,Ingeniería en Desarrollo de Software,2021,Regular,0,2.9117976849320852,0.25563694253716535
IDS20210033,Septiembre-Diciembre 2022,Ingeniería en Desarrollo de Software,2021,Regular,0,3.7930133106261925,0.2086370170896423
IDS20210033,Septiembre-Diciembre 2023,Ingeniería en Desarrollo de Software,2021,Regular,0,3.75395087424678,0.21035135331692736
IDS20210038,Enero-Abril 2023,Ingeniería en Desarrollo de Software,2021,Regular,0,1.6230965011132577,0.3812288261509228
IDS20210038,Septiembre-Diciembre 2022,Ingeniería en Desarrollo de Software,2021,Regular,0,2.7073226622267095,0.26973643545754267
IDS20210041,Enero-Abril 2023,Ingeniería en Desarrollo de Software,2021,Irregular,0,2.217581954252569,0.3107923944806857
IDS20210041,Septiembre-Diciembre 2023,Ingeniería en Desarrollo de Software,2021,Irregular,0,5.045686105651411,0.1654071982111701
IDS20210046,Enero-Abril 2023,Ingeniería en Desarrollo de Software,2021,Regular,0,2.1302867475881033,0.31945955135595916
IDS20210046,Mayo-Agosto 2023,Ingeniería en Desarrollo de Software,2021,Regular,0,3.228977794653124,0.23646376229838387
IDS20210046,Septiembre-Diciembre 2022,Ingeniería en Desarrollo de Software,2021,Regular,0,4.042879006175415,0.1982994235585305
IDS20210046,Septiembre-Diciembre 2023,Ingeniería en Desarrollo de Software,2021,Regular,0,3.205913817782162,0.23776045904034102
IDS20210047,Mayo-Agosto 2023,Ingeniería en Desarrollo de Software,2021,Irregular,0,3.146003278598295,0.24119614308121962
IDS20210047,Septiembre-Diciembre 2023,Ingeniería en Desarrollo de Software,2021,Irregular,0,5.223765796392221,0.16067442649909447
IDS20210050,Enero-Abril 2023,Ingeniería en Desarrollo de Software,2021,Regular,0,3.6840793449878246,0.21348912483091154
IDS20210050,Septiembre-Diciembre 2022,Ingeniería en Desarrollo de Software,2021,Regular,0,4.869819369115991,0.17036299366578336
IDS20210050,Septiembre-Diciembre 2023,Ingeniería en Desarrollo de Software,2021,Regular,0,4.375992731201363,0.1860121562657939
IDS20210059,Septiembre-Diciembre 2022,Ingeniería en Desarrollo de Software,2021,Regular,0,2.5739626383496796,0.2798014700180979
IDS20210059,Septiembre-Diciembre 2023,Ingeniería en Desarrollo de Software,2021,Irregular,0,2.6383411598102513,0.27485053107338414
IDS20210068,Mayo-Agosto 2023,Ingeniería en Desarrollo de Software,2021,Irregular,1,4.53446216115435,0.18068603070753042
IDS20210068,Septiembre-Diciembre 2023,Ingeniería en Desarrollo de Software,2021,Irregular,1,5.707348616057673,0.1490902079557872
IDS20210085,Enero-Abril 2023,Ingeniería en Desarrollo de Software,2021,Regular,0,2.7198718555494397,0.2688264646826916
IDS20210085,Septiembre-Diciembre 2022,Ingeniería en Desarrollo de Software,2021,Regular,0,3.2779858725944977,0.2337548626343461
IDS20210085,Septiembre-Diciembre 2023,Ingeniería en Desarrollo de Software,2021,Regular,0,4.611538334653407,0.17820425351540692
IDS20210130,Mayo-Agosto 2023,Ingeniería en Desarrollo de Software,2021,Irregular,0,4.2214555617636345,0.19151747787014262
IDS20210130,Septiembre-Diciembre 2023,Ingeniería en Desarrollo de Software,2021,Irregular,0,3.4420274907849375,0.22512242485543307
IDS20210142,Enero-Abril 2023,Ingeniería en Desarrollo de Software,2021,Regular,0,2.834501175641863,0.26079011433152277
IDS20210142,Septiembre-Diciembre 2022,Ingeniería en Desarrollo de Software,2021,Regular,0,3.5399497312543073,0.22026675606465754
IDS20210192,Enero-Abril 2023,Ingeniería en Desarrollo de Software,2021,Irregular,0,5.245005929577074,0.16012795044178962
IDS20210202,Enero-Abril 2023,Ingeniería en Desarrollo de Software,2021,Regular,0,3.6147193049395963,0.2166979037987424
IDS20210202,Septiembre-Diciembre 2022,Ingeniería en Desarrollo de Software,2021,Regular,0,2.533296540702492,0.28302181503315865
IDS20210202,Septiembre-Diciembre 2023,Ingeniería en Desarrollo de Software,2021,Regular,0,3.1907216451453606,0.23862238647093767
IDS20210239,Septiembre-Diciembre 2022,Ingeniería en Desarrollo de Software,2021,Regular,0,5.268633080499891,0.15952441100927464
IDS20210268,Septiembre-Diciembre 2022,Ingeniería en Desarrollo de Software,2021,Regular,0,3.226447689562532,0.23660531809480584
IDS20210284,Enero-Abril 2023,Ingeniería en Desarrollo de Software,2021,Regular,0,2.6684696850347964,0.2725932298362484
IDS20210284,Mayo-Agosto 2023,Ingeniería en Desarrollo de Software,2021,Regular,0,2.7263457153868695,0.2683594267356323
IDS20210284,Septiembre-Diciembre 2022,Ingeniería en Desarrollo de Software,2021,Regular,0,4.128933709020683,0.19497229964996754
IDS20210284,Septiembre-Diciembre 2023,Ingeniería en Desarrollo de Software,2021,Regular,0,2.7953597678881152,0.26347963333037033
IDS20210326,Septiembre-Diciembre 2022,Ingeniería en Desarrollo de Software,2021,Regular,0,2.5873566050875825,0.2787567867052308
IDS20210327,Enero-Abril 2023,Ingeniería en Desarrollo de Software,2021,Irregular,1,9.764133086288146,0.09290111818422671
IDS20210327,Septiembre-Diciembre 2022,Ingeniería en Desarrollo de Software,2021,Irregular,1,4.4927286363000745,0.18205887569089965
IDS20210327,Septiembre-Diciembre 2023,Ingeniería en Desarrollo de Software,2021,Irregular,1,4.296773270823544,0.18879418636027812
IDS20210346,Enero-Abril 2023,Ingeniería en Desarrollo de Software,2021,Regular,0,3.387241238618161,0.2279336707536437
IDS20210346,Septiembre-Diciembre 2022,Ingeniería en Desarrollo de Software,2021,Regular,0,2.9623832133869796,0.252373368790147
IDS20210346,Septiembre-Diciembre 2023,Ingeniería en Desarrollo de Software,2021,Irregular,0,2.7767974127974133,0.26477459357803257
IDS20210356,Enero-Abril 2023,Ingeniería en Desarrollo de Software,2021,Regular,0,2.2152901100280795,0.3110139258915168
IDS20210356,Mayo-Agosto 2023,Ingeniería en Desarrollo de Software,2021,Regular,0,3.1255145777458275,0.24239400471259467
IDS20210356,Septiembre-Diciembre 2022,Ingeniería en Desarrollo de Software,2021,Regular,0,3.7634506518946154,0.20993184837597928
IDS20210356,Septiembre-Diciembre 2023,Ingeniería en Desarrollo de Software,2021,Regular,0,3.1943387066262323,0.23841660627459488
IDS20210360,Enero-Abril 2023,Ingeniería en Desarrollo de Software,2021,Regular,0,2.867646061981929,0.25855519971948054
IDS20210360,Septiembre-Diciembre 2022,Ingeniería en Desarrollo de Software,2021,Regular,0,3.3514543281058864,0.229808226077667
IDS20210360,Septiembre-Diciembre 2023,Ingeniería en Desarrollo de Software,2021,Irregular,0,2.9619800952882445,0.2523990469283888
IDS20220005,Enero-Abril 2023,Ingeniería en Desarrollo de Software,2022,Irregular,1,5.411642440816134,0.1559662768519435
IDS20220005,Mayo-Agosto 2023,Ingeniería en Desarrollo de Software,2022,Irregular,0,6.705916278215883,0.1297704210499839
IDS20220005,Septiembre-Diciembre 2023,Ingeniería en Desarrollo de Software,2022,Irregular,1,9.65913184714235,0.09381627081272047
IDS20220014,Mayo-Agosto 2023,Ingeniería en Desarrollo de Software,2022,Regular,1,4.100856209621844,0.1960455184197666
IDS20220014,Septiembre-Diciembre 2022,Ingeniería en Desarrollo de Software,2022,Regular,0,2.4598857639503184,0.2890268836096634
IDS20220014,Septiembre-Diciembre 2023,Ingeniería en Desarrollo de Software,2022,Regular,0,3.5722568128125496,0.2187103745349042
IDS20220028,Enero-Abril 2023,Ingeniería en Desarrollo de Software,2022,Regular,0,3.0333940076466526,0.2479301546301116
IDS20220028,Septiembre-Diciembre 2023,Ingeniería en Desarrollo de Software,2022,Regular,0,2.5530244446801764,0.28145035745455294
IDS20220034,Mayo-Agosto 2023,Ingeniería en Desarrollo de Software,2022,Regular,0,2.3522368184497005,0.2983082801597732
IDS20220034,Septiembre-Diciembre 2023,Ingeniería en Desarrollo de Software,2022,Regular,0,2.955473654164109,0.2528142233856757
IDS20220053,Mayo-Agosto 2023,Ingeniería en Desarrollo de Software,2022,Regular,0,3.0226258328272713,0.24859383933731607
IDS20220053,Septiembre-Diciembre 2022,Ingeniería en Desarrollo de Software,2022,Regular,0,3.2266943903363234,0.2365915080793028
IDS20220069,Septiembre-Diciembre 2023,Ingeniería en Desarrollo de Software,2022,Regular,0,4.5205243312113375,0.18114221403686406
IDS20220088,Enero-Abril 2023,Ingeniería en Desarrollo de Software,2022,Regular,0,3.826620742128495,0.20718429174922273
IDS20220088,Mayo-Agosto 2023,Ingeniería en Desarrollo de Software,2022,Regular,0,3.5100590010138633,0.22172658933623698
IDS20220088,Septiembre-Diciembre 2022,Ingeniería en Desarrollo de Software,2022,Regular,0,3.172072099177205,0.2396890504833833
IDS20220089,Septiembre-Diciembre 2022,Ingeniería en Desarrollo de Software,2022,Regular,0,2.712588992524363,0.2693538126664684
IDS20220090,Septiembre-Diciembre 2022,Ingeniería en Desarrollo de Software,2022,Regular,0,3.957134689520364,0.20172943900718515
IDS20220090,Septiembre-Diciembre 2023,Ingeniería en Desarrollo de Software,2022,Regular,0,2.9262981234187198,0.25469283497231654
IDS20220110,Enero-Abril 2023,Ingeniería en Desarrollo de Software,2022,Regular,0,2.8222029255066126,0.2616292278274198
IDS20220110,Mayo-Agosto 2023,Ingeniería en Desarrollo de Software,2022,Regular,0,2.6481145082870814,0.27411420275553117
IDS20220110,Septiembre-Diciembre 2022,Ingeniería en Desarrollo de Software,2022,Regular,0,2.6958826016680444,0.27057136488823397
IDS20220110,Septiembre-Diciembre 2023,Ingeniería en Desarrollo de Software,2022,Regular,0,5.411673944222432,0.1559655105202443
IDS20220164,Enero-Abril 2023,Ingeniería en Desarrollo de Software,2022,Regular,0,3.099592796437766,0.24392666531879065
IDS20220164,Mayo-Agosto 2023,Ingeniería en Desarrollo de Software,2022,Regular,0,2.826161858670765,0.2613585198268133
IDS20220164,Septiembre-Diciembre 2022,Ingeniería en Desarrollo de Software,2022,Regular,0,3.650938867733124,0.21501035133738527
IDS20220164,Septiembre-Diciembre 2023,Ingeniería en Desarrollo de Software,2022,Regular,0,4.968243055760511,0.16755349784804863
IDS20220181,Enero-Abril 2023,Ingeniería en Desarrollo de Software,2022,Regular,0,2.4633779587409967,0.28873545189492367
IDS20220181,Mayo-Agosto 2023,Ingeniería en Desarrollo de Software,2022,Regular,0,3.1079501895507837,0.24343041026730486
IDS20220181,Septiembre-Diciembre 2022,Ingeniería en Desarrollo de Software,2022,Regular,0,2.9631789729413858,0.2523226951968363
IDS20220181,Septiembre-Diciembre 2023,Ingeniería en Desarrollo de Software,2022,Regular,0,3.536965329552756,0.2204116468526282
IDS20220206,Septiembre-Diciembre 2022,Ingeniería en Desarrollo de Software,2022,Regular,0,2.1995924581770248,0.3125398040754704
IDS20220208,Enero-Abril 2023,Ingeniería en Desarrollo de Software,2022,Irregular,1,3.364013003779601,0.22914688822739904
IDS20220208,Septiembre-Diciembre 2022,Ingeniería en Desarrollo de Software,2022,Regular,0,4.078580403435917,0.19690541855425767
IDS20220208,Septiembre-Diciembre 2023,Ingeniería en Desarrollo de Software,2022,Irregular,1,3.4256539578569214,0.22595530728847132
IDS20220217,Enero-Abril 2023,Ingeniería en Desarrollo de Software,2022,Regular,0,3.411435853201901,0.2266835636461044
IDS20220217,Mayo-Agosto 2023,Ingeniería en Desarrollo de Software,2022,Regular,0,3.2728213348461352,0.23403740096612538
IDS20220217,Septiembre-Diciembre 2022,Ingeniería en Desarrollo de Software,2022,Regular,0,2.6314294209466045,0.27537365705962974
IDS20220222,Enero-Abril 2023,Ingeniería en Desarrollo de Software,2022,Regular,0,2.7158902532494165,0.2691145141128791
IDS20220222,Mayo-Agosto 2023,Ingeniería en Desarrollo de Software,2022,Regular,0,2.5472737019305693,0.28190663704798413
IDS20220222,Septiembre-Diciembre 2022,Ingeniería en Desarrollo de Software,2022,Regular,0,3.7776988588431415,0.20930578287685073
IDS20220222,Septiembre-Diciembre 2023,Ingeniería en Desarrollo de Software,2022,Regular,0,3.221820176239563,0.23686465985169333
IDS20220240,Enero-Abril 2023,Ingeniería en Desarrollo de Software,2022,Regular,0,3.199227515641082,0.23813903778141282
IDS20220240,Mayo-Agosto 2023,Ingeniería en Desarrollo de Software,2022,Regular,0,2.559105385034278,0.2809694830068565
IDS20220240,Septiembre-Diciembre 2023,Ingeniería en Desarrollo de Software,2022,Regular,0,5.501227238139915,0.15381711227280725
IDS20220283,Enero-Abril 2023,Ingeniería en Desarrollo de Software,2022,Irregular,1,3.1627570612233744,0.24022540477202733
IDS20220283,Mayo-Agosto 2023,Ingeniería en Desarrollo de Software,2022,Regular,0,4.282943217058119,0.18928842482559635
IDS20220283,Septiembre-Diciembre 2022,Ingeniería en Desarrollo de Software,2022,Irregular,0,4.2507246371785286,0.19044990341320756
IDS20220283,Septiembre-Diciembre 2023,Ingeniería en Desarrollo de Software,2022,Irregular,1,4.931414610041318,0.16859384577619907
IDS20220303,Enero-Abril 2023,Ingeniería en Desarrollo de Software,2022,Regular,0,3.6802098532923355,0.21366563281271264
IDS20220303,Septiembre-Diciembre 2022,Ingeniería en Desarrollo de Software,2022,Regular,0,5.1221263242861985,0.1633419415135302
IDS20220303,Septiembre-Diciembre 2023,Ingeniería en Desarrollo de Software,2022,Regular,1,4.428154749077261,0.18422466680228514
IDS20220314,Enero-Abril 2023,Ingeniería en Desarrollo de Software,2022,Baja Temporal,0,5.448931450840618,0.15506444868004451
IDS20220314,Septiembre-Diciembre 2022,Ingeniería en Desarrollo de Software,2022,Baja Temporal,0,4.85469373288365,0.17080312747759455
IDS20220322,Enero-Abril 2023,Ingeniería en Desarrollo de Software,2022,Regular,0,3.3852137531179505,0.22803905494663412
IDS20220322,Septiembre-Diciembre 2022,Ingeniería en Desarrollo de Software,2022,Regular,0,3.5824107088888666,0.21822574699823835
IDS20220322,Septiembre-Diciembre 2023,Ingeniería en Desarrollo de Software,2022,Regular,0,3.6368192306384364,0.2156650820873842
IDS20220368,Enero-Abril 2023,Ingeniería en Desarrollo de Software,2022,Regular,0,2.795486457475964,0.26347083864053883
IDS20220368,Septiembre-Diciembre 2022,Ingeniería en Desarrollo de Software,2022,Regular,0,2.3657477381642713,0.2971107990836577
IDS20220378,Enero-Abril 2023,Ingeniería en Desarrollo de Software,2022,Baja Temporal,1,6.129642291695152,0.14025949116196668
IDS20220378,Mayo-Agosto 2023,Ingeniería en Desarrollo de Software,2022,Baja Temporal,0,3.776929077187352,0.20933951160706749
IDS20220378,Septiembre-Diciembre 2023,Ingeniería en Desarrollo de Software,2022,Baja Temporal,1,5.55813703384084,0.15248232765492242
IDS20230018,Septiembre-Diciembre 2022,Ingeniería en Desarrollo de Software,2023,Regular,0,4.909155432017792,0.16922892137540732
IDS20230022,Enero-Abril 2023,Ingeniería en Desarrollo de Software,2023,Regular,0,4.317739718179161,0.18804982059979583
IDS20230022,Mayo-Agosto 2023,Ingeniería en Desarrollo de Software,2023,Regular,0,2.9037526162849763,0.2561637732443339
IDS20230022,Septiembre-Diciembre 2022,Ingeniería en Desarrollo de Software,2023,Regular,0,4.267489012136856,0.1898437752211525
IDS20230022,Septiembre-Diciembre 2023,Ingeniería en Desarrollo de Software,2023,Regular,0,3.659199021430893,0.21462916595756162
IDS20230079,Septiembre-Diciembre 2022,Ingeniería en Desarrollo de Software,2023,Regular,0,5.033913251436072,0.16572992655504284
IDS20230158,Enero-Abril 2023,Ingeniería en Desarrollo de Software,2023,Regular,0,3.1544454965477167,0.24070601018378635
IDS20230158,Septiembre-Diciembre 2022,Ingeniería en Desarrollo de Software,2023,Regular,0,2.963766732662622,0.2522852799988711
IDS20230168,Enero-Abril 2023,Ingeniería en Desarrollo de Software,2023,Irregular,1,4.540505608782016,0.1804889428168691
IDS20230168,Mayo-Agosto 2023,Ingeniería en Desarrollo de Software,2023,Regular,0,4.285274099180569,0.18920494589959685
IDS20230168,Septiembre-Diciembre 2022,Ingeniería en Desarrollo de Software,2023,Regular,0,4.228246573322124,0.19126871427653067
IDS20230168,Septiembre-Diciembre 2023,Ingeniería en Desarrollo de Software,2023,Irregular,1,4.912268586862746,0.1691398124608264
IDS20230180,Mayo-Agosto 2023,Ingeniería en Desarrollo de Software,2023,Regular,0,2.6152993899495507,0.276602265024019
IDS20230180,Septiembre-Diciembre 2022,Ingeniería en Desarrollo de Software,2023,Regular,0,3.5821087685869397,0.21824012709073828
IDS20230180,Septiembre-Diciembre 2023,Ingeniería en Desarrollo de Software,2023,Regular,0,2.7187429682781588,0.26890807149896057
IDS20230183,Enero-Abril 2023,Ingeniería en Desarrollo de Software,2023,Regular,0,3.047609267809696,0.24705942047146642
IDS20230183,Septiembre-Diciembre 2023,Ingeniería en Desarrollo de Software,2023,Irregular,1,2.580739847880743,0.27927189421254633
IDS20230189,Enero-Abril 2023,Ingeniería en Desarrollo de Software,2023,Regular,0,2.842148155626644,0.2602710669903625
IDS20230189,Septiembre-Diciembre 2022,Ingeniería en Desarrollo de Software,2023,Regular,0,3.4313375498201855,0.22566549913142547
IDS20230189,Septiembre-Diciembre 2023,Ingeniería en Desarrollo de Software,2023,Regular,0,9.305974364994976,0.09703109716598714
IDS20230199,Enero-Abril 2023,Ingeniería en Desarrollo de Software,2023,Regular,0,3.7162093251282826,0.2120346937681354
IDS20230199,Mayo-Agosto 2023,Ingeniería en Desarrollo de Software,2023,Regular,0,4.0205787936495225,0.1991802222614033
IDS20230199,Septiembre-Diciembre 2022,Ingeniería en Desarrollo de Software,2023,Regular,0,3.0764866897239553,0.24530927637291422
IDS20230199,Septiembre-Diciembre 2023,Ingeniería en Desarrollo de Software,2023,Regular,0,5.555921804088261,0.15253385105606382
IDS20230252,Enero-Abril 2023,Ingeniería en Desarrollo de Software,2023,Regular,0,2.9134789856245336,0.25552711632624614
IDS20230252,Septiembre-Diciembre 2022,Ingeniería en Desarrollo de Software,2023,Regular,0,4.271664155473213,0.18969341947964713
IDS20230252,Septiembre-Diciembre 2023,Ingeniería en Desarrollo de Software,2023,Regular,0,4.5784933088161255,0.17925987262898074
IDS20230291,Enero-Abril 2023,Ingeniería en Desarrollo de Software,2023,Regular,0,2.465135403050645,0.28858901130374803
IDS20230291,Septiembre-Diciembre 2022,Ingeniería en Desarrollo de Software,2023,Regular,0,3.692874612819096,0.21308900887068055
IDS20230297,Septiembre-Diciembre 2022,Ingeniería en Desarrollo de Software,2023,Regular,0,5.139904343039459,0.16286898689776108
IDS20230304,Mayo-Agosto 2023,Ingeniería en Desarrollo de Software,2023,Regular,0,3.791767710834336,0.20869125140164224
IDS20230304,Septiembre-Diciembre 2022,Ingeniería en Desarrollo de Software,2023,Regular,0,4.251900897224737,0.19040724864561517
IDS20230304,Septiembre-Diciembre 2023,Ingeniería en Desarrollo de Software,2023,Regular,0,3.1787974177678278,0.23930329710363565
IDS20230323,Mayo-Agosto 2023,Ingeniería en Desarrollo de Software,2023,Regular,0,3.1309838794982263,0.24207308214465026
IDS20230323,Septiembre-Diciembre 2022,Ingeniería en Desarrollo de Software,2023,Regular,0,5.014480661860571,0.1662653945071712
IDS20230323,Septiembre-Diciembre 2023,Ingeniería en Desarrollo de Software,2023,Regular,0,3.364704883182705,0.22911056457746315
IDS20230334,Enero-Abril 2023,Ingeniería en Desarrollo de Software,2023,Regular,0,3.3296416619549762,0.23096599628258077
IDS20230334,Septiembre-Diciembre 2022,Ingeniería en Desarrollo de Software,2023,Regular,0,3.168974709906347,0.23986713030995196
IDS20230334,Septiembre-Diciembre 2023,Ingeniería en Desarrollo de Software,2023,Regular,0,3.8180804545314833,0.2075515362263168
IDS20230357,Enero-Abril 2023,Ingeniería en Desarrollo de Software,2023,Baja Temporal,1,5.399350678315912,0.15626585418868863
IDS20230357,Septiembre-Diciembre 2022,Ingeniería en Desarrollo de Software,2023,Baja Temporal,1,4.118042925970726,0.19538718499715058
IDS20240036,Enero-Abril 2023,Ingeniería en Desarrollo de Software,2024,Irregular,0,3.6795235801811152,0.2136969678356223
IDS20240036,Mayo-Agosto 2023,Ingeniería en Desarrollo de Software,2024,Regular,0,3.3860771114131603,0.22799416758949953
IDS20240076,Mayo-Agosto 2023,Ingeniería en Desarrollo de Software,2024,Regular,0,3.643230501481736,0.21536729647190303
IDS20240076,Septiembre-Diciembre 2023,Ingeniería en Desarrollo de Software,2024,Regular,0,4.886144597708345,0.16989049171325665
IDS20240104,Enero-Abril 2023,Ingeniería en Desarrollo de Software,2024,Regular,0,3.0916667387414276,0.24439918103095418
IDS20240104,Mayo-Agosto 2023,Ingeniería en Desarrollo de Software,2024,Regular,0,3.8941508580416815,0.20432553654468558
IDS20240104,Septiembre-Diciembre 2023,Ingeniería en Desarrollo de Software,2024,Regular,0,7.0542225091704776,0.1241584769804171
IDS20240134,Enero-Abril 2023,Ingeniería en Desarrollo de Software,2024,Egresado,0,4.421880775132,0.18443784389110884
IDS20240134,Septiembre-Diciembre 2023,Ingeniería en Desarrollo de Software,2024,Egresado,1,6.799284985202075,0.1282168816625298
IDS20240154,Mayo-Agosto 2023,Ingeniería en Desarrollo de Software,2024,Regular,0,3.562592471299693,0.21917364005011422
IDS20240154,Septiembre-Diciembre 2022,Ingeniería en Desarrollo de Software,2024,Regular,0,4.3875318524853,0.18561375178481665
IDS20240154,Septiembre-Diciembre 2023,Ingeniería en Desarrollo de Software,2024,Regular,0,3.3205633205357548,0.23145130063178868
IDS20240182,Septiembre-Diciembre 2023,Ingeniería en Desarrollo de Software,2024,Regular,0,4.495338005878393,0.18197242807090203
IDS20240187,Mayo-Agosto 2023,Ingeniería en Desarrollo de Software,2024,Regular,0,3.0883566269876694,0.24459705726229836
IDS20240187,Septiembre-Diciembre 2022,Ingeniería en Desarrollo de Software,2024,Regular,0,3.0228542691513933,0.2485797230260957
IDS20240187,Septiembre-Diciembre 2023,Ingeniería en Desarrollo de Software,2024,Regular,0,4.2558577721246635,0.1902639004623889
IDS20240246,Septiembre-Diciembre 2022,Ingeniería en Desarrollo de Software,2024,Regular,0,4.91104228414075,0.16917490214593575
IDS20240253,Enero-Abril 2023,Ingeniería en Desarrollo de Software,2024,Regular,0,3.268567827191065,0.23427061264668972
IDS20240253,Mayo-Agosto 2023,Ingeniería en Desarrollo de Software,2024,Regular,0,3.6553351885579466,0.21480730377005647
IDS20240253,Septiembre-Diciembre 2022,Ingeniería en Desarrollo de Software,2024,Regular,0,3.531931695028767,0.22065645894375122
IDS20240253,Septiembre-Diciembre 2023,Ingeniería en Desarrollo de Software,2024,Regular,0,4.00820305521861,0.1996724152304463
IDS20240256,Mayo-Agosto 2023,Ingeniería en Desarrollo de Software,2024,Regular,0,2.8619139821490256,0.2589389625512927
IDS20240256,Septiembre-Diciembre 2022,Ingeniería en Desarrollo de Software,2024,Regular,0,3.6663194911237498,0.21430165720589756
IDS20240256,Septiembre-Diciembre 2023,Ingeniería en Desarrollo de Software,2024,Regular,1,4.410973766609642,0.18480961895821033
IDS20240272,Enero-Abril 2023,Ingeniería en Desarrollo de Software,2024,Regular,0,2.4030395951008034,0.29385494116484956
IDS20240272,Septiembre-Diciembre 2022,Ingeniería en Desarrollo de Software,2024,Regular,0,5.013136637807755,0.16630255725646972
IEN20200008,Mayo-Agosto 2023,Ingeniería en Energía,2020,Irregular,0,3.468626020394699,0.22378243232618364
IEN20200008,Septiembre-Diciembre 2022,Ingeniería en Energía,2020,Irregular,0,4.533529655505381,0.18071647976171717
IEN20200019,Enero-Abril 2023,Ingeniería en Energía,2020,Regular,0,2.257135724621448,0.30701821617096486
IEN20200019,Mayo-Agosto 2023,Ingeniería en Energía,2020,Regular,1,4.080669180430675,0.19682446632261
IEN20200019,Septiembre-Diciembre 2022,Ingeniería en Energía,2020,Irregular,0,4.642344255682452,0.1772312986739318
IEN20200019,Septiembre-Diciembre 2023,Ingeniería en Energía,2020,Regular,0,4.791832142092013,0.1726569374710503
IEN20200032,Septiembre-Diciembre 2023,Ingeniería en Energía,2020,Irregular,0,3.3993087235213393,0.22730843931306777
IEN20200052,Enero-Abril 2023,Ingeniería en Energía,2020,Irregular,0,5.481891834771539,0.15427594682089385
IEN20200052,Mayo-Agosto 2023,Ingeniería en Energía,2020,Irregular,0,3.6041453737478046,0.21719557460150163
IEN20200052,Septiembre-Diciembre 2022,Ingeniería en Energía,2020,Irregular,1,4.543177041906281,0.18040195946115825
IEN20200052,Septiembre-Diciembre 2023,Ingeniería en Energía,2020,Irregular,1,5.482943599332702,0.15425091776256256
IEN20200086,Enero-Abril 2023,Ingeniería en Energía,2020,Irregular,0,3.2495258823443987,0.2353203693039552
IEN20200086,Septiembre-Diciembre 2022,Ingeniería en Energía,2020,Irregular,0,4.383291002953156,0.18575997460501797
IEN20200086,Septiembre-Diciembre 2023,Ingeniería en Energía,2020,Irregular,0,5.337346678793487,0.15779474450187114
IEN20200100,Mayo-Agosto 2023,Ingeniería en Energía,2020,Irregular,0,4.175546096895022,0.1932163256356527
IEN20200100,Septiembre-Diciembre 2023,Ingeniería en Energía,2020,Irregular,1,4.92862244574737,0.16867324731014113
IEN20200109,Enero-Abril 2023,Ingeniería en Energía,2020,Irregular,0,3.640953872738939,0.21547294530851108
IEN20200109,Septiembre-Diciembre 2023,Ingeniería en Energía,2020,Irregular,1,3.74695445527228,0.21066138498323578
IEN20200112,Enero-Abril 2023,Ingeniería en Energía,2020,Irregular,1,4.787977386598114,0.17277192587439433
IEN20200112,Mayo-Agosto 2023,Ingeniería en Energía,2020,Irregular,1,7.257149156732886,0.12110717404015878
IEN20200112,Septiembre-Diciembre 2022,Ingeniería en Energía,2020,Irregular,0,3.594817828166129,0.21763648470893074
IEN20200121,Enero-Abril 2023,Ingeniería en Energía,2020,Irregular,0,3.0227259558795727,0.2485876519971267
IEN20200121,Septiembre-Diciembre 2022,Ingeniería en Energía,2020,Irregular,0,3.7896303039313266,0.2087843813705622
IEN20200121,Septiembre-Diciembre 2023,Ingeniería en Energía,2020,Irregular,0,3.197284549735043,0.23824927477531296
IEN20200122,Septiembre-Diciembre 2022,Ingeniería en Energía,2020,Irregular,1,3.5880262067656115,0.21795865039423193
IEN20200129,Mayo-Agosto 2023,Ingeniería en Energía,2020,Irregular,0,3.3562414807767684,0.2295556856553527
IEN20200129,Septiembre-Diciembre 2023,Ingeniería en Energía,2020,Irregular,0,3.342109379496993,0.2303028119747283
IEN20200132,Enero-Abril 2023,Ingeniería en Energía,2020,Irregular,0,4.241022031668753,0.190802479737258
IEN20200132,Mayo-Agosto 2023,Ingeniería en Energía,2020,Irregular,0,3.6862852941749544,0.21338863027460117
IEN20200132,Septiembre-Diciembre 2022,Ingeniería en Energía,2020,Irregular,0,4.385520179458358,0.18568308476760248
IEN20200132,Septiembre-Diciembre 2023,Ingeniería en Energía,2020,Irregular,0,4.0265640644405964,0.1989430527851612
IEN20200136,Enero-Abril 2023,Ingeniería en Energía,2020,Irregular,0,3.521230758861228,0.22117871290689708
IEN20200136,Mayo-Agosto 2023,Ingeniería en Energía,2020,Irregular,0,3.3753645949491915,0.22855238193278207
IEN20200136,Septiembre-Diciembre 2022,Ingeniería en Energía,2020,Irregular,0,4.088893932878208,0.19650635544577244
IEN20200136,Septiembre-Diciembre 2023,Ingeniería en Energía,2020,Irregular,0,5.137431318447821,0.16293461354006705
IEN20200143,Enero-Abril 2023,Ingeniería en Energía,2020,Irregular,0,4.081808988157801,0.19678032022264352
IEN20200143,Mayo-Agosto 2023,Ingeniería en Energía,2020,Irregular,0,4.210718447281066,0.19191211540546704
IEN20200143,Septiembre-Diciembre 2022,Ingeniería en Energía,2020,Irregular,0,5.598980730188315,0.15153855434450753
IEN20200143,Septiembre-Diciembre 2023,Ingeniería en Energía,2020,Irregular,0,4.146145518913276,0.19432019485744595
IEN20200160,Enero-Abril 2023,Ingeniería en Energía,2020,Irregular,1,3.907930722235964,0.2037518572683557
IEN20200160,Mayo-Agosto 2023,Ingeniería en Energía,2020,Irregular,0,3.992000644588613,0.20032048695426588
IEN20200160,Septiembre-Diciembre 2023,Ingeniería en Energía,2020,Irregular,0,4.287874382482105,0.18911190540245104
IEN20200162,Mayo-Agosto 2023,Ingeniería en Energía,2020,Irregular,0,3.5614387656992212,0.21922907472083764
IEN20200162,Septiembre-Diciembre 2022,Ingeniería en Energía,2020,Irregular,0,5.157491768091837,0.16240378999481683
IEN20200163,Enero-Abril 2023,Ingeniería en Energía,2020,Irregular,0,3.208970969774832,0.23758776365556572
IEN20200163,Septiembre-Diciembre 2022,Ingeniería en Energía,2020,Irregular,0,5.708760523452631,0.14905883083830138
IEN20200163,Septiembre-Diciembre 2023,Ingeniería en Energía,2020,Irregular,0,7.250617196963846,0.12120305379917409
IEN20200165,Enero-Abril 2023,Ingeniería en Energía,2020,Baja Temporal,1,5.5553593956760965,0.15254693749660747
IEN20200165,Septiembre-Diciembre 2022,Ingeniería en Energía,2020,Baja Temporal,1,8.786822569867425,0.10217820879668264
IEN20200165,Septiembre-Diciembre 2023,Ingeniería en Energía,2020,Baja Temporal,1,7.934333352649536,0.11192776903756825
IEN20200166,Enero-Abril 2023,Ingeniería en Energía,2020,Irregular,0,3.393835949568905,0.22759156497367947
IEN20200166,Septiembre-Diciembre 2022,Ingeniería en Energía,2020,Irregular,0,3.4623874124521548,0.22409528971185486
IEN20200178,Mayo-Agosto 2023,Ingeniería en Energía,2020,Irregular,0,2.762343913038951,0.2657917572432319
IEN20200178,Septiembre-Diciembre 2022,Ingeniería en Energía,2020,Irregular,0,4.692211032852409,0.1756786588249334
IEN20200178,Septiembre-Diciembre 2023,Ingeniería en Energía,2020,Irregular,0,6.495462150328864,0.13341405505678192
IEN20200184,Mayo-Agosto 2023,Ingeniería en Energía,2020,Irregular,0,3.4665757752009725,0.22388515281709404
IEN20200184,Septiembre-Diciembre 2022,Ingeniería en Energía,2020,Irregular,1,3.9913134082590744,0.2003480683752117
IEN20200184,Septiembre-Diciembre 2023,Ingeniería en Energía,2020,Irregular,1,3.4011324852657188,0.22721424618500774
IEN20200186,Septiembre-Diciembre 2022,Ingeniería en Energía,2020,Irregular,0,5.465839722496123,0.15465895272980137
IEN20200224,Enero-Abril 2023,Ingeniería en Energía,2020,Baja Temporal,1,5.762411643586697,0.14787623893738783
IEN20200224,Mayo-Agosto 2023,Ingeniería en Energía,2020,Baja Temporal,1,5.8936568114017245,0.1450608911000698
IEN20200224,Septiembre-Diciembre 2022,Ingeniería en Energía,2020,Baja Temporal,1,7.151002930584507,0.12268428910113152
IEN20200231,Enero-Abril 2023,Ingeniería en Energía,2020,Irregular,0,3.5502518993885075,0.21976805287074028
IEN20200231,Mayo-Agosto 2023,Ingeniería en Energía,2020,Irregular,0,4.953842015387046,0.16795877307721813
IEN20200243,Enero-Abril 2023,Ingeniería en Energía,2020,Irregular,0,3.9873067701880336,0.20050902141764534
IEN20200243,Septiembre-Diciembre 2023,Ingeniería en Energía,2020,Irregular,0,3.813141417643479,0.20776451660745124
IEN20200287,Enero-Abril 2023,Ingeniería en Energía,2020,Irregular,0,3.4566464314606664,0.2243839656968816
IEN20200287,Mayo-Agosto 2023,Ingeniería en Energía,2020,Irregular,0,3.1347318457199838,0.24185365274295542
IEN20200287,Septiembre-Diciembre 2023,Ingeniería en Energía,2020,Irregular,1,6.959001451866389,0.12564390219648716
IEN20200292,Enero-Abril 2023,Ingeniería en Energía,2020,Irregular,0,4.266015342809787,0.18989690209797797
IEN20200292,Mayo-Agosto 2023,Ingeniería en Energía,2020,Irregular,0,4.553680941562028,0.18006075799499205
IEN20200292,Septiembre-Diciembre 2022,Ingeniería en Energía,2020,Irregular,0,4.950619916086027,0.1680497181977205
IEN20200292,Septiembre-Diciembre 2023,Ingeniería en Energía,2020,Irregular,0,5.033820385223731,0.16573247729562976
IEN20200312,Enero-Abril 2023,Ingeniería en Energía,2020,Irregular,1,3.102076925938858,0.2437789485800845
IEN20200312,Septiembre-Diciembre 2022,Ingeniería en Energía,2020,Irregular,0,3.557239636663309,0.21943107664449565
IEN20200312,Septiembre-Diciembre 2023,Ingeniería en Energía,2020,Irregular,0,4.328296709281622,0.18767723619032906
IEN20200313,Enero-Abril 2023,Ingeniería en Energía,2020,Irregular,0,4.629085703016724,0.17764874311010806
IEN20200313,Mayo-Agosto 2023,Ingeniería en Energía,2020,Irregular,1,4.077523257999386,0.19694641445995342
IEN20200313,Septiembre-Diciembre 2022,Ingeniería en Energía,2020,Irregular,0,5.372831941715285,0.15691611031733
IEN20200319,Septiembre-Diciembre 2022,Ingeniería en Energía,2020,Irregular,0,3.3532743600832573,0.22971214706092513
IEN20200319,Septiembre-Diciembre 2023,Ingeniería en Energía,2020,Irregular,0,3.1727669712241844,0.23964913614781252
IEN20200324,Enero-Abril 2023,Ingeniería en Energía,2020,Irregular,0,4.606003459508494,0.178380196734248
IEN20200324,Septiembre-Diciembre 2022,Ingeniería en Energía,2020,Irregular,0,4.6694292320524236,0.17638459870818143
IEN20200324,Septiembre-Diciembre 2023,Ingeniería en Energía,2020,Irregular,0,4.8853115315739934,0.1699145397206451
IEN20200358,Enero-Abril 2023,Ingeniería en Energía,2020,Irregular,0,4.324917889152743,0.1877963230263278
IEN20200358,Mayo-Agosto 2023,Ingeniería en Energía,2020,Irregular,0,3.563524720652038,0.21912886665750755
IEN20200374,Enero-Abril 2023,Ingeniería en Energía,2020,Irregular,0,3.688498631771246,0.21328789417225757
IEN20200374,Mayo-Agosto 2023,Ingeniería en Energía,2020,Irregular,1,3.722296778146516,0.2117613625275996
IEN20200374,Septiembre-Diciembre 2023,Ingeniería en Energía,2020,Irregular,0,4.087440420101327,0.19656249851080967
IEN20200379,Enero-Abril 2023,Ingeniería en Energía,2020,Irregular,0,4.2947789047618,0.18886529881364097
IEN20200379,Septiembre-Diciembre 2022,Ingeniería en Energía,2020,Irregular,0,4.50968610476763,0.18149854292691592
IEN20200381,Enero-Abril 2023,Ingeniería en Energía,2020,Irregular,0,3.4552812348366495,0.22445272190245125
IEN20200381,Septiembre-Diciembre 2022,Ingeniería en Energía,2020,Irregular,0,3.7070096307076335,0.21244910855422744
IEN20200381,Septiembre-Diciembre 2023,Ingeniería en Energía,2020,Irregular,0,3.6954183757104295,0.2129735669931004
IEN20210011,Enero-Abril 2023,Ingeniería en Energía,2021,Regular,0,2.7875933447946397,0.2640198957404756
IEN20210011,Septiembre-Diciembre 2022,Ingeniería en Energía,2021,Regular,0,2.635158414711569,0.2750911751061459
IEN20210011,Septiembre-Diciembre 2023,Ingeniería en Energía,2021,Regular,0,8.431907731646053,0.10602308975572224
IEN20210035,Enero-Abril 2023,Ingeniería en Energía,2021,Regular,0,2.2452301343012926,0.30814455635372157
IEN20210035,Mayo-Agosto 2023,Ingeniería en Energía,2021,Regular,0,2.990699037309481,0.2505826650045245
IEN20210035,Septiembre-Diciembre 2022,Ingeniería en Energía,2021,Regular,0,4.252363535039406,0.19039047722588714
IEN20210035,Septiembre-Diciembre 2023,Ingeniería en Energía,2021,Regular,0,3.360435438462907,0.229334894212425
IEN20210040,Enero-Abril 2023,Ingeniería en Energía,2021,Irregular,1,4.564688800204076,0.1797045685579626
IEN20210045,Enero-Abril 2023,Ingeniería en Energía,2021,Regular,0,2.9810944169329523,0.25118721016679707
IEN20210045,Mayo-Agosto 2023,Ingeniería en Energía,2021,Regular,0,3.017518044209776,0.24890989635783814
IEN20210045,Septiembre-Diciembre 2022,Ingeniería en Energía,2021,Regular,0,2.2859740047686086,0.3043237708359223
IEN20210045,Septiembre-Diciembre 2023,Ingeniería en Energía,2021,Regular,0,5.710201666700679,0.14902681762345413
IEN20210139,Enero-Abril 2023,Ingeniería en Energía,2021,Irregular,0,3.5763236500598885,0.218516013391429
IEN20210139,Mayo-Agosto 2023,Ingeniería en Energía,2021,Irregular,0,2.6957021557168015,0.2705845757762491
IEN20210139,Septiembre-Diciembre 2023,Ingeniería en Energía,2021,Regular,0,6.278538059225195,0.1373902275241315
IEN20210146,Enero-Abril 2023,Ingeniería en Energía,2021,Regular,0,1.9198878565136852,0.34247890643101253
IEN20210146,Septiembre-Diciembre 2022,Ingeniería en Energía,2021,Regular,0,3.728009164991928,0.21150551217294591
IEN20210146,Septiembre-Diciembre 2023,Ingeniería en Energía,2021,Irregular,0,3.3286493430388724,0.23101894395954073
IEN20210159,Enero-Abril 2023,Ingeniería en Energía,2021,Irregular,1,3.7435426725672696,0.21081290272419675
IEN20210159,Mayo-Agosto 2023,Ingeniería en Energía,2021,Irregular,0,3.792604028670564,0.2086548344110526
IEN20210159,Septiembre-Diciembre 2022,Ingeniería en Energía,2021,Irregular,1,3.323132793095085,0.23131373655632362
IEN20210175,Enero-Abril 2023,Ingeniería en Energía,2021,Regular,0,2.2085764017601677,0.31166469947588527
IEN20210175,Septiembre-Diciembre 2022,Ingeniería en Energía,2021,Regular,0,4.930126929106064,0.16863045461840476
IEN20210221,Enero-Abril 2023,Ingeniería en Energía,2021,Regular,0,2.214207079324832,0.31111872238488675
IEN20210221,Mayo-Agosto 2023,Ingeniería en Energía,2021,Irregular,1,3.872972456718299,0.20521355474138048
IEN20210221,Septiembre-Diciembre 2022,Ingeniería en Energía,2021,Regular,0,3.1408512316478236,0.24149623931359077
IEN20210221,Septiembre-Diciembre 2023,Ingeniería en Energía,2021,Irregular,1,4.052157256223826,0.1979352481097229
IEN20210234,Septiembre-Diciembre 2022,Ingeniería en Energía,2021,Regular,0,2.8681835586203985,0.258519272636755
IEN20210245,Enero-Abril 2023,Ingeniería en Energía,2021,Regular,0,3.7930101129210088,0.2086371562839389
IEN20210245,Mayo-Agosto 2023,Ingeniería en Energía,2021,Regular,0,2.7147975191472193,0.26919367606059
IEN20210245,Septiembre-Diciembre 2022,Ingeniería en Energía,2021,Regular,0,3.017704868366982,0.24889832199308742
IEN20210245,Septiembre-Diciembre 2023,Ingeniería en Energía,2021,Regular,0,4.450696995712875,0.18346277563888214
IEN20210270,Mayo-Agosto 2023,Ingeniería en Energía,2021,Irregular,0,3.4060964837720142,0.22695826196341262
IEN20210270,Septiembre-Diciembre 2023,Ingeniería en Energía,2021,Irregular,0,7.628793239939521,0.11589106056816458
IEN20210271,Enero-Abril 2023,Ingeniería en Energía,2021,Regular,0,2.500195284408836,0.2856983450193107
IEN20210271,Mayo-Agosto 2023,Ingeniería en Energía,2021,Regular,0,2.282416442361089,0.30465360430643157
IEN20210271,Septiembre-Diciembre 2022,Ingeniería en Energía,2021,Regular,0,3.9345483155320333,0.20265279333721184
IEN20210271,Septiembre-Diciembre 2023,Ingeniería en Energía,2021,Regular,0,6.015323391336124,0.14254510365623246
IEN20210274,Enero-Abril 2023,Ingeniería en Energía,2021,Regular,0,4.61557262013976,0.17807622973543027
IEN20210274,Septiembre-Diciembre 2022,Ingeniería en Energía,2021,Regular,0,3.939740307182527,0.20243979193520978
IEN20210274,Septiembre-Diciembre 2023,Ingeniería en Energía,2021,Regular,0,5.1858935175533905,0.1616581334874827
IEN20210301,Enero-Abril 2023,Ingeniería en Energía,2021,Irregular,1,3.6549046875477664,0.2148271698613031
IEN20210301,Septiembre-Diciembre 2022,Ingeniería en Energía,2021,Irregular,1,3.2609276666300415,0.23469067729818982
IEN20210318,Enero-Abril 2023,Ingeniería en Energía,2021,Irregular,0,3.7216135762300504,0.21179200369854181
IEN20210318,Septiembre-Diciembre 2023,Ingeniería en Energía,2021,Irregular,0,6.421858487414656,0.1347371418756789
IEN20210332,Enero-Abril 2023,Ingeniería en Energía,2021,Irregular,0,2.7542648062704216,0.26636373607151714
IEN20210332,Mayo-Agosto 2023,Ingeniería en Energía,2021,Irregular,0,2.770710767119528,0.26520199022422153
IEN20210332,Septiembre-Diciembre 2023,Ingeniería en Energía,2021,Irregular,0,4.240940639700057,0.19080544290561377
IEN20210348,Enero-Abril 2023,Ingeniería en Energía,2021,Irregular,0,2.9098385053656433,0.25576503956049745
IEN20210348,Mayo-Agosto 2023,Ingeniería en Energía,2021,Irregular,0,4.421200700830597,0.1844609810971926
IEN20210350,Mayo-Agosto 2023,Ingeniería en Energía,2021,Baja Temporal,1,5.551074574259858,0.15264671294220158
IEN20210350,Septiembre-Diciembre 2022,Ingeniería en Energía,2021,Baja Temporal,1,6.129943945162574,0.14025355706736883
IEN20210350,Septiembre-Diciembre 2023,Ingeniería en Energía,2021,Baja Temporal,1,6.745734072769155,0.12910332198410898
IEN20220009,Enero-Abril 2023,Ingeniería en Energía,2022,Irregular,0,4.174014120071763,0.19327353516888549
IEN20220009,Septiembre-Diciembre 2022,Ingeniería en Energía,2022,Regular,0,4.19124992301421,0.19263183526701932
IEN20220015,Enero-Abril 2023,Ingeniería en Energía,2022,Regular,0,3.4435746035206,0.2250440443168682
IEN20220015,Septiembre-Diciembre 2023,Ingeniería en Energía,2022,Regular,0,6.040946123471042,0.1420263672614243
IEN20220023,Septiembre-Diciembre 2023,Ingeniería en Energía,2022,Regular,0,4.610185535694548,0.17824722438100235
IEN20220060,Septiembre-Diciembre 2022,Ingeniería en Energía,2022,Regular,0,3.5701262364010478,0.2188123365247554
IEN20220060,Septiembre-Diciembre 2023,Ingeniería en Energía,2022,Irregular,1,3.5720654517938075,0.21871952852461007
IEN20220067,Enero-Abril 2023,Ingeniería en Energía,2022,Regular,1,4.776751936866935,0.17310765823577282
IEN20220067,Septiembre-Diciembre 2022,Ingeniería en Energía,2022,Regular,0,2.5516855643531504,0.28155645590831596
IEN20220067,Septiembre-Diciembre 2023,Ingeniería en Energía,2022,Irregular,1,2.979043667996872,0.25131666888778315
IEN20220071,Enero-Abril 2023,Ingeniería en Energía,2022,Regular,0,2.217938585931769,0.3107579505624547
IEN20220071,Mayo-Agosto 2023,Ingeniería en Energía,2022,Regular,0,2.316542265030443,0.3015188470667118
IEN20220071,Septiembre-Diciembre 2023,Ingeniería en Energía,2022,Regular,0,3.172190751366055,0.23968223400921465
IEN20220080,Septiembre-Diciembre 2022,Ingeniería en Energía,2022,Regular,0,3.5861344742455032,0.21804855605864393
IEN20220080,Septiembre-Diciembre 2023,Ingeniería en Energía,2022,Regular,0,2.3510297444781236,0.29841573374507185
IEN20220081,Enero-Abril 2023,Ingeniería en Energía,2022,Regular,0,2.7421833714140957,0.2672236768617034
IEN20220081,Septiembre-Diciembre 2022,Ingeniería en Energía,2022,Regular,0,2.666082600265899,0.2727707226038689
IEN20220081,Septiembre-Diciembre 2023,Ingeniería en Energía,2022,Regular,0,5.265609894095698,0.1596013822919832
IEN20220156,Mayo-Agosto 2023,Ingeniería en Energía,2022,Irregular,1,3.7047909010287716,0.21254929730911853
IEN20220156,Septiembre-Diciembre 2023,Ingeniería en Energía,2022,Regular,0,4.170640959473706,0.1933996206346118
IEN20220173,Enero-Abril 2023,Ingeniería en Energía,2022,Regular,0,3.0356789782454072,0.24778977847112363
IEN20220173,Septiembre-Diciembre 2023,Ingeniería en Energía,2022,Regular,0,6.327367781067966,0.13647465636756256
IEN20220197,Enero-Abril 2023,Ingeniería en Energía,2022,Egresado,0,4.196566424919172,0.1924347575361849
IEN20220197,Septiembre-Diciembre 2022,Ingeniería en Energía,2022,Egresado,0,2.9158298296479277,0.2553737122151475
IEN20220197,Septiembre-Diciembre 2023,Ingeniería en Energía,2022,Egresado,1,5.606832488698737,0.1513584613671592
IEN20220200,Septiembre-Diciembre 2023,Ingeniería en Energía,2022,Baja Temporal,0,6.121582159613111,0.14041823538469522
IEN20220214,Enero-Abril 2023,Ingeniería en Energía,2022,Regular,0,2.5886489930284244,0.27865639741938375
IEN20220214,Septiembre-Diciembre 2022,Ingeniería en Energía,2022,Regular,0,3.082568749828897,0.2449438236752071
IEN20220220,Septiembre-Diciembre 2022,Ingeniería en Energía,2022,Regular,0,2.060669369553727,0.32672591490854463
IEN20220220,Septiembre-Diciembre 2023,Ingeniería en Energía,2022,Regular,0,5.603905542678088,0.1514255456165215
IEN20220227,Septiembre-Diciembre 2022,Ingeniería en Energía,2022,Regular,0,5.27542199916293,0.15935183325255078
IEN20220241,Septiembre-Diciembre 2022,Ingeniería en Energía,2022,Regular,0,6.1686117714721975,0.13949702283774712
IEN20220247,Enero-Abril 2023,Ingeniería en Energía,2022,Regular,0,2.620530461181754,0.2762026202297429
IEN20220247,Septiembre-Diciembre 2023,Ingeniería en Energía,2022,Regular,0,2.0185219531966294,0.33128796659603393
IEN20220265,Mayo-Agosto 2023,Ingeniería en Energía,2022,Regular,0,2.032942322425147,0.32971283120227557
IEN20220265,Septiembre-Diciembre 2023,Ingeniería en Energía,2022,Regular,1,4.520434268207105,0.18114516927755653
IEN20220273,Enero-Abril 2023,Ingeniería en Energía,2022,Regular,0,2.608821884098734,0.27709874084011205
IEN20220273,Mayo-Agosto 2023,Ingeniería en Energía,2022,Regular,1,4.442138214247975,0.18375130520976407
IEN20220273,Septiembre-Diciembre 2022,Ingeniería en Energía,2022,Regular,0,4.588652299376636,0.17893401600803488
IEN20220273,Septiembre-Diciembre 2023,Ingeniería en Energía,2022,Regular,0,4.707150091004017,0.17521880168812545
IEN20220340,Enero-Abril 2023,Ingeniería en Energía,2022,Regular,0,2.248614827202325,0.30782350422909016
IEN20220340,Septiembre-Diciembre 2023,Ingeniería en Energía,2022,Irregular,1,6.6690441296235425,0.13039434681791146
IEN20220344,Enero-Abril 2023,Ingeniería en Energía,2022,Regular,0,3.202021830185219,0.23798067701992914
IEN20220344,Septiembre-Diciembre 2023,Ingeniería en Energía,2022,Irregular,1,5.000765509492061,0.16664540522674842
IEN20220354,Enero-Abril 2023,Ingeniería en Energía,2022,Regular,0,3.429216591737353,0.22577356046789115
IEN20220354,Septiembre-Diciembre 2022,Ingeniería en Energía,2022,Regular,0,3.700620401734777,0.21273787596865879
IEN20220367,Enero-Abril 2023,Ingeniería en Energía,2022,Regular,0,2.8168803999143943,0.2619940619628606
IEN20220367,Mayo-Agosto 2023,Ingeniería en Energía,2022,Regular,0,3.057139418693598,0.24647908213171552
IEN20220367,Septiembre-Diciembre 2022,Ingeniería en Energía,2022,Regular,0,3.756239449394488,0.21025013787464145
IEN20220367,Septiembre-Diciembre 2023,Ingeniería en Energía,2022,Regular,0,4.603727833663754,0.17845263540327821
IEN20230016,Enero-Abril 2023,Ingeniería en Energía,2023,Regular,0,2.7012703892009897,0.27017750524729284
IEN20230016,Septiembre-Diciembre 2022,Ingeniería en Energía,2023,Regular,0,3.811140347378435,0.20785093092220738
IEN20230016,Septiembre-Diciembre 2023,Ingeniería en Energía,2023,Regular,0,5.641883323353831,0.15055970593217952
IEN20230020,Mayo-Agosto 2023,Ingeniería en Energía,2023,Regular,0,2.74454604019899,0.26705506869581946
IEN20230020,Septiembre-Diciembre 2023,Ingeniería en Energía,2023,Regular,0,2.675747260682954,0.27205352519645215
IEN20230021,Mayo-Agosto 2023,Ingeniería en Energía,2023,Regular,0,3.9784983530334928,0.20086378041898542
IEN20230021,Septiembre-Diciembre 2022,Ingeniería en Energía,2023,Regular,0,4.792114440195144,0.1726485224567332
IEN20230021,Septiembre-Diciembre 2023,Ingeniería en Energía,2023,Regular,0,3.2611376750914607,0.23467911066228014
IEN20230063,Enero-Abril 2023,Ingeniería en Energía,2023,Irregular,0,3.8006312157355557,0.20830594041929118
IEN20230063,Mayo-Agosto 2023,Ingeniería en Energía,2023,Regular,0,3.301545394218075,0.23247458956126574
IEN20230063,Septiembre-Diciembre 2022,Ingeniería en Energía,2023,Regular,0,4.931375340794825,0.1685949619681287
IEN20230075,Enero-Abril 2023,Ingeniería en Energía,2023,Regular,0,3.482259721810451,0.2231017527016675
IEN20230075,Mayo-Agosto 2023,Ingeniería en Energía,2023,Regular,0,2.9417505880089103,0.2536943872202549
IEN20230075,Septiembre-Diciembre 2022,Ingeniería en Energía,2023,Regular,0,3.1449391412151093,0.2412580657835292
IEN20230092,Septiembre-Diciembre 2022,Ingeniería en Energía,2023,Regular,0,3.369110320587295,0.22887954906700098
IEN20230092,Septiembre-Diciembre 2023,Ingeniería en Energía,2023,Regular,0,3.0462692170704044,0.2471412420560646
IEN20230103,Enero-Abril 2023,Ingeniería en Energía,2023,Regular,0,3.4901542592640484,0.2227094977721107
IEN20230103,Mayo-Agosto 2023,Ingeniería en Energía,2023,Irregular,0,4.393587112277253,0.18540536737113808
IEN20230103,Septiembre-Diciembre 2022,Ingeniería en Energía,2023,Regular,0,4.482279994938506,0.18240586050388638
IEN20230103,Septiembre-Diciembre 2023,Ingeniería en Energía,2023,Irregular,1,4.484977491258417,0.18231615382081912
IEN20230120,Enero-Abril 2023,Ingeniería en Energía,2023,Regular,0,4.66033247950078,0.17666806740090932
IEN20230120,Mayo-Agosto 2023,Ingeniería en Energía,2023,Regular,0,2.9567418834647974,0.252733190451213
IEN20230120,Septiembre-Diciembre 2023,Ingeniería en Energía,2023,Regular,0,4.489057940876044,0.1821806238467947
IEN20230123,Enero-Abril 2023,Ingeniería en Energía,2023,Irregular,0,4.720394386084612,0.17481312170234142
IEN20230123,Mayo-Agosto 2023,Ingeniería en Energía,2023,Irregular,1,3.4717633699533246,0.22362542855447154
IEN20230123,Septiembre-Diciembre 2022,Ingeniería en Energía,2023,Irregular,1,4.7468160362437075,0.1740093981942791
IEN20230128,Enero-Abril 2023,Ingeniería en Energía,2023,Regular,0,3.3179920562264744,0.23158912452328767
IEN20230128,Septiembre-Diciembre 2022,Ingeniería en Energía,2023,Regular,0,3.6112541358648884,0.21686074341952088
IEN20230153,Mayo-Agosto 2023,Ingeniería en Energía,2023,Regular,0,3.1918862166161968,0.23855609344454648
IEN20230153,Septiembre-Diciembre 2023,Ingeniería en Energía,2023,Regular,0,2.307170477949491,0.3023732845547228
IEN20230212,Enero-Abril 2023,Ingeniería en Energía,2023,Regular,1,6.035844788408186,0.14212934339420577
IEN20230212,Mayo-Agosto 2023,Ingeniería en Energía,2023,Regular,0,2.816059030735797,0.2620504536082043
IEN20230212,Septiembre-Diciembre 2022,Ingeniería en Energía,2023,Regular,0,4.341247896723797,0.1872221659311821
IEN20230212,Septiembre-Diciembre 2023,Ingeniería en Energía,2023,Regular,0,3.6254559351204314,0.21619490360012766
IEN20230254,Enero-Abril 2023,Ingeniería en Energía,2023,Regular,0,2.55120594427023,0.2815944824640406
IEN20230254,Mayo-Agosto 2023,Ingeniería en Energía,2023,Regular,0,3.5037348231774286,0.2220379394572104
IEN20230259,Enero-Abril 2023,Ingeniería en Energía,2023,Irregular,0,3.977090364652205,0.2009206035522482
IEN20230259,Septiembre-Diciembre 2022,Ingeniería en Energía,2023,Irregular,0,4.566259839048373,0.17965384817015
IEN20230282,Enero-Abril 2023,Ingeniería en Energía,2023,Regular,0,3.8355303642765626,0.20680254794545347
IEN20230282,Septiembre-Diciembre 2022,Ingeniería en Energía,2023,Regular,0,4.166662626068695,0.19354853846164488
IEN20230293,Septiembre-Diciembre 2023,Ingeniería en Energía,2023,Regular,0,4.102953239377886,0.1959649546233962
IEN20230317,Enero-Abril 2023,Ingeniería en Energía,2023,Regular,0,2.884173540356443,0.2574550260460896
IEN20230317,Mayo-Agosto 2023,Ingeniería en Energía,2023,Regular,0,3.0926572758599202,0.2443400296180156
IEN20230317,Septiembre-Diciembre 2022,Ingeniería en Energía,2023,Regular,0,3.9043225973507,0.20390175812255842
IEN20230342,Septiembre-Diciembre 2023,Ingeniería en Energía,2023,Regular,0,3.2406193083286676,0.23581461274676987
IEN20240027,Enero-Abril 2023,Ingeniería en Energía,2024,Regular,0,3.985887449987554,0.20056609982291043
IEN20240027,Septiembre-Diciembre 2022,Ingeniería en Energía,2024,Regular,0,3.7705514993083327,0.20961937003404887
IEN20240027,Septiembre-Diciembre 2023,Ingeniería en Energía,2024,Regular,0,3.5887546635178156,0.21792404984087413
IEN20240054,Enero-Abril 2023,Ingeniería en Energía,2024,Regular,0,3.487890492975658,0.222821836131068
IEN20240054,Mayo-Agosto 2023,Ingeniería en Energía,2024,Regular,0,4.169602674068648,0.19343846385257438
IEN20240054,Septiembre-Diciembre 2022,Ingeniería en Energía,2024,Regular,0,4.38025656397505,0.1858647423425433
IEN20240073,Enero-Abril 2023,Ingeniería en Energía,2024,Regular,0,2.7557256672304504,0.26626012882815814
IEN20240073,Mayo-Agosto 2023,Ingeniería en Energía,2024,Regular,0,2.2710309061435727,0.30571401759666156
IEN20240073,Septiembre-Diciembre 2023,Ingeniería en Energía,2024,Regular,1,4.457434104076947,0.18323629400361524
IEN20240094,Enero-Abril 2023,Ingeniería en Energía,2024,Regular,0,4.280143407515578,0.18938879549684837
IEN20240094,Septiembre-Diciembre 2022,Ingeniería en Energía,2024,Regular,0,4.551297087404943,0.18013808020991157
IEN20240119,Mayo-Agosto 2023,Ingeniería en Energía,2024,Regular,0,3.2606397378847025,0.23470653740287234
IEN20240119,Septiembre-Diciembre 2022,Ingeniería en Energía,2024,Regular,0,2.288423813311175,0.3040970558454512
IEN20240126,Enero-Abril 2023,Ingeniería en Energía,2024,Regular,0,2.9973026497671267,0.2501686981490525
IEN20240126,Mayo-Agosto 2023,Ingeniería en Energía,2024,Regular,0,2.533760287289862,0.2829846731813627
IEN20240149,Enero-Abril 2023,Ingeniería en Energía,2024,Regular,0,5.233696133284503,0.16041847061818607
IEN20240149,Septiembre-Diciembre 2022,Ingeniería en Energía,2024,Regular,0,3.000607926666909,0.24996201035704743
IEN20240149,Septiembre-Diciembre 2023,Ingeniería en Energía,2024,Regular,0,3.42443388041145,0.2260176164971879
IEN20240172,Enero-Abril 2023,Ingeniería en Energía,2024,Regular,0,2.775062101258502,0.2648963045314215
IEN20240172,Mayo-Agosto 2023,Ingeniería en Energía,2024,Regular,0,4.372388332074995,0.18613695403023234
IEN20240172,Septiembre-Diciembre 2022,Ingeniería en Energía,2024,Regular,0,3.0792739749455795,0.24514166151670183
IEN20240172,Septiembre-Diciembre 2023,Ingeniería en Energía,2024,Regular,0,4.529459773908073,0.1808494936012939
IEN20240225,Enero-Abril 2023,Ingeniería en Energía,2024,Regular,0,4.8954425470379475,0.1696225503041211
IEN20240225,Mayo-Agosto 2023,Ingeniería en Energía,2024,Regular,0,3.591777592347876,0.21778058276744153
IEN20240225,Septiembre-Diciembre 2022,Ingeniería en Energía,2024,Regular,0,2.5120265554091024,0.28473588801879485
IEN20240235,Enero-Abril 2023,Ingeniería en Energía,2024,Regular,0,2.8349984412642413,0.2607562989439811
IEN20240235,Mayo-Agosto 2023,Ingeniería en Energía,2024,Regular,1,4.081722122248054,0.19678368394484733
IEN20240235,Septiembre-Diciembre 2023,Ingeniería en Energía,2024,Irregular,1,4.888312189539662,0.1698279520193338
IEN20240248,Enero-Abril 2023,Ingeniería en Energía,2024,Regular,0,4.396360434497708,0.1853100829972785
IEN20240248,Septiembre-Diciembre 2022,Ingeniería en Energía,2024,Regular,0,3.7027550498599804,0.21264131118837964
IEN20240251,Septiembre-Diciembre 2022,Ingeniería en Energía,2024,Egresado,0,3.3415938639383294,0.23033015784965294
IEN20240251,Septiembre-Diciembre 2023,Ingeniería en Energía,2024,Egresado,0,3.734225894413756,0.21122777457238995
IEN20240275,Mayo-Agosto 2023,Ingeniería en Energía,2024,Regular,0,2.8362023076910465,0.2606744691214904
IEN20240275,Septiembre-Diciembre 2023,Ingeniería en Energía,2024,Regular,0,6.625245905227615,0.13114331162939064
IEN20240299,Septiembre-Diciembre 2022,Ingeniería en Energía,2024,Regular,0,4.175699030859609,0.19321061638970813
IEN20240299,Septiembre-Diciembre 2023,Ingeniería en Energía,2024,Regular,0,4.300474788520295,0.18866234439333399
IEN20240308,Enero-Abril 2023,Ingeniería en Energía,2024,Regular,0,3.639436845110721,0.21554340179322667
IEN20240308,Septiembre-Diciembre 2022,Ingeniería en Energía,2024,Regular,0,2.7875223258567465,0.2640248463152749
IEN20240308,Septiembre-Diciembre 2023,Ingeniería en Energía,2024,Regular,0,6.766722734806857,0.12875443531909062
IEN20240320,Mayo-Agosto 2023,Ingeniería en Energía,2024,Baja Temporal,1,4.463837307277783,0.18302155495516106
IEN20240320,Septiembre-Diciembre 2022,Ingeniería en Energía,2024,Baja Temporal,1,4.589943675888494,0.17889267906461595
IEN20240320,Septiembre-Diciembre 2023,Ingeniería en Energía,2024,Baja Temporal,0,7.143192755963122,0.1228019561820782
IEN20240328,Enero-Abril 2023,Ingeniería en Energía,2024,Regular,0,3.1503197643819614,0.24094529018751726
IEN20240328,Mayo-Agosto 2023,Ingeniería en Energía,2024,Regular,0,3.6345953989817166,0.21576856530339492
IEN20240328,Septiembre-Diciembre 2022,Ingeniería en Energía,2024,Regular,0,3.8139903116586047,0.20772787962995742
IEN20240328,Septiembre-Diciembre 2023,Ingeniería en Energía,2024,Regular,0,4.561334028092366,0.17981297202229324
IEN20240349,Enero-Abril 2023,Ingeniería en Energía,2024,Regular,0,2.6014968333548265,0.2776623293788908
IEN20240349,Septiembre-Diciembre 2022,Ingeniería en Energía,2024,Regular,0,4.1984809671595285,0.1923638859730988
IEN20240349,Septiembre-Diciembre 2023,Ingeniería en Energía,2024,Regular,0,5.399270529928883,0.15626781135804135
IEN20240352,Mayo-Agosto 2023,Ingeniería en Energía,2024,Regular,0,2.8488859656971113,0.2598154398213977
IEN20240352,Septiembre-Diciembre 2022,Ingeniería en Energía,2024,Regular,0,4.169539327175742,0.19344083422348715
IEN20240352,Septiembre-Diciembre 2023,Ingeniería en Energía,2024,Regular,0,4.94826386381084,0.16811628113607854
IEN20240366,Septiembre-Diciembre 2023,Ingeniería en Energía,2024,Irregular,1,12.459879556220585,0.07429486986292105
IEN20240373,Enero-Abril 2023,Ingeniería en Energía,2024,Regular,0,3.1293811435763663,0.24216703792421593
IEN20240373,Mayo-Agosto 2023,Ingeniería en Energía,2024,Regular,0,2.8339238453052498,0.26082938533704286
IEN20240373,Septiembre-Diciembre 2022,Ingeniería en Energía,2024,Regular,0,4.254899264491124,0.19029860510500926
IEN20240373,Septiembre-Diciembre 2023,Ingeniería en Energía,2024,Regular,0,3.8229019770830215,0.20734404405308235
IEN20240385,Enero-Abril 2023,Ingeniería en Energía,2024,Regular,0,4.1705676059399535,0.19340236434607275
IEN20240385,Septiembre-Diciembre 2022,Ingeniería en Energía,2024,Regular,0,2.559713492058978,0.28092148489781654
